plan_id,rescue_experiment,method,scenario_family,target_status,tissue,anchor_recording_uid,anchor_recording_id,primary_metric_name,primary_metric_unit,error_A,error_B,error_C,delta_add,delta_rescue,delta_remaining,processing_success_A,processing_success_B,processing_success_C,valid_primary_A,valid_primary_B,valid_primary_C,n_variants
ART_CWT_PHASE,artifact,CWT_pyBOAT,phase_shift_hours,difficult,DRG,250625 to 250728::1D-L2m2_Raw.csv,1D-L2m2,circular_absolute_error_radians,radians,0.07668662700706541,0.09241375623340975,0.07509620495402691,0.010128369114671187,0.011039601042568847,0.0004152755209325676,1.0,1.0,1.0,1.0,1.0,1.0,10
ART_CWT_PHASE,artifact,CWT_pyBOAT,phase_shift_hours,difficult,DRG,250625 to 250728::4B-T12m2_Raw.csv,4B-T12m2,circular_absolute_error_radians,radians,0.04310507269284414,0.048355947296376156,0.047226828376624175,0.020753680920279294,0.020266815826246898,0.00041607528529397086,1.0,1.0,1.0,1.0,1.0,1.0,10
ART_CWT_PHASE,artifact,CWT_pyBOAT,phase_shift_hours,difficult,DRG,250625 to 250728::5C-T12_Raw.csv,5C-T12,circular_absolute_error_radians,radians,0.14028612251254202,0.17307853536876472,0.14068857374261157,0.029275186008035803,0.02992679838544987,0.00033073883792056336,1.0,1.0,1.0,1.0,1.0,1.0,10
ART_CWT_PHASE,artifact,CWT_pyBOAT,phase_shift_hours,difficult,DRG,250625 to 250728::8A-L3_Raw.csv,8A-L3,circular_absolute_error_radians,radians,0.11819712569396401,0.11479334629114035,0.11539413215950978,0.00040679508487784233,0.0015708430416658814,-0.0010346249152419773,1.0,1.0,1.0,1.0,1.0,1.0,10
ART_CWT_PHASE,artifact,CWT_pyBOAT,phase_shift_hours,difficult,DRG,250811::2C-2ML1_Raw.csv,2C-2ML1,circular_absolute_error_radians,radians,0.21165788795267515,0.2480345873035521,0.21210544343274362,0.02472549270179414,0.02104158183729865,0.0036839108644954877,1.0,1.0,1.0,1.0,1.0,1.0,10
ART_CWT_PHASE,artifact,CWT_pyBOAT,phase_shift_hours,difficult,DRG,250811::5A-2ML2_Raw.csv,5A-2ML2,circular_absolute_error_radians,radians,0.16643788817832794,0.18527641247556437,0.170155055503884,0.02044585008341926,0.01105725786813494,0.00417040750683384,1.0,1.0,1.0,1.0,1.0,1.0,10
ART_CWT_PHASE,artifact,CWT_pyBOAT,phase_shift_hours,difficult,DRG,250811::7C-1FT12_Raw.csv,7C-1FT12,circular_absolute_error_radians,radians,0.252474973483396,0.2646684913057096,0.24581082764028173,0.03168117300308637,0.03275214102489343,-0.0004994186774140985,1.0,1.0,1.0,1.0,1.0,1.0,10
ART_CWT_PHASE,artifact,CWT_pyBOAT,phase_shift_hours,difficult,DRG,250811::8A-1FT5_Raw.csv,8A-1FT5,circular_absolute_error_radians,radians,0.1372870567612663,0.12745854796877243,0.1451420124182865,-0.011283643731605508,-0.006531511778788968,-0.004160462952086164,1.0,1.0,1.0,1.0,1.0,1.0,10
ART_CWT_PHASE,artifact,CWT_pyBOAT,phase_shift_hours,difficult,DRG,251003::2C- M1L1_Raw.csv,2C- M1L1,circular_absolute_error_radians,radians,0.08157740293400462,0.0974358277203371,0.08667548114252854,-0.001169234072161629,-0.000624693067031501,0.0004529396751564718,1.0,1.0,1.0,1.0,1.0,1.0,10
ART_CWT_PHASE,artifact,CWT_pyBOAT,phase_shift_hours,difficult,DRG,251003::2D- M1L4_Raw.csv,2D- M1L4,circular_absolute_error_radians,radians,0.10174183213340982,0.11406131243916962,0.10433007501259084,0.014442148004661703,0.010089898958721477,0.0011008882812149068,1.0,1.0,1.0,1.0,1.0,1.0,10
ART_CWT_PHASE,artifact,CWT_pyBOAT,phase_shift_hours,difficult,SCN,250728::6A-SCNrM1_Raw.csv,6A-SCNrM1,circular_absolute_error_radians,radians,0.03327515432832584,0.04930006268422771,0.040176197302479455,0.01176814495586953,0.010841725515071232,0.0029458474673624835,1.0,1.0,1.0,1.0,1.0,1.0,10
ART_CWT_PHASE,artifact,CWT_pyBOAT,phase_shift_hours,eligible,DRG,250625 to 250728::1B-L1m2_Raw.csv,1B-L1m2,circular_absolute_error_radians,radians,0.13624831472906207,0.14993715641738437,0.13173974047558423,0.013338855789566395,0.0123104625301238,-0.002671974836534474,1.0,1.0,1.0,1.0,1.0,1.0,10
ART_CWT_PHASE,artifact,CWT_pyBOAT,phase_shift_hours,eligible,DRG,250625 to 250728::2C-L3m2_Raw.csv,2C-L3m2,circular_absolute_error_radians,radians,0.1594241005097119,0.17300830874197293,0.15283985745385742,0.008450393812573287,0.006119239512884178,0.00020846996795853556,1.0,1.0,1.0,1.0,1.0,1.0,10
ART_CWT_PHASE,artifact,CWT_pyBOAT,phase_shift_hours,eligible,DRG,250625 to 250728::3A-L5m2_Raw.csv,3A-L5m2,circular_absolute_error_radians,radians,0.13452087753982234,0.15218843020146755,0.13388998866234747,0.018094947966058816,0.017622825232717076,0.00047212273334173993,1.0,1.0,1.0,1.0,1.0,1.0,10
ART_CWT_PHASE,artifact,CWT_pyBOAT,phase_shift_hours,eligible,DRG,250625 to 250728::3B-T10m2_Raw.csv,3B-T10m2,circular_absolute_error_radians,radians,0.028277514862056874,0.05421180357477429,0.030403624126846607,0.011135532306713714,0.009644740664199958,0.0019993004869718334,1.0,1.0,1.0,1.0,1.0,1.0,10
ART_CWT_PHASE,artifact,CWT_pyBOAT,phase_shift_hours,eligible,DRG,250625 to 250728::4C-T5m1_Raw.csv,4C-T5m1,circular_absolute_error_radians,radians,0.16096995596809394,0.1811504334152496,0.16895344082793295,0.02320654183304427,0.01823877147554498,0.002562119674372809,1.0,1.0,1.0,1.0,1.0,1.0,10
ART_CWT_PHASE,artifact,CWT_pyBOAT,phase_shift_hours,eligible,DRG,250625 to 250728::4D-T7m1_Raw.csv,4D-T7m1,circular_absolute_error_radians,radians,0.12164090865825594,0.0941564749195547,0.11536121012600287,-0.022005739902785315,-0.01801374359665786,0.001054726213304491,1.0,1.0,1.0,1.0,1.0,1.0,10
ART_CWT_PHASE,artifact,CWT_pyBOAT,phase_shift_hours,eligible,DRG,250625 to 250728::5B-T12m2_Raw.csv,5B-T12m2,circular_absolute_error_radians,radians,0.06704819063885648,0.05489640171331689,0.07095355977670348,-0.018466918624291395,-0.020491317576865953,0.0019520026762904763,1.0,1.0,1.0,1.0,1.0,1.0,10
ART_CWT_PHASE,artifact,CWT_pyBOAT,phase_shift_hours,eligible,DRG,250625 to 250728::5D-T10_Raw.csv,5D-T10,circular_absolute_error_radians,radians,0.17036457359409085,0.16584553686990744,0.17227693496883334,0.013590527094446747,0.01271913594299412,-0.0012600265278095435,1.0,1.0,1.0,1.0,1.0,1.0,10
ART_CWT_PHASE,artifact,CWT_pyBOAT,phase_shift_hours,eligible,DRG,250625 to 250728::6A-T7_Raw.csv,6A-T7,circular_absolute_error_radians,radians,0.07221066509732443,0.08190898407640046,0.07029573403073774,0.00026426583172756146,-0.000760781367756147,-0.002275060142981289,1.0,1.0,1.0,1.0,1.0,1.0,10
ART_CWT_PHASE,artifact,CWT_pyBOAT,phase_shift_hours,eligible,DRG,250625 to 250728::6B-T5_Raw.csv,6B-T5,circular_absolute_error_radians,radians,0.12877858263959197,0.13129294457745533,0.13161599689904446,0.012290895923783074,0.012396842333497693,0.000620958430339158,1.0,1.0,1.0,1.0,1.0,1.0,10
ART_CWT_PHASE,artifact,CWT_pyBOAT,phase_shift_hours,eligible,DRG,250625 to 250728::7C-L1_Raw.csv,7C-L1,circular_absolute_error_radians,radians,0.10689506541956484,0.101453784570541,0.12652673981417606,0.012260487446841273,0.0112551060631354,0.005048534911104241,1.0,1.0,1.0,1.0,1.0,1.0,10
ART_CWT_PHASE,artifact,CWT_pyBOAT,phase_shift_hours,eligible,DRG,250625 to 250728::7D-L2_Raw.csv,7D-L2,circular_absolute_error_radians,radians,0.09259737360123599,0.13227729560112378,0.09195884615348793,0.03143642147287551,0.03217422252271973,0.0004246307361235324,1.0,1.0,1.0,1.0,1.0,1.0,10
ART_CWT_PHASE,artifact,CWT_pyBOAT,phase_shift_hours,eligible,DRG,250625 to 250728::8B-L2m1_Raw.csv,8B-L2m1,circular_absolute_error_radians,radians,0.07218363701488761,0.11559800964094769,0.06987112021610975,0.04341437262606007,0.045726889424837935,-0.0037147820241614227,1.0,1.0,1.0,1.0,1.0,1.0,10
ART_CWT_PHASE,artifact,CWT_pyBOAT,phase_shift_hours,eligible,DRG,250625 to 250728::8C-L3m1_Raw.csv,8C-L3m1,circular_absolute_error_radians,radians,0.08079786122494359,0.11632563739420698,0.07647323791486094,-0.00041306902671323087,-0.000681383909476807,-0.0001323235136965195,1.0,1.0,1.0,1.0,1.0,1.0,10
ART_CWT_PHASE,artifact,CWT_pyBOAT,phase_shift_hours,eligible,DRG,250625 to 250728::8D-L4-1m1_Raw.csv,8D-L4-1m1,circular_absolute_error_radians,radians,0.1220199402672244,0.10592856796931494,0.11892671951963596,-0.006845562939123084,-0.011255664506262253,-0.0011178009469006156,1.0,1.0,1.0,1.0,1.0,1.0,10
ART_CWT_PHASE,artifact,CWT_pyBOAT,phase_shift_hours,eligible,DRG,250811::2D-1FL2_Raw.csv,2D-1FL2,circular_absolute_error_radians,radians,0.07802342405155271,0.10303968364832539,0.08747413643316704,0.02265951694689683,0.010031877326058591,0.006209130035941257,1.0,1.0,1.0,1.0,1.0,1.0,10
ART_CWT_PHASE,artifact,CWT_pyBOAT,phase_shift_hours,eligible,DRG,250811::3A-1FL4_Raw.csv,3A-1FL4,circular_absolute_error_radians,radians,0.1252469582296527,0.17090650982532507,0.12060000801678017,0.04605816531197626,0.047565118863893474,-0.003065831312426326,1.0,1.0,1.0,1.0,1.0,1.0,10
ART_CWT_PHASE,artifact,CWT_pyBOAT,phase_shift_hours,eligible,DRG,250811::3D-1FT10_Raw.csv,3D-1FT10,circular_absolute_error_radians,radians,0.028188909640613158,0.08737413813609085,0.04485280252668877,0.03417942142684538,0.03423911477563024,0.002309539791678361,1.0,1.0,1.0,1.0,1.0,1.0,10
ART_CWT_PHASE,artifact,CWT_pyBOAT,phase_shift_hours,eligible,DRG,250811::4A-2MT10_Raw.csv,4A-2MT10,circular_absolute_error_radians,radians,0.06594355942679342,0.1386311613055633,0.05947870723454041,0.0928262723318598,0.09870559725417483,-0.002063126271579563,1.0,1.0,1.0,1.0,1.0,1.0,10
ART_CWT_PHASE,artifact,CWT_pyBOAT,phase_shift_hours,eligible,DRG,250811::4C-2MT5_Raw.csv,4C-2MT5,circular_absolute_error_radians,radians,0.09760907019138543,0.08707264499054324,0.10086590144775176,-0.005736644531744162,-0.009107330615936604,0.005130225025553159,1.0,1.0,1.0,1.0,1.0,1.0,10
ART_CWT_PHASE,artifact,CWT_pyBOAT,phase_shift_hours,eligible,DRG,250811::4D-1FL4_Raw.csv,4D-1FL4,circular_absolute_error_radians,radians,0.1245939577370685,0.12430038059571347,0.12346845002157902,-0.027482678317294784,-0.038348938638705476,0.0007362677192475076,1.0,1.0,1.0,1.0,1.0,1.0,10
ART_CWT_PHASE,artifact,CWT_pyBOAT,phase_shift_hours,eligible,DRG,250811::5C-1FT7_Raw.csv,5C-1FT7,circular_absolute_error_radians,radians,0.22885702018330667,0.2039791187326061,0.22036344981016853,0.003262885115745684,0.003888510292952896,-0.0006057955397764658,1.0,1.0,1.0,1.0,1.0,1.0,10
ART_CWT_PHASE,artifact,CWT_pyBOAT,phase_shift_hours,eligible,DRG,250811::6A-1FL1_Raw.csv,6A-1FL1,circular_absolute_error_radians,radians,0.11259307828296183,0.1161163376167571,0.10029427012074521,-0.014710224324936405,-0.014692786005998215,0.0004108138462974864,1.0,1.0,1.0,1.0,1.0,1.0,10
ART_CWT_PHASE,artifact,CWT_pyBOAT,phase_shift_hours,eligible,DRG,250811::6B-2ML3_Raw.csv,6B-2ML3,circular_absolute_error_radians,radians,0.0997020913206077,0.10239658660749651,0.10293189148678916,0.0026944952868888095,-0.0005353048792926529,0.0005736148180979228,1.0,1.0,1.0,1.0,1.0,1.0,10
ART_CWT_PHASE,artifact,CWT_pyBOAT,phase_shift_hours,eligible,DRG,250811::7D-2MT12_Raw.csv,7D-2MT12,circular_absolute_error_radians,radians,0.1793911965017827,0.18683504695379582,0.17767711746206905,0.008312569883443421,0.007262065508026216,0.0016653247272664373,1.0,1.0,1.0,1.0,1.0,1.0,10
ART_CWT_PHASE,artifact,CWT_pyBOAT,phase_shift_hours,eligible,DRG,250811::8C-2ML4_Raw.csv,8C-2ML4,circular_absolute_error_radians,radians,0.10719239896632105,0.14714576361444043,0.1056721807666412,0.02925899311856739,0.027352227377875238,0.00014756882313804454,1.0,1.0,1.0,1.0,1.0,1.0,10
ART_CWT_PHASE,artifact,CWT_pyBOAT,phase_shift_hours,eligible,DRG,250811::8D-2MT7_Raw.csv,8D-2MT7,circular_absolute_error_radians,radians,0.06317929234372288,0.08922467153057556,0.057622611755688835,0.01891233840463613,0.01881819394742479,4.1061494847838276e-05,1.0,1.0,1.0,1.0,1.0,1.0,10
ART_CWT_PHASE,artifact,CWT_pyBOAT,phase_shift_hours,eligible,DRG,251003::2B- 1MT7_Raw.csv,2B- 1MT7,circular_absolute_error_radians,radians,0.10087693685107268,0.07965242259732119,0.10154831899594607,0.006650398308288175,0.0052156060198989,0.0005397544020766532,1.0,1.0,1.0,1.0,1.0,1.0,10
ART_CWT_PHASE,artifact,CWT_pyBOAT,phase_shift_hours,eligible,SCN,250625 to 250728::1C-SCN_Raw.csv,1C-SCN,circular_absolute_error_radians,radians,0.06651098658542809,0.06797894139245764,0.06670531338260255,0.003967718003682563,0.0042534164195338064,0.0013218000671813002,1.0,1.0,1.0,1.0,1.0,1.0,10
ART_CWT_PHASE,artifact,CWT_pyBOAT,phase_shift_hours,eligible,SCN,250625 to 250728::6C-SCNmm1_Raw.csv,6C-SCNmm1,circular_absolute_error_radians,radians,0.11156330334555342,0.12723340714810116,0.10951811223363239,0.0166716908450808,0.028478026074681306,-0.0017704453250857455,1.0,1.0,1.0,1.0,1.0,1.0,10
ART_CWT_PHASE,artifact,CWT_pyBOAT,phase_shift_hours,eligible,SCN,250625 to 250728::7A-SCNmm2_Raw.csv,7A-SCNmm2,circular_absolute_error_radians,radians,0.08844898631480702,0.15929518722459113,0.08854264773101983,0.060488695088793065,0.06022707935699856,0.0002616157317945067,1.0,1.0,1.0,1.0,1.0,1.0,10
ART_CWT_PHASE,artifact,CWT_pyBOAT,phase_shift_hours,eligible,SCN,250625 to 250728::7B-SCNcm2_Raw.csv,7B-SCNcm2,circular_absolute_error_radians,radians,0.16208291045512868,0.12498161206089553,0.16341333266626656,-0.03493415847069059,-0.03918982087532896,0.004963238619548838,1.0,1.0,1.0,1.0,1.0,1.0,10
ART_CWT_PHASE,artifact,CWT_pyBOAT,phase_shift_hours,eligible,SCN,250728::6B-SCNrM2_Raw.csv,6B-SCNrM2,circular_absolute_error_radians,radians,0.18254063576226254,0.18566537463599864,0.18108226510961223,0.01237329234616169,0.010236378277088676,0.0005113318996841087,1.0,1.0,1.0,1.0,1.0,1.0,10
ART_CWT_PHASE,artifact,CWT_pyBOAT,phase_shift_hours,eligible,SCN,250728::7A-SCNcM1_Raw.csv,7A-SCNcM1,circular_absolute_error_radians,radians,0.07809921353485816,0.05557721170928964,0.07177699782541569,-0.022546112651046002,-0.022398792019149738,-0.0021535261164125075,1.0,1.0,1.0,1.0,1.0,1.0,10
ART_CWT_PHASE,artifact,CWT_pyBOAT,phase_shift_hours,eligible,SCN,250728::7B-SCNcM2_Raw.csv,7B-SCNcM2,circular_absolute_error_radians,radians,0.14544802857065386,0.11404438132337846,0.1404604369673521,-0.03232745654447999,-0.028333582867251517,0.00016369862888510056,1.0,1.0,1.0,1.0,1.0,1.0,10
ART_CWT_PHASE,artifact,CWT_pyBOAT,phase_shift_hours,eligible,SCN,250811::1A-1FSCN_Raw.csv,1A-1FSCN,circular_absolute_error_radians,radians,0.047681701158515555,0.10411173298194587,0.04475354636511608,0.050790686810717744,0.057113834048102774,-0.0069517152996105835,1.0,1.0,1.0,1.0,1.0,1.0,10
ART_CWT_PHASE,artifact,CWT_pyBOAT,phase_shift_hours,eligible,SCN,250811::1B-2MSCN_Raw.csv,1B-2MSCN,circular_absolute_error_radians,radians,0.026909756481721336,0.07740166624853595,0.015232410107783645,0.06918722332620098,0.06304740342708959,0.0020205336446394995,1.0,1.0,1.0,1.0,1.0,1.0,10
ART_CWT_PHASE,artifact,CWT_pyBOAT,phase_shift_hours,eligible,SCN,250811::1C-3FSCN_Raw.csv,1C-3FSCN,circular_absolute_error_radians,radians,0.11785691492858996,0.14694929521448374,0.11621136866866455,0.011612644846326958,0.012284379452616179,-0.001050254676702167,1.0,1.0,1.0,1.0,1.0,1.0,10
ART_CWT_PHASE,artifact,CWT_pyBOAT,phase_shift_hours,eligible,SCN,250811::1D-4FSCN_Raw.csv,1D-4FSCN,circular_absolute_error_radians,radians,0.11414270768853108,0.1354901968361486,0.11116879680372938,0.031154753183972872,0.030752069591333253,-0.0019853391712025825,1.0,1.0,1.0,1.0,1.0,1.0,10
ART_CWT_PHASE,artifact,CWT_pyBOAT,phase_shift_hours,eligible,SCN,251003::2A- M1SCn_Raw.csv,2A- M1SCn,circular_absolute_error_radians,radians,0.16151607901707132,0.15049657506658365,0.16024707569475405,-0.011237386792327664,-0.00925731232922189,-0.000497229867931992,1.0,1.0,1.0,1.0,1.0,1.0,10
ART_CWT_PHASE,artifact,CWT_pyBOAT,phase_shift_hours,eligible,SCN,251003::4B-M3SCN_Raw.csv,4B-M3SCN,circular_absolute_error_radians,radians,0.013031633481125349,0.08106055176143978,0.01543266685835687,0.07299874305930265,0.06756313362240807,0.004982774806777002,1.0,1.0,1.0,1.0,1.0,1.0,10
ART_CWT_PHASE,artifact,CWT_pyBOAT,phase_shift_hours,ineligible,DRG,250625 to 250728::5A-T10m1_Raw.csv,5A-T10m1,circular_absolute_error_radians,radians,0.060746659276013304,0.10638010684023946,0.06284147735050283,0.01368148748964848,0.017113925527518115,0.0011415839973309971,1.0,1.0,1.0,1.0,1.0,1.0,10
ART_CWT_POST_PERIOD,artifact,CWT_pyBOAT,post_period_hours,difficult,DRG,250625 to 250728::1D-L2m2_Raw.csv,1D-L2m2,absolute_error_hours,hours,0.043458974037386966,0.053410238196253346,0.046609526863013784,0.0009839406824294628,0.0004919703412173959,0.0,1.0,1.0,1.0,1.0,1.0,1.0,10
ART_CWT_POST_PERIOD,artifact,CWT_pyBOAT,post_period_hours,difficult,DRG,250625 to 250728::8A-L3_Raw.csv,8A-L3,absolute_error_hours,hours,0.01907018347586309,0.1069781682332156,0.0255009511533153,0.084820138348352,0.0703517587939686,0.0,1.0,1.0,1.0,1.0,1.0,1.0,10
ART_CWT_POST_PERIOD,artifact,CWT_pyBOAT,post_period_hours,difficult,SCN,250728::6A-SCNrM1_Raw.csv,6A-SCNrM1,absolute_error_hours,hours,0.18036410997247643,0.2412286474026395,0.18405585077448272,0.13652176968759733,0.16952042230085773,0.0,1.0,1.0,1.0,1.0,1.0,1.0,10
ART_CWT_POST_PERIOD,artifact,CWT_pyBOAT,post_period_hours,eligible,DRG,250625 to 250728::1B-L1m2_Raw.csv,1B-L1m2,absolute_error_hours,hours,0.019056933032624457,0.09696205574634043,0.02542924952245862,0.08495268091321151,0.0731408894555603,0.0,1.0,1.0,1.0,1.0,1.0,1.0,10
ART_CWT_POST_PERIOD,artifact,CWT_pyBOAT,post_period_hours,eligible,DRG,250625 to 250728::2C-L3m2_Raw.csv,2C-L3m2,absolute_error_hours,hours,0.019017931251083198,0.034091894938116596,0.019017931251083198,0.001868245381380973,0.0,0.0,1.0,1.0,1.0,1.0,1.0,1.0,10
ART_CWT_POST_PERIOD,artifact,CWT_pyBOAT,post_period_hours,eligible,DRG,250625 to 250728::3A-L5m2_Raw.csv,3A-L5m2,absolute_error_hours,hours,0.024878153257409608,0.08521006537063158,0.02608625873013004,0.06764592191727736,0.06531744689146457,0.0,1.0,1.0,1.0,1.0,1.0,1.0,10
ART_CWT_POST_PERIOD,artifact,CWT_pyBOAT,post_period_hours,eligible,DRG,250625 to 250728::3B-T10m2_Raw.csv,3B-T10m2,absolute_error_hours,hours,0.016323657360560517,0.06481830538896638,0.016323657360560517,0.05414129015864155,0.05414129015863978,0.0,1.0,1.0,1.0,1.0,1.0,1.0,10
ART_CWT_POST_PERIOD,artifact,CWT_pyBOAT,post_period_hours,eligible,DRG,250625 to 250728::4B-T12m2_Raw.csv,4B-T12m2,absolute_error_hours,hours,0.02778599630609513,0.10153343998193698,0.027688952040497483,0.06690796640545038,0.0698190821731739,0.0,1.0,1.0,1.0,1.0,1.0,1.0,10
ART_CWT_POST_PERIOD,artifact,CWT_pyBOAT,post_period_hours,eligible,DRG,250625 to 250728::4C-T5m1_Raw.csv,4C-T5m1,absolute_error_hours,hours,0.05575690844627346,0.054563468718704655,0.05764115817460613,0.009847990632016135,0.009847990632019687,-3.552713678800501e-15,1.0,1.0,1.0,1.0,1.0,1.0,10
ART_CWT_POST_PERIOD,artifact,CWT_pyBOAT,post_period_hours,eligible,DRG,250625 to 250728::4D-T7m1_Raw.csv,4D-T7m1,absolute_error_hours,hours,0.013066311528751484,0.06737191497052919,0.013066311528751484,0.05854436445995326,0.05854436445995326,0.0,1.0,1.0,1.0,1.0,1.0,1.0,10
ART_CWT_POST_PERIOD,artifact,CWT_pyBOAT,post_period_hours,eligible,DRG,250625 to 250728::5B-T12m2_Raw.csv,5B-T12m2,absolute_error_hours,hours,0.01959555361532317,0.050756205178643654,0.024638207182718475,0.031160651563320485,0.02107534442853165,0.0,1.0,1.0,1.0,1.0,1.0,1.0,10
ART_CWT_POST_PERIOD,artifact,CWT_pyBOAT,post_period_hours,eligible,DRG,250625 to 250728::5C-T12_Raw.csv,5C-T12,absolute_error_hours,hours,0.03979282512327842,0.05532781845171186,0.039792825123280195,0.030870757231024726,0.030870757231024726,0.0,1.0,1.0,1.0,1.0,1.0,1.0,10
ART_CWT_POST_PERIOD,artifact,CWT_pyBOAT,post_period_hours,eligible,DRG,250625 to 250728::5D-T10_Raw.csv,5D-T10,absolute_error_hours,hours,0.027522241957662175,0.06652578450166224,0.036090786467061875,0.0511391028823418,0.0511391028823418,0.0,1.0,1.0,1.0,1.0,1.0,1.0,10
ART_CWT_POST_PERIOD,artifact,CWT_pyBOAT,post_period_hours,eligible,DRG,250625 to 250728::6A-T7_Raw.csv,6A-T7,absolute_error_hours,hours,0.02961578156643263,0.11950729580886765,0.02961578156643263,0.08476198004047397,0.08476198004047397,0.0,1.0,1.0,1.0,1.0,1.0,1.0,10
ART_CWT_POST_PERIOD,artifact,CWT_pyBOAT,post_period_hours,eligible,DRG,250625 to 250728::6B-T5_Raw.csv,6B-T5,absolute_error_hours,hours,0.049563910364449626,0.07945149639549065,0.04553133819887911,0.020045688321950195,0.04661208674764694,0.0,1.0,1.0,1.0,1.0,1.0,1.0,10
ART_CWT_POST_PERIOD,artifact,CWT_pyBOAT,post_period_hours,eligible,DRG,250625 to 250728::7C-L1_Raw.csv,7C-L1,absolute_error_hours,hours,0.025265179770290302,0.036438717488506356,0.02868982178607915,0.006372986399169278,0.006372986399169278,0.0,1.0,1.0,1.0,1.0,1.0,1.0,10
ART_CWT_POST_PERIOD,artifact,CWT_pyBOAT,post_period_hours,eligible,DRG,250625 to 250728::7D-L2_Raw.csv,7D-L2,absolute_error_hours,hours,0.019281078896552728,0.0716796355047844,0.028858422940698958,0.04130291967070221,0.03983984474363922,0.0,1.0,1.0,1.0,1.0,1.0,1.0,10
ART_CWT_POST_PERIOD,artifact,CWT_pyBOAT,post_period_hours,eligible,DRG,250625 to 250728::8B-L2m1_Raw.csv,8B-L2m1,absolute_error_hours,hours,0.016905479173543014,0.09013560940450382,0.016905479173541238,0.07305759567065984,0.0703517587939686,0.0,1.0,1.0,1.0,1.0,1.0,1.0,10
ART_CWT_POST_PERIOD,artifact,CWT_pyBOAT,post_period_hours,eligible,DRG,250625 to 250728::8C-L3m1_Raw.csv,8C-L3m1,absolute_error_hours,hours,0.01742077836821565,0.04447002066085304,0.017420778368213874,0.022032074916255695,0.02203207491625392,0.0,1.0,1.0,1.0,1.0,1.0,1.0,10
ART_CWT_POST_PERIOD,artifact,CWT_pyBOAT,post_period_hours,eligible,DRG,250625 to 250728::8D-L4-1m1_Raw.csv,8D-L4-1m1,absolute_error_hours,hours,0.02647916349593693,0.07909278598636327,0.02647916349593693,0.0715124637424207,0.05699933867653151,0.0,1.0,1.0,1.0,1.0,1.0,1.0,10
ART_CWT_POST_PERIOD,artifact,CWT_pyBOAT,post_period_hours,eligible,DRG,250811::2C-2ML1_Raw.csv,2C-2ML1,absolute_error_hours,hours,0.10607428685614373,0.053136797494037324,0.10583456457038665,-0.0509957289769325,-0.0509957289769325,0.0,1.0,1.0,1.0,1.0,1.0,1.0,10
ART_CWT_POST_PERIOD,artifact,CWT_pyBOAT,post_period_hours,eligible,DRG,250811::2D-1FL2_Raw.csv,2D-1FL2,absolute_error_hours,hours,0.0698091490461703,0.08251410505059908,0.059397593462939824,0.0004919703412173959,0.016392814398619393,0.0,1.0,1.0,1.0,1.0,1.0,1.0,10
ART_CWT_POST_PERIOD,artifact,CWT_pyBOAT,post_period_hours,eligible,DRG,250811::3A-1FL4_Raw.csv,3A-1FL4,absolute_error_hours,hours,0.012051766911270079,0.026204022892596157,0.016783965707459103,0.019374724988731273,0.013471080894134957,0.0,1.0,1.0,1.0,1.0,1.0,1.0,10
ART_CWT_POST_PERIOD,artifact,CWT_pyBOAT,post_period_hours,eligible,DRG,250811::3D-1FT10_Raw.csv,3D-1FT10,absolute_error_hours,hours,0.11278634206755456,0.13166078777293322,0.11582818520027516,0.03517587939698252,0.00860948097128933,0.0,1.0,1.0,1.0,1.0,1.0,1.0,10
ART_CWT_POST_PERIOD,artifact,CWT_pyBOAT,post_period_hours,eligible,DRG,250811::4A-2MT10_Raw.csv,4A-2MT10,absolute_error_hours,hours,0.0609796630731978,0.06571922205871239,0.05464209590768654,0.005165688582772887,0.0,0.0,1.0,1.0,1.0,1.0,1.0,1.0,10
ART_CWT_POST_PERIOD,artifact,CWT_pyBOAT,post_period_hours,eligible,DRG,250811::4C-2MT5_Raw.csv,4C-2MT5,absolute_error_hours,hours,0.021792821094036796,0.05920065200127134,0.021792821094036796,0.044769418843371156,0.04476941884337293,0.0,1.0,1.0,1.0,1.0,1.0,1.0,10
ART_CWT_POST_PERIOD,artifact,CWT_pyBOAT,post_period_hours,eligible,DRG,250811::4D-1FL4_Raw.csv,4D-1FL4,absolute_error_hours,hours,0.04046809779890026,0.1286471019489266,0.032119534289570595,0.08799574652505804,0.08799574652505804,0.0,1.0,1.0,1.0,1.0,1.0,1.0,10
ART_CWT_POST_PERIOD,artifact,CWT_pyBOAT,post_period_hours,eligible,DRG,250811::5A-2ML2_Raw.csv,5A-2ML2,absolute_error_hours,hours,0.023785993976236597,0.0737972503431017,0.03670137397933537,0.05458840523812114,0.05730668082371082,0.0,1.0,1.0,1.0,1.0,1.0,1.0,10
ART_CWT_POST_PERIOD,artifact,CWT_pyBOAT,post_period_hours,eligible,DRG,250811::5C-1FT7_Raw.csv,5C-1FT7,absolute_error_hours,hours,0.0935588034602759,0.10786342249852154,0.09194689136708512,0.015005095407110147,0.027058368766912366,0.0,1.0,1.0,1.0,1.0,1.0,1.0,10
ART_CWT_POST_PERIOD,artifact,CWT_pyBOAT,post_period_hours,eligible,DRG,250811::6A-1FL1_Raw.csv,6A-1FL1,absolute_error_hours,hours,0.04112870034476579,0.08408609730015826,0.02756605364328557,0.05679795032089707,0.06652770611364645,0.0,1.0,1.0,1.0,1.0,1.0,1.0,10
ART_CWT_POST_PERIOD,artifact,CWT_pyBOAT,post_period_hours,eligible,DRG,250811::6B-2ML3_Raw.csv,6B-2ML3,absolute_error_hours,hours,0.04962853442834714,0.1361031156890764,0.0488426072589494,0.07576343254734752,0.08275919955466904,0.0,1.0,1.0,1.0,1.0,1.0,1.0,10
ART_CWT_POST_PERIOD,artifact,CWT_pyBOAT,post_period_hours,eligible,DRG,250811::7C-1FT12_Raw.csv,7C-1FT12,absolute_error_hours,hours,0.06962369326805984,0.13115694090917174,0.077180973400921,0.07035175879396682,0.0671539515760653,0.0,1.0,1.0,1.0,1.0,1.0,1.0,10
ART_CWT_POST_PERIOD,artifact,CWT_pyBOAT,post_period_hours,eligible,DRG,250811::7D-2MT12_Raw.csv,7D-2MT12,absolute_error_hours,hours,0.015093724443321577,0.09611338347710685,0.015093724443321577,0.07035175879397038,0.0703517587939686,0.0,1.0,1.0,1.0,1.0,1.0,1.0,10
ART_CWT_POST_PERIOD,artifact,CWT_pyBOAT,post_period_hours,eligible,DRG,250811::8A-1FT5_Raw.csv,8A-1FT5,absolute_error_hours,hours,0.05118828164757616,0.25917126524461054,0.04771465939375297,0.19179338837454019,0.19449922525122965,0.0,1.0,1.0,1.0,1.0,1.0,1.0,10
ART_CWT_POST_PERIOD,artifact,CWT_pyBOAT,post_period_hours,eligible,DRG,250811::8C-2ML4_Raw.csv,8C-2ML4,absolute_error_hours,hours,0.06558327553641341,0.07101202404615847,0.051106761523323385,0.0,0.010951392589561237,0.0,1.0,1.0,1.0,1.0,1.0,1.0,10
ART_CWT_POST_PERIOD,artifact,CWT_pyBOAT,post_period_hours,eligible,DRG,250811::8D-2MT7_Raw.csv,8D-2MT7,absolute_error_hours,hours,0.015041548659549875,0.05312680321650376,0.0199307924541543,0.04180549173363879,0.03319601076234946,0.0,1.0,1.0,1.0,1.0,1.0,1.0,10
ART_CWT_POST_PERIOD,artifact,CWT_pyBOAT,post_period_hours,eligible,DRG,251003::2B- 1MT7_Raw.csv,2B- 1MT7,absolute_error_hours,hours,0.015548403957772905,0.015775709242305425,0.017970137673302133,0.0,0.0,0.0,1.0,1.0,1.0,1.0,1.0,1.0,10
ART_CWT_POST_PERIOD,artifact,CWT_pyBOAT,post_period_hours,eligible,DRG,251003::2C- M1L1_Raw.csv,2C- M1L1,absolute_error_hours,hours,0.15817484461272002,0.12991751503899351,0.1393313569088246,-0.021892680184135926,-0.026074428084475798,-0.0027058368766912366,1.0,1.0,1.0,1.0,1.0,1.0,10
ART_CWT_POST_PERIOD,artifact,CWT_pyBOAT,post_period_hours,eligible,DRG,251003::2D- M1L4_Raw.csv,2D- M1L4,absolute_error_hours,hours,0.016569391669081668,0.07817614718935317,0.013988216158555389,0.06425776931074978,0.06425776931074978,0.0,1.0,1.0,1.0,1.0,1.0,1.0,10
ART_CWT_POST_PERIOD,artifact,CWT_pyBOAT,post_period_hours,eligible,SCN,250625 to 250728::1C-SCN_Raw.csv,1C-SCN,absolute_error_hours,hours,0.021962148920779967,0.07410191138683508,0.021962148920779967,0.061609564997489485,0.0526387967819808,0.0,1.0,1.0,1.0,1.0,1.0,1.0,10
ART_CWT_POST_PERIOD,artifact,CWT_pyBOAT,post_period_hours,eligible,SCN,250625 to 250728::6C-SCNmm1_Raw.csv,6C-SCNmm1,absolute_error_hours,hours,0.017979614175176906,0.05111717178637498,0.018797043312018147,0.023273103807488482,0.023273103807488482,0.0,1.0,1.0,1.0,1.0,1.0,1.0,10
ART_CWT_POST_PERIOD,artifact,CWT_pyBOAT,post_period_hours,eligible,SCN,250625 to 250728::7A-SCNmm2_Raw.csv,7A-SCNmm2,absolute_error_hours,hours,0.023905759347671918,0.07219560714709417,0.019077283472890727,0.0628041250704161,0.06280412507041433,0.0,1.0,1.0,1.0,1.0,1.0,1.0,10
ART_CWT_POST_PERIOD,artifact,CWT_pyBOAT,post_period_hours,eligible,SCN,250625 to 250728::7B-SCNcm2_Raw.csv,7B-SCNcm2,absolute_error_hours,hours,0.05950531705965645,0.19156347947159702,0.07629872185395037,0.13209403661664787,0.10036194960818001,0.0,1.0,1.0,1.0,1.0,1.0,1.0,10
ART_CWT_POST_PERIOD,artifact,CWT_pyBOAT,post_period_hours,eligible,SCN,250728::6B-SCNrM2_Raw.csv,6B-SCNrM2,absolute_error_hours,hours,0.08600767414325894,0.07088140879605298,0.08186585473143992,-0.0017850123281473174,-0.004982819546052397,0.0,1.0,1.0,1.0,1.0,1.0,1.0,10
ART_CWT_POST_PERIOD,artifact,CWT_pyBOAT,post_period_hours,eligible,SCN,250728::7A-SCNcM1_Raw.csv,7A-SCNcM1,absolute_error_hours,hours,0.011913432629524934,0.1058454261308377,0.011913432629523157,0.10327840156400825,0.1032784015640047,0.0,1.0,1.0,1.0,1.0,1.0,1.0,10
ART_CWT_POST_PERIOD,artifact,CWT_pyBOAT,post_period_hours,eligible,SCN,250728::7B-SCNcM2_Raw.csv,7B-SCNcM2,absolute_error_hours,hours,0.1579924720290471,0.2340019007886216,0.16020633856452093,0.08215904698316123,0.08486488385985247,0.0,1.0,1.0,1.0,1.0,1.0,1.0,10
ART_CWT_POST_PERIOD,artifact,CWT_pyBOAT,post_period_hours,eligible,SCN,250811::1A-1FSCN_Raw.csv,1A-1FSCN,absolute_error_hours,hours,0.059306670920948434,0.21047968694286112,0.06695289628314605,0.13709248700375554,0.14070351758793898,0.0,1.0,1.0,1.0,1.0,1.0,1.0,10
ART_CWT_POST_PERIOD,artifact,CWT_pyBOAT,post_period_hours,eligible,SCN,250811::1B-2MSCN_Raw.csv,1B-2MSCN,absolute_error_hours,hours,0.10794522513583793,0.0816452842877382,0.11891218728885455,-0.02902625013177662,-0.017956917454403865,0.0,1.0,1.0,1.0,1.0,1.0,1.0,10
ART_CWT_POST_PERIOD,artifact,CWT_pyBOAT,post_period_hours,eligible,SCN,250811::1C-3FSCN_Raw.csv,1C-3FSCN,absolute_error_hours,hours,0.02472548189398438,0.16366004268826018,0.02472548189398438,0.13336829665824368,0.13336829665824546,0.0,1.0,1.0,1.0,1.0,1.0,1.0,10
ART_CWT_POST_PERIOD,artifact,CWT_pyBOAT,post_period_hours,eligible,SCN,250811::1D-4FSCN_Raw.csv,1D-4FSCN,absolute_error_hours,hours,0.13446931482600455,0.1755828461954998,0.1346230477869792,0.0649400850405879,0.0649400850405879,0.0,1.0,1.0,1.0,1.0,1.0,1.0,10
ART_CWT_POST_PERIOD,artifact,CWT_pyBOAT,post_period_hours,eligible,SCN,251003::2A- M1SCn_Raw.csv,2A- M1SCn,absolute_error_hours,hours,0.15492306016215096,0.15158895528066907,0.14631357919085985,-0.0006771477978304574,0.0,0.0,1.0,1.0,1.0,1.0,1.0,1.0,10
ART_CWT_POST_PERIOD,artifact,CWT_pyBOAT,post_period_hours,eligible,SCN,251003::4B-M3SCN_Raw.csv,4B-M3SCN,absolute_error_hours,hours,0.041952436940148274,0.10464995148574907,0.05032355869744798,0.05996840435784456,0.06764592191727736,-3.552713678800501e-15,1.0,1.0,1.0,1.0,1.0,1.0,10
ART_CWT_POST_PERIOD,artifact,CWT_pyBOAT,post_period_hours,ineligible,DRG,250625 to 250728::5A-T10m1_Raw.csv,5A-T10m1,absolute_error_hours,hours,0.02769192842863788,0.11442240657142655,0.03822353993798977,0.06131419324463394,0.047205812581188056,0.0,1.0,1.0,1.0,1.0,1.0,1.0,10
ART_CWT_PRE_PERIOD,artifact,CWT_pyBOAT,pre_period_hours,difficult,DRG,250625 to 250728::1D-L2m2_Raw.csv,1D-L2m2,absolute_error_hours,hours,0.03338351513628979,0.12306012435065128,0.033570521092295635,0.08590177102102992,0.10194694331719134,0.0,1.0,1.0,1.0,1.0,1.0,1.0,10
ART_CWT_PRE_PERIOD,artifact,CWT_pyBOAT,pre_period_hours,difficult,DRG,250625 to 250728::4B-T12m2_Raw.csv,4B-T12m2,absolute_error_hours,hours,0.09074819339973317,0.06136580334920971,0.09242964616401217,-0.015866043504232152,-0.01721896194257866,0.0,1.0,1.0,1.0,1.0,1.0,1.0,10
ART_CWT_PRE_PERIOD,artifact,CWT_pyBOAT,pre_period_hours,difficult,DRG,250625 to 250728::5C-T12_Raw.csv,5C-T12,absolute_error_hours,hours,0.02922829339992994,0.12232381170078632,0.028214243717465948,0.08793969849246608,0.10417471975261172,0.0,1.0,1.0,1.0,1.0,1.0,1.0,10
ART_CWT_PRE_PERIOD,artifact,CWT_pyBOAT,pre_period_hours,difficult,DRG,250625 to 250728::8A-L3_Raw.csv,8A-L3,absolute_error_hours,hours,0.16199841301430418,0.10579684215355378,0.16514704189460971,-0.05731454475173159,-0.05731454475173159,0.0043047404856437765,1.0,1.0,1.0,1.0,1.0,1.0,10
ART_CWT_PRE_PERIOD,artifact,CWT_pyBOAT,pre_period_hours,difficult,DRG,250811::2C-2ML1_Raw.csv,2C-2ML1,absolute_error_hours,hours,0.15300347247726975,0.11739336665828581,0.1528687029546436,-0.035667849738201696,-0.04427733070948925,0.0,1.0,1.0,1.0,1.0,1.0,1.0,10
ART_CWT_PRE_PERIOD,artifact,CWT_pyBOAT,pre_period_hours,difficult,DRG,250811::5A-2ML2_Raw.csv,5A-2ML2,absolute_error_hours,hours,0.17260534244068282,0.10682066299484916,0.16766889810556407,-0.035175879396986076,-0.0322240573496817,-3.552713678800501e-15,1.0,1.0,1.0,1.0,1.0,1.0,10
ART_CWT_PRE_PERIOD,artifact,CWT_pyBOAT,pre_period_hours,difficult,DRG,250811::7C-1FT12_Raw.csv,7C-1FT12,absolute_error_hours,hours,0.01881132823335463,0.10997629502182171,0.02303779832757158,0.0883505237682165,0.07743959349235219,0.0,1.0,1.0,1.0,1.0,1.0,1.0,10
ART_CWT_PRE_PERIOD,artifact,CWT_pyBOAT,pre_period_hours,difficult,DRG,250811::8A-1FT5_Raw.csv,8A-1FT5,absolute_error_hours,hours,0.025880255950983866,0.07672255642122394,0.031696663406092895,0.05652695562278609,0.047917474651494985,0.0,1.0,1.0,1.0,1.0,1.0,1.0,10
ART_CWT_PRE_PERIOD,artifact,CWT_pyBOAT,pre_period_hours,difficult,DRG,251003::2C- M1L1_Raw.csv,2C- M1L1,absolute_error_hours,hours,0.06220214520967282,0.042523678765427064,0.06220214520967282,0.004211056647346112,0.003074814632606504,0.0,1.0,1.0,1.0,1.0,1.0,1.0,10
ART_CWT_PRE_PERIOD,artifact,CWT_pyBOAT,pre_period_hours,difficult,DRG,251003::2D- M1L4_Raw.csv,2D- M1L4,absolute_error_hours,hours,0.03908255701641572,0.05118315465622203,0.03919526171794985,0.013428775087101386,0.012100593817743643,0.0,1.0,1.0,1.0,1.0,1.0,1.0,10
ART_CWT_PRE_PERIOD,artifact,CWT_pyBOAT,pre_period_hours,eligible,DRG,250625 to 250728::1B-L1m2_Raw.csv,1B-L1m2,absolute_error_hours,hours,0.022583744476547096,0.03432720266934375,0.02146918977863521,0.007062789487131127,0.006755418371822586,0.0,1.0,1.0,1.0,1.0,1.0,1.0,10
ART_CWT_PRE_PERIOD,artifact,CWT_pyBOAT,pre_period_hours,eligible,DRG,250625 to 250728::2C-L3m2_Raw.csv,2C-L3m2,absolute_error_hours,hours,0.013519065808123898,0.0582450073401084,0.013519065808123898,0.04415433812418357,0.044154338124185344,0.0,1.0,1.0,1.0,1.0,1.0,1.0,10
ART_CWT_PRE_PERIOD,artifact,CWT_pyBOAT,pre_period_hours,eligible,DRG,250625 to 250728::3A-L5m2_Raw.csv,3A-L5m2,absolute_error_hours,hours,0.011871966513785637,0.05501484049184313,0.010461410598471943,0.0439685499279463,0.04657439171885436,0.0,1.0,1.0,1.0,1.0,1.0,1.0,10
ART_CWT_PRE_PERIOD,artifact,CWT_pyBOAT,pre_period_hours,eligible,DRG,250625 to 250728::3B-T10m2_Raw.csv,3B-T10m2,absolute_error_hours,hours,0.14293322115752538,0.1440571794140908,0.14218758637923656,-0.0017218961942582212,-0.0004919703412191723,-0.0014759110236504114,1.0,1.0,1.0,1.0,1.0,1.0,10
ART_CWT_PRE_PERIOD,artifact,CWT_pyBOAT,pre_period_hours,eligible,DRG,250625 to 250728::4C-T5m1_Raw.csv,4C-T5m1,absolute_error_hours,hours,0.020560435471972838,0.04350599849594161,0.025555576471093744,0.022805422923088514,0.022805422923088514,0.0,1.0,1.0,1.0,1.0,1.0,1.0,10
ART_CWT_PRE_PERIOD,artifact,CWT_pyBOAT,pre_period_hours,eligible,DRG,250625 to 250728::4D-T7m1_Raw.csv,4D-T7m1,absolute_error_hours,hours,0.13810369421639734,0.22584590666094329,0.13716240876799368,0.08916962434550335,0.08941560951611116,-1.7763568394002505e-15,1.0,1.0,1.0,1.0,1.0,1.0,10
ART_CWT_PRE_PERIOD,artifact,CWT_pyBOAT,pre_period_hours,eligible,DRG,250625 to 250728::5B-T12m2_Raw.csv,5B-T12m2,absolute_error_hours,hours,0.01824963107719313,0.05732740337304243,0.01824963107719313,0.045650875139367386,0.045650875139367386,0.0,1.0,1.0,1.0,1.0,1.0,1.0,10
ART_CWT_PRE_PERIOD,artifact,CWT_pyBOAT,pre_period_hours,eligible,DRG,250625 to 250728::5D-T10_Raw.csv,5D-T10,absolute_error_hours,hours,0.016760034087482722,0.07614867460012853,0.016760034087480946,0.054203849264691684,0.05420384926468991,0.0,1.0,1.0,1.0,1.0,1.0,1.0,10
ART_CWT_PRE_PERIOD,artifact,CWT_pyBOAT,pre_period_hours,eligible,DRG,250625 to 250728::6A-T7_Raw.csv,6A-T7,absolute_error_hours,hours,0.013210721321781804,0.032008352435404674,0.010076555623713901,0.013220767140195377,0.013220767140197154,0.0,1.0,1.0,1.0,1.0,1.0,1.0,10
ART_CWT_PRE_PERIOD,artifact,CWT_pyBOAT,pre_period_hours,eligible,DRG,250625 to 250728::6B-T5_Raw.csv,6B-T5,absolute_error_hours,hours,0.012022298038512957,0.04600542687738951,0.013280925554592926,0.03542186456759566,0.03208356224604536,0.0,1.0,1.0,1.0,1.0,1.0,1.0,10
ART_CWT_PRE_PERIOD,artifact,CWT_pyBOAT,pre_period_hours,eligible,DRG,250625 to 250728::7C-L1_Raw.csv,7C-L1,absolute_error_hours,hours,0.01620494319689847,0.08154500421463595,0.01620494319689847,0.0703517587939686,0.0703517587939686,0.0,1.0,1.0,1.0,1.0,1.0,1.0,10
ART_CWT_PRE_PERIOD,artifact,CWT_pyBOAT,pre_period_hours,eligible,DRG,250625 to 250728::7D-L2_Raw.csv,7D-L2,absolute_error_hours,hours,0.09004511469346355,0.08899729660040023,0.09004511469346,-0.003525321406353754,-0.003525321406353754,-3.552713678800501e-15,1.0,1.0,1.0,1.0,1.0,1.0,10
ART_CWT_PRE_PERIOD,artifact,CWT_pyBOAT,pre_period_hours,eligible,DRG,250625 to 250728::8B-L2m1_Raw.csv,8B-L2m1,absolute_error_hours,hours,0.01662474121422619,0.04771021434363121,0.01662474121422619,0.029619395549545402,0.036541619592114216,0.0,1.0,1.0,1.0,1.0,1.0,1.0,10
ART_CWT_PRE_PERIOD,artifact,CWT_pyBOAT,pre_period_hours,eligible,DRG,250625 to 250728::8C-L3m1_Raw.csv,8C-L3m1,absolute_error_hours,hours,0.01832875030541814,0.09453005055242691,0.011243572809139124,0.07059774396457819,0.05330293092998595,0.0,1.0,1.0,1.0,1.0,1.0,1.0,10
ART_CWT_PRE_PERIOD,artifact,CWT_pyBOAT,pre_period_hours,eligible,DRG,250625 to 250728::8D-L4-1m1_Raw.csv,8D-L4-1m1,absolute_error_hours,hours,0.050552404404053064,0.10508255131844457,0.05217453181623988,0.055696393341071015,0.053009804266086036,0.0,1.0,1.0,1.0,1.0,1.0,1.0,10
ART_CWT_PRE_PERIOD,artifact,CWT_pyBOAT,pre_period_hours,eligible,DRG,250811::2D-1FL2_Raw.csv,2D-1FL2,absolute_error_hours,hours,0.01894825711818804,0.044104330949597426,0.01894825711818804,0.01785690310522625,0.0,0.0,1.0,1.0,1.0,1.0,1.0,1.0,10
ART_CWT_PRE_PERIOD,artifact,CWT_pyBOAT,pre_period_hours,eligible,DRG,250811::3A-1FL4_Raw.csv,3A-1FL4,absolute_error_hours,hours,0.019916595834336803,0.03245425440070804,0.021813910487535892,0.0,0.0,0.0,1.0,1.0,1.0,1.0,1.0,1.0,10
ART_CWT_PRE_PERIOD,artifact,CWT_pyBOAT,pre_period_hours,eligible,DRG,250811::3D-1FT10_Raw.csv,3D-1FT10,absolute_error_hours,hours,0.015887643513254446,0.05388653917538555,0.015887643513254446,0.0374213195568025,0.0374213195568025,0.0,1.0,1.0,1.0,1.0,1.0,1.0,10
ART_CWT_PRE_PERIOD,artifact,CWT_pyBOAT,pre_period_hours,eligible,DRG,250811::4A-2MT10_Raw.csv,4A-2MT10,absolute_error_hours,hours,0.017424253004339363,0.027331610335828316,0.019375871978418502,0.0027058368766912366,0.0027058368766912366,0.0,1.0,1.0,1.0,1.0,1.0,1.0,10
ART_CWT_PRE_PERIOD,artifact,CWT_pyBOAT,pre_period_hours,eligible,DRG,250811::4C-2MT5_Raw.csv,4C-2MT5,absolute_error_hours,hours,0.019076422384392444,0.045186579432899165,0.019076422384392444,0.02815922871563359,0.02815922871563359,0.0,1.0,1.0,1.0,1.0,1.0,1.0,10
ART_CWT_PRE_PERIOD,artifact,CWT_pyBOAT,pre_period_hours,eligible,DRG,250811::4D-1FL4_Raw.csv,4D-1FL4,absolute_error_hours,hours,0.022041319882296406,0.047637934612614785,0.022041319882296406,0.02541608077247659,0.03364374800073122,0.0,1.0,1.0,1.0,1.0,1.0,1.0,10
ART_CWT_PRE_PERIOD,artifact,CWT_pyBOAT,pre_period_hours,eligible,DRG,250811::5C-1FT7_Raw.csv,5C-1FT7,absolute_error_hours,hours,0.048987246428529474,0.12808287868839408,0.061174912282938365,0.06690796640545571,0.06690796640545571,0.0,1.0,1.0,1.0,1.0,1.0,1.0,10
ART_CWT_PRE_PERIOD,artifact,CWT_pyBOAT,pre_period_hours,eligible,DRG,250811::6A-1FL1_Raw.csv,6A-1FL1,absolute_error_hours,hours,0.020249916760599618,0.12876962781611923,0.022792669097718488,0.11888652004020273,0.11634376770308386,0.0,1.0,1.0,1.0,1.0,1.0,1.0,10
ART_CWT_PRE_PERIOD,artifact,CWT_pyBOAT,pre_period_hours,eligible,DRG,250811::6B-2ML3_Raw.csv,6B-2ML3,absolute_error_hours,hours,0.02180453252355541,0.10758501769216977,0.021804532523553632,0.07602015896463321,0.07084372913518244,0.0,1.0,1.0,1.0,1.0,1.0,1.0,10
ART_CWT_PRE_PERIOD,artifact,CWT_pyBOAT,pre_period_hours,eligible,DRG,250811::7D-2MT12_Raw.csv,7D-2MT12,absolute_error_hours,hours,0.014409796696757127,0.0628899454893137,0.014409796696757127,0.05542813218465703,0.05542813218465703,0.0,1.0,1.0,1.0,1.0,1.0,1.0,10
ART_CWT_PRE_PERIOD,artifact,CWT_pyBOAT,pre_period_hours,eligible,DRG,250811::8C-2ML4_Raw.csv,8C-2ML4,absolute_error_hours,hours,0.05594776280504021,0.04148150050045274,0.04939466887155497,0.0,0.0027058368766912366,0.0,1.0,1.0,1.0,1.0,1.0,1.0,10
ART_CWT_PRE_PERIOD,artifact,CWT_pyBOAT,pre_period_hours,eligible,DRG,250811::8D-2MT7_Raw.csv,8D-2MT7,absolute_error_hours,hours,0.018390559315314192,0.07249805081352001,0.018390559315314192,0.06420212952876625,0.06420212952876625,0.0,1.0,1.0,1.0,1.0,1.0,1.0,10
ART_CWT_PRE_PERIOD,artifact,CWT_pyBOAT,pre_period_hours,eligible,DRG,251003::2B- 1MT7_Raw.csv,2B- 1MT7,absolute_error_hours,hours,0.03781126669029611,0.03468829106243554,0.04081433688342173,0.0,0.0,1.7763568394002505e-15,1.0,1.0,1.0,1.0,1.0,1.0,10
ART_CWT_PRE_PERIOD,artifact,CWT_pyBOAT,pre_period_hours,eligible,SCN,250625 to 250728::1C-SCN_Raw.csv,1C-SCN,absolute_error_hours,hours,0.017933162148230153,0.032694033767073805,0.017933162148230153,0.002681706751316071,0.002681706751316071,0.0,1.0,1.0,1.0,1.0,1.0,1.0,10
ART_CWT_PRE_PERIOD,artifact,CWT_pyBOAT,pre_period_hours,eligible,SCN,250625 to 250728::6C-SCNmm1_Raw.csv,6C-SCNmm1,absolute_error_hours,hours,0.014466949054078526,0.020433840482398935,0.014466949054078526,0.010304005973788222,0.010304005973788222,0.0,1.0,1.0,1.0,1.0,1.0,1.0,10
ART_CWT_PRE_PERIOD,artifact,CWT_pyBOAT,pre_period_hours,eligible,SCN,250625 to 250728::7A-SCNmm2_Raw.csv,7A-SCNmm2,absolute_error_hours,hours,0.013622297480136325,0.06079910856152182,0.01768352021283981,0.05385359572404802,0.03900690280353736,0.0,1.0,1.0,1.0,1.0,1.0,1.0,10
ART_CWT_PRE_PERIOD,artifact,CWT_pyBOAT,pre_period_hours,eligible,SCN,250625 to 250728::7B-SCNcm2_Raw.csv,7B-SCNcm2,absolute_error_hours,hours,0.021653247443406798,0.06692504135238941,0.017763570981957244,0.041605643726672525,0.05402373353903833,0.0,1.0,1.0,1.0,1.0,1.0,1.0,10
ART_CWT_PRE_PERIOD,artifact,CWT_pyBOAT,pre_period_hours,eligible,SCN,250728::6A-SCNrM1_Raw.csv,6A-SCNrM1,absolute_error_hours,hours,0.024951219499556032,0.058888077774943426,0.028312634139240345,0.04296049247100875,0.026443405840391065,0.0,1.0,1.0,1.0,1.0,1.0,1.0,10
ART_CWT_PRE_PERIOD,artifact,CWT_pyBOAT,pre_period_hours,eligible,SCN,250728::6B-SCNrM2_Raw.csv,6B-SCNrM2,absolute_error_hours,hours,0.015004712646502938,0.061816770057602,0.015004712646502938,0.03955549487815446,0.03955549487815446,0.0,1.0,1.0,1.0,1.0,1.0,1.0,10
ART_CWT_PRE_PERIOD,artifact,CWT_pyBOAT,pre_period_hours,eligible,SCN,250728::7A-SCNcM1_Raw.csv,7A-SCNcM1,absolute_error_hours,hours,0.010196256635227385,0.05187805609696028,0.01498416978339634,0.03760461711227947,0.03004779079490305,0.0,1.0,1.0,1.0,1.0,1.0,1.0,10
ART_CWT_PRE_PERIOD,artifact,CWT_pyBOAT,pre_period_hours,eligible,SCN,250728::7B-SCNcM2_Raw.csv,7B-SCNcM2,absolute_error_hours,hours,0.020397361922983137,0.03139113912023994,0.01900069380570102,0.0,0.0,0.0,1.0,1.0,1.0,1.0,1.0,1.0,10
ART_CWT_PRE_PERIOD,artifact,CWT_pyBOAT,pre_period_hours,eligible,SCN,250811::1A-1FSCN_Raw.csv,1A-1FSCN,absolute_error_hours,hours,0.01153088135605529,0.0933461502647841,0.01153088135605529,0.07292361590427987,0.07292361590427987,0.0,1.0,1.0,1.0,1.0,1.0,1.0,10
ART_CWT_PRE_PERIOD,artifact,CWT_pyBOAT,pre_period_hours,eligible,SCN,250811::1B-2MSCN_Raw.csv,1B-2MSCN,absolute_error_hours,hours,0.024492004427198566,0.06755553188226493,0.024492004427198566,0.05073815024588413,0.05073815024588413,0.0,1.0,1.0,1.0,1.0,1.0,1.0,10
ART_CWT_PRE_PERIOD,artifact,CWT_pyBOAT,pre_period_hours,eligible,SCN,250811::1C-3FSCN_Raw.csv,1C-3FSCN,absolute_error_hours,hours,0.016736853805840113,0.048161086280751775,0.016736853805840113,0.032116461281358255,0.024581347486638094,0.0,1.0,1.0,1.0,1.0,1.0,1.0,10
ART_CWT_PRE_PERIOD,artifact,CWT_pyBOAT,pre_period_hours,eligible,SCN,250811::1D-4FSCN_Raw.csv,1D-4FSCN,absolute_error_hours,hours,0.015254569688057273,0.04926906053903757,0.015254569688057273,0.030358743096799756,0.030358743096799756,0.0,1.0,1.0,1.0,1.0,1.0,1.0,10
ART_CWT_PRE_PERIOD,artifact,CWT_pyBOAT,pre_period_hours,eligible,SCN,251003::2A- M1SCn_Raw.csv,2A- M1SCn,absolute_error_hours,hours,0.0221238381544282,0.04304963013404617,0.02511166085431782,0.023404604183863142,0.007256562532944599,0.0,1.0,1.0,1.0,1.0,1.0,1.0,10
ART_CWT_PRE_PERIOD,artifact,CWT_pyBOAT,pre_period_hours,eligible,SCN,251003::4B-M3SCN_Raw.csv,4B-M3SCN,absolute_error_hours,hours,0.021063948921701936,0.09811506522916247,0.024148938251693508,0.08303582598886905,0.06862986259971038,0.0,1.0,1.0,1.0,1.0,1.0,1.0,10
ART_CWT_PRE_PERIOD,artifact,CWT_pyBOAT,pre_period_hours,ineligible,DRG,250625 to 250728::5A-T10m1_Raw.csv,5A-T10m1,absolute_error_hours,hours,0.050086358535713416,0.1753466297562678,0.05008635853571164,0.11460065190310331,0.11460065190310509,0.0,1.0,1.0,1.0,1.0,1.0,1.0,10
ART_CWT_PYBOAT_POST_AMPLITUDE,artifact,CWT_pyBOAT,post_amplitude_trajectory,difficult,DRG,250625 to 250728::1D-L2m2_Raw.csv,1D-L2m2,target_segment_calibrated_absolute_nrmse,NRMSE,0.0900769337677835,0.08429151030159325,0.08496430051327808,-0.0008753096787265935,0.0004192678622811988,-0.00443314770832004,1.0,1.0,1.0,1.0,1.0,1.0,10
ART_CWT_PYBOAT_POST_AMPLITUDE,artifact,CWT_pyBOAT,post_amplitude_trajectory,difficult,DRG,250625 to 250728::8A-L3_Raw.csv,8A-L3,target_segment_calibrated_absolute_nrmse,NRMSE,0.06900140425941051,0.056641441891961006,0.058840867516903345,-0.0013079858274846479,0.00043703359789628443,-0.00253967083323494,1.0,1.0,1.0,1.0,1.0,1.0,10
ART_CWT_PYBOAT_POST_AMPLITUDE,artifact,CWT_pyBOAT,post_amplitude_trajectory,difficult,DRG,250811::3A-1FL4_Raw.csv,3A-1FL4,target_segment_calibrated_absolute_nrmse,NRMSE,1.352220787361138,1.3602123660041352,1.3512681657907128,0.003549759951129605,0.0034407994987428747,-0.0007776355379310873,1.0,1.0,1.0,1.0,1.0,1.0,10
ART_CWT_PYBOAT_POST_AMPLITUDE,artifact,CWT_pyBOAT,post_amplitude_trajectory,difficult,DRG,250811::4C-2MT5_Raw.csv,4C-2MT5,target_segment_calibrated_absolute_nrmse,NRMSE,0.32916745369590034,0.3268827305275306,0.3284121364325483,-0.0137457849932196,-0.008353170738077398,-0.0023001944263536522,1.0,1.0,1.0,1.0,1.0,1.0,10
ART_CWT_PYBOAT_POST_AMPLITUDE,artifact,CWT_pyBOAT,post_amplitude_trajectory,difficult,DRG,250811::7D-2MT12_Raw.csv,7D-2MT12,target_segment_calibrated_absolute_nrmse,NRMSE,0.3794909003892216,0.3802477837908723,0.3772434282574503,-0.002899375083676159,-0.002024441224878132,-0.0016389065903119893,1.0,1.0,1.0,1.0,1.0,1.0,10
ART_CWT_PYBOAT_POST_AMPLITUDE,artifact,CWT_pyBOAT,post_amplitude_trajectory,difficult,SCN,250728::6A-SCNrM1_Raw.csv,6A-SCNrM1,target_segment_calibrated_absolute_nrmse,NRMSE,2.2938323601159976,2.2975567326921005,2.2844434860629907,-1.672447583522807e-05,-1.2077191044346236e-05,-0.0001716671321647656,1.0,1.0,1.0,1.0,1.0,1.0,10
ART_CWT_PYBOAT_POST_AMPLITUDE,artifact,CWT_pyBOAT,post_amplitude_trajectory,difficult,SCN,250728::6B-SCNrM2_Raw.csv,6B-SCNrM2,target_segment_calibrated_absolute_nrmse,NRMSE,1.9105560146685134,1.9083338307000874,1.9103568693929338,1.7359343656875303e-05,0.0007866783860390747,-3.187435978213582e-05,1.0,1.0,1.0,1.0,1.0,1.0,10
ART_CWT_PYBOAT_POST_AMPLITUDE,artifact,CWT_pyBOAT,post_amplitude_trajectory,difficult,SCN,250728::7B-SCNcM2_Raw.csv,7B-SCNcM2,target_segment_calibrated_absolute_nrmse,NRMSE,2.4313937354478634,2.431161212347239,2.431097406677449,1.4553620911961218e-05,1.5684949015382088e-05,-1.13132810342087e-06,1.0,1.0,1.0,1.0,1.0,1.0,10
ART_CWT_PYBOAT_POST_AMPLITUDE,artifact,CWT_pyBOAT,post_amplitude_trajectory,difficult,SCN,251003::2A- M1SCn_Raw.csv,2A- M1SCn,target_segment_calibrated_absolute_nrmse,NRMSE,2.4986865985991673,2.4952553192283293,2.4981785621470696,-0.00028616769162459477,-0.0005706728352790069,-0.00025120013467305746,1.0,1.0,1.0,1.0,1.0,1.0,10
ART_CWT_PYBOAT_POST_AMPLITUDE,artifact,CWT_pyBOAT,post_amplitude_trajectory,difficult,SCN,251003::4B-M3SCN_Raw.csv,4B-M3SCN,target_segment_calibrated_absolute_nrmse,NRMSE,1.595762896014198,1.6036888818548083,1.592836882060984,0.001271584654671476,0.003116669370156533,-0.00060487912403695,1.0,1.0,1.0,1.0,1.0,1.0,10
ART_CWT_PYBOAT_POST_AMPLITUDE,artifact,CWT_pyBOAT,post_amplitude_trajectory,eligible,DRG,250625 to 250728::1B-L1m2_Raw.csv,1B-L1m2,target_segment_calibrated_absolute_nrmse,NRMSE,0.0216926799586164,0.0425632268025936,0.02135597569800912,0.018073668555194947,0.015416452120308115,-0.0005410879898474115,1.0,1.0,1.0,1.0,1.0,1.0,10
ART_CWT_PYBOAT_POST_AMPLITUDE,artifact,CWT_pyBOAT,post_amplitude_trajectory,eligible,DRG,250625 to 250728::2C-L3m2_Raw.csv,2C-L3m2,target_segment_calibrated_absolute_nrmse,NRMSE,0.0460670272293211,0.050185766547927904,0.0449156923722593,0.002931841290378649,0.005665677728553715,-0.002790857972215916,1.0,1.0,1.0,1.0,1.0,1.0,10
ART_CWT_PYBOAT_POST_AMPLITUDE,artifact,CWT_pyBOAT,post_amplitude_trajectory,eligible,DRG,250625 to 250728::3A-L5m2_Raw.csv,3A-L5m2,target_segment_calibrated_absolute_nrmse,NRMSE,0.12152750315817401,0.1003949552070065,0.11661773519075957,-0.02084212072337685,-0.013635721496380412,-0.004901827855928749,1.0,1.0,1.0,1.0,1.0,1.0,10
ART_CWT_PYBOAT_POST_AMPLITUDE,artifact,CWT_pyBOAT,post_amplitude_trajectory,eligible,DRG,250625 to 250728::3B-T10m2_Raw.csv,3B-T10m2,target_segment_calibrated_absolute_nrmse,NRMSE,0.10317461470451256,0.11092579396433,0.09453147890646782,0.0068587426460871015,0.007893453671789182,-0.007031041791058623,1.0,1.0,1.0,1.0,1.0,1.0,10
ART_CWT_PYBOAT_POST_AMPLITUDE,artifact,CWT_pyBOAT,post_amplitude_trajectory,eligible,DRG,250625 to 250728::4B-T12m2_Raw.csv,4B-T12m2,target_segment_calibrated_absolute_nrmse,NRMSE,0.08712388597868409,0.10315556789315715,0.08717868944992731,0.01151872906803015,0.011510222531104168,-0.00040860970117118783,1.0,1.0,1.0,1.0,1.0,1.0,10
ART_CWT_PYBOAT_POST_AMPLITUDE,artifact,CWT_pyBOAT,post_amplitude_trajectory,eligible,DRG,250625 to 250728::4C-T5m1_Raw.csv,4C-T5m1,target_segment_calibrated_absolute_nrmse,NRMSE,0.0342334710395661,0.051632965247600346,0.03138596221755968,0.02136066894532415,0.02230898875125751,-0.0027926106286187864,1.0,1.0,1.0,1.0,1.0,1.0,10
ART_CWT_PYBOAT_POST_AMPLITUDE,artifact,CWT_pyBOAT,post_amplitude_trajectory,eligible,DRG,250625 to 250728::4D-T7m1_Raw.csv,4D-T7m1,target_segment_calibrated_absolute_nrmse,NRMSE,0.1068203784021209,0.12372576908578956,0.10139112511914422,0.016056521790187392,0.0189763749058407,-0.00454240067705583,1.0,1.0,1.0,1.0,1.0,1.0,10
ART_CWT_PYBOAT_POST_AMPLITUDE,artifact,CWT_pyBOAT,post_amplitude_trajectory,eligible,DRG,250625 to 250728::5B-T12m2_Raw.csv,5B-T12m2,target_segment_calibrated_absolute_nrmse,NRMSE,0.0976597883205857,0.0922135335619058,0.09698566193718873,-0.004008942441239997,2.6350670015121147e-05,-0.001847207462625608,1.0,1.0,1.0,1.0,1.0,1.0,10
ART_CWT_PYBOAT_POST_AMPLITUDE,artifact,CWT_pyBOAT,post_amplitude_trajectory,eligible,DRG,250625 to 250728::5C-T12_Raw.csv,5C-T12,target_segment_calibrated_absolute_nrmse,NRMSE,0.02702552421792945,0.0384000333659576,0.028399016609062445,0.014832474636344802,0.015141935448209316,-8.627348174919738e-05,1.0,1.0,1.0,1.0,1.0,1.0,10
ART_CWT_PYBOAT_POST_AMPLITUDE,artifact,CWT_pyBOAT,post_amplitude_trajectory,eligible,DRG,250625 to 250728::5D-T10_Raw.csv,5D-T10,target_segment_calibrated_absolute_nrmse,NRMSE,0.049683010536774846,0.0548517309902604,0.047569012925015475,0.005876867622214153,0.007156833183809632,-0.001951231125174934,1.0,1.0,1.0,1.0,1.0,1.0,10
ART_CWT_PYBOAT_POST_AMPLITUDE,artifact,CWT_pyBOAT,post_amplitude_trajectory,eligible,DRG,250625 to 250728::6A-T7_Raw.csv,6A-T7,target_segment_calibrated_absolute_nrmse,NRMSE,0.08571375076001415,0.09271839608750905,0.08512948708884475,0.0150542917924242,0.019021530185810535,-0.002659842959277736,1.0,1.0,1.0,1.0,1.0,1.0,10
ART_CWT_PYBOAT_POST_AMPLITUDE,artifact,CWT_pyBOAT,post_amplitude_trajectory,eligible,DRG,250625 to 250728::6B-T5_Raw.csv,6B-T5,target_segment_calibrated_absolute_nrmse,NRMSE,0.0425360932814178,0.051566742610356306,0.037450043027310004,0.004843971768528205,0.005113415706558367,-0.00567971879453159,1.0,1.0,1.0,1.0,1.0,1.0,10
ART_CWT_PYBOAT_POST_AMPLITUDE,artifact,CWT_pyBOAT,post_amplitude_trajectory,eligible,DRG,250625 to 250728::7C-L1_Raw.csv,7C-L1,target_segment_calibrated_absolute_nrmse,NRMSE,0.058733217816391944,0.06007703240683855,0.057005015558055164,-0.003917342960507594,-0.002468366345356937,-0.00217975952460216,1.0,1.0,1.0,1.0,1.0,1.0,10
ART_CWT_PYBOAT_POST_AMPLITUDE,artifact,CWT_pyBOAT,post_amplitude_trajectory,eligible,DRG,250625 to 250728::7D-L2_Raw.csv,7D-L2,target_segment_calibrated_absolute_nrmse,NRMSE,0.031476908306728446,0.05409711245547325,0.027584992993906928,0.023397681210496252,0.02879745528630381,-0.006107422978279051,1.0,1.0,1.0,1.0,1.0,1.0,10
ART_CWT_PYBOAT_POST_AMPLITUDE,artifact,CWT_pyBOAT,post_amplitude_trajectory,eligible,DRG,250625 to 250728::8B-L2m1_Raw.csv,8B-L2m1,target_segment_calibrated_absolute_nrmse,NRMSE,0.0538105742805939,0.0601672107472827,0.048994355969554024,0.01118854476487815,0.01194277540139877,-0.00123839159627245,1.0,1.0,1.0,1.0,1.0,1.0,10
ART_CWT_PYBOAT_POST_AMPLITUDE,artifact,CWT_pyBOAT,post_amplitude_trajectory,eligible,DRG,250625 to 250728::8C-L3m1_Raw.csv,8C-L3m1,target_segment_calibrated_absolute_nrmse,NRMSE,0.27346784570457483,0.269518858542217,0.27152115036553814,-0.007892215687691884,-0.006283720314536292,-0.0025915744944879776,1.0,1.0,1.0,1.0,1.0,1.0,10
ART_CWT_PYBOAT_POST_AMPLITUDE,artifact,CWT_pyBOAT,post_amplitude_trajectory,eligible,DRG,250625 to 250728::8D-L4-1m1_Raw.csv,8D-L4-1m1,target_segment_calibrated_absolute_nrmse,NRMSE,0.15046229762125746,0.1445194820684668,0.14340404392322328,-0.004659754583718909,-0.0043262081716510525,-0.0018288027367824589,1.0,1.0,1.0,1.0,1.0,1.0,10
ART_CWT_PYBOAT_POST_AMPLITUDE,artifact,CWT_pyBOAT,post_amplitude_trajectory,eligible,DRG,250811::2C-2ML1_Raw.csv,2C-2ML1,target_segment_calibrated_absolute_nrmse,NRMSE,0.11819172270158235,0.1174857334007656,0.1053902337324322,-0.013153155411181852,-0.004992804244198498,-0.00461297075798546,1.0,1.0,1.0,1.0,1.0,1.0,10
ART_CWT_PYBOAT_POST_AMPLITUDE,artifact,CWT_pyBOAT,post_amplitude_trajectory,eligible,DRG,250811::2D-1FL2_Raw.csv,2D-1FL2,target_segment_calibrated_absolute_nrmse,NRMSE,0.055273892051527954,0.06205228132704339,0.054162845603445225,0.0003874658222204966,0.0010325613654512955,-0.0008972517648261485,1.0,1.0,1.0,1.0,1.0,1.0,10
ART_CWT_PYBOAT_POST_AMPLITUDE,artifact,CWT_pyBOAT,post_amplitude_trajectory,eligible,DRG,250811::3D-1FT10_Raw.csv,3D-1FT10,target_segment_calibrated_absolute_nrmse,NRMSE,0.0417777105321063,0.055766040202150105,0.0439172779466792,0.018073454039502352,0.01770609539906581,0.0008217328451544624,1.0,1.0,1.0,1.0,1.0,1.0,10
ART_CWT_PYBOAT_POST_AMPLITUDE,artifact,CWT_pyBOAT,post_amplitude_trajectory,eligible,DRG,250811::4A-2MT10_Raw.csv,4A-2MT10,target_segment_calibrated_absolute_nrmse,NRMSE,0.09011936164717504,0.08785891211258945,0.07336132525499836,-0.004369626042755502,-0.0028584807737853934,-0.010451735673758608,1.0,1.0,1.0,1.0,1.0,1.0,10
ART_CWT_PYBOAT_POST_AMPLITUDE,artifact,CWT_pyBOAT,post_amplitude_trajectory,eligible,DRG,250811::4D-1FL4_Raw.csv,4D-1FL4,target_segment_calibrated_absolute_nrmse,NRMSE,0.0739360807533367,0.0869166072089707,0.07304066206294241,0.011135512420134296,0.010961415299491378,-0.00028374505042635945,1.0,1.0,1.0,1.0,1.0,1.0,10
ART_CWT_PYBOAT_POST_AMPLITUDE,artifact,CWT_pyBOAT,post_amplitude_trajectory,eligible,DRG,250811::5A-2ML2_Raw.csv,5A-2ML2,target_segment_calibrated_absolute_nrmse,NRMSE,0.0375003167545023,0.0347888133881261,0.03461506480527957,-0.006056783991236901,1.0116790538052672e-05,-0.00268997773295232,1.0,1.0,1.0,1.0,1.0,1.0,10
ART_CWT_PYBOAT_POST_AMPLITUDE,artifact,CWT_pyBOAT,post_amplitude_trajectory,eligible,DRG,250811::5C-1FT7_Raw.csv,5C-1FT7,target_segment_calibrated_absolute_nrmse,NRMSE,0.11290704994716874,0.11526504391980955,0.111661547456742,0.0012820190774876991,0.002078167325337575,-0.001476451422340097,1.0,1.0,1.0,1.0,1.0,1.0,10
ART_CWT_PYBOAT_POST_AMPLITUDE,artifact,CWT_pyBOAT,post_amplitude_trajectory,eligible,DRG,250811::6A-1FL1_Raw.csv,6A-1FL1,target_segment_calibrated_absolute_nrmse,NRMSE,0.05446431233072,0.07499596211128864,0.053705229890629876,0.02307213259190915,0.0228731309657958,-0.001028629166173925,1.0,1.0,1.0,1.0,1.0,1.0,10
ART_CWT_PYBOAT_POST_AMPLITUDE,artifact,CWT_pyBOAT,post_amplitude_trajectory,eligible,DRG,250811::6B-2ML3_Raw.csv,6B-2ML3,target_segment_calibrated_absolute_nrmse,NRMSE,0.03128622989014055,0.05574493578435025,0.03363427267174117,0.025817128289168698,0.024667120334444827,0.0014628554860554206,1.0,1.0,1.0,1.0,1.0,1.0,10
ART_CWT_PYBOAT_POST_AMPLITUDE,artifact,CWT_pyBOAT,post_amplitude_trajectory,eligible,DRG,250811::7C-1FT12_Raw.csv,7C-1FT12,target_segment_calibrated_absolute_nrmse,NRMSE,0.04281578740272825,0.08415905238896079,0.05231074337362406,0.040994053458103044,0.03150887018349511,0.011389380760642758,1.0,1.0,1.0,1.0,1.0,1.0,10
ART_CWT_PYBOAT_POST_AMPLITUDE,artifact,CWT_pyBOAT,post_amplitude_trajectory,eligible,DRG,250811::8A-1FT5_Raw.csv,8A-1FT5,target_segment_calibrated_absolute_nrmse,NRMSE,0.07678544207374341,0.04932610833457485,0.06282005178768027,-0.012623366213190646,-0.007934765511372708,-0.004692492840366463,1.0,1.0,1.0,1.0,1.0,1.0,10
ART_CWT_PYBOAT_POST_AMPLITUDE,artifact,CWT_pyBOAT,post_amplitude_trajectory,eligible,DRG,250811::8C-2ML4_Raw.csv,8C-2ML4,target_segment_calibrated_absolute_nrmse,NRMSE,0.07292288044065474,0.08162222662716115,0.06920496720384792,-0.0010216071475060498,0.0048237261678674564,-0.003463868281200766,1.0,1.0,1.0,1.0,1.0,1.0,10
ART_CWT_PYBOAT_POST_AMPLITUDE,artifact,CWT_pyBOAT,post_amplitude_trajectory,eligible,DRG,250811::8D-2MT7_Raw.csv,8D-2MT7,target_segment_calibrated_absolute_nrmse,NRMSE,0.11348606974597586,0.12443896208630054,0.10719059238626763,0.02162392198280219,0.023451582913500364,-0.0011460947761132156,1.0,1.0,1.0,1.0,1.0,1.0,10
ART_CWT_PYBOAT_POST_AMPLITUDE,artifact,CWT_pyBOAT,post_amplitude_trajectory,eligible,DRG,251003::2B- 1MT7_Raw.csv,2B- 1MT7,target_segment_calibrated_absolute_nrmse,NRMSE,0.058219441145676745,0.06065744199903835,0.057698088045747706,0.0033863139033328514,0.003305839827852857,-0.0005156982405927907,1.0,1.0,1.0,1.0,1.0,1.0,10
ART_CWT_PYBOAT_POST_AMPLITUDE,artifact,CWT_pyBOAT,post_amplitude_trajectory,eligible,DRG,251003::2C- M1L1_Raw.csv,2C- M1L1,target_segment_calibrated_absolute_nrmse,NRMSE,1.3216559277482258,1.3214757669251103,1.3208622878244722,0.00012175637654421312,0.00043216876170115714,-4.681938464734525e-05,1.0,1.0,1.0,1.0,1.0,1.0,10
ART_CWT_PYBOAT_POST_AMPLITUDE,artifact,CWT_pyBOAT,post_amplitude_trajectory,eligible,DRG,251003::2D- M1L4_Raw.csv,2D- M1L4,target_segment_calibrated_absolute_nrmse,NRMSE,0.1945832386541434,0.2048217551238155,0.19447275256885707,0.007690980227636757,0.007700479310454117,-0.002572330360851603,1.0,1.0,1.0,1.0,1.0,1.0,10
ART_CWT_PYBOAT_POST_AMPLITUDE,artifact,CWT_pyBOAT,post_amplitude_trajectory,eligible,SCN,250625 to 250728::1C-SCN_Raw.csv,1C-SCN,target_segment_calibrated_absolute_nrmse,NRMSE,0.24227838213364356,0.25078416742678256,0.24171320539381966,-0.0011452441360899623,-0.0010437867494595826,-0.0003067768205378685,1.0,1.0,1.0,1.0,1.0,1.0,10
ART_CWT_PYBOAT_POST_AMPLITUDE,artifact,CWT_pyBOAT,post_amplitude_trajectory,eligible,SCN,250625 to 250728::6C-SCNmm1_Raw.csv,6C-SCNmm1,target_segment_calibrated_absolute_nrmse,NRMSE,0.6006696207586288,0.6078733143594058,0.5994187550573582,0.0028696532003504027,0.002885813660174291,-0.00027654181655817345,1.0,1.0,1.0,1.0,1.0,1.0,10
ART_CWT_PYBOAT_POST_AMPLITUDE,artifact,CWT_pyBOAT,post_amplitude_trajectory,eligible,SCN,250625 to 250728::7A-SCNmm2_Raw.csv,7A-SCNmm2,target_segment_calibrated_absolute_nrmse,NRMSE,0.9350068975247166,0.9325662277823271,0.9347490177911559,5.5163663674251406e-05,6.358601891115478e-05,-0.0003187795119915515,1.0,1.0,1.0,1.0,1.0,1.0,10
ART_CWT_PYBOAT_POST_AMPLITUDE,artifact,CWT_pyBOAT,post_amplitude_trajectory,eligible,SCN,250625 to 250728::7B-SCNcm2_Raw.csv,7B-SCNcm2,target_segment_calibrated_absolute_nrmse,NRMSE,2.0199218708577034,2.019319041362662,2.0204320216262754,0.0003170238879595111,0.0003290410837519797,5.109816167747638e-06,1.0,1.0,1.0,1.0,1.0,1.0,10
ART_CWT_PYBOAT_POST_AMPLITUDE,artifact,CWT_pyBOAT,post_amplitude_trajectory,eligible,SCN,250728::7A-SCNcM1_Raw.csv,7A-SCNcM1,target_segment_calibrated_absolute_nrmse,NRMSE,0.11932467116585316,0.12597966977045555,0.11931487691893208,0.004933514299639549,0.005344745976824779,-2.693116043041982e-05,1.0,1.0,1.0,1.0,1.0,1.0,10
ART_CWT_PYBOAT_POST_AMPLITUDE,artifact,CWT_pyBOAT,post_amplitude_trajectory,eligible,SCN,250811::1A-1FSCN_Raw.csv,1A-1FSCN,target_segment_calibrated_absolute_nrmse,NRMSE,0.2167402731694167,0.2159300343907044,0.2082436951637593,-0.00032009365836799253,-0.00026241126491469147,-0.0036212579189805194,1.0,1.0,1.0,1.0,1.0,1.0,10
ART_CWT_PYBOAT_POST_AMPLITUDE,artifact,CWT_pyBOAT,post_amplitude_trajectory,eligible,SCN,250811::1B-2MSCN_Raw.csv,1B-2MSCN,target_segment_calibrated_absolute_nrmse,NRMSE,0.09923883166563435,0.0932889184317867,0.09362907001518123,0.012435110646681749,0.01262064277912988,-0.0011593848955159872,1.0,1.0,1.0,1.0,1.0,1.0,10
ART_CWT_PYBOAT_POST_AMPLITUDE,artifact,CWT_pyBOAT,post_amplitude_trajectory,eligible,SCN,250811::1C-3FSCN_Raw.csv,1C-3FSCN,target_segment_calibrated_absolute_nrmse,NRMSE,0.48498202713738936,0.46113144526955585,0.4732233140380009,-0.018462514303029365,-0.011676808922561066,-0.004501149212829153,1.0,1.0,1.0,1.0,1.0,1.0,10
ART_CWT_PYBOAT_POST_AMPLITUDE,artifact,CWT_pyBOAT,post_amplitude_trajectory,eligible,SCN,250811::1D-4FSCN_Raw.csv,1D-4FSCN,target_segment_calibrated_absolute_nrmse,NRMSE,0.8884837949511207,0.8826229148049081,0.8871372196076198,0.002655725266281106,0.002491990600071603,-1.524082327025722e-05,1.0,1.0,1.0,1.0,1.0,1.0,10
ART_CWT_PYBOAT_POST_AMPLITUDE,artifact,CWT_pyBOAT,post_amplitude_trajectory,ineligible,DRG,250625 to 250728::5A-T10m1_Raw.csv,5A-T10m1,target_segment_calibrated_absolute_nrmse,NRMSE,1.532618559212259,1.5332161935757647,1.5325325653977462,0.00022153995164131413,0.001356225323369098,-0.00014494208104087747,1.0,1.0,1.0,1.0,1.0,1.0,10
ART_CWT_PYBOAT_PRE_AMPLITUDE,artifact,CWT_pyBOAT,pre_amplitude_trajectory,difficult,DRG,250625 to 250728::1D-L2m2_Raw.csv,1D-L2m2,target_segment_calibrated_absolute_nrmse,NRMSE,0.4009045835410633,0.4194267284460032,0.39745766315902586,0.010245306365323531,0.011076225489214553,-0.003244294814714027,1.0,1.0,1.0,1.0,1.0,1.0,10
ART_CWT_PYBOAT_PRE_AMPLITUDE,artifact,CWT_pyBOAT,pre_amplitude_trajectory,difficult,DRG,250625 to 250728::4B-T12m2_Raw.csv,4B-T12m2,target_segment_calibrated_absolute_nrmse,NRMSE,0.2545681019758069,0.2517681511956492,0.25421408870054557,-0.002822570267654201,-0.003845089149473041,-0.0003540132752613834,1.0,1.0,1.0,1.0,1.0,1.0,10
ART_CWT_PYBOAT_PRE_AMPLITUDE,artifact,CWT_pyBOAT,pre_amplitude_trajectory,difficult,DRG,250625 to 250728::8A-L3_Raw.csv,8A-L3,target_segment_calibrated_absolute_nrmse,NRMSE,0.3304625194870038,0.34091015711270695,0.3314032525907263,0.0011945665467275879,0.0014961567646641638,-0.0005370200024947258,1.0,1.0,1.0,1.0,1.0,1.0,10
ART_CWT_PYBOAT_PRE_AMPLITUDE,artifact,CWT_pyBOAT,pre_amplitude_trajectory,difficult,DRG,250625 to 250728::8B-L2m1_Raw.csv,8B-L2m1,target_segment_calibrated_absolute_nrmse,NRMSE,1.0417250295271117,1.0384143701622846,1.0417759980456052,0.001018996065942912,0.0014902838674716312,0.00010431178899911187,1.0,1.0,1.0,1.0,1.0,1.0,10
ART_CWT_PYBOAT_PRE_AMPLITUDE,artifact,CWT_pyBOAT,pre_amplitude_trajectory,difficult,DRG,250811::2C-2ML1_Raw.csv,2C-2ML1,target_segment_calibrated_absolute_nrmse,NRMSE,0.9680182650622244,0.9490372141182861,0.9624016435594763,0.00016412218224115538,0.00017478644870050353,-0.0009356696906693829,1.0,1.0,1.0,1.0,1.0,1.0,10
ART_CWT_PYBOAT_PRE_AMPLITUDE,artifact,CWT_pyBOAT,pre_amplitude_trajectory,difficult,DRG,250811::5A-2ML2_Raw.csv,5A-2ML2,target_segment_calibrated_absolute_nrmse,NRMSE,0.6368560321738259,0.6375392219227316,0.6371402292711594,-0.0013396812744601583,-0.00198388633702401,-2.5687718826716832e-05,1.0,1.0,1.0,1.0,1.0,1.0,10
ART_CWT_PYBOAT_PRE_AMPLITUDE,artifact,CWT_pyBOAT,pre_amplitude_trajectory,difficult,DRG,250811::7C-1FT12_Raw.csv,7C-1FT12,target_segment_calibrated_absolute_nrmse,NRMSE,0.35165850642747576,0.33322821751248083,0.3421013609784542,-0.01753693881678131,-0.01633480568965437,-0.003643829092230738,1.0,1.0,1.0,1.0,1.0,1.0,10
ART_CWT_PYBOAT_PRE_AMPLITUDE,artifact,CWT_pyBOAT,pre_amplitude_trajectory,difficult,DRG,250811::8A-1FT5_Raw.csv,8A-1FT5,target_segment_calibrated_absolute_nrmse,NRMSE,0.1910962355834451,0.22408430309939248,0.19167795772926843,0.004204531989454405,0.004069386256815827,0.0002559713125267621,1.0,1.0,1.0,1.0,1.0,1.0,10
ART_CWT_PYBOAT_PRE_AMPLITUDE,artifact,CWT_pyBOAT,pre_amplitude_trajectory,difficult,DRG,251003::2B- 1MT7_Raw.csv,2B- 1MT7,target_segment_calibrated_absolute_nrmse,NRMSE,0.0839239060405726,0.09516443739629675,0.08392036563670058,0.006320177752431051,0.004516341517029565,-0.00015521581766592824,1.0,1.0,1.0,1.0,1.0,1.0,10
ART_CWT_PYBOAT_PRE_AMPLITUDE,artifact,CWT_pyBOAT,pre_amplitude_trajectory,difficult,DRG,251003::2C- M1L1_Raw.csv,2C- M1L1,target_segment_calibrated_absolute_nrmse,NRMSE,0.34535499422587496,0.35743923917697995,0.34538528600971047,0.00730079354864252,0.0070230344036805725,4.6098035229244494e-05,1.0,1.0,1.0,1.0,1.0,1.0,10
ART_CWT_PYBOAT_PRE_AMPLITUDE,artifact,CWT_pyBOAT,pre_amplitude_trajectory,difficult,DRG,251003::2D- M1L4_Raw.csv,2D- M1L4,target_segment_calibrated_absolute_nrmse,NRMSE,1.056118675105044,1.0734209890128177,1.04900801479805,0.008403895445650511,0.021830071958546582,-0.0037287438365336545,1.0,1.0,1.0,1.0,1.0,1.0,10
ART_CWT_PYBOAT_PRE_AMPLITUDE,artifact,CWT_pyBOAT,pre_amplitude_trajectory,eligible,DRG,250625 to 250728::1B-L1m2_Raw.csv,1B-L1m2,target_segment_calibrated_absolute_nrmse,NRMSE,0.12158020955719609,0.140737849326806,0.12171024758572419,0.0027779846695129423,0.0025481154456017258,-7.82753282054377e-05,1.0,1.0,1.0,1.0,1.0,1.0,10
ART_CWT_PYBOAT_PRE_AMPLITUDE,artifact,CWT_pyBOAT,pre_amplitude_trajectory,eligible,DRG,250625 to 250728::2C-L3m2_Raw.csv,2C-L3m2,target_segment_calibrated_absolute_nrmse,NRMSE,0.1646820475886872,0.1753502660494887,0.16409311184214825,0.007545118510404042,0.005090005021013769,-0.00028003950275128087,1.0,1.0,1.0,1.0,1.0,1.0,10
ART_CWT_PYBOAT_PRE_AMPLITUDE,artifact,CWT_pyBOAT,pre_amplitude_trajectory,eligible,DRG,250625 to 250728::3A-L5m2_Raw.csv,3A-L5m2,target_segment_calibrated_absolute_nrmse,NRMSE,0.08492564872422351,0.08992424109761146,0.08439497680971289,0.008950383425707802,0.005866143403540643,9.239578862910158e-05,1.0,1.0,1.0,1.0,1.0,1.0,10
ART_CWT_PYBOAT_PRE_AMPLITUDE,artifact,CWT_pyBOAT,pre_amplitude_trajectory,eligible,DRG,250625 to 250728::3B-T10m2_Raw.csv,3B-T10m2,target_segment_calibrated_absolute_nrmse,NRMSE,0.2253776224008454,0.22627920018437542,0.2252475913023178,0.0016836321218378358,0.0017693873265191562,-0.0003895763080619813,1.0,1.0,1.0,1.0,1.0,1.0,10
ART_CWT_PYBOAT_PRE_AMPLITUDE,artifact,CWT_pyBOAT,pre_amplitude_trajectory,eligible,DRG,250625 to 250728::4C-T5m1_Raw.csv,4C-T5m1,target_segment_calibrated_absolute_nrmse,NRMSE,0.15325303415743963,0.16896211177296683,0.15271034439823922,0.01926989883696864,0.015215823491410693,-0.0007590278693993535,1.0,1.0,1.0,1.0,1.0,1.0,10
ART_CWT_PYBOAT_PRE_AMPLITUDE,artifact,CWT_pyBOAT,pre_amplitude_trajectory,eligible,DRG,250625 to 250728::4D-T7m1_Raw.csv,4D-T7m1,target_segment_calibrated_absolute_nrmse,NRMSE,0.22440700428882826,0.23934479479016105,0.22102389448138243,0.012406900260421794,0.012684774890153433,-0.0006316779520274263,1.0,1.0,1.0,1.0,1.0,1.0,10
ART_CWT_PYBOAT_PRE_AMPLITUDE,artifact,CWT_pyBOAT,pre_amplitude_trajectory,eligible,DRG,250625 to 250728::5B-T12m2_Raw.csv,5B-T12m2,target_segment_calibrated_absolute_nrmse,NRMSE,0.05454424970267025,0.0607353212992699,0.05491035346239523,0.0018582390827356007,0.00177485872057866,0.0002881085258065706,1.0,1.0,1.0,1.0,1.0,1.0,10
ART_CWT_PYBOAT_PRE_AMPLITUDE,artifact,CWT_pyBOAT,pre_amplitude_trajectory,eligible,DRG,250625 to 250728::5C-T12_Raw.csv,5C-T12,target_segment_calibrated_absolute_nrmse,NRMSE,0.632830253784121,0.6274056684950295,0.6293527551150214,-0.0028358775240550638,0.0028808857881000294,-0.001655625881606393,1.0,1.0,1.0,1.0,1.0,1.0,10
ART_CWT_PYBOAT_PRE_AMPLITUDE,artifact,CWT_pyBOAT,pre_amplitude_trajectory,eligible,DRG,250625 to 250728::5D-T10_Raw.csv,5D-T10,target_segment_calibrated_absolute_nrmse,NRMSE,0.1516405199499562,0.15766278272676654,0.1503957409441849,0.002302410766931162,0.0025082113169700992,-0.00021507395302695909,1.0,1.0,1.0,1.0,1.0,1.0,10
ART_CWT_PYBOAT_PRE_AMPLITUDE,artifact,CWT_pyBOAT,pre_amplitude_trajectory,eligible,DRG,250625 to 250728::6A-T7_Raw.csv,6A-T7,target_segment_calibrated_absolute_nrmse,NRMSE,0.16832092209046207,0.1800394940633091,0.1708264263415995,0.010280693607429364,0.008056993032218115,7.790072842948914e-05,1.0,1.0,1.0,1.0,1.0,1.0,10
ART_CWT_PYBOAT_PRE_AMPLITUDE,artifact,CWT_pyBOAT,pre_amplitude_trajectory,eligible,DRG,250625 to 250728::6B-T5_Raw.csv,6B-T5,target_segment_calibrated_absolute_nrmse,NRMSE,0.12730720818718094,0.12665539060616865,0.12580476363903062,0.006703608727606947,0.006813077126987845,-0.0008049626511704502,1.0,1.0,1.0,1.0,1.0,1.0,10
ART_CWT_PYBOAT_PRE_AMPLITUDE,artifact,CWT_pyBOAT,pre_amplitude_trajectory,eligible,DRG,250625 to 250728::7C-L1_Raw.csv,7C-L1,target_segment_calibrated_absolute_nrmse,NRMSE,0.21166826171584868,0.24420574932565353,0.21028093614859628,0.019952243994539154,0.020717128776232885,-0.000764884781693731,1.0,1.0,1.0,1.0,1.0,1.0,10
ART_CWT_PYBOAT_PRE_AMPLITUDE,artifact,CWT_pyBOAT,pre_amplitude_trajectory,eligible,DRG,250625 to 250728::7D-L2_Raw.csv,7D-L2,target_segment_calibrated_absolute_nrmse,NRMSE,0.39684830047374764,0.3895188346810773,0.3978356790944878,0.0011176699739307017,-0.00013781265967141576,-0.00021404444383896215,1.0,1.0,1.0,1.0,1.0,1.0,10
ART_CWT_PYBOAT_PRE_AMPLITUDE,artifact,CWT_pyBOAT,pre_amplitude_trajectory,eligible,DRG,250625 to 250728::8C-L3m1_Raw.csv,8C-L3m1,target_segment_calibrated_absolute_nrmse,NRMSE,0.1590574927653517,0.18162510310542124,0.15894290481304968,0.02109735598176829,0.020219440188787186,-0.00027232044122954546,1.0,1.0,1.0,1.0,1.0,1.0,10
ART_CWT_PYBOAT_PRE_AMPLITUDE,artifact,CWT_pyBOAT,pre_amplitude_trajectory,eligible,DRG,250625 to 250728::8D-L4-1m1_Raw.csv,8D-L4-1m1,target_segment_calibrated_absolute_nrmse,NRMSE,0.16750097268398306,0.1825320674492226,0.1662655121274984,0.00941564837965271,0.00933820659580499,-0.0008460050691190824,1.0,1.0,1.0,1.0,1.0,1.0,10
ART_CWT_PYBOAT_PRE_AMPLITUDE,artifact,CWT_pyBOAT,pre_amplitude_trajectory,eligible,DRG,250811::2D-1FL2_Raw.csv,2D-1FL2,target_segment_calibrated_absolute_nrmse,NRMSE,0.13893181866969184,0.14720236716507873,0.1376294206191431,0.00956403400970185,0.009468187433662456,-0.0016198049378186585,1.0,1.0,1.0,1.0,1.0,1.0,10
ART_CWT_PYBOAT_PRE_AMPLITUDE,artifact,CWT_pyBOAT,pre_amplitude_trajectory,eligible,DRG,250811::3A-1FL4_Raw.csv,3A-1FL4,target_segment_calibrated_absolute_nrmse,NRMSE,0.0941646138676311,0.10281975941590445,0.09422224459498427,0.007457560088402648,0.007539443398198932,-0.00015731128772326908,1.0,1.0,1.0,1.0,1.0,1.0,10
ART_CWT_PYBOAT_PRE_AMPLITUDE,artifact,CWT_pyBOAT,pre_amplitude_trajectory,eligible,DRG,250811::3D-1FT10_Raw.csv,3D-1FT10,target_segment_calibrated_absolute_nrmse,NRMSE,0.18440721679275285,0.20108718067877046,0.18367824234052713,0.006482135376894849,0.00473457534948904,-2.9768960534623523e-05,1.0,1.0,1.0,1.0,1.0,1.0,10
ART_CWT_PYBOAT_PRE_AMPLITUDE,artifact,CWT_pyBOAT,pre_amplitude_trajectory,eligible,DRG,250811::4A-2MT10_Raw.csv,4A-2MT10,target_segment_calibrated_absolute_nrmse,NRMSE,0.12824604726367378,0.14078834214550914,0.1278190040558799,0.020896610896261394,0.016236765356624654,9.790621183330961e-05,1.0,1.0,1.0,1.0,1.0,1.0,10
ART_CWT_PYBOAT_PRE_AMPLITUDE,artifact,CWT_pyBOAT,pre_amplitude_trajectory,eligible,DRG,250811::4C-2MT5_Raw.csv,4C-2MT5,target_segment_calibrated_absolute_nrmse,NRMSE,0.4982685354366184,0.49818810379173156,0.49868474536727386,-0.0005841821464479535,-0.0009468195622296671,-3.9614444876712174e-05,1.0,1.0,1.0,1.0,1.0,1.0,10
ART_CWT_PYBOAT_PRE_AMPLITUDE,artifact,CWT_pyBOAT,pre_amplitude_trajectory,eligible,DRG,250811::4D-1FL4_Raw.csv,4D-1FL4,target_segment_calibrated_absolute_nrmse,NRMSE,0.12085325751709795,0.15352885612908365,0.12447890931701275,0.03063856891893505,0.025271756141469842,-5.765743924975725e-05,1.0,1.0,1.0,1.0,1.0,1.0,10
ART_CWT_PYBOAT_PRE_AMPLITUDE,artifact,CWT_pyBOAT,pre_amplitude_trajectory,eligible,DRG,250811::5C-1FT7_Raw.csv,5C-1FT7,target_segment_calibrated_absolute_nrmse,NRMSE,0.1202297677844252,0.12050095234135005,0.12078437438681221,0.0006836059922940008,-0.00021361397276797867,9.758662267092544e-05,1.0,1.0,1.0,1.0,1.0,1.0,10
ART_CWT_PYBOAT_PRE_AMPLITUDE,artifact,CWT_pyBOAT,pre_amplitude_trajectory,eligible,DRG,250811::6A-1FL1_Raw.csv,6A-1FL1,target_segment_calibrated_absolute_nrmse,NRMSE,0.2947759266433366,0.30400071389272443,0.29412620860873057,0.0015517930540829283,0.0018902970652207862,-0.0016049858731443378,1.0,1.0,1.0,1.0,1.0,1.0,10
ART_CWT_PYBOAT_PRE_AMPLITUDE,artifact,CWT_pyBOAT,pre_amplitude_trajectory,eligible,DRG,250811::6B-2ML3_Raw.csv,6B-2ML3,target_segment_calibrated_absolute_nrmse,NRMSE,0.12722191096916446,0.13962258174017145,0.12590078968656657,0.01188594779534876,0.01200033586310667,-0.0009407066841544964,1.0,1.0,1.0,1.0,1.0,1.0,10
ART_CWT_PYBOAT_PRE_AMPLITUDE,artifact,CWT_pyBOAT,pre_amplitude_trajectory,eligible,DRG,250811::7D-2MT12_Raw.csv,7D-2MT12,target_segment_calibrated_absolute_nrmse,NRMSE,0.10494600596687935,0.12153246364080436,0.10568367470414283,0.0028106216050536523,0.009045765764088783,-0.000655184041476943,1.0,1.0,1.0,1.0,1.0,1.0,10
ART_CWT_PYBOAT_PRE_AMPLITUDE,artifact,CWT_pyBOAT,pre_amplitude_trajectory,eligible,DRG,250811::8C-2ML4_Raw.csv,8C-2ML4,target_segment_calibrated_absolute_nrmse,NRMSE,0.14298970815384,0.1521318314301338,0.14180746540014091,0.007930827019759765,0.007925522578733413,-0.0030431243048355816,1.0,1.0,1.0,1.0,1.0,1.0,10
ART_CWT_PYBOAT_PRE_AMPLITUDE,artifact,CWT_pyBOAT,pre_amplitude_trajectory,eligible,DRG,250811::8D-2MT7_Raw.csv,8D-2MT7,target_segment_calibrated_absolute_nrmse,NRMSE,0.11211269696746105,0.11554082257554685,0.11362322977317602,0.003944552986683794,0.005905775677348131,0.0001451160094304571,1.0,1.0,1.0,1.0,1.0,1.0,10
ART_CWT_PYBOAT_PRE_AMPLITUDE,artifact,CWT_pyBOAT,pre_amplitude_trajectory,eligible,SCN,250625 to 250728::1C-SCN_Raw.csv,1C-SCN,target_segment_calibrated_absolute_nrmse,NRMSE,0.12348233950054785,0.13061940158417307,0.12103843798202935,0.0030635268220634004,0.00336630974515003,-0.0014088433316784763,1.0,1.0,1.0,1.0,1.0,1.0,10
ART_CWT_PYBOAT_PRE_AMPLITUDE,artifact,CWT_pyBOAT,pre_amplitude_trajectory,eligible,SCN,250625 to 250728::6C-SCNmm1_Raw.csv,6C-SCNmm1,target_segment_calibrated_absolute_nrmse,NRMSE,0.14967694798698739,0.14886665950356626,0.14991961955078872,-0.0015752924770856547,-0.0010973165415504998,0.00028282079803533533,1.0,1.0,1.0,1.0,1.0,1.0,10
ART_CWT_PYBOAT_PRE_AMPLITUDE,artifact,CWT_pyBOAT,pre_amplitude_trajectory,eligible,SCN,250625 to 250728::7A-SCNmm2_Raw.csv,7A-SCNmm2,target_segment_calibrated_absolute_nrmse,NRMSE,0.187396098711725,0.19067062573477456,0.1820081826975022,0.004612286323447956,0.004133645962567892,-0.0015689455746178416,1.0,1.0,1.0,1.0,1.0,1.0,10
ART_CWT_PYBOAT_PRE_AMPLITUDE,artifact,CWT_pyBOAT,pre_amplitude_trajectory,eligible,SCN,250625 to 250728::7B-SCNcm2_Raw.csv,7B-SCNcm2,target_segment_calibrated_absolute_nrmse,NRMSE,0.13742012200198145,0.13317618285201321,0.13733613777493464,-0.005009278680497498,-0.006259334866141705,-0.0002066062399889712,1.0,1.0,1.0,1.0,1.0,1.0,10
ART_CWT_PYBOAT_PRE_AMPLITUDE,artifact,CWT_pyBOAT,pre_amplitude_trajectory,eligible,SCN,250728::6A-SCNrM1_Raw.csv,6A-SCNrM1,target_segment_calibrated_absolute_nrmse,NRMSE,0.1271945917349096,0.13099547381885346,0.12435692668177206,0.003598855921522398,0.006086638543897155,-0.00283667710903604,1.0,1.0,1.0,1.0,1.0,1.0,10
ART_CWT_PYBOAT_PRE_AMPLITUDE,artifact,CWT_pyBOAT,pre_amplitude_trajectory,eligible,SCN,250728::6B-SCNrM2_Raw.csv,6B-SCNrM2,target_segment_calibrated_absolute_nrmse,NRMSE,0.1665403886161801,0.19088356512569404,0.16287970659023254,0.027774306144550856,0.028432067214059012,-0.0012739709883018424,1.0,1.0,1.0,1.0,1.0,1.0,10
ART_CWT_PYBOAT_PRE_AMPLITUDE,artifact,CWT_pyBOAT,pre_amplitude_trajectory,eligible,SCN,250728::7A-SCNcM1_Raw.csv,7A-SCNcM1,target_segment_calibrated_absolute_nrmse,NRMSE,0.11574130815216925,0.13014145917017056,0.1150266550560387,0.011641239519501308,0.011462331459802785,-0.0004931908774404997,1.0,1.0,1.0,1.0,1.0,1.0,10
ART_CWT_PYBOAT_PRE_AMPLITUDE,artifact,CWT_pyBOAT,pre_amplitude_trajectory,eligible,SCN,250728::7B-SCNcM2_Raw.csv,7B-SCNcM2,target_segment_calibrated_absolute_nrmse,NRMSE,0.1520855078210998,0.1472652961933016,0.15348986824048982,-0.0029965304401538967,-0.007251548211553452,-0.00042920862050438435,1.0,1.0,1.0,1.0,1.0,1.0,10
ART_CWT_PYBOAT_PRE_AMPLITUDE,artifact,CWT_pyBOAT,pre_amplitude_trajectory,eligible,SCN,250811::1A-1FSCN_Raw.csv,1A-1FSCN,target_segment_calibrated_absolute_nrmse,NRMSE,0.1246056267473128,0.13616240458649825,0.12256810567825449,0.013423931911144098,0.011734181174451665,-0.00038803267560317406,1.0,1.0,1.0,1.0,1.0,1.0,10
ART_CWT_PYBOAT_PRE_AMPLITUDE,artifact,CWT_pyBOAT,pre_amplitude_trajectory,eligible,SCN,250811::1B-2MSCN_Raw.csv,1B-2MSCN,target_segment_calibrated_absolute_nrmse,NRMSE,0.1131630129513124,0.11173698902283355,0.11481863349071379,-0.002823339938115045,-0.004484396671232037,-0.0004972416328140883,1.0,1.0,1.0,1.0,1.0,1.0,10
ART_CWT_PYBOAT_PRE_AMPLITUDE,artifact,CWT_pyBOAT,pre_amplitude_trajectory,eligible,SCN,250811::1C-3FSCN_Raw.csv,1C-3FSCN,target_segment_calibrated_absolute_nrmse,NRMSE,0.0849837983852667,0.08395568511026971,0.08432313447601474,0.0002438709684363452,0.0002439446496265707,-0.00022642935611742743,1.0,1.0,1.0,1.0,1.0,1.0,10
ART_CWT_PYBOAT_PRE_AMPLITUDE,artifact,CWT_pyBOAT,pre_amplitude_trajectory,eligible,SCN,250811::1D-4FSCN_Raw.csv,1D-4FSCN,target_segment_calibrated_absolute_nrmse,NRMSE,0.10540443800846161,0.11919136175675299,0.10526205954079383,0.01134301573832995,0.008989320174634288,2.6226631641104725e-05,1.0,1.0,1.0,1.0,1.0,1.0,10
ART_CWT_PYBOAT_PRE_AMPLITUDE,artifact,CWT_pyBOAT,pre_amplitude_trajectory,eligible,SCN,251003::2A- M1SCn_Raw.csv,2A- M1SCn,target_segment_calibrated_absolute_nrmse,NRMSE,0.1187030669688649,0.1146607139813936,0.11896384979136054,-0.004260347381198501,-0.004674941908076248,0.0006337968844889533,1.0,1.0,1.0,1.0,1.0,1.0,10
ART_CWT_PYBOAT_PRE_AMPLITUDE,artifact,CWT_pyBOAT,pre_amplitude_trajectory,eligible,SCN,251003::4B-M3SCN_Raw.csv,4B-M3SCN,target_segment_calibrated_absolute_nrmse,NRMSE,0.10622893764123026,0.10788355500143554,0.10548019027385772,0.0007011837328518428,0.0008680880756252451,-0.0005766174274591182,1.0,1.0,1.0,1.0,1.0,1.0,10
ART_CWT_PYBOAT_PRE_AMPLITUDE,artifact,CWT_pyBOAT,pre_amplitude_trajectory,ineligible,DRG,250625 to 250728::5A-T10m1_Raw.csv,5A-T10m1,target_segment_calibrated_absolute_nrmse,NRMSE,0.2512943208178909,0.2812997974313774,0.2510592345844795,0.011309445282578753,0.010976750514718636,-0.0001625634100846235,1.0,1.0,1.0,1.0,1.0,1.0,10
ART_HILBERT_POST_AMPLITUDE,artifact,Hilbert,post_amplitude_trajectory,difficult,DRG,250625 to 250728::1D-L2m2_Raw.csv,1D-L2m2,target_segment_calibrated_absolute_nrmse,NRMSE,0.07773284532817425,0.08986246597275024,0.0779486241960658,0.011114024964029454,0.010863853807068412,6.1659525344356925e-06,1.0,1.0,1.0,1.0,1.0,1.0,10
ART_HILBERT_POST_AMPLITUDE,artifact,Hilbert,post_amplitude_trajectory,difficult,DRG,250625 to 250728::8A-L3_Raw.csv,8A-L3,target_segment_calibrated_absolute_nrmse,NRMSE,0.059796815859636004,0.06341874237351434,0.05651148574388991,0.004538090382720201,0.00931169830577748,-0.0030310005948739095,1.0,1.0,1.0,1.0,1.0,1.0,10
ART_HILBERT_POST_AMPLITUDE,artifact,Hilbert,post_amplitude_trajectory,difficult,DRG,250811::3A-1FL4_Raw.csv,3A-1FL4,target_segment_calibrated_absolute_nrmse,NRMSE,0.4189351413614635,0.420436870975194,0.4192440327889395,-0.00011658303847389417,-0.00016283441998116155,-3.488522766798008e-06,1.0,1.0,1.0,1.0,1.0,1.0,10
ART_HILBERT_POST_AMPLITUDE,artifact,Hilbert,post_amplitude_trajectory,difficult,DRG,250811::4C-2MT5_Raw.csv,4C-2MT5,target_segment_calibrated_absolute_nrmse,NRMSE,0.351477841760447,0.3425276846934314,0.34807126024804347,0.001141143453057547,0.0011278235162382744,-8.940351552128023e-05,1.0,1.0,1.0,1.0,1.0,1.0,10
ART_HILBERT_POST_AMPLITUDE,artifact,Hilbert,post_amplitude_trajectory,difficult,DRG,250811::7D-2MT12_Raw.csv,7D-2MT12,target_segment_calibrated_absolute_nrmse,NRMSE,0.3884495131426703,0.3799773856741995,0.3846843878697159,-0.001556755327288467,-0.0015299748466754137,-0.002000231190947277,1.0,1.0,1.0,1.0,1.0,1.0,10
ART_HILBERT_POST_AMPLITUDE,artifact,Hilbert,post_amplitude_trajectory,difficult,SCN,250728::6A-SCNrM1_Raw.csv,6A-SCNrM1,target_segment_calibrated_absolute_nrmse,NRMSE,0.6000430419654412,0.6029694948999291,0.589489223175262,0.00010857135038044863,9.143571904662862e-05,-0.00017834152012968785,1.0,1.0,1.0,1.0,1.0,1.0,10
ART_HILBERT_POST_AMPLITUDE,artifact,Hilbert,post_amplitude_trajectory,difficult,SCN,250728::6B-SCNrM2_Raw.csv,6B-SCNrM2,target_segment_calibrated_absolute_nrmse,NRMSE,0.48135826173349944,0.4812546117108275,0.48130267789800263,-0.0010246163828226407,-0.00033218733723364147,-0.000145228671506209,1.0,1.0,1.0,1.0,1.0,1.0,10
ART_HILBERT_POST_AMPLITUDE,artifact,Hilbert,post_amplitude_trajectory,difficult,SCN,250728::7B-SCNcM2_Raw.csv,7B-SCNcM2,target_segment_calibrated_absolute_nrmse,NRMSE,0.5939310893316727,0.5935108919372707,0.593827325554952,-0.00033144906163634635,-0.00031643361768124434,-1.5015443955102015e-05,1.0,1.0,1.0,1.0,1.0,1.0,10
ART_HILBERT_POST_AMPLITUDE,artifact,Hilbert,post_amplitude_trajectory,difficult,SCN,251003::2A- M1SCn_Raw.csv,2A- M1SCn,target_segment_calibrated_absolute_nrmse,NRMSE,0.759748301196032,0.757987325329747,0.7595187643043986,0.002282337333922968,0.002195524346093769,-0.00011124717376143067,1.0,1.0,1.0,1.0,1.0,1.0,10
ART_HILBERT_POST_AMPLITUDE,artifact,Hilbert,post_amplitude_trajectory,difficult,SCN,251003::4B-M3SCN_Raw.csv,4B-M3SCN,target_segment_calibrated_absolute_nrmse,NRMSE,0.5940041447966183,0.5961734904194851,0.5931505984536469,0.0006308626777231652,0.0017685184877788696,-0.0002004345376050154,1.0,1.0,1.0,1.0,1.0,1.0,10
ART_HILBERT_POST_AMPLITUDE,artifact,Hilbert,post_amplitude_trajectory,eligible,DRG,250625 to 250728::1B-L1m2_Raw.csv,1B-L1m2,target_segment_calibrated_absolute_nrmse,NRMSE,0.08168037355213564,0.08686503247886565,0.08030673831200166,0.00479879131462195,0.005144001834257374,-0.0019231837150526787,1.0,1.0,1.0,1.0,1.0,1.0,10
ART_HILBERT_POST_AMPLITUDE,artifact,Hilbert,post_amplitude_trajectory,eligible,DRG,250625 to 250728::2C-L3m2_Raw.csv,2C-L3m2,target_segment_calibrated_absolute_nrmse,NRMSE,0.10686552926830005,0.1133558397657563,0.10655524186011069,0.005273724680043702,0.0064941316493084544,0.00015320128665170796,1.0,1.0,1.0,1.0,1.0,1.0,10
ART_HILBERT_POST_AMPLITUDE,artifact,Hilbert,post_amplitude_trajectory,eligible,DRG,250625 to 250728::3A-L5m2_Raw.csv,3A-L5m2,target_segment_calibrated_absolute_nrmse,NRMSE,0.13167722222364653,0.1202397209572289,0.12479177389769353,-0.010315263845959939,-0.005812901380023355,-0.002556009549581101,1.0,1.0,1.0,1.0,1.0,1.0,10
ART_HILBERT_POST_AMPLITUDE,artifact,Hilbert,post_amplitude_trajectory,eligible,DRG,250625 to 250728::3B-T10m2_Raw.csv,3B-T10m2,target_segment_calibrated_absolute_nrmse,NRMSE,0.14277564490872147,0.14799662254385038,0.13305752920003433,0.00036542148492210713,0.00017588122976559817,-0.007718579240282755,1.0,1.0,1.0,1.0,1.0,1.0,10
ART_HILBERT_POST_AMPLITUDE,artifact,Hilbert,post_amplitude_trajectory,eligible,DRG,250625 to 250728::4B-T12m2_Raw.csv,4B-T12m2,target_segment_calibrated_absolute_nrmse,NRMSE,0.1290847350276078,0.13149403671497462,0.1280528308176359,0.0016489890425678416,0.001513905742754576,4.287222468075946e-05,1.0,1.0,1.0,1.0,1.0,1.0,10
ART_HILBERT_POST_AMPLITUDE,artifact,Hilbert,post_amplitude_trajectory,eligible,DRG,250625 to 250728::4C-T5m1_Raw.csv,4C-T5m1,target_segment_calibrated_absolute_nrmse,NRMSE,0.08573433561850324,0.10594322431539116,0.08142954291243684,0.020932358306662853,0.02232643048513744,-0.0024769498828677294,1.0,1.0,1.0,1.0,1.0,1.0,10
ART_HILBERT_POST_AMPLITUDE,artifact,Hilbert,post_amplitude_trajectory,eligible,DRG,250625 to 250728::4D-T7m1_Raw.csv,4D-T7m1,target_segment_calibrated_absolute_nrmse,NRMSE,0.08846283412043965,0.11591428694792119,0.08120379548518675,0.028614943775681446,0.030619452703382205,-0.0026718346676331967,1.0,1.0,1.0,1.0,1.0,1.0,10
ART_HILBERT_POST_AMPLITUDE,artifact,Hilbert,post_amplitude_trajectory,eligible,DRG,250625 to 250728::5B-T12m2_Raw.csv,5B-T12m2,target_segment_calibrated_absolute_nrmse,NRMSE,0.12336628933979454,0.12176762044180886,0.11961738983511377,-0.0027940046341984395,-0.0027543637488681508,-0.0010040725848495524,1.0,1.0,1.0,1.0,1.0,1.0,10
ART_HILBERT_POST_AMPLITUDE,artifact,Hilbert,post_amplitude_trajectory,eligible,DRG,250625 to 250728::5C-T12_Raw.csv,5C-T12,target_segment_calibrated_absolute_nrmse,NRMSE,0.0857170333430693,0.09354113150388871,0.08473243082743136,0.0066081239906877545,0.0160380375256806,-0.00016603627055453846,1.0,1.0,1.0,1.0,1.0,1.0,10
ART_HILBERT_POST_AMPLITUDE,artifact,Hilbert,post_amplitude_trajectory,eligible,DRG,250625 to 250728::5D-T10_Raw.csv,5D-T10,target_segment_calibrated_absolute_nrmse,NRMSE,0.09176135393305015,0.09817056684991046,0.08884757195365423,0.010242725613673058,0.009621828115107957,-0.002121262770576858,1.0,1.0,1.0,1.0,1.0,1.0,10
ART_HILBERT_POST_AMPLITUDE,artifact,Hilbert,post_amplitude_trajectory,eligible,DRG,250625 to 250728::6A-T7_Raw.csv,6A-T7,target_segment_calibrated_absolute_nrmse,NRMSE,0.0647569024368703,0.092324056606157,0.06360218334257803,0.028498015641771596,0.030074756635452296,-0.0005080076473518366,1.0,1.0,1.0,1.0,1.0,1.0,10
ART_HILBERT_POST_AMPLITUDE,artifact,Hilbert,post_amplitude_trajectory,eligible,DRG,250625 to 250728::6B-T5_Raw.csv,6B-T5,target_segment_calibrated_absolute_nrmse,NRMSE,0.08308528188930064,0.08378701230607855,0.07891497505326715,0.000569928714464249,0.00048828487291281,-0.003667691340854047,1.0,1.0,1.0,1.0,1.0,1.0,10
ART_HILBERT_POST_AMPLITUDE,artifact,Hilbert,post_amplitude_trajectory,eligible,DRG,250625 to 250728::7C-L1_Raw.csv,7C-L1,target_segment_calibrated_absolute_nrmse,NRMSE,0.0810561416145158,0.0921409321493028,0.0768427642658604,0.012202439593632895,0.012006047232379122,-0.00047280928724438565,1.0,1.0,1.0,1.0,1.0,1.0,10
ART_HILBERT_POST_AMPLITUDE,artifact,Hilbert,post_amplitude_trajectory,eligible,DRG,250625 to 250728::7D-L2_Raw.csv,7D-L2,target_segment_calibrated_absolute_nrmse,NRMSE,0.06650106669796549,0.09247600710022495,0.061170849341238856,0.026009307153019252,0.025342697235190705,-0.008777512162068915,1.0,1.0,1.0,1.0,1.0,1.0,10
ART_HILBERT_POST_AMPLITUDE,artifact,Hilbert,post_amplitude_trajectory,eligible,DRG,250625 to 250728::8B-L2m1_Raw.csv,8B-L2m1,target_segment_calibrated_absolute_nrmse,NRMSE,0.1058422776584485,0.1044438863168889,0.10362760049236099,-2.9150387032897407e-05,-6.669127187848567e-05,-0.0012638987124029416,1.0,1.0,1.0,1.0,1.0,1.0,10
ART_HILBERT_POST_AMPLITUDE,artifact,Hilbert,post_amplitude_trajectory,eligible,DRG,250625 to 250728::8C-L3m1_Raw.csv,8C-L3m1,target_segment_calibrated_absolute_nrmse,NRMSE,0.059643751481087,0.08214716733749611,0.060223454835002854,0.011484424687436802,0.012594152424104624,-0.0007125000134856133,1.0,1.0,1.0,1.0,1.0,1.0,10
ART_HILBERT_POST_AMPLITUDE,artifact,Hilbert,post_amplitude_trajectory,eligible,DRG,250625 to 250728::8D-L4-1m1_Raw.csv,8D-L4-1m1,target_segment_calibrated_absolute_nrmse,NRMSE,0.12879871326767806,0.1263929160212091,0.12474585302524374,0.0003319800752758506,0.00028557427876599317,-0.0009413590160722712,1.0,1.0,1.0,1.0,1.0,1.0,10
ART_HILBERT_POST_AMPLITUDE,artifact,Hilbert,post_amplitude_trajectory,eligible,DRG,250811::2C-2ML1_Raw.csv,2C-2ML1,target_segment_calibrated_absolute_nrmse,NRMSE,0.18933819948787026,0.1802932411808686,0.18399649256817457,-0.005317731350384547,-0.00335066444922609,-0.0005035162254148906,1.0,1.0,1.0,1.0,1.0,1.0,10
ART_HILBERT_POST_AMPLITUDE,artifact,Hilbert,post_amplitude_trajectory,eligible,DRG,250811::2D-1FL2_Raw.csv,2D-1FL2,target_segment_calibrated_absolute_nrmse,NRMSE,0.12334727279274979,0.12748508803431063,0.12261310481303772,0.005071293809905203,0.004871983221272934,-0.0008502661173393697,1.0,1.0,1.0,1.0,1.0,1.0,10
ART_HILBERT_POST_AMPLITUDE,artifact,Hilbert,post_amplitude_trajectory,eligible,DRG,250811::3D-1FT10_Raw.csv,3D-1FT10,target_segment_calibrated_absolute_nrmse,NRMSE,0.11400979087308605,0.12316972110744084,0.11088961797245887,0.010979632070415551,0.013831341465290303,-0.0033713487544056175,1.0,1.0,1.0,1.0,1.0,1.0,10
ART_HILBERT_POST_AMPLITUDE,artifact,Hilbert,post_amplitude_trajectory,eligible,DRG,250811::4A-2MT10_Raw.csv,4A-2MT10,target_segment_calibrated_absolute_nrmse,NRMSE,0.1161796606877733,0.1326816300470767,0.11335688046038914,0.015476672648425248,0.017685257619696138,-0.0031985060444748373,1.0,1.0,1.0,1.0,1.0,1.0,10
ART_HILBERT_POST_AMPLITUDE,artifact,Hilbert,post_amplitude_trajectory,eligible,DRG,250811::4D-1FL4_Raw.csv,4D-1FL4,target_segment_calibrated_absolute_nrmse,NRMSE,0.1385410459418566,0.13397310938007295,0.12843970827277934,-0.003317039100276309,-0.003314221650858623,-0.008530715288209707,1.0,1.0,1.0,1.0,1.0,1.0,10
ART_HILBERT_POST_AMPLITUDE,artifact,Hilbert,post_amplitude_trajectory,eligible,DRG,250811::5A-2ML2_Raw.csv,5A-2ML2,target_segment_calibrated_absolute_nrmse,NRMSE,0.1142951526088108,0.11063079375156701,0.10972073989816698,-0.002820411070526496,-0.0020993586472933604,-0.0017996530490069565,1.0,1.0,1.0,1.0,1.0,1.0,10
ART_HILBERT_POST_AMPLITUDE,artifact,Hilbert,post_amplitude_trajectory,eligible,DRG,250811::5C-1FT7_Raw.csv,5C-1FT7,target_segment_calibrated_absolute_nrmse,NRMSE,0.15988343060950028,0.16535452436593756,0.1595974335432201,0.003049322048268549,0.003045230388373718,-0.0005969122926117038,1.0,1.0,1.0,1.0,1.0,1.0,10
ART_HILBERT_POST_AMPLITUDE,artifact,Hilbert,post_amplitude_trajectory,eligible,DRG,250811::6A-1FL1_Raw.csv,6A-1FL1,target_segment_calibrated_absolute_nrmse,NRMSE,0.12740079890096917,0.14406665992011058,0.1259334130870287,0.016660054361946147,0.016786544230558212,-0.0035742917242804206,1.0,1.0,1.0,1.0,1.0,1.0,10
ART_HILBERT_POST_AMPLITUDE,artifact,Hilbert,post_amplitude_trajectory,eligible,DRG,250811::6B-2ML3_Raw.csv,6B-2ML3,target_segment_calibrated_absolute_nrmse,NRMSE,0.1110474361024426,0.1291468152003986,0.10831775684533668,0.01811929699013025,0.022838090583848857,-0.0015395216880520202,1.0,1.0,1.0,1.0,1.0,1.0,10
ART_HILBERT_POST_AMPLITUDE,artifact,Hilbert,post_amplitude_trajectory,eligible,DRG,250811::7C-1FT12_Raw.csv,7C-1FT12,target_segment_calibrated_absolute_nrmse,NRMSE,0.13526704018107544,0.13245051238907266,0.1267441161425988,-0.0019257815832081498,0.0013463604193845735,-0.00406611196042405,1.0,1.0,1.0,1.0,1.0,1.0,10
ART_HILBERT_POST_AMPLITUDE,artifact,Hilbert,post_amplitude_trajectory,eligible,DRG,250811::8A-1FT5_Raw.csv,8A-1FT5,target_segment_calibrated_absolute_nrmse,NRMSE,0.11167229609877091,0.12053506824920175,0.11065194922060165,0.005433080994739145,0.004963900586169863,-0.0007392052575560665,1.0,1.0,1.0,1.0,1.0,1.0,10
ART_HILBERT_POST_AMPLITUDE,artifact,Hilbert,post_amplitude_trajectory,eligible,DRG,250811::8C-2ML4_Raw.csv,8C-2ML4,target_segment_calibrated_absolute_nrmse,NRMSE,0.1383685523325559,0.14226232868037145,0.13475343894089864,-0.0011885093541042085,-0.0011059715064126036,-0.0016197129327690657,1.0,1.0,1.0,1.0,1.0,1.0,10
ART_HILBERT_POST_AMPLITUDE,artifact,Hilbert,post_amplitude_trajectory,eligible,DRG,250811::8D-2MT7_Raw.csv,8D-2MT7,target_segment_calibrated_absolute_nrmse,NRMSE,0.14637392971091395,0.15509440136371194,0.14231697631679666,0.007426037056808693,0.007156470043434823,-0.0006375587716979797,1.0,1.0,1.0,1.0,1.0,1.0,10
ART_HILBERT_POST_AMPLITUDE,artifact,Hilbert,post_amplitude_trajectory,eligible,DRG,251003::2B- 1MT7_Raw.csv,2B- 1MT7,target_segment_calibrated_absolute_nrmse,NRMSE,0.06530410045160305,0.07854400448097254,0.06482413324312096,0.007979146550002855,0.009708033794185347,-0.0002784476327714752,1.0,1.0,1.0,1.0,1.0,1.0,10
ART_HILBERT_POST_AMPLITUDE,artifact,Hilbert,post_amplitude_trajectory,eligible,DRG,251003::2C- M1L1_Raw.csv,2C- M1L1,target_segment_calibrated_absolute_nrmse,NRMSE,0.47592639574343354,0.47564756895988936,0.4756576807470646,-0.00024092646133566653,-0.00022872599574985664,-1.883009299161187e-05,1.0,1.0,1.0,1.0,1.0,1.0,10
ART_HILBERT_POST_AMPLITUDE,artifact,Hilbert,post_amplitude_trajectory,eligible,DRG,251003::2D- M1L4_Raw.csv,2D- M1L4,target_segment_calibrated_absolute_nrmse,NRMSE,0.09165006080186895,0.1017029528856084,0.09450846545984506,0.002962086783276807,0.0019606735598882152,0.00037918796771144875,1.0,1.0,1.0,1.0,1.0,1.0,10
ART_HILBERT_POST_AMPLITUDE,artifact,Hilbert,post_amplitude_trajectory,eligible,SCN,250625 to 250728::1C-SCN_Raw.csv,1C-SCN,target_segment_calibrated_absolute_nrmse,NRMSE,0.07595489498921575,0.0781938293344217,0.07585647627265266,0.00029979705108530014,0.00038540434206985746,-2.12921512998121e-05,1.0,1.0,1.0,1.0,1.0,1.0,10
ART_HILBERT_POST_AMPLITUDE,artifact,Hilbert,post_amplitude_trajectory,eligible,SCN,250625 to 250728::6C-SCNmm1_Raw.csv,6C-SCNmm1,target_segment_calibrated_absolute_nrmse,NRMSE,0.15426628471152853,0.15247074647597436,0.15568450674179127,0.0005374136096563537,0.0004456899700905903,9.668643350767281e-05,1.0,1.0,1.0,1.0,1.0,1.0,10
ART_HILBERT_POST_AMPLITUDE,artifact,Hilbert,post_amplitude_trajectory,eligible,SCN,250625 to 250728::7A-SCNmm2_Raw.csv,7A-SCNmm2,target_segment_calibrated_absolute_nrmse,NRMSE,0.2811649983062878,0.285104519303701,0.28122616690336677,0.0035932092391545573,0.0035496412411717276,4.504324688686667e-05,1.0,1.0,1.0,1.0,1.0,1.0,10
ART_HILBERT_POST_AMPLITUDE,artifact,Hilbert,post_amplitude_trajectory,eligible,SCN,250625 to 250728::7B-SCNcm2_Raw.csv,7B-SCNcm2,target_segment_calibrated_absolute_nrmse,NRMSE,0.5558478543017902,0.551418276244463,0.5550901866312625,-0.0010127390844275608,-0.0009649775098283242,-3.859734001826487e-05,1.0,1.0,1.0,1.0,1.0,1.0,10
ART_HILBERT_POST_AMPLITUDE,artifact,Hilbert,post_amplitude_trajectory,eligible,SCN,250728::7A-SCNcM1_Raw.csv,7A-SCNcM1,target_segment_calibrated_absolute_nrmse,NRMSE,0.10399348198885164,0.10526834230717474,0.10395895549080322,0.001604458909898604,0.0017067055385683455,-0.00016680755376350526,1.0,1.0,1.0,1.0,1.0,1.0,10
ART_HILBERT_POST_AMPLITUDE,artifact,Hilbert,post_amplitude_trajectory,eligible,SCN,250811::1A-1FSCN_Raw.csv,1A-1FSCN,target_segment_calibrated_absolute_nrmse,NRMSE,0.06679890657461396,0.0880513314381899,0.07135040772013534,0.0216448711583997,0.016732028828675603,0.004109577666804871,1.0,1.0,1.0,1.0,1.0,1.0,10
ART_HILBERT_POST_AMPLITUDE,artifact,Hilbert,post_amplitude_trajectory,eligible,SCN,250811::1B-2MSCN_Raw.csv,1B-2MSCN,target_segment_calibrated_absolute_nrmse,NRMSE,0.0929048677833368,0.08923917679079896,0.09060763644806719,-0.0010514427059502007,-0.0010436941345876097,-2.9485553437111345e-06,1.0,1.0,1.0,1.0,1.0,1.0,10
ART_HILBERT_POST_AMPLITUDE,artifact,Hilbert,post_amplitude_trajectory,eligible,SCN,250811::1C-3FSCN_Raw.csv,1C-3FSCN,target_segment_calibrated_absolute_nrmse,NRMSE,0.1532776417978928,0.15924796531309643,0.15265031430113327,0.009372760632798696,0.009904151038211226,0.0004426309122616129,1.0,1.0,1.0,1.0,1.0,1.0,10
ART_HILBERT_POST_AMPLITUDE,artifact,Hilbert,post_amplitude_trajectory,eligible,SCN,250811::1D-4FSCN_Raw.csv,1D-4FSCN,target_segment_calibrated_absolute_nrmse,NRMSE,0.34803267262569876,0.34910167464068487,0.3483705163596119,-0.00011430632743419933,-0.00011650150607428467,1.3338313380267808e-05,1.0,1.0,1.0,1.0,1.0,1.0,10
ART_HILBERT_POST_AMPLITUDE,artifact,Hilbert,post_amplitude_trajectory,ineligible,DRG,250625 to 250728::5A-T10m1_Raw.csv,5A-T10m1,target_segment_calibrated_absolute_nrmse,NRMSE,0.49236434875238355,0.4880855291147873,0.4828781222953055,0.000978612697078135,0.001106200371964905,-0.00014581308505806634,1.0,1.0,1.0,1.0,1.0,1.0,10
ART_HILBERT_PRE_AMPLITUDE,artifact,Hilbert,pre_amplitude_trajectory,difficult,DRG,250625 to 250728::1D-L2m2_Raw.csv,1D-L2m2,target_segment_calibrated_absolute_nrmse,NRMSE,0.5351818184513053,0.5250013458718643,0.4936087136897609,-0.0159357779095608,-0.012443523368974363,-0.023027906924118657,1.0,1.0,1.0,1.0,1.0,1.0,10
ART_HILBERT_PRE_AMPLITUDE,artifact,Hilbert,pre_amplitude_trajectory,difficult,DRG,250625 to 250728::4B-T12m2_Raw.csv,4B-T12m2,target_segment_calibrated_absolute_nrmse,NRMSE,0.2694938583640974,0.278251097017194,0.2657269761318683,0.006264216474281797,0.008004093321511169,-0.0009922558931103331,1.0,1.0,1.0,1.0,1.0,1.0,10
ART_HILBERT_PRE_AMPLITUDE,artifact,Hilbert,pre_amplitude_trajectory,difficult,DRG,250625 to 250728::8A-L3_Raw.csv,8A-L3,target_segment_calibrated_absolute_nrmse,NRMSE,0.42888785300820653,0.42797353173414565,0.428816039812198,-0.01128392889697799,0.0016395840532671124,-0.0016068723171587806,1.0,1.0,1.0,1.0,1.0,1.0,10
ART_HILBERT_PRE_AMPLITUDE,artifact,Hilbert,pre_amplitude_trajectory,difficult,DRG,250625 to 250728::8B-L2m1_Raw.csv,8B-L2m1,target_segment_calibrated_absolute_nrmse,NRMSE,1.15622767311126,1.1464930694929985,1.1563244885626576,-0.0020333007504726996,0.0014038930951799644,-3.339353647324739e-05,1.0,1.0,1.0,1.0,1.0,1.0,10
ART_HILBERT_PRE_AMPLITUDE,artifact,Hilbert,pre_amplitude_trajectory,difficult,DRG,250811::2C-2ML1_Raw.csv,2C-2ML1,target_segment_calibrated_absolute_nrmse,NRMSE,0.6720825022354491,0.6468845339145513,0.6615157486568917,-0.00018929446100762748,0.0010920157923526297,-0.0008729287690207865,1.0,1.0,1.0,1.0,1.0,1.0,10
ART_HILBERT_PRE_AMPLITUDE,artifact,Hilbert,pre_amplitude_trajectory,difficult,DRG,250811::5A-2ML2_Raw.csv,5A-2ML2,target_segment_calibrated_absolute_nrmse,NRMSE,0.4905332958027744,0.5126657458403078,0.4851395978706813,0.0027913962708239204,0.009838019200974518,-0.002294336218291948,1.0,1.0,1.0,1.0,1.0,1.0,10
ART_HILBERT_PRE_AMPLITUDE,artifact,Hilbert,pre_amplitude_trajectory,difficult,DRG,250811::7C-1FT12_Raw.csv,7C-1FT12,target_segment_calibrated_absolute_nrmse,NRMSE,0.40743197925964036,0.38813995639158516,0.39743125970073145,-0.009213893014394098,-0.008445736279837385,-0.004562026591188623,1.0,1.0,1.0,1.0,1.0,1.0,10
ART_HILBERT_PRE_AMPLITUDE,artifact,Hilbert,pre_amplitude_trajectory,difficult,DRG,250811::8A-1FT5_Raw.csv,8A-1FT5,target_segment_calibrated_absolute_nrmse,NRMSE,0.1992414133743273,0.221665759350057,0.20514930304693968,-0.000876232969116042,-0.00034170574495069606,-0.0013576119516863078,1.0,1.0,1.0,1.0,1.0,1.0,10
ART_HILBERT_PRE_AMPLITUDE,artifact,Hilbert,pre_amplitude_trajectory,difficult,DRG,251003::2B- 1MT7_Raw.csv,2B- 1MT7,target_segment_calibrated_absolute_nrmse,NRMSE,0.0863160836996685,0.108816467416171,0.08000843426603313,0.0227976194563088,0.015183401075707967,-9.046497674719545e-05,1.0,1.0,1.0,1.0,1.0,1.0,10
ART_HILBERT_PRE_AMPLITUDE,artifact,Hilbert,pre_amplitude_trajectory,difficult,DRG,251003::2C- M1L1_Raw.csv,2C- M1L1,target_segment_calibrated_absolute_nrmse,NRMSE,0.23919657914431808,0.232272421437868,0.23858656835804162,0.005222242054972459,0.006538456582817265,-0.0003545500201156959,1.0,1.0,1.0,1.0,1.0,1.0,10
ART_HILBERT_PRE_AMPLITUDE,artifact,Hilbert,pre_amplitude_trajectory,difficult,DRG,251003::2D- M1L4_Raw.csv,2D- M1L4,target_segment_calibrated_absolute_nrmse,NRMSE,1.4542248529708013,1.469829507824125,1.4515455344956005,0.008917472470421295,0.02145702409784056,-0.003823100492435505,1.0,1.0,1.0,1.0,1.0,1.0,10
ART_HILBERT_PRE_AMPLITUDE,artifact,Hilbert,pre_amplitude_trajectory,eligible,DRG,250625 to 250728::1B-L1m2_Raw.csv,1B-L1m2,target_segment_calibrated_absolute_nrmse,NRMSE,0.1530255630733057,0.18243172289901222,0.15413532418609893,0.01731287097985311,0.023069093335628274,-0.0012677958892913094,1.0,1.0,1.0,1.0,1.0,1.0,10
ART_HILBERT_PRE_AMPLITUDE,artifact,Hilbert,pre_amplitude_trajectory,eligible,DRG,250625 to 250728::2C-L3m2_Raw.csv,2C-L3m2,target_segment_calibrated_absolute_nrmse,NRMSE,0.184159760021182,0.20721220807118007,0.17980982266170453,0.018430780305975752,0.018567008725655643,-0.0007378194339012073,1.0,1.0,1.0,1.0,1.0,1.0,10
ART_HILBERT_PRE_AMPLITUDE,artifact,Hilbert,pre_amplitude_trajectory,eligible,DRG,250625 to 250728::3A-L5m2_Raw.csv,3A-L5m2,target_segment_calibrated_absolute_nrmse,NRMSE,0.11120555291601834,0.1697020322946362,0.10644846358290835,0.055637222456845194,0.057148685717194204,-0.0016689052819898534,1.0,1.0,1.0,1.0,1.0,1.0,10
ART_HILBERT_PRE_AMPLITUDE,artifact,Hilbert,pre_amplitude_trajectory,eligible,DRG,250625 to 250728::3B-T10m2_Raw.csv,3B-T10m2,target_segment_calibrated_absolute_nrmse,NRMSE,0.25984201287487996,0.2640107666620827,0.25952824448368556,0.003894873422557038,0.004824603929153459,-0.0005818689889970363,1.0,1.0,1.0,1.0,1.0,1.0,10
ART_HILBERT_PRE_AMPLITUDE,artifact,Hilbert,pre_amplitude_trajectory,eligible,DRG,250625 to 250728::4C-T5m1_Raw.csv,4C-T5m1,target_segment_calibrated_absolute_nrmse,NRMSE,0.18149705809902617,0.23496496528623945,0.1806103505970365,0.0537234410044234,0.050997636294089044,-0.0029299804668355273,1.0,1.0,1.0,1.0,1.0,1.0,10
ART_HILBERT_PRE_AMPLITUDE,artifact,Hilbert,pre_amplitude_trajectory,eligible,DRG,250625 to 250728::4D-T7m1_Raw.csv,4D-T7m1,target_segment_calibrated_absolute_nrmse,NRMSE,0.25280786444495906,0.2595835234174062,0.2548825924692235,-8.937523750965348e-05,-0.0013915108947733235,-0.0007412485321200563,1.0,1.0,1.0,1.0,1.0,1.0,10
ART_HILBERT_PRE_AMPLITUDE,artifact,Hilbert,pre_amplitude_trajectory,eligible,DRG,250625 to 250728::5B-T12m2_Raw.csv,5B-T12m2,target_segment_calibrated_absolute_nrmse,NRMSE,0.0735774448684674,0.09544845898714721,0.06881510427319318,0.017064792534030003,0.020358074088958095,-0.000428933729690488,1.0,1.0,1.0,1.0,1.0,1.0,10
ART_HILBERT_PRE_AMPLITUDE,artifact,Hilbert,pre_amplitude_trajectory,eligible,DRG,250625 to 250728::5C-T12_Raw.csv,5C-T12,target_segment_calibrated_absolute_nrmse,NRMSE,0.6578851432903345,0.6565194927449878,0.6545087535600049,-0.014962141906995408,-0.0011247739023594328,-0.002879956882714363,1.0,1.0,1.0,1.0,1.0,1.0,10
ART_HILBERT_PRE_AMPLITUDE,artifact,Hilbert,pre_amplitude_trajectory,eligible,DRG,250625 to 250728::5D-T10_Raw.csv,5D-T10,target_segment_calibrated_absolute_nrmse,NRMSE,0.1977180889340599,0.2064481013079002,0.19806008780580514,0.005408595250466705,0.005142052521545121,-5.1108358645357566e-05,1.0,1.0,1.0,1.0,1.0,1.0,10
ART_HILBERT_PRE_AMPLITUDE,artifact,Hilbert,pre_amplitude_trajectory,eligible,DRG,250625 to 250728::6A-T7_Raw.csv,6A-T7,target_segment_calibrated_absolute_nrmse,NRMSE,0.21224904846011516,0.2172251495881526,0.20295093719014498,0.0015436305703755426,0.0014301819847022113,-0.004168477770448223,1.0,1.0,1.0,1.0,1.0,1.0,10
ART_HILBERT_PRE_AMPLITUDE,artifact,Hilbert,pre_amplitude_trajectory,eligible,DRG,250625 to 250728::6B-T5_Raw.csv,6B-T5,target_segment_calibrated_absolute_nrmse,NRMSE,0.15466453999945584,0.16603428876792045,0.15526895936704735,0.011756928172908951,0.011617960639575292,0.00025929950347759745,1.0,1.0,1.0,1.0,1.0,1.0,10
ART_HILBERT_PRE_AMPLITUDE,artifact,Hilbert,pre_amplitude_trajectory,eligible,DRG,250625 to 250728::7C-L1_Raw.csv,7C-L1,target_segment_calibrated_absolute_nrmse,NRMSE,0.24710006434357068,0.2397066477748712,0.24478925035918292,-0.0026858982511825946,-0.0024891263325297758,-0.0008467099339372064,1.0,1.0,1.0,1.0,1.0,1.0,10
ART_HILBERT_PRE_AMPLITUDE,artifact,Hilbert,pre_amplitude_trajectory,eligible,DRG,250625 to 250728::7D-L2_Raw.csv,7D-L2,target_segment_calibrated_absolute_nrmse,NRMSE,0.375519981954058,0.3527085097142614,0.3737101525338544,0.003362899813595027,0.0024998299717654826,-0.00028165132067276,1.0,1.0,1.0,1.0,1.0,1.0,10
ART_HILBERT_PRE_AMPLITUDE,artifact,Hilbert,pre_amplitude_trajectory,eligible,DRG,250625 to 250728::8C-L3m1_Raw.csv,8C-L3m1,target_segment_calibrated_absolute_nrmse,NRMSE,0.1966872841433676,0.20415354651361284,0.19413158849577222,0.002094467082481205,0.0023659289440832593,-0.006241112584685765,1.0,1.0,1.0,1.0,1.0,1.0,10
ART_HILBERT_PRE_AMPLITUDE,artifact,Hilbert,pre_amplitude_trajectory,eligible,DRG,250625 to 250728::8D-L4-1m1_Raw.csv,8D-L4-1m1,target_segment_calibrated_absolute_nrmse,NRMSE,0.20929213563765536,0.23457220436882065,0.209629393682694,0.02572412445524984,0.025348411727429285,0.0003504648898403767,1.0,1.0,1.0,1.0,1.0,1.0,10
ART_HILBERT_PRE_AMPLITUDE,artifact,Hilbert,pre_amplitude_trajectory,eligible,DRG,250811::2D-1FL2_Raw.csv,2D-1FL2,target_segment_calibrated_absolute_nrmse,NRMSE,0.18902502111120015,0.1827946488969806,0.18348138282059623,-0.003951565857327297,-0.005391106561518463,-0.0008199170969616365,1.0,1.0,1.0,1.0,1.0,1.0,10
ART_HILBERT_PRE_AMPLITUDE,artifact,Hilbert,pre_amplitude_trajectory,eligible,DRG,250811::3A-1FL4_Raw.csv,3A-1FL4,target_segment_calibrated_absolute_nrmse,NRMSE,0.1084297770670572,0.10094649275656564,0.10605826866836937,0.0007866756343694048,0.001148115697254537,-0.00018338242637205154,1.0,1.0,1.0,1.0,1.0,1.0,10
ART_HILBERT_PRE_AMPLITUDE,artifact,Hilbert,pre_amplitude_trajectory,eligible,DRG,250811::3D-1FT10_Raw.csv,3D-1FT10,target_segment_calibrated_absolute_nrmse,NRMSE,0.26306889720750015,0.26896326300481077,0.2495887147162531,0.00501392990807395,0.0053916018798012555,-0.0012302956608120086,1.0,1.0,1.0,1.0,1.0,1.0,10
ART_HILBERT_PRE_AMPLITUDE,artifact,Hilbert,pre_amplitude_trajectory,eligible,DRG,250811::4A-2MT10_Raw.csv,4A-2MT10,target_segment_calibrated_absolute_nrmse,NRMSE,0.1804516742849842,0.21949968229858474,0.17738322941206427,0.03960861538589604,0.04211645288652047,-0.004830736459862761,1.0,1.0,1.0,1.0,1.0,1.0,10
ART_HILBERT_PRE_AMPLITUDE,artifact,Hilbert,pre_amplitude_trajectory,eligible,DRG,250811::4C-2MT5_Raw.csv,4C-2MT5,target_segment_calibrated_absolute_nrmse,NRMSE,0.4586000133102356,0.4521025867524463,0.4484918523526732,0.0006669129832602427,0.007536678386687229,-0.0016782101159717178,1.0,1.0,1.0,1.0,1.0,1.0,10
ART_HILBERT_PRE_AMPLITUDE,artifact,Hilbert,pre_amplitude_trajectory,eligible,DRG,250811::4D-1FL4_Raw.csv,4D-1FL4,target_segment_calibrated_absolute_nrmse,NRMSE,0.16583245863837687,0.18946583021213098,0.1586601959211278,0.021344728364139837,0.018062339860029322,-0.0037702101700112373,1.0,1.0,1.0,1.0,1.0,1.0,10
ART_HILBERT_PRE_AMPLITUDE,artifact,Hilbert,pre_amplitude_trajectory,eligible,DRG,250811::5C-1FT7_Raw.csv,5C-1FT7,target_segment_calibrated_absolute_nrmse,NRMSE,0.18845031025805575,0.1982520655113335,0.18689394263938147,0.009327232369731847,0.010760973777533822,-0.0006895147794399037,1.0,1.0,1.0,1.0,1.0,1.0,10
ART_HILBERT_PRE_AMPLITUDE,artifact,Hilbert,pre_amplitude_trajectory,eligible,DRG,250811::6A-1FL1_Raw.csv,6A-1FL1,target_segment_calibrated_absolute_nrmse,NRMSE,0.3199497634931055,0.3177856205432046,0.30862821298729337,0.008545784015078273,0.011393167351912564,-0.0041405544406999395,1.0,1.0,1.0,1.0,1.0,1.0,10
ART_HILBERT_PRE_AMPLITUDE,artifact,Hilbert,pre_amplitude_trajectory,eligible,DRG,250811::6B-2ML3_Raw.csv,6B-2ML3,target_segment_calibrated_absolute_nrmse,NRMSE,0.17896289698425205,0.2139989411705987,0.17913693932283137,0.022239664257656902,0.019854521850858717,0.0002871624344108481,1.0,1.0,1.0,1.0,1.0,1.0,10
ART_HILBERT_PRE_AMPLITUDE,artifact,Hilbert,pre_amplitude_trajectory,eligible,DRG,250811::7D-2MT12_Raw.csv,7D-2MT12,target_segment_calibrated_absolute_nrmse,NRMSE,0.1454115903301807,0.160347477299869,0.14631256353113709,0.00525328871722551,0.005280672620768825,-2.7383903543315435e-05,1.0,1.0,1.0,1.0,1.0,1.0,10
ART_HILBERT_PRE_AMPLITUDE,artifact,Hilbert,pre_amplitude_trajectory,eligible,DRG,250811::8C-2ML4_Raw.csv,8C-2ML4,target_segment_calibrated_absolute_nrmse,NRMSE,0.21609078383760374,0.2449348129953474,0.211961694776119,0.022877279966857192,0.021386669043867657,-0.004297546116805537,1.0,1.0,1.0,1.0,1.0,1.0,10
ART_HILBERT_PRE_AMPLITUDE,artifact,Hilbert,pre_amplitude_trajectory,eligible,DRG,250811::8D-2MT7_Raw.csv,8D-2MT7,target_segment_calibrated_absolute_nrmse,NRMSE,0.13898189733972435,0.1308611546523748,0.1373827013218667,0.009232306322928048,0.009701210800159961,-0.0012385374972363888,1.0,1.0,1.0,1.0,1.0,1.0,10
ART_HILBERT_PRE_AMPLITUDE,artifact,Hilbert,pre_amplitude_trajectory,eligible,SCN,250625 to 250728::1C-SCN_Raw.csv,1C-SCN,target_segment_calibrated_absolute_nrmse,NRMSE,0.20761380436590782,0.2126927955906462,0.20796426427175452,0.006614661073925179,0.006665367320476637,-0.00048788191104691403,1.0,1.0,1.0,1.0,1.0,1.0,10
ART_HILBERT_PRE_AMPLITUDE,artifact,Hilbert,pre_amplitude_trajectory,eligible,SCN,250625 to 250728::6C-SCNmm1_Raw.csv,6C-SCNmm1,target_segment_calibrated_absolute_nrmse,NRMSE,0.21443927840260518,0.24260267721301826,0.20428057222731538,0.024460256322331744,0.03166009530293604,-0.0031513481957117923,1.0,1.0,1.0,1.0,1.0,1.0,10
ART_HILBERT_PRE_AMPLITUDE,artifact,Hilbert,pre_amplitude_trajectory,eligible,SCN,250625 to 250728::7A-SCNmm2_Raw.csv,7A-SCNmm2,target_segment_calibrated_absolute_nrmse,NRMSE,0.3015186554942018,0.2892101232686105,0.2966486228513478,-0.0002715269558591915,-0.0015285247210155561,-0.0025177487297175782,1.0,1.0,1.0,1.0,1.0,1.0,10
ART_HILBERT_PRE_AMPLITUDE,artifact,Hilbert,pre_amplitude_trajectory,eligible,SCN,250625 to 250728::7B-SCNcm2_Raw.csv,7B-SCNcm2,target_segment_calibrated_absolute_nrmse,NRMSE,0.2087255057472282,0.2372807495639177,0.21063778648728498,0.022729463675748407,0.024676490439997104,-6.88463033969855e-05,1.0,1.0,1.0,1.0,1.0,1.0,10
ART_HILBERT_PRE_AMPLITUDE,artifact,Hilbert,pre_amplitude_trajectory,eligible,SCN,250728::6A-SCNrM1_Raw.csv,6A-SCNrM1,target_segment_calibrated_absolute_nrmse,NRMSE,0.20375022060098136,0.23289987960445818,0.1984348921107617,0.03278687894972321,0.03077504221270279,-0.0016978086032560652,1.0,1.0,1.0,1.0,1.0,1.0,10
ART_HILBERT_PRE_AMPLITUDE,artifact,Hilbert,pre_amplitude_trajectory,eligible,SCN,250728::6B-SCNrM2_Raw.csv,6B-SCNrM2,target_segment_calibrated_absolute_nrmse,NRMSE,0.2715278155865871,0.2641162350435493,0.27204370156158525,-0.005869156727365654,-0.004280915846292782,0.0007831053113084852,1.0,1.0,1.0,1.0,1.0,1.0,10
ART_HILBERT_PRE_AMPLITUDE,artifact,Hilbert,pre_amplitude_trajectory,eligible,SCN,250728::7A-SCNcM1_Raw.csv,7A-SCNcM1,target_segment_calibrated_absolute_nrmse,NRMSE,0.19260205046559514,0.1960711805085418,0.1908814882294633,0.0035563581388502047,0.0033307972336325126,-0.00029794531350312015,1.0,1.0,1.0,1.0,1.0,1.0,10
ART_HILBERT_PRE_AMPLITUDE,artifact,Hilbert,pre_amplitude_trajectory,eligible,SCN,250728::7B-SCNcM2_Raw.csv,7B-SCNcM2,target_segment_calibrated_absolute_nrmse,NRMSE,0.24761963379693597,0.2588093982727726,0.24206099962258076,0.01144918802560993,0.012508772324034217,-0.004076585048146841,1.0,1.0,1.0,1.0,1.0,1.0,10
ART_HILBERT_PRE_AMPLITUDE,artifact,Hilbert,pre_amplitude_trajectory,eligible,SCN,250811::1A-1FSCN_Raw.csv,1A-1FSCN,target_segment_calibrated_absolute_nrmse,NRMSE,0.2317264718642168,0.2416012329066455,0.22691790512735072,0.013849880147164956,0.014683327779294778,-5.629878672208655e-05,1.0,1.0,1.0,1.0,1.0,1.0,10
ART_HILBERT_PRE_AMPLITUDE,artifact,Hilbert,pre_amplitude_trajectory,eligible,SCN,250811::1B-2MSCN_Raw.csv,1B-2MSCN,target_segment_calibrated_absolute_nrmse,NRMSE,0.199405329863828,0.21253202346720718,0.19932640844132568,0.012360937345496037,0.010646116888020016,-0.0004465360428920623,1.0,1.0,1.0,1.0,1.0,1.0,10
ART_HILBERT_PRE_AMPLITUDE,artifact,Hilbert,pre_amplitude_trajectory,eligible,SCN,250811::1C-3FSCN_Raw.csv,1C-3FSCN,target_segment_calibrated_absolute_nrmse,NRMSE,0.1393212836920639,0.1586689016092531,0.13968938021275712,0.01721953049531448,0.020557879987033775,-0.0012558475146881715,1.0,1.0,1.0,1.0,1.0,1.0,10
ART_HILBERT_PRE_AMPLITUDE,artifact,Hilbert,pre_amplitude_trajectory,eligible,SCN,250811::1D-4FSCN_Raw.csv,1D-4FSCN,target_segment_calibrated_absolute_nrmse,NRMSE,0.16204566129362713,0.1925971703536924,0.15805736221956918,0.03304501615549074,0.03402172397848918,-0.004067798202823131,1.0,1.0,1.0,1.0,1.0,1.0,10
ART_HILBERT_PRE_AMPLITUDE,artifact,Hilbert,pre_amplitude_trajectory,eligible,SCN,251003::2A- M1SCn_Raw.csv,2A- M1SCn,target_segment_calibrated_absolute_nrmse,NRMSE,0.1622476618333962,0.1750609574020911,0.15916994684483213,0.012102622309058661,0.013738615561759052,-0.002788434422425698,1.0,1.0,1.0,1.0,1.0,1.0,10
ART_HILBERT_PRE_AMPLITUDE,artifact,Hilbert,pre_amplitude_trajectory,eligible,SCN,251003::4B-M3SCN_Raw.csv,4B-M3SCN,target_segment_calibrated_absolute_nrmse,NRMSE,0.14489255228128478,0.15480432488643742,0.14473350500559462,0.010006390080180158,0.010233710423137352,8.886295501076003e-05,1.0,1.0,1.0,1.0,1.0,1.0,10
ART_HILBERT_PRE_AMPLITUDE,artifact,Hilbert,pre_amplitude_trajectory,ineligible,DRG,250625 to 250728::5A-T10m1_Raw.csv,5A-T10m1,target_segment_calibrated_absolute_nrmse,NRMSE,0.260002183661168,0.27800091946980177,0.2536415073725409,-0.006900898904176916,-0.0019970084656532605,-0.000716278010545357,1.0,1.0,1.0,1.0,1.0,1.0,10
ART_HILBERT_PRE_PERIOD,artifact,Hilbert,pre_period_hours,difficult,DRG,250625 to 250728::1D-L2m2_Raw.csv,1D-L2m2,absolute_error_hours,hours,0.24090115771729437,0.2566672497649183,0.23227406399593775,0.0480502520942494,0.05719803190506312,0.006016783073091503,1.0,1.0,1.0,1.0,1.0,1.0,10
ART_HILBERT_PRE_PERIOD,artifact,Hilbert,pre_period_hours,difficult,DRG,250625 to 250728::4B-T12m2_Raw.csv,4B-T12m2,absolute_error_hours,hours,0.09639211260162739,0.180027749893668,0.09305440027878831,0.04896907882476498,0.05363049123013397,-0.00012056385970993233,1.0,1.0,1.0,1.0,1.0,1.0,10
ART_HILBERT_PRE_PERIOD,artifact,Hilbert,pre_period_hours,difficult,DRG,250625 to 250728::5C-T12_Raw.csv,5C-T12,absolute_error_hours,hours,0.21976760659282313,0.23653289057727278,0.2028546828541451,0.0675438340591743,0.07478844676797358,-0.004329795518128066,1.0,1.0,1.0,1.0,1.0,1.0,10
ART_HILBERT_PRE_PERIOD,artifact,Hilbert,pre_period_hours,difficult,DRG,250625 to 250728::8A-L3_Raw.csv,8A-L3,absolute_error_hours,hours,0.2558939198962946,0.3761255521606568,0.25545646891624685,0.1984575927342398,0.15779681209131446,0.04442722166123225,1.0,1.0,1.0,1.0,1.0,1.0,10
ART_HILBERT_PRE_PERIOD,artifact,Hilbert,pre_period_hours,difficult,DRG,250811::2C-2ML1_Raw.csv,2C-2ML1,absolute_error_hours,hours,0.2587191967582321,0.20748212566678426,0.2810938246777752,0.01698688062639775,-0.004824122093321392,0.03460526899296035,1.0,1.0,1.0,1.0,1.0,1.0,10
ART_HILBERT_PRE_PERIOD,artifact,Hilbert,pre_period_hours,difficult,DRG,250811::5A-2ML2_Raw.csv,5A-2ML2,absolute_error_hours,hours,0.23657482800766516,0.2048337875587407,0.21204728849234122,0.036515039422624795,0.05580874999807328,-0.004729579526795646,1.0,1.0,1.0,1.0,1.0,1.0,10
ART_HILBERT_PRE_PERIOD,artifact,Hilbert,pre_period_hours,difficult,DRG,250811::7C-1FT12_Raw.csv,7C-1FT12,absolute_error_hours,hours,0.08472959981130757,0.12063523450530766,0.0899353018822513,0.02818063011406302,0.031119156025161132,0.012591135297451927,1.0,1.0,1.0,1.0,1.0,1.0,10
ART_HILBERT_PRE_PERIOD,artifact,Hilbert,pre_period_hours,difficult,DRG,250811::8A-1FT5_Raw.csv,8A-1FT5,absolute_error_hours,hours,0.014938602668912893,0.1299529854533681,0.0241797894196214,0.11429118797882865,0.10728474194535664,0.009066743332406091,1.0,1.0,1.0,1.0,1.0,1.0,10
ART_HILBERT_PRE_PERIOD,artifact,Hilbert,pre_period_hours,difficult,DRG,251003::2C- M1L1_Raw.csv,2C- M1L1,absolute_error_hours,hours,0.07261186368570804,0.20639675213325326,0.08109677622328171,0.14158607754573183,0.1255090574936748,0.0118248523514346,1.0,1.0,1.0,1.0,1.0,1.0,10
ART_HILBERT_PRE_PERIOD,artifact,Hilbert,pre_period_hours,difficult,DRG,251003::2D- M1L4_Raw.csv,2D- M1L4,absolute_error_hours,hours,0.23857893633215355,0.3172557418883901,0.24637973307109462,0.08455495296677285,0.08190471680973488,0.007887487775082747,1.0,1.0,1.0,1.0,1.0,1.0,10
ART_HILBERT_PRE_PERIOD,artifact,Hilbert,pre_period_hours,eligible,DRG,250625 to 250728::1B-L1m2_Raw.csv,1B-L1m2,absolute_error_hours,hours,0.031783805392322506,0.027881002116471265,0.03387450202140663,-0.0062732359145005745,0.006130064156259607,0.0006186228096130009,1.0,1.0,1.0,1.0,1.0,1.0,10
ART_HILBERT_PRE_PERIOD,artifact,Hilbert,pre_period_hours,eligible,DRG,250625 to 250728::2C-L3m2_Raw.csv,2C-L3m2,absolute_error_hours,hours,0.04966916515286712,0.10764425921968446,0.05141266267843925,0.049661088540212006,0.04889756249236754,0.0006384132351140437,1.0,1.0,1.0,1.0,1.0,1.0,10
ART_HILBERT_PRE_PERIOD,artifact,Hilbert,pre_period_hours,eligible,DRG,250625 to 250728::3A-L5m2_Raw.csv,3A-L5m2,absolute_error_hours,hours,0.04390352736314895,0.09378512850508791,0.04978661981811605,0.06738110113783513,0.0666621897053119,0.0007742296337713839,1.0,1.0,1.0,1.0,1.0,1.0,10
ART_HILBERT_PRE_PERIOD,artifact,Hilbert,pre_period_hours,eligible,DRG,250625 to 250728::3B-T10m2_Raw.csv,3B-T10m2,absolute_error_hours,hours,0.14799004405918303,0.20092253984569197,0.1458554604587139,0.06244413027434348,0.06297792387882417,-0.0033011125157678123,1.0,1.0,1.0,1.0,1.0,1.0,10
ART_HILBERT_PRE_PERIOD,artifact,Hilbert,pre_period_hours,eligible,DRG,250625 to 250728::4C-T5m1_Raw.csv,4C-T5m1,absolute_error_hours,hours,0.05890432911279753,0.09348699253237136,0.06096073204918895,0.03280653549785306,0.03176747177825234,-0.002304054184207871,1.0,1.0,1.0,1.0,1.0,1.0,10
ART_HILBERT_PRE_PERIOD,artifact,Hilbert,pre_period_hours,eligible,DRG,250625 to 250728::4D-T7m1_Raw.csv,4D-T7m1,absolute_error_hours,hours,0.29055312290687496,0.33780622547064887,0.2881232264151823,0.08940106438383566,0.07210151711811363,0.012323060819296572,1.0,1.0,1.0,1.0,1.0,1.0,10
ART_HILBERT_PRE_PERIOD,artifact,Hilbert,pre_period_hours,eligible,DRG,250625 to 250728::5B-T12m2_Raw.csv,5B-T12m2,absolute_error_hours,hours,0.03987569014853953,0.09291744870758478,0.03386245737642568,0.05256508994875553,0.044327632424556285,-0.001511889163307245,1.0,1.0,1.0,1.0,1.0,1.0,10
ART_HILBERT_PRE_PERIOD,artifact,Hilbert,pre_period_hours,eligible,DRG,250625 to 250728::5D-T10_Raw.csv,5D-T10,absolute_error_hours,hours,0.025199509212677995,0.0788017725789949,0.026843844508562142,0.05384613868050714,0.05315770062353131,-0.0012023662431364102,1.0,1.0,1.0,1.0,1.0,1.0,10
ART_HILBERT_PRE_PERIOD,artifact,Hilbert,pre_period_hours,eligible,DRG,250625 to 250728::6A-T7_Raw.csv,6A-T7,absolute_error_hours,hours,0.019292886227214368,0.11653046970559267,0.02373951307830957,0.08788728638116439,0.08392816782483692,0.0025241519511780552,1.0,1.0,1.0,1.0,1.0,1.0,10
ART_HILBERT_PRE_PERIOD,artifact,Hilbert,pre_period_hours,eligible,DRG,250625 to 250728::6B-T5_Raw.csv,6B-T5,absolute_error_hours,hours,0.029632436474361867,0.04314333553594274,0.026960292215600035,0.026999831400029706,0.030133706774526203,0.0007574387421502848,1.0,1.0,1.0,1.0,1.0,1.0,10
ART_HILBERT_PRE_PERIOD,artifact,Hilbert,pre_period_hours,eligible,DRG,250625 to 250728::7C-L1_Raw.csv,7C-L1,absolute_error_hours,hours,0.06007000714629385,0.044397309233438875,0.0630246858313015,-0.013645092289976901,-0.016850799413901996,0.007540408191946568,1.0,1.0,1.0,1.0,1.0,1.0,10
ART_HILBERT_PRE_PERIOD,artifact,Hilbert,pre_period_hours,eligible,DRG,250625 to 250728::7D-L2_Raw.csv,7D-L2,absolute_error_hours,hours,0.3044165865978563,0.2808942893211359,0.29470128406769014,-0.013958953053796463,-0.0002562134387673609,0.0019489705263655566,1.0,1.0,1.0,1.0,1.0,1.0,10
ART_HILBERT_PRE_PERIOD,artifact,Hilbert,pre_period_hours,eligible,DRG,250625 to 250728::8B-L2m1_Raw.csv,8B-L2m1,absolute_error_hours,hours,0.01528146197911262,0.02390955788251148,0.028980881339254694,0.013552918530589153,-0.0018068006718952034,0.01743855290199292,1.0,1.0,1.0,1.0,1.0,1.0,10
ART_HILBERT_PRE_PERIOD,artifact,Hilbert,pre_period_hours,eligible,DRG,250625 to 250728::8C-L3m1_Raw.csv,8C-L3m1,absolute_error_hours,hours,0.0016745877153407918,0.037781624732605934,0.011931929192105173,0.03668880226173954,0.026012308436747844,0.0059882099005399425,1.0,1.0,1.0,1.0,1.0,1.0,10
ART_HILBERT_PRE_PERIOD,artifact,Hilbert,pre_period_hours,eligible,DRG,250625 to 250728::8D-L4-1m1_Raw.csv,8D-L4-1m1,absolute_error_hours,hours,0.045347075198899134,0.06422886225511704,0.052756280059826466,0.02565709188434795,0.0020097307558533117,0.0066794457509899985,1.0,1.0,1.0,1.0,1.0,1.0,10
ART_HILBERT_PRE_PERIOD,artifact,Hilbert,pre_period_hours,eligible,DRG,250811::2D-1FL2_Raw.csv,2D-1FL2,absolute_error_hours,hours,0.057276483953311086,0.08691999061602651,0.054784501633680094,0.03480510157772976,0.035312245463437364,-0.000507143885707606,1.0,1.0,1.0,1.0,1.0,1.0,10
ART_HILBERT_PRE_PERIOD,artifact,Hilbert,pre_period_hours,eligible,DRG,250811::3A-1FL4_Raw.csv,3A-1FL4,absolute_error_hours,hours,0.040951584893937465,0.03961563344038588,0.03879795512731832,0.0002608409845290538,0.01873184571894626,-0.0001969935632661901,1.0,1.0,1.0,1.0,1.0,1.0,10
ART_HILBERT_PRE_PERIOD,artifact,Hilbert,pre_period_hours,eligible,DRG,250811::3D-1FT10_Raw.csv,3D-1FT10,absolute_error_hours,hours,0.0625294581856668,0.08270600181539223,0.06772080117043267,0.03569833614363738,0.014495564928999727,0.002864075567590163,1.0,1.0,1.0,1.0,1.0,1.0,10
ART_HILBERT_PRE_PERIOD,artifact,Hilbert,pre_period_hours,eligible,DRG,250811::4A-2MT10_Raw.csv,4A-2MT10,absolute_error_hours,hours,0.03996116596461796,0.061509685941190995,0.05237557222450562,0.02197280265077417,0.010486364349903354,0.009370178055434053,1.0,1.0,1.0,1.0,1.0,1.0,10
ART_HILBERT_PRE_PERIOD,artifact,Hilbert,pre_period_hours,eligible,DRG,250811::4C-2MT5_Raw.csv,4C-2MT5,absolute_error_hours,hours,0.020685083177628627,0.1372940564942482,0.032672600537555496,0.12816819818199576,0.09509286842877884,0.006072316610410411,1.0,1.0,1.0,1.0,1.0,1.0,10
ART_HILBERT_PRE_PERIOD,artifact,Hilbert,pre_period_hours,eligible,DRG,250811::4D-1FL4_Raw.csv,4D-1FL4,absolute_error_hours,hours,0.055800993960810175,0.08237011955543494,0.048434790203662814,0.022852281625041826,0.035228941595065066,-0.0013298004461166357,1.0,1.0,1.0,1.0,1.0,1.0,10
ART_HILBERT_PRE_PERIOD,artifact,Hilbert,pre_period_hours,eligible,DRG,250811::5C-1FT7_Raw.csv,5C-1FT7,absolute_error_hours,hours,0.23135787696895882,0.3040873789562095,0.24106725839898324,0.0839895404089237,0.0818139415643131,0.0021755988446106045,1.0,1.0,1.0,1.0,1.0,1.0,10
ART_HILBERT_PRE_PERIOD,artifact,Hilbert,pre_period_hours,eligible,DRG,250811::6A-1FL1_Raw.csv,6A-1FL1,absolute_error_hours,hours,0.057630652191400955,0.049843796142459595,0.03522069106743153,0.008316445909668957,-0.001103212817673338,0.002029861999469418,1.0,1.0,1.0,1.0,1.0,1.0,10
ART_HILBERT_PRE_PERIOD,artifact,Hilbert,pre_period_hours,eligible,DRG,250811::6B-2ML3_Raw.csv,6B-2ML3,absolute_error_hours,hours,0.05372003028044148,0.06839500780434982,0.05391622497024251,0.010667103553895885,0.009676772793785204,0.00011715693846703346,1.0,1.0,1.0,1.0,1.0,1.0,10
ART_HILBERT_PRE_PERIOD,artifact,Hilbert,pre_period_hours,eligible,DRG,250811::7D-2MT12_Raw.csv,7D-2MT12,absolute_error_hours,hours,0.057304480010405,0.05483244568998025,0.05922566458021983,0.011999946490320212,0.005371937967996843,0.0016673810990219806,1.0,1.0,1.0,1.0,1.0,1.0,10
ART_HILBERT_PRE_PERIOD,artifact,Hilbert,pre_period_hours,eligible,DRG,250811::8C-2ML4_Raw.csv,8C-2ML4,absolute_error_hours,hours,0.08379351209939934,0.07035203067441742,0.04045796612984631,0.03068512070014151,0.021442000236790548,0.0019824461229358548,1.0,1.0,1.0,1.0,1.0,1.0,10
ART_HILBERT_PRE_PERIOD,artifact,Hilbert,pre_period_hours,eligible,DRG,250811::8D-2MT7_Raw.csv,8D-2MT7,absolute_error_hours,hours,0.03354298300177838,0.13219134467885318,0.04616940546012671,0.09848786676121613,0.10419766103581196,0.009130631844135095,1.0,1.0,1.0,1.0,1.0,1.0,10
ART_HILBERT_PRE_PERIOD,artifact,Hilbert,pre_period_hours,eligible,DRG,251003::2B- 1MT7_Raw.csv,2B- 1MT7,absolute_error_hours,hours,0.023976262933361525,0.04784716559800728,0.03457590601292537,0.021028656580192262,0.02306593283747027,0.007013004012620172,1.0,1.0,1.0,1.0,1.0,1.0,10
ART_HILBERT_PRE_PERIOD,artifact,Hilbert,pre_period_hours,eligible,SCN,250625 to 250728::1C-SCN_Raw.csv,1C-SCN,absolute_error_hours,hours,0.00892166887608603,0.019962043698058096,0.01203966054977812,0.010505301968672498,0.008335055955834392,0.0027047780055085013,1.0,1.0,1.0,1.0,1.0,1.0,10
ART_HILBERT_PRE_PERIOD,artifact,Hilbert,pre_period_hours,eligible,SCN,250625 to 250728::6C-SCNmm1_Raw.csv,6C-SCNmm1,absolute_error_hours,hours,0.0007981067161271227,0.08352165460371275,0.005279374040782159,0.0822312066337414,0.07600193932433363,0.004089478306815053,1.0,1.0,1.0,1.0,1.0,1.0,10
ART_HILBERT_PRE_PERIOD,artifact,Hilbert,pre_period_hours,eligible,SCN,250625 to 250728::7A-SCNmm2_Raw.csv,7A-SCNmm2,absolute_error_hours,hours,0.00993617925329282,0.03315227736406712,0.012500269472329961,0.02767071606952065,0.02419897256839043,0.00347174350113022,1.0,1.0,1.0,1.0,1.0,1.0,10
ART_HILBERT_PRE_PERIOD,artifact,Hilbert,pre_period_hours,eligible,SCN,250625 to 250728::7B-SCNcm2_Raw.csv,7B-SCNcm2,absolute_error_hours,hours,0.010745993793365827,0.048897935611627474,0.01064462635935648,0.03824176727341744,0.03105401610811498,0.0007521637475971232,1.0,1.0,1.0,1.0,1.0,1.0,10
ART_HILBERT_PRE_PERIOD,artifact,Hilbert,pre_period_hours,eligible,SCN,250728::6A-SCNrM1_Raw.csv,6A-SCNrM1,absolute_error_hours,hours,0.019661316274529383,0.09742452168914006,0.018530216310169934,0.08272611703228883,0.0685533153482254,-0.0018261708046054537,1.0,1.0,1.0,1.0,1.0,1.0,10
ART_HILBERT_PRE_PERIOD,artifact,Hilbert,pre_period_hours,eligible,SCN,250728::6B-SCNrM2_Raw.csv,6B-SCNrM2,absolute_error_hours,hours,0.003815367202752995,0.05000992961597639,0.010463684086612801,0.046936376086373244,0.04360761432062965,0.006217789199112644,1.0,1.0,1.0,1.0,1.0,1.0,10
ART_HILBERT_PRE_PERIOD,artifact,Hilbert,pre_period_hours,eligible,SCN,250728::7A-SCNcM1_Raw.csv,7A-SCNcM1,absolute_error_hours,hours,0.012945099777862623,0.06164942665732198,0.01430614682853637,0.04630028519691187,0.04454648497021374,-0.001580559705608664,1.0,1.0,1.0,1.0,1.0,1.0,10
ART_HILBERT_PRE_PERIOD,artifact,Hilbert,pre_period_hours,eligible,SCN,250728::7B-SCNcM2_Raw.csv,7B-SCNcM2,absolute_error_hours,hours,0.012349670131566626,0.060479966105404515,0.010260432247237716,0.05068321705992318,0.04618008810430396,-0.00031368413959675934,1.0,1.0,1.0,1.0,1.0,1.0,10
ART_HILBERT_PRE_PERIOD,artifact,Hilbert,pre_period_hours,eligible,SCN,250811::1A-1FSCN_Raw.csv,1A-1FSCN,absolute_error_hours,hours,0.014146223897720134,0.1127346706870469,0.018201368869773304,0.09859972426317043,0.08977231331716418,0.0040709245817360795,1.0,1.0,1.0,1.0,1.0,1.0,10
ART_HILBERT_PRE_PERIOD,artifact,Hilbert,pre_period_hours,eligible,SCN,250811::1B-2MSCN_Raw.csv,1B-2MSCN,absolute_error_hours,hours,0.012255952426199812,0.06284980692561604,0.011761899742905868,0.04957299727954556,0.051662564927704935,-0.0005098783023456122,1.0,1.0,1.0,1.0,1.0,1.0,10
ART_HILBERT_PRE_PERIOD,artifact,Hilbert,pre_period_hours,eligible,SCN,250811::1C-3FSCN_Raw.csv,1C-3FSCN,absolute_error_hours,hours,0.022394371653426504,0.052760512508799096,0.023356506986338843,0.03036785382710505,0.02365218476973041,0.00041213817976171185,1.0,1.0,1.0,1.0,1.0,1.0,10
ART_HILBERT_PRE_PERIOD,artifact,Hilbert,pre_period_hours,eligible,SCN,250811::1D-4FSCN_Raw.csv,1D-4FSCN,absolute_error_hours,hours,0.016684347864810434,0.05163184095391493,0.024221299478007552,0.03499769035943423,0.03059190322760763,0.008157565569693048,1.0,1.0,1.0,1.0,1.0,1.0,10
ART_HILBERT_PRE_PERIOD,artifact,Hilbert,pre_period_hours,eligible,SCN,251003::2A- M1SCn_Raw.csv,2A- M1SCn,absolute_error_hours,hours,0.04595073149695672,0.04312910640163459,0.03818195579204797,-0.0026173562518643223,0.013656896842141109,-0.007791932334022533,1.0,1.0,1.0,1.0,1.0,1.0,10
ART_HILBERT_PRE_PERIOD,artifact,Hilbert,pre_period_hours,eligible,SCN,251003::4B-M3SCN_Raw.csv,4B-M3SCN,absolute_error_hours,hours,0.02993187703387612,0.1211376128946462,0.02496592006663967,0.0916503347994162,0.08519361347137533,-0.005088103909759667,1.0,1.0,1.0,1.0,1.0,1.0,10
ART_HILBERT_PRE_PERIOD,artifact,Hilbert,pre_period_hours,ineligible,DRG,250625 to 250728::5A-T10m1_Raw.csv,5A-T10m1,absolute_error_hours,hours,0.21366228438719226,0.2818190876741635,0.20400766153161065,0.0679918107276265,0.07960209140124164,-0.0007634468601622757,1.0,1.0,1.0,1.0,1.0,1.0,10
ART_STFT_POST_AMPLITUDE,artifact,STFT,post_amplitude_trajectory,difficult,DRG,250625 to 250728::1D-L2m2_Raw.csv,1D-L2m2,target_segment_calibrated_absolute_nrmse,NRMSE,0.050652056490481545,0.0686274327857091,0.04715123896260977,0.01828250686370405,0.019354950855766318,-0.002578642621285484,1.0,1.0,1.0,1.0,1.0,1.0,10
ART_STFT_POST_AMPLITUDE,artifact,STFT,post_amplitude_trajectory,difficult,DRG,250625 to 250728::8A-L3_Raw.csv,8A-L3,target_segment_calibrated_absolute_nrmse,NRMSE,0.03913536050937075,0.0584341635191469,0.03617657662950168,0.01922889094130705,0.02040565162061834,-0.00203940549827758,1.0,1.0,1.0,1.0,1.0,1.0,10
ART_STFT_POST_AMPLITUDE,artifact,STFT,post_amplitude_trajectory,difficult,DRG,250811::3A-1FL4_Raw.csv,3A-1FL4,target_segment_calibrated_absolute_nrmse,NRMSE,0.392058134465017,0.39800616723455395,0.39054122295167515,0.00018719662186023056,0.000323368903773269,-0.0015169115133418787,1.0,1.0,1.0,1.0,1.0,1.0,10
ART_STFT_POST_AMPLITUDE,artifact,STFT,post_amplitude_trajectory,difficult,DRG,250811::4C-2MT5_Raw.csv,4C-2MT5,target_segment_calibrated_absolute_nrmse,NRMSE,0.17244582015975485,0.16531097055581656,0.16330009269432216,-0.0021300634451759948,-0.001289188313521858,-0.0019205643915400361,1.0,1.0,1.0,1.0,1.0,1.0,10
ART_STFT_POST_AMPLITUDE,artifact,STFT,post_amplitude_trajectory,difficult,DRG,250811::7D-2MT12_Raw.csv,7D-2MT12,target_segment_calibrated_absolute_nrmse,NRMSE,0.19878978261339958,0.20180986188421673,0.19431203823438536,-0.0032842318832859846,-0.002737558048825084,-0.002496605466928231,1.0,1.0,1.0,1.0,1.0,1.0,10
ART_STFT_POST_AMPLITUDE,artifact,STFT,post_amplitude_trajectory,difficult,SCN,250728::6A-SCNrM1_Raw.csv,6A-SCNrM1,target_segment_calibrated_absolute_nrmse,NRMSE,0.6586862235691452,0.6638807842806416,0.6341204944021388,5.053525989701102e-06,4.6176554296395445e-06,-0.0008696032283754263,1.0,1.0,1.0,1.0,1.0,1.0,10
ART_STFT_POST_AMPLITUDE,artifact,STFT,post_amplitude_trajectory,difficult,SCN,250728::6B-SCNrM2_Raw.csv,6B-SCNrM2,target_segment_calibrated_absolute_nrmse,NRMSE,0.5726448200778804,0.5726218860608278,0.5725990412373647,-0.0006571250400670414,-1.086507404418624e-05,-0.0001538995159105494,1.0,1.0,1.0,1.0,1.0,1.0,10
ART_STFT_POST_AMPLITUDE,artifact,STFT,post_amplitude_trajectory,difficult,SCN,250728::7B-SCNcM2_Raw.csv,7B-SCNcM2,target_segment_calibrated_absolute_nrmse,NRMSE,0.6817160786019669,0.6819070700643451,0.6805354462114154,-7.504112369638438e-05,-6.863129736434104e-05,-0.0003345879772657656,1.0,1.0,1.0,1.0,1.0,1.0,10
ART_STFT_POST_AMPLITUDE,artifact,STFT,post_amplitude_trajectory,difficult,SCN,251003::2A- M1SCn_Raw.csv,2A- M1SCn,target_segment_calibrated_absolute_nrmse,NRMSE,0.7128449457216192,0.7175324647237334,0.7100744948868584,0.0012922218641593375,0.0013210757109293203,-0.0002511245062766232,1.0,1.0,1.0,1.0,1.0,1.0,10
ART_STFT_POST_AMPLITUDE,artifact,STFT,post_amplitude_trajectory,difficult,SCN,251003::4B-M3SCN_Raw.csv,4B-M3SCN,target_segment_calibrated_absolute_nrmse,NRMSE,0.5386850280901474,0.5463129408069863,0.5356471777671069,-0.00045772058122733883,0.0003411274716069723,-0.0004327723945462547,1.0,1.0,1.0,1.0,1.0,1.0,10
ART_STFT_POST_AMPLITUDE,artifact,STFT,post_amplitude_trajectory,eligible,DRG,250625 to 250728::1B-L1m2_Raw.csv,1B-L1m2,target_segment_calibrated_absolute_nrmse,NRMSE,0.0283847799226447,0.0434685177275801,0.026793367331210887,0.01391023260862675,0.01867345326302946,-0.0026643286000697913,1.0,1.0,1.0,1.0,1.0,1.0,10
ART_STFT_POST_AMPLITUDE,artifact,STFT,post_amplitude_trajectory,eligible,DRG,250625 to 250728::2C-L3m2_Raw.csv,2C-L3m2,target_segment_calibrated_absolute_nrmse,NRMSE,0.03489089239128535,0.05032612892290715,0.03149952348833915,0.01491379634704135,0.020505083897470484,-0.0025670284106094135,1.0,1.0,1.0,1.0,1.0,1.0,10
ART_STFT_POST_AMPLITUDE,artifact,STFT,post_amplitude_trajectory,eligible,DRG,250625 to 250728::3A-L5m2_Raw.csv,3A-L5m2,target_segment_calibrated_absolute_nrmse,NRMSE,0.06551505933557145,0.05740261379120755,0.060465448601292784,-0.0077700801860605025,-0.0021569314574925863,-0.0037973441966675132,1.0,1.0,1.0,1.0,1.0,1.0,10
ART_STFT_POST_AMPLITUDE,artifact,STFT,post_amplitude_trajectory,eligible,DRG,250625 to 250728::3B-T10m2_Raw.csv,3B-T10m2,target_segment_calibrated_absolute_nrmse,NRMSE,0.058569188444702505,0.06685851169302709,0.05262260703191056,0.008470411557930397,0.014358839310564621,-0.006308865210859927,1.0,1.0,1.0,1.0,1.0,1.0,10
ART_STFT_POST_AMPLITUDE,artifact,STFT,post_amplitude_trajectory,eligible,DRG,250625 to 250728::4B-T12m2_Raw.csv,4B-T12m2,target_segment_calibrated_absolute_nrmse,NRMSE,0.0549069696999177,0.06769119392401984,0.05477647555246531,0.012929089625706401,0.012922755078787079,-0.00016629361183159372,1.0,1.0,1.0,1.0,1.0,1.0,10
ART_STFT_POST_AMPLITUDE,artifact,STFT,post_amplitude_trajectory,eligible,DRG,250625 to 250728::4C-T5m1_Raw.csv,4C-T5m1,target_segment_calibrated_absolute_nrmse,NRMSE,0.03395541274740645,0.07254522598994526,0.03133025939466219,0.04093400722570765,0.042646549385635266,-0.0025838696332580006,1.0,1.0,1.0,1.0,1.0,1.0,10
ART_STFT_POST_AMPLITUDE,artifact,STFT,post_amplitude_trajectory,eligible,DRG,250625 to 250728::4D-T7m1_Raw.csv,4D-T7m1,target_segment_calibrated_absolute_nrmse,NRMSE,0.0573277348333344,0.08126847358493736,0.051096492934516485,0.025816402518399895,0.03031081967793939,-0.0039415248160894895,1.0,1.0,1.0,1.0,1.0,1.0,10
ART_STFT_POST_AMPLITUDE,artifact,STFT,post_amplitude_trajectory,eligible,DRG,250625 to 250728::5B-T12m2_Raw.csv,5B-T12m2,target_segment_calibrated_absolute_nrmse,NRMSE,0.05762185308169935,0.06517451665640694,0.05696933880219843,0.009853305693959001,0.010494813934371832,-0.0020074970095712782,1.0,1.0,1.0,1.0,1.0,1.0,10
ART_STFT_POST_AMPLITUDE,artifact,STFT,post_amplitude_trajectory,eligible,DRG,250625 to 250728::5C-T12_Raw.csv,5C-T12,target_segment_calibrated_absolute_nrmse,NRMSE,0.02957519106923575,0.07062669743825975,0.029221184875104993,0.0433774874917029,0.04431674237530946,-0.00042536380987902474,1.0,1.0,1.0,1.0,1.0,1.0,10
ART_STFT_POST_AMPLITUDE,artifact,STFT,post_amplitude_trajectory,eligible,DRG,250625 to 250728::5D-T10_Raw.csv,5D-T10,target_segment_calibrated_absolute_nrmse,NRMSE,0.039480613942023055,0.057480050751792355,0.03670683603038448,0.01821398614493365,0.023740504102559786,-0.0013302636542863143,1.0,1.0,1.0,1.0,1.0,1.0,10
ART_STFT_POST_AMPLITUDE,artifact,STFT,post_amplitude_trajectory,eligible,DRG,250625 to 250728::6A-T7_Raw.csv,6A-T7,target_segment_calibrated_absolute_nrmse,NRMSE,0.047489775594799,0.0811631619083236,0.046493732075490936,0.0325794087240532,0.03436943296852802,-0.002414722746738051,1.0,1.0,1.0,1.0,1.0,1.0,10
ART_STFT_POST_AMPLITUDE,artifact,STFT,post_amplitude_trajectory,eligible,DRG,250625 to 250728::6B-T5_Raw.csv,6B-T5,target_segment_calibrated_absolute_nrmse,NRMSE,0.0372330144292297,0.04826961939303715,0.03242517126512694,0.009226869889687649,0.015333869991424607,-0.004383803251283295,1.0,1.0,1.0,1.0,1.0,1.0,10
ART_STFT_POST_AMPLITUDE,artifact,STFT,post_amplitude_trajectory,eligible,DRG,250625 to 250728::7C-L1_Raw.csv,7C-L1,target_segment_calibrated_absolute_nrmse,NRMSE,0.042000876495057,0.05031880314110005,0.04036588202212486,0.0078607020199138,0.014022095411355512,-0.002182090389897272,1.0,1.0,1.0,1.0,1.0,1.0,10
ART_STFT_POST_AMPLITUDE,artifact,STFT,post_amplitude_trajectory,eligible,DRG,250625 to 250728::7D-L2_Raw.csv,7D-L2,target_segment_calibrated_absolute_nrmse,NRMSE,0.0329114231865014,0.07691227295402006,0.026478390762289528,0.04376359547416116,0.04966882908613458,-0.006503707467705115,1.0,1.0,1.0,1.0,1.0,1.0,10
ART_STFT_POST_AMPLITUDE,artifact,STFT,post_amplitude_trajectory,eligible,DRG,250625 to 250728::8B-L2m1_Raw.csv,8B-L2m1,target_segment_calibrated_absolute_nrmse,NRMSE,0.038893576629013396,0.046090507332159095,0.035314652975841104,0.0069295591102711,0.008089228873295716,-0.0024359450577947916,1.0,1.0,1.0,1.0,1.0,1.0,10
ART_STFT_POST_AMPLITUDE,artifact,STFT,post_amplitude_trajectory,eligible,DRG,250625 to 250728::8C-L3m1_Raw.csv,8C-L3m1,target_segment_calibrated_absolute_nrmse,NRMSE,0.10070999576895209,0.10049147296374465,0.09546582858748623,-0.002320526432620297,0.006207878400651588,-0.002282921260879228,1.0,1.0,1.0,1.0,1.0,1.0,10
ART_STFT_POST_AMPLITUDE,artifact,STFT,post_amplitude_trajectory,eligible,DRG,250625 to 250728::8D-L4-1m1_Raw.csv,8D-L4-1m1,target_segment_calibrated_absolute_nrmse,NRMSE,0.071948621456514,0.07053060851188606,0.06675577380524586,-0.0005005263421396025,0.00038843842071171336,-0.0014261411806192476,1.0,1.0,1.0,1.0,1.0,1.0,10
ART_STFT_POST_AMPLITUDE,artifact,STFT,post_amplitude_trajectory,eligible,DRG,250811::2C-2ML1_Raw.csv,2C-2ML1,target_segment_calibrated_absolute_nrmse,NRMSE,0.0647168258378095,0.0655725251186624,0.058071219122751164,-0.0008575229306316996,0.005087488161941732,-0.004628356103290484,1.0,1.0,1.0,1.0,1.0,1.0,10
ART_STFT_POST_AMPLITUDE,artifact,STFT,post_amplitude_trajectory,eligible,DRG,250811::2D-1FL2_Raw.csv,2D-1FL2,target_segment_calibrated_absolute_nrmse,NRMSE,0.0372398246221423,0.0341509270655988,0.03489190388612919,-0.0022004506205584515,0.00011812700032457976,-0.0019927419711114162,1.0,1.0,1.0,1.0,1.0,1.0,10
ART_STFT_POST_AMPLITUDE,artifact,STFT,post_amplitude_trajectory,eligible,DRG,250811::3D-1FT10_Raw.csv,3D-1FT10,target_segment_calibrated_absolute_nrmse,NRMSE,0.029225321299245398,0.0918493270484694,0.024872890055238628,0.06340581738459725,0.06697643699323078,-0.0038680299986679906,1.0,1.0,1.0,1.0,1.0,1.0,10
ART_STFT_POST_AMPLITUDE,artifact,STFT,post_amplitude_trajectory,eligible,DRG,250811::4A-2MT10_Raw.csv,4A-2MT10,target_segment_calibrated_absolute_nrmse,NRMSE,0.055734711814728805,0.08758735790179314,0.047567523712133686,0.03479775393882885,0.039859738528296974,-0.005503140953595546,1.0,1.0,1.0,1.0,1.0,1.0,10
ART_STFT_POST_AMPLITUDE,artifact,STFT,post_amplitude_trajectory,eligible,DRG,250811::4D-1FL4_Raw.csv,4D-1FL4,target_segment_calibrated_absolute_nrmse,NRMSE,0.0405264955698606,0.06301185800172396,0.030643539788273597,0.023341180428998402,0.03433206091491115,-0.007625732302623705,1.0,1.0,1.0,1.0,1.0,1.0,10
ART_STFT_POST_AMPLITUDE,artifact,STFT,post_amplitude_trajectory,eligible,DRG,250811::5A-2ML2_Raw.csv,5A-2ML2,target_segment_calibrated_absolute_nrmse,NRMSE,0.0367061185715396,0.05252084780504465,0.03449240089593322,0.01319198888078495,0.018057505111000648,-0.0020429627588768214,1.0,1.0,1.0,1.0,1.0,1.0,10
ART_STFT_POST_AMPLITUDE,artifact,STFT,post_amplitude_trajectory,eligible,DRG,250811::5C-1FT7_Raw.csv,5C-1FT7,target_segment_calibrated_absolute_nrmse,NRMSE,0.06312366697767235,0.0729694142063694,0.0607303217169832,0.010117729850866505,0.015191565722881162,-0.0012419492611022674,1.0,1.0,1.0,1.0,1.0,1.0,10
ART_STFT_POST_AMPLITUDE,artifact,STFT,post_amplitude_trajectory,eligible,DRG,250811::6A-1FL1_Raw.csv,6A-1FL1,target_segment_calibrated_absolute_nrmse,NRMSE,0.0306663245281443,0.1030504108520237,0.02745500851375914,0.0722309314240055,0.07468140848403189,-0.004456847366285434,1.0,1.0,1.0,1.0,1.0,1.0,10
ART_STFT_POST_AMPLITUDE,artifact,STFT,post_amplitude_trajectory,eligible,DRG,250811::6B-2ML3_Raw.csv,6B-2ML3,target_segment_calibrated_absolute_nrmse,NRMSE,0.0246819337097523,0.0794192927976391,0.022786141820353822,0.05415282195636355,0.057738647143112734,-0.002122560147308822,1.0,1.0,1.0,1.0,1.0,1.0,10
ART_STFT_POST_AMPLITUDE,artifact,STFT,post_amplitude_trajectory,eligible,DRG,250811::7C-1FT12_Raw.csv,7C-1FT12,target_segment_calibrated_absolute_nrmse,NRMSE,0.020628076760347898,0.0516814969790746,0.01925095476358373,0.0303834615936847,0.03243054221549087,-0.0018272109064377106,1.0,1.0,1.0,1.0,1.0,1.0,10
ART_STFT_POST_AMPLITUDE,artifact,STFT,post_amplitude_trajectory,eligible,DRG,250811::8A-1FT5_Raw.csv,8A-1FT5,target_segment_calibrated_absolute_nrmse,NRMSE,0.0502838021343286,0.056201745399294206,0.043906772425938226,0.0050976315433301535,0.012611607632669585,-0.0030379650818075296,1.0,1.0,1.0,1.0,1.0,1.0,10
ART_STFT_POST_AMPLITUDE,artifact,STFT,post_amplitude_trajectory,eligible,DRG,250811::8C-2ML4_Raw.csv,8C-2ML4,target_segment_calibrated_absolute_nrmse,NRMSE,0.0474664655124577,0.053376342624903594,0.04385231879636042,0.0030486035877651495,0.007740357756253129,-0.0033097391435487206,1.0,1.0,1.0,1.0,1.0,1.0,10
ART_STFT_POST_AMPLITUDE,artifact,STFT,post_amplitude_trajectory,eligible,DRG,250811::8D-2MT7_Raw.csv,8D-2MT7,target_segment_calibrated_absolute_nrmse,NRMSE,0.06810074195852861,0.08630812644197795,0.06396235304375794,0.022843459657287256,0.023470028392113377,-0.0012636567590061792,1.0,1.0,1.0,1.0,1.0,1.0,10
ART_STFT_POST_AMPLITUDE,artifact,STFT,post_amplitude_trajectory,eligible,DRG,251003::2B- 1MT7_Raw.csv,2B- 1MT7,target_segment_calibrated_absolute_nrmse,NRMSE,0.040565419490840096,0.0466504598605591,0.0401085448007525,0.004212230019497852,0.006268871141394582,-0.0008032531494985111,1.0,1.0,1.0,1.0,1.0,1.0,10
ART_STFT_POST_AMPLITUDE,artifact,STFT,post_amplitude_trajectory,eligible,DRG,251003::2C- M1L1_Raw.csv,2C- M1L1,target_segment_calibrated_absolute_nrmse,NRMSE,0.43962545535267183,0.4384083434805459,0.43888973114828983,0.0002371330714792952,0.00025421670069084024,-0.0002003563484432591,1.0,1.0,1.0,1.0,1.0,1.0,10
ART_STFT_POST_AMPLITUDE,artifact,STFT,post_amplitude_trajectory,eligible,DRG,251003::2D- M1L4_Raw.csv,2D- M1L4,target_segment_calibrated_absolute_nrmse,NRMSE,0.0659595674090871,0.0779110393448762,0.06145688166039817,0.006807680440573248,0.0070873534796435,-0.0033889529903813297,1.0,1.0,1.0,1.0,1.0,1.0,10
ART_STFT_POST_AMPLITUDE,artifact,STFT,post_amplitude_trajectory,eligible,SCN,250625 to 250728::1C-SCN_Raw.csv,1C-SCN,target_segment_calibrated_absolute_nrmse,NRMSE,0.0796522018230386,0.08749632585503035,0.07868617239221833,0.0022827184495720423,0.0026571705948713123,-0.0003517543110421392,1.0,1.0,1.0,1.0,1.0,1.0,10
ART_STFT_POST_AMPLITUDE,artifact,STFT,post_amplitude_trajectory,eligible,SCN,250625 to 250728::6C-SCNmm1_Raw.csv,6C-SCNmm1,target_segment_calibrated_absolute_nrmse,NRMSE,0.18501591511357174,0.19104668216098308,0.1834250403941485,0.0006136615426901026,0.0012668422637202026,-0.0003723265058444697,1.0,1.0,1.0,1.0,1.0,1.0,10
ART_STFT_POST_AMPLITUDE,artifact,STFT,post_amplitude_trajectory,eligible,SCN,250625 to 250728::7A-SCNmm2_Raw.csv,7A-SCNmm2,target_segment_calibrated_absolute_nrmse,NRMSE,0.30292703968585066,0.31313250869415443,0.30289961955058253,0.001118897578866046,0.0011088996403030987,-0.0006538160989687791,1.0,1.0,1.0,1.0,1.0,1.0,10
ART_STFT_POST_AMPLITUDE,artifact,STFT,post_amplitude_trajectory,eligible,SCN,250625 to 250728::7B-SCNcm2_Raw.csv,7B-SCNcm2,target_segment_calibrated_absolute_nrmse,NRMSE,0.5998584550870194,0.5993207644992209,0.5995652937066334,-7.376164018313425e-05,-6.560848675871145e-05,-1.248781266005583e-05,1.0,1.0,1.0,1.0,1.0,1.0,10
ART_STFT_POST_AMPLITUDE,artifact,STFT,post_amplitude_trajectory,eligible,SCN,250728::7A-SCNcM1_Raw.csv,7A-SCNcM1,target_segment_calibrated_absolute_nrmse,NRMSE,0.0367640901581964,0.07296911809048835,0.03585090959643166,0.028944027618850347,0.03425280695251874,-0.0003836192044345682,1.0,1.0,1.0,1.0,1.0,1.0,10
ART_STFT_POST_AMPLITUDE,artifact,STFT,post_amplitude_trajectory,eligible,SCN,250811::1A-1FSCN_Raw.csv,1A-1FSCN,target_segment_calibrated_absolute_nrmse,NRMSE,0.06992977513937255,0.0727957965586324,0.06398446024007315,0.005782303972377903,0.0058452243039396855,-0.0029938279244029822,1.0,1.0,1.0,1.0,1.0,1.0,10
ART_STFT_POST_AMPLITUDE,artifact,STFT,post_amplitude_trajectory,eligible,SCN,250811::1B-2MSCN_Raw.csv,1B-2MSCN,target_segment_calibrated_absolute_nrmse,NRMSE,0.0508775283644064,0.07490871453040615,0.04917849177134383,0.02286526959259785,0.026237096872671978,-0.0010340188017712304,1.0,1.0,1.0,1.0,1.0,1.0,10
ART_STFT_POST_AMPLITUDE,artifact,STFT,post_amplitude_trajectory,eligible,SCN,250811::1C-3FSCN_Raw.csv,1C-3FSCN,target_segment_calibrated_absolute_nrmse,NRMSE,0.1350285296003088,0.12142613824507104,0.12078512388516055,-0.0022299517959026016,0.00034202351652438956,-0.005967734315066656,1.0,1.0,1.0,1.0,1.0,1.0,10
ART_STFT_POST_AMPLITUDE,artifact,STFT,post_amplitude_trajectory,eligible,SCN,250811::1D-4FSCN_Raw.csv,1D-4FSCN,target_segment_calibrated_absolute_nrmse,NRMSE,0.2967709810651644,0.29562695106331915,0.29612808630901344,0.00017049289225826159,0.00017247912030060597,-8.958499960590172e-05,1.0,1.0,1.0,1.0,1.0,1.0,10
ART_STFT_POST_AMPLITUDE,artifact,STFT,post_amplitude_trajectory,ineligible,DRG,250625 to 250728::5A-T10m1_Raw.csv,5A-T10m1,target_segment_calibrated_absolute_nrmse,NRMSE,0.4924381182115903,0.4935042006279346,0.49226751873545094,0.00014704226541917276,0.0012366818924836598,-0.00017059947613934368,1.0,1.0,1.0,1.0,1.0,1.0,10
ART_STFT_PRE_AMPLITUDE,artifact,STFT,pre_amplitude_trajectory,difficult,DRG,250625 to 250728::1D-L2m2_Raw.csv,1D-L2m2,target_segment_calibrated_absolute_nrmse,NRMSE,0.1564444108881582,0.16933565973058778,0.14032976409990933,0.00959284257498215,0.02279058268074289,-0.004538331576254884,1.0,1.0,1.0,1.0,1.0,1.0,10
ART_STFT_PRE_AMPLITUDE,artifact,STFT,pre_amplitude_trajectory,difficult,DRG,250625 to 250728::4B-T12m2_Raw.csv,4B-T12m2,target_segment_calibrated_absolute_nrmse,NRMSE,0.0730871773866453,0.09202906511596415,0.07124242604772124,0.018267435120976803,0.0207866390682429,-0.0017022178480590872,1.0,1.0,1.0,1.0,1.0,1.0,10
ART_STFT_PRE_AMPLITUDE,artifact,STFT,pre_amplitude_trajectory,difficult,DRG,250625 to 250728::8A-L3_Raw.csv,8A-L3,target_segment_calibrated_absolute_nrmse,NRMSE,0.13614450123491562,0.1357666358297619,0.13678081133467612,0.005584701895352456,0.00711372201366877,-0.001133356193015203,1.0,1.0,1.0,1.0,1.0,1.0,10
ART_STFT_PRE_AMPLITUDE,artifact,STFT,pre_amplitude_trajectory,difficult,DRG,250625 to 250728::8B-L2m1_Raw.csv,8B-L2m1,target_segment_calibrated_absolute_nrmse,NRMSE,0.4264298274482702,0.41691726209206403,0.42089656397540676,-0.0004775888013633933,0.0028158198405400237,-0.00036177173314147493,1.0,1.0,1.0,1.0,1.0,1.0,10
ART_STFT_PRE_AMPLITUDE,artifact,STFT,pre_amplitude_trajectory,difficult,DRG,250811::2C-2ML1_Raw.csv,2C-2ML1,target_segment_calibrated_absolute_nrmse,NRMSE,0.3316434557851994,0.3784762125277975,0.32930887712093304,0.008439813603785817,0.008734685007443677,-0.000990957285708527,1.0,1.0,1.0,1.0,1.0,1.0,10
ART_STFT_PRE_AMPLITUDE,artifact,STFT,pre_amplitude_trajectory,difficult,DRG,250811::5A-2ML2_Raw.csv,5A-2ML2,target_segment_calibrated_absolute_nrmse,NRMSE,0.223556349189344,0.23239543351972858,0.22191721064019318,0.004111718928817162,0.004844095894699835,-0.0009782391997645995,1.0,1.0,1.0,1.0,1.0,1.0,10
ART_STFT_PRE_AMPLITUDE,artifact,STFT,pre_amplitude_trajectory,difficult,DRG,250811::7C-1FT12_Raw.csv,7C-1FT12,target_segment_calibrated_absolute_nrmse,NRMSE,0.14443697743767275,0.1248266021719441,0.13479078407730088,-0.010448684042162155,-0.009068343777348435,-0.004770103523410341,1.0,1.0,1.0,1.0,1.0,1.0,10
ART_STFT_PRE_AMPLITUDE,artifact,STFT,pre_amplitude_trajectory,difficult,DRG,250811::8A-1FT5_Raw.csv,8A-1FT5,target_segment_calibrated_absolute_nrmse,NRMSE,0.04592710352192355,0.0900948808205115,0.04534060068037131,0.025061024357760947,0.02643960899830312,-0.000719740747107931,1.0,1.0,1.0,1.0,1.0,1.0,10
ART_STFT_PRE_AMPLITUDE,artifact,STFT,pre_amplitude_trajectory,difficult,DRG,251003::2B- 1MT7_Raw.csv,2B- 1MT7,target_segment_calibrated_absolute_nrmse,NRMSE,0.033148924464406954,0.06506005163435075,0.03283457325160331,0.030562608548951146,0.03239169280256053,-0.00102448514187271,1.0,1.0,1.0,1.0,1.0,1.0,10
ART_STFT_PRE_AMPLITUDE,artifact,STFT,pre_amplitude_trajectory,difficult,DRG,251003::2C- M1L1_Raw.csv,2C- M1L1,target_segment_calibrated_absolute_nrmse,NRMSE,0.07978604353967625,0.10283072899939025,0.0794026702978432,0.020047394958075546,0.020430768199908585,-0.00028569452634836026,1.0,1.0,1.0,1.0,1.0,1.0,10
ART_STFT_PRE_AMPLITUDE,artifact,STFT,pre_amplitude_trajectory,difficult,DRG,251003::2D- M1L4_Raw.csv,2D- M1L4,target_segment_calibrated_absolute_nrmse,NRMSE,0.42030022975707426,0.44718340262135486,0.41998620942133924,0.010552533306626755,0.021746844252378744,-0.0019997581692046684,1.0,1.0,1.0,1.0,1.0,1.0,10
ART_STFT_PRE_AMPLITUDE,artifact,STFT,pre_amplitude_trajectory,eligible,DRG,250625 to 250728::1B-L1m2_Raw.csv,1B-L1m2,target_segment_calibrated_absolute_nrmse,NRMSE,0.043290388221587955,0.06720428953320715,0.04082244131848092,0.021940207898872997,0.026918426708098093,-0.002102730345382161,1.0,1.0,1.0,1.0,1.0,1.0,10
ART_STFT_PRE_AMPLITUDE,artifact,STFT,pre_amplitude_trajectory,eligible,DRG,250625 to 250728::2C-L3m2_Raw.csv,2C-L3m2,target_segment_calibrated_absolute_nrmse,NRMSE,0.06137410763816755,0.1217724712817256,0.05946097682623831,0.05296393569241859,0.054365989671875906,-0.0011902347563945113,1.0,1.0,1.0,1.0,1.0,1.0,10
ART_STFT_PRE_AMPLITUDE,artifact,STFT,pre_amplitude_trajectory,eligible,DRG,250625 to 250728::3A-L5m2_Raw.csv,3A-L5m2,target_segment_calibrated_absolute_nrmse,NRMSE,0.02963746239624725,0.1013638084272861,0.02703293596878672,0.0713245134249278,0.07286329582873713,-0.0015741827537526058,1.0,1.0,1.0,1.0,1.0,1.0,10
ART_STFT_PRE_AMPLITUDE,artifact,STFT,pre_amplitude_trajectory,eligible,DRG,250625 to 250728::3B-T10m2_Raw.csv,3B-T10m2,target_segment_calibrated_absolute_nrmse,NRMSE,0.0757222626908911,0.10446439634859594,0.07487321710957769,0.028742133657704845,0.02919397736983543,-0.002271487579559972,1.0,1.0,1.0,1.0,1.0,1.0,10
ART_STFT_PRE_AMPLITUDE,artifact,STFT,pre_amplitude_trajectory,eligible,DRG,250625 to 250728::4C-T5m1_Raw.csv,4C-T5m1,target_segment_calibrated_absolute_nrmse,NRMSE,0.05255319212125035,0.15675268542698484,0.050775018673368824,0.10364652122356241,0.10797256591222339,-0.002148541373793677,1.0,1.0,1.0,1.0,1.0,1.0,10
ART_STFT_PRE_AMPLITUDE,artifact,STFT,pre_amplitude_trajectory,eligible,DRG,250625 to 250728::4D-T7m1_Raw.csv,4D-T7m1,target_segment_calibrated_absolute_nrmse,NRMSE,0.07907453326197711,0.12643993662377445,0.07630977953563164,0.041247619436755305,0.04108108263166245,-0.0025555449288453477,1.0,1.0,1.0,1.0,1.0,1.0,10
ART_STFT_PRE_AMPLITUDE,artifact,STFT,pre_amplitude_trajectory,eligible,DRG,250625 to 250728::5B-T12m2_Raw.csv,5B-T12m2,target_segment_calibrated_absolute_nrmse,NRMSE,0.02522817423514325,0.0648917107747287,0.0245160342324018,0.039860275345715804,0.04140022128486004,-0.00018766979364357415,1.0,1.0,1.0,1.0,1.0,1.0,10
ART_STFT_PRE_AMPLITUDE,artifact,STFT,pre_amplitude_trajectory,eligible,DRG,250625 to 250728::5C-T12_Raw.csv,5C-T12,target_segment_calibrated_absolute_nrmse,NRMSE,0.253492175098576,0.2633248333682525,0.25053787440856057,-0.002446614691009749,0.002814791130149999,-0.0020374391936715253,1.0,1.0,1.0,1.0,1.0,1.0,10
ART_STFT_PRE_AMPLITUDE,artifact,STFT,pre_amplitude_trajectory,eligible,DRG,250625 to 250728::5D-T10_Raw.csv,5D-T10,target_segment_calibrated_absolute_nrmse,NRMSE,0.0515286210157848,0.07599490689913915,0.051140088637163114,0.0235438316234126,0.02579182037317219,-0.00046923160188355045,1.0,1.0,1.0,1.0,1.0,1.0,10
ART_STFT_PRE_AMPLITUDE,artifact,STFT,pre_amplitude_trajectory,eligible,DRG,250625 to 250728::6A-T7_Raw.csv,6A-T7,target_segment_calibrated_absolute_nrmse,NRMSE,0.06442056162164175,0.1151292725112957,0.06089815086199954,0.050877478918166796,0.05300828850381572,-0.0029093767303223945,1.0,1.0,1.0,1.0,1.0,1.0,10
ART_STFT_PRE_AMPLITUDE,artifact,STFT,pre_amplitude_trajectory,eligible,DRG,250625 to 250728::6B-T5_Raw.csv,6B-T5,target_segment_calibrated_absolute_nrmse,NRMSE,0.03706680558776615,0.0673904529975565,0.03565683824640334,0.03131544887471605,0.03319478052975152,-0.0013471659220311571,1.0,1.0,1.0,1.0,1.0,1.0,10
ART_STFT_PRE_AMPLITUDE,artifact,STFT,pre_amplitude_trajectory,eligible,DRG,250625 to 250728::7C-L1_Raw.csv,7C-L1,target_segment_calibrated_absolute_nrmse,NRMSE,0.0947333536353694,0.1451252830030234,0.09370117411981277,0.04925074041405595,0.05512132831320685,-0.002465029895240299,1.0,1.0,1.0,1.0,1.0,1.0,10
ART_STFT_PRE_AMPLITUDE,artifact,STFT,pre_amplitude_trajectory,eligible,DRG,250625 to 250728::7D-L2_Raw.csv,7D-L2,target_segment_calibrated_absolute_nrmse,NRMSE,0.1620860030457914,0.15711912651663235,0.15595252233512769,0.0027240745274173944,0.003824485462816607,-0.0012018532884991995,1.0,1.0,1.0,1.0,1.0,1.0,10
ART_STFT_PRE_AMPLITUDE,artifact,STFT,pre_amplitude_trajectory,eligible,DRG,250625 to 250728::8C-L3m1_Raw.csv,8C-L3m1,target_segment_calibrated_absolute_nrmse,NRMSE,0.05045307482968865,0.09658521485247615,0.04921105595362924,0.049845736312758904,0.05404324162037619,-0.00315437621601225,1.0,1.0,1.0,1.0,1.0,1.0,10
ART_STFT_PRE_AMPLITUDE,artifact,STFT,pre_amplitude_trajectory,eligible,DRG,250625 to 250728::8D-L4-1m1_Raw.csv,8D-L4-1m1,target_segment_calibrated_absolute_nrmse,NRMSE,0.0607274567716301,0.1110221148335586,0.05979573409917878,0.049269189620694855,0.049483425064178035,-0.001680355302982179,1.0,1.0,1.0,1.0,1.0,1.0,10
ART_STFT_PRE_AMPLITUDE,artifact,STFT,pre_amplitude_trajectory,eligible,DRG,250811::2D-1FL2_Raw.csv,2D-1FL2,target_segment_calibrated_absolute_nrmse,NRMSE,0.05083666427543435,0.11196783523546255,0.04724812597238344,0.061319159741127394,0.052571325472474964,-0.0022716726879311484,1.0,1.0,1.0,1.0,1.0,1.0,10
ART_STFT_PRE_AMPLITUDE,artifact,STFT,pre_amplitude_trajectory,eligible,DRG,250811::3A-1FL4_Raw.csv,3A-1FL4,target_segment_calibrated_absolute_nrmse,NRMSE,0.028784953053586047,0.0466940797058857,0.027972666900090266,0.0187193183326636,0.02033072598912654,-0.0016114076564629366,1.0,1.0,1.0,1.0,1.0,1.0,10
ART_STFT_PRE_AMPLITUDE,artifact,STFT,pre_amplitude_trajectory,eligible,DRG,250811::3D-1FT10_Raw.csv,3D-1FT10,target_segment_calibrated_absolute_nrmse,NRMSE,0.06944466221567819,0.1070788306995537,0.06517065619729387,0.03857378986188815,0.04038321605210614,-0.002454360064870275,1.0,1.0,1.0,1.0,1.0,1.0,10
ART_STFT_PRE_AMPLITUDE,artifact,STFT,pre_amplitude_trajectory,eligible,DRG,250811::4A-2MT10_Raw.csv,4A-2MT10,target_segment_calibrated_absolute_nrmse,NRMSE,0.047754004486016854,0.12622118189957404,0.04414181466720155,0.0779213913712753,0.08376297202446326,-0.0028695038819162265,1.0,1.0,1.0,1.0,1.0,1.0,10
ART_STFT_PRE_AMPLITUDE,artifact,STFT,pre_amplitude_trajectory,eligible,DRG,250811::4C-2MT5_Raw.csv,4C-2MT5,target_segment_calibrated_absolute_nrmse,NRMSE,0.1537771477692475,0.1535819635516995,0.15201648526572628,0.0005055665962047928,0.0015654782859732125,-0.0015989630391025841,1.0,1.0,1.0,1.0,1.0,1.0,10
ART_STFT_PRE_AMPLITUDE,artifact,STFT,pre_amplitude_trajectory,eligible,DRG,250811::4D-1FL4_Raw.csv,4D-1FL4,target_segment_calibrated_absolute_nrmse,NRMSE,0.03992303476245945,0.12532775244191685,0.03808371877465587,0.08402966791244246,0.08594414967773917,-0.0017924299372242443,1.0,1.0,1.0,1.0,1.0,1.0,10
ART_STFT_PRE_AMPLITUDE,artifact,STFT,pre_amplitude_trajectory,eligible,DRG,250811::5C-1FT7_Raw.csv,5C-1FT7,target_segment_calibrated_absolute_nrmse,NRMSE,0.05162800524599025,0.06758019217799795,0.050942888015401144,0.016335282644128247,0.01687700254077937,-0.0012059980804687911,1.0,1.0,1.0,1.0,1.0,1.0,10
ART_STFT_PRE_AMPLITUDE,artifact,STFT,pre_amplitude_trajectory,eligible,DRG,250811::6A-1FL1_Raw.csv,6A-1FL1,target_segment_calibrated_absolute_nrmse,NRMSE,0.11902911448338349,0.12413760622329026,0.11285982793695339,0.0018689520313025093,0.008474437600556856,-0.0033885454304112897,1.0,1.0,1.0,1.0,1.0,1.0,10
ART_STFT_PRE_AMPLITUDE,artifact,STFT,pre_amplitude_trajectory,eligible,DRG,250811::6B-2ML3_Raw.csv,6B-2ML3,target_segment_calibrated_absolute_nrmse,NRMSE,0.0445638042061405,0.0941533801808548,0.04283065446815516,0.04639327260262045,0.048673632801956385,-0.0013293895464702374,1.0,1.0,1.0,1.0,1.0,1.0,10
ART_STFT_PRE_AMPLITUDE,artifact,STFT,pre_amplitude_trajectory,eligible,DRG,250811::7D-2MT12_Raw.csv,7D-2MT12,target_segment_calibrated_absolute_nrmse,NRMSE,0.03324172694739395,0.07597730354011126,0.034348137702295854,0.043019142005814345,0.04487693392517021,-0.0018577919193558685,1.0,1.0,1.0,1.0,1.0,1.0,10
ART_STFT_PRE_AMPLITUDE,artifact,STFT,pre_amplitude_trajectory,eligible,DRG,250811::8C-2ML4_Raw.csv,8C-2ML4,target_segment_calibrated_absolute_nrmse,NRMSE,0.06089413356428905,0.12448603313650045,0.05821038382207247,0.06146197149402641,0.06311786481918524,-0.0027707154750695497,1.0,1.0,1.0,1.0,1.0,1.0,10
ART_STFT_PRE_AMPLITUDE,artifact,STFT,pre_amplitude_trajectory,eligible,DRG,250811::8D-2MT7_Raw.csv,8D-2MT7,target_segment_calibrated_absolute_nrmse,NRMSE,0.0296075188919938,0.07206479200137085,0.028844367196568625,0.04206536762977445,0.042266107121011046,-0.0011685122263444016,1.0,1.0,1.0,1.0,1.0,1.0,10
ART_STFT_PRE_AMPLITUDE,artifact,STFT,pre_amplitude_trajectory,eligible,SCN,250625 to 250728::1C-SCN_Raw.csv,1C-SCN,target_segment_calibrated_absolute_nrmse,NRMSE,0.045343512196584154,0.08477777185848985,0.043094685739409846,0.038908296550760404,0.039563268875202284,-0.002361844439357965,1.0,1.0,1.0,1.0,1.0,1.0,10
ART_STFT_PRE_AMPLITUDE,artifact,STFT,pre_amplitude_trajectory,eligible,SCN,250625 to 250728::6C-SCNmm1_Raw.csv,6C-SCNmm1,target_segment_calibrated_absolute_nrmse,NRMSE,0.0468709286556105,0.06838517375928449,0.04369648892069854,0.020054841257959997,0.021434338500380064,-0.002236563808474354,1.0,1.0,1.0,1.0,1.0,1.0,10
ART_STFT_PRE_AMPLITUDE,artifact,STFT,pre_amplitude_trajectory,eligible,SCN,250625 to 250728::7A-SCNmm2_Raw.csv,7A-SCNmm2,target_segment_calibrated_absolute_nrmse,NRMSE,0.07095832180132995,0.10571963761574926,0.06629330420726047,0.03496605690583075,0.042474448368597026,-0.0032966851797935,1.0,1.0,1.0,1.0,1.0,1.0,10
ART_STFT_PRE_AMPLITUDE,artifact,STFT,pre_amplitude_trajectory,eligible,SCN,250625 to 250728::7B-SCNcm2_Raw.csv,7B-SCNcm2,target_segment_calibrated_absolute_nrmse,NRMSE,0.042235997672491046,0.0787445382958515,0.04013135015740693,0.036962765242591,0.04072699620442597,-0.002181586601440126,1.0,1.0,1.0,1.0,1.0,1.0,10
ART_STFT_PRE_AMPLITUDE,artifact,STFT,pre_amplitude_trajectory,eligible,SCN,250728::6A-SCNrM1_Raw.csv,6A-SCNrM1,target_segment_calibrated_absolute_nrmse,NRMSE,0.04117430208539895,0.11033534907024875,0.037105261793776385,0.070154550051302,0.07449851825844209,-0.004231158232495952,1.0,1.0,1.0,1.0,1.0,1.0,10
ART_STFT_PRE_AMPLITUDE,artifact,STFT,pre_amplitude_trajectory,eligible,SCN,250728::6B-SCNrM2_Raw.csv,6B-SCNrM2,target_segment_calibrated_absolute_nrmse,NRMSE,0.0614888006962903,0.1049372464730452,0.05923343244250194,0.040643365555255745,0.041792107121904995,-0.0021148506582393395,1.0,1.0,1.0,1.0,1.0,1.0,10
ART_STFT_PRE_AMPLITUDE,artifact,STFT,pre_amplitude_trajectory,eligible,SCN,250728::7A-SCNcM1_Raw.csv,7A-SCNcM1,target_segment_calibrated_absolute_nrmse,NRMSE,0.04119663332852955,0.0893807527542015,0.04037128115901818,0.048006063844038,0.04909974543887716,-0.0007341687318251529,1.0,1.0,1.0,1.0,1.0,1.0,10
ART_STFT_PRE_AMPLITUDE,artifact,STFT,pre_amplitude_trajectory,eligible,SCN,250728::7B-SCNcM2_Raw.csv,7B-SCNcM2,target_segment_calibrated_absolute_nrmse,NRMSE,0.05191731409235795,0.054427162307547905,0.048597458758713116,0.004503310435570802,0.00751819238646937,-0.0022112435259858225,1.0,1.0,1.0,1.0,1.0,1.0,10
ART_STFT_PRE_AMPLITUDE,artifact,STFT,pre_amplitude_trajectory,eligible,SCN,250811::1A-1FSCN_Raw.csv,1A-1FSCN,target_segment_calibrated_absolute_nrmse,NRMSE,0.050177399494095554,0.1142177206309739,0.0470811001919713,0.0649526471262101,0.06683496440191417,-0.002828966539874484,1.0,1.0,1.0,1.0,1.0,1.0,10
ART_STFT_PRE_AMPLITUDE,artifact,STFT,pre_amplitude_trajectory,eligible,SCN,250811::1B-2MSCN_Raw.csv,1B-2MSCN,target_segment_calibrated_absolute_nrmse,NRMSE,0.0421158915636515,0.07602693259124091,0.03991035717251465,0.033942550854117,0.037228274498496805,-0.002192751595937747,1.0,1.0,1.0,1.0,1.0,1.0,10
ART_STFT_PRE_AMPLITUDE,artifact,STFT,pre_amplitude_trajectory,eligible,SCN,250811::1C-3FSCN_Raw.csv,1C-3FSCN,target_segment_calibrated_absolute_nrmse,NRMSE,0.0288621274276005,0.08447724571958304,0.026519805063088132,0.05589191258573255,0.06046304819387779,-0.0019803666182226804,1.0,1.0,1.0,1.0,1.0,1.0,10
ART_STFT_PRE_AMPLITUDE,artifact,STFT,pre_amplitude_trajectory,eligible,SCN,250811::1D-4FSCN_Raw.csv,1D-4FSCN,target_segment_calibrated_absolute_nrmse,NRMSE,0.03265299052472935,0.09244922396854395,0.0299622128292828,0.059074883568824094,0.06243471085223008,-0.0022041043887280638,1.0,1.0,1.0,1.0,1.0,1.0,10
ART_STFT_PRE_AMPLITUDE,artifact,STFT,pre_amplitude_trajectory,eligible,SCN,251003::2A- M1SCn_Raw.csv,2A- M1SCn,target_segment_calibrated_absolute_nrmse,NRMSE,0.03499060243084175,0.05045468686941495,0.03257365633904091,0.015561353152891547,0.017576803151021954,-0.002015449998130407,1.0,1.0,1.0,1.0,1.0,1.0,10
ART_STFT_PRE_AMPLITUDE,artifact,STFT,pre_amplitude_trajectory,eligible,SCN,251003::4B-M3SCN_Raw.csv,4B-M3SCN,target_segment_calibrated_absolute_nrmse,NRMSE,0.0313234996096926,0.055282913365341205,0.02991979730831825,0.02413252696430665,0.026215504286496764,-0.002348875828271188,1.0,1.0,1.0,1.0,1.0,1.0,10
ART_STFT_PRE_AMPLITUDE,artifact,STFT,pre_amplitude_trajectory,ineligible,DRG,250625 to 250728::5A-T10m1_Raw.csv,5A-T10m1,target_segment_calibrated_absolute_nrmse,NRMSE,0.1154475783489405,0.13760240867877627,0.10791247979043278,0.009004110985627853,0.008249599183973,-0.0018676035564662644,1.0,1.0,1.0,1.0,1.0,1.0,10
ENV_CWT_PHASE,envelope,CWT_pyBOAT,phase_shift_hours,difficult,DRG,250625 to 250728::1D-L2m2_Raw.csv,1D-L2m2,circular_absolute_error_radians,radians,0.07668662700706541,2.252514395670196,0.07668662700706541,2.160375418802813,2.160375418802813,0.0,1.0,1.0,1.0,1.0,1.0,1.0,10
ENV_CWT_PHASE,envelope,CWT_pyBOAT,phase_shift_hours,difficult,DRG,250625 to 250728::4B-T12m2_Raw.csv,4B-T12m2,circular_absolute_error_radians,radians,0.04310507269284414,0.07901001668863272,0.04310507269284414,0.04102361853988157,0.04102361853988157,0.0,1.0,1.0,1.0,1.0,1.0,1.0,10
ENV_CWT_PHASE,envelope,CWT_pyBOAT,phase_shift_hours,difficult,DRG,250625 to 250728::5C-T12_Raw.csv,5C-T12,circular_absolute_error_radians,radians,0.14028612251254202,0.3524654453421854,0.14028612251254202,0.2259046813404415,0.22590468134044173,0.0,1.0,1.0,1.0,1.0,1.0,1.0,10
ENV_CWT_PHASE,envelope,CWT_pyBOAT,phase_shift_hours,difficult,DRG,250625 to 250728::8A-L3_Raw.csv,8A-L3,circular_absolute_error_radians,radians,0.11819712569396401,1.4589273320123173,0.11819712569396401,1.3383481945839297,1.3383481945839297,0.0,1.0,1.0,1.0,1.0,1.0,1.0,10
ENV_CWT_PHASE,envelope,CWT_pyBOAT,phase_shift_hours,difficult,DRG,250811::2C-2ML1_Raw.csv,2C-2ML1,circular_absolute_error_radians,radians,0.21165788795267515,0.36981152873293666,0.21165788795267515,0.15230615415422566,0.15230615415422566,0.0,1.0,1.0,1.0,1.0,1.0,1.0,10
ENV_CWT_PHASE,envelope,CWT_pyBOAT,phase_shift_hours,difficult,DRG,250811::5A-2ML2_Raw.csv,5A-2ML2,circular_absolute_error_radians,radians,0.16643788817832794,0.40872272225295125,0.1664378881783315,0.24131513554360406,0.24131513554360406,0.0,1.0,1.0,1.0,1.0,1.0,1.0,10
ENV_CWT_PHASE,envelope,CWT_pyBOAT,phase_shift_hours,difficult,DRG,250811::7C-1FT12_Raw.csv,7C-1FT12,circular_absolute_error_radians,radians,0.252474973483396,0.537288015702996,0.252474973483396,0.28468434028989975,0.28468434028989975,0.0,1.0,1.0,1.0,1.0,1.0,1.0,10
ENV_CWT_PHASE,envelope,CWT_pyBOAT,phase_shift_hours,difficult,DRG,250811::8A-1FT5_Raw.csv,8A-1FT5,circular_absolute_error_radians,radians,0.1372870567612663,0.12954668600774055,0.1372870567612663,-0.01211464345006874,-0.01211464345006874,0.0,1.0,1.0,1.0,1.0,1.0,1.0,10
ENV_CWT_PHASE,envelope,CWT_pyBOAT,phase_shift_hours,difficult,DRG,251003::2C- M1L1_Raw.csv,2C- M1L1,circular_absolute_error_radians,radians,0.08157740293400462,0.09233403276617791,0.08157740293400462,0.007345663464370489,0.007345663464370489,0.0,1.0,1.0,1.0,1.0,1.0,1.0,10
ENV_CWT_PHASE,envelope,CWT_pyBOAT,phase_shift_hours,difficult,DRG,251003::2D- M1L4_Raw.csv,2D- M1L4,circular_absolute_error_radians,radians,0.10174183213340982,2.2413980153878765,0.10174183213340982,2.1427251761938138,2.1427251761938138,0.0,1.0,1.0,1.0,1.0,1.0,1.0,10
ENV_CWT_PHASE,envelope,CWT_pyBOAT,phase_shift_hours,difficult,SCN,250728::6A-SCNrM1_Raw.csv,6A-SCNrM1,circular_absolute_error_radians,radians,0.03327515432832584,0.06111144950291347,0.03327515432832584,0.027836295174587633,0.027836295174587633,0.0,1.0,1.0,1.0,1.0,1.0,1.0,10
ENV_CWT_PHASE,envelope,CWT_pyBOAT,phase_shift_hours,eligible,DRG,250625 to 250728::1B-L1m2_Raw.csv,1B-L1m2,circular_absolute_error_radians,radians,0.13624831472906207,0.2731587275571714,0.13624831472906207,0.13663494909698004,0.13663494909698337,0.0,1.0,1.0,1.0,1.0,1.0,1.0,10
ENV_CWT_PHASE,envelope,CWT_pyBOAT,phase_shift_hours,eligible,DRG,250625 to 250728::2C-L3m2_Raw.csv,2C-L3m2,circular_absolute_error_radians,radians,0.1594241005097119,0.5935340237838806,0.15942410050971212,0.4468734095215441,0.4468734095215441,0.0,1.0,1.0,1.0,1.0,1.0,1.0,10
ENV_CWT_PHASE,envelope,CWT_pyBOAT,phase_shift_hours,eligible,DRG,250625 to 250728::3A-L5m2_Raw.csv,3A-L5m2,circular_absolute_error_radians,radians,0.13452087753982234,0.1844701856297446,0.13452087753982234,0.05326104944553123,0.05326104944553123,0.0,1.0,1.0,1.0,1.0,1.0,1.0,10
ENV_CWT_PHASE,envelope,CWT_pyBOAT,phase_shift_hours,eligible,DRG,250625 to 250728::3B-T10m2_Raw.csv,3B-T10m2,circular_absolute_error_radians,radians,0.028277514862056874,0.0721792781237649,0.028277514862056874,0.04673189076660833,0.04673189076660833,0.0,1.0,1.0,1.0,1.0,1.0,1.0,10
ENV_CWT_PHASE,envelope,CWT_pyBOAT,phase_shift_hours,eligible,DRG,250625 to 250728::4C-T5m1_Raw.csv,4C-T5m1,circular_absolute_error_radians,radians,0.16096995596809394,0.2656313991057484,0.16096995596809394,0.10881319142123047,0.10881319142123402,0.0,1.0,1.0,1.0,1.0,1.0,1.0,10
ENV_CWT_PHASE,envelope,CWT_pyBOAT,phase_shift_hours,eligible,DRG,250625 to 250728::4D-T7m1_Raw.csv,4D-T7m1,circular_absolute_error_radians,radians,0.12164090865825594,0.26353340973071715,0.12164090865825594,0.14144119116877518,0.14144119116877518,0.0,1.0,1.0,1.0,1.0,1.0,1.0,10
ENV_CWT_PHASE,envelope,CWT_pyBOAT,phase_shift_hours,eligible,DRG,250625 to 250728::5B-T12m2_Raw.csv,5B-T12m2,circular_absolute_error_radians,radians,0.06704819063885648,0.06603964677483765,0.06704819063885648,-0.0007288646269572041,-0.0007288646269572041,0.0,1.0,1.0,1.0,1.0,1.0,1.0,10
ENV_CWT_PHASE,envelope,CWT_pyBOAT,phase_shift_hours,eligible,DRG,250625 to 250728::5D-T10_Raw.csv,5D-T10,circular_absolute_error_radians,radians,0.17036457359409085,0.6212417142852105,0.17036457359409085,0.4601289652730076,0.4601289652730076,0.0,1.0,1.0,1.0,1.0,1.0,1.0,10
ENV_CWT_PHASE,envelope,CWT_pyBOAT,phase_shift_hours,eligible,DRG,250625 to 250728::6A-T7_Raw.csv,6A-T7,circular_absolute_error_radians,radians,0.07221066509732443,0.7374959876688258,0.07221066509732443,0.6654696342525108,0.6654696342525108,0.0,1.0,1.0,1.0,1.0,1.0,1.0,10
ENV_CWT_PHASE,envelope,CWT_pyBOAT,phase_shift_hours,eligible,DRG,250625 to 250728::6B-T5_Raw.csv,6B-T5,circular_absolute_error_radians,radians,0.12877858263959197,0.19393592357367373,0.12877858263959197,0.060847667925454374,0.060847667925454374,0.0,1.0,1.0,1.0,1.0,1.0,1.0,10
ENV_CWT_PHASE,envelope,CWT_pyBOAT,phase_shift_hours,eligible,DRG,250625 to 250728::7C-L1_Raw.csv,7C-L1,circular_absolute_error_radians,radians,0.10689506541956484,0.9673611543162997,0.10689506541956484,0.8613419796082729,0.8613419796082729,0.0,1.0,1.0,1.0,1.0,1.0,1.0,10
ENV_CWT_PHASE,envelope,CWT_pyBOAT,phase_shift_hours,eligible,DRG,250625 to 250728::7D-L2_Raw.csv,7D-L2,circular_absolute_error_radians,radians,0.09259737360123599,1.1981499261995538,0.09259737360123599,1.1004737387227772,1.1004737387227772,0.0,1.0,1.0,1.0,1.0,1.0,1.0,10
ENV_CWT_PHASE,envelope,CWT_pyBOAT,phase_shift_hours,eligible,DRG,250625 to 250728::8B-L2m1_Raw.csv,8B-L2m1,circular_absolute_error_radians,radians,0.07218363701488761,2.306935854943207,0.07218363701488761,2.2403645404966563,2.2403645404966563,0.0,1.0,1.0,1.0,1.0,1.0,1.0,10
ENV_CWT_PHASE,envelope,CWT_pyBOAT,phase_shift_hours,eligible,DRG,250625 to 250728::8C-L3m1_Raw.csv,8C-L3m1,circular_absolute_error_radians,radians,0.08079786122494359,0.12095116603931833,0.08079786122494359,0.03772781613704623,0.03772781613704623,0.0,1.0,1.0,1.0,1.0,1.0,1.0,10
ENV_CWT_PHASE,envelope,CWT_pyBOAT,phase_shift_hours,eligible,DRG,250625 to 250728::8D-L4-1m1_Raw.csv,8D-L4-1m1,circular_absolute_error_radians,radians,0.1220199402672244,0.2495945614183559,0.1220199402672244,0.12695540110604142,0.12695540110604142,0.0,1.0,1.0,1.0,1.0,1.0,1.0,10
ENV_CWT_PHASE,envelope,CWT_pyBOAT,phase_shift_hours,eligible,DRG,250811::2D-1FL2_Raw.csv,2D-1FL2,circular_absolute_error_radians,radians,0.07802342405155271,0.5039374936353251,0.07802342405155271,0.39067892323894515,0.39067892323894515,0.0,1.0,1.0,1.0,1.0,1.0,1.0,10
ENV_CWT_PHASE,envelope,CWT_pyBOAT,phase_shift_hours,eligible,DRG,250811::3A-1FL4_Raw.csv,3A-1FL4,circular_absolute_error_radians,radians,0.1252469582296527,0.14560811748986446,0.1252469582296527,0.020055602165737207,0.020055602165737207,0.0,1.0,1.0,1.0,1.0,1.0,1.0,10
ENV_CWT_PHASE,envelope,CWT_pyBOAT,phase_shift_hours,eligible,DRG,250811::3D-1FT10_Raw.csv,3D-1FT10,circular_absolute_error_radians,radians,0.028188909640613158,0.0799139224132337,0.028188909640613158,0.0398771725633047,0.0398771725633047,0.0,1.0,1.0,1.0,1.0,1.0,1.0,10
ENV_CWT_PHASE,envelope,CWT_pyBOAT,phase_shift_hours,eligible,DRG,250811::4A-2MT10_Raw.csv,4A-2MT10,circular_absolute_error_radians,radians,0.06594355942679342,0.11169751561165042,0.06594355942679342,0.04572468599151591,0.04572468599151591,0.0,1.0,1.0,1.0,1.0,1.0,1.0,10
ENV_CWT_PHASE,envelope,CWT_pyBOAT,phase_shift_hours,eligible,DRG,250811::4C-2MT5_Raw.csv,4C-2MT5,circular_absolute_error_radians,radians,0.09760907019138543,1.599389911015309,0.09760907019138543,1.5017808408239235,1.5017808408239235,0.0,1.0,1.0,1.0,1.0,1.0,1.0,10
ENV_CWT_PHASE,envelope,CWT_pyBOAT,phase_shift_hours,eligible,DRG,250811::4D-1FL4_Raw.csv,4D-1FL4,circular_absolute_error_radians,radians,0.1245939577370685,0.21751203301284816,0.12459395773706827,0.08752259595354417,0.08752259595354439,0.0,1.0,1.0,1.0,1.0,1.0,1.0,10
ENV_CWT_PHASE,envelope,CWT_pyBOAT,phase_shift_hours,eligible,DRG,250811::5C-1FT7_Raw.csv,5C-1FT7,circular_absolute_error_radians,radians,0.22885702018330667,0.25105117388334497,0.22885702018330667,0.031348265251605056,0.031348265251605056,0.0,1.0,1.0,1.0,1.0,1.0,1.0,10
ENV_CWT_PHASE,envelope,CWT_pyBOAT,phase_shift_hours,eligible,DRG,250811::6A-1FL1_Raw.csv,6A-1FL1,circular_absolute_error_radians,radians,0.11259307828296183,1.6252680807383957,0.11259307828296183,1.4899925689627014,1.4899925689627014,0.0,1.0,1.0,1.0,1.0,1.0,1.0,10
ENV_CWT_PHASE,envelope,CWT_pyBOAT,phase_shift_hours,eligible,DRG,250811::6B-2ML3_Raw.csv,6B-2ML3,circular_absolute_error_radians,radians,0.0997020913206077,0.606772244154397,0.0997020913206077,0.4935126562669725,0.4935126562669725,0.0,1.0,1.0,1.0,1.0,1.0,1.0,10
ENV_CWT_PHASE,envelope,CWT_pyBOAT,phase_shift_hours,eligible,DRG,250811::7D-2MT12_Raw.csv,7D-2MT12,circular_absolute_error_radians,radians,0.1793911965017827,0.2164458247842067,0.17939119650178315,0.03478479878612761,0.03478479878612739,0.0,1.0,1.0,1.0,1.0,1.0,1.0,10
ENV_CWT_PHASE,envelope,CWT_pyBOAT,phase_shift_hours,eligible,DRG,250811::8C-2ML4_Raw.csv,8C-2ML4,circular_absolute_error_radians,radians,0.10719239896632105,0.16110719133393503,0.10719239896632105,0.053914792367613984,0.053914792367613984,0.0,1.0,1.0,1.0,1.0,1.0,1.0,10
ENV_CWT_PHASE,envelope,CWT_pyBOAT,phase_shift_hours,eligible,DRG,250811::8D-2MT7_Raw.csv,8D-2MT7,circular_absolute_error_radians,radians,0.06317929234372288,0.12961461625289372,0.0631792923437231,0.054003543058776415,0.05400354305877619,0.0,1.0,1.0,1.0,1.0,1.0,1.0,10
ENV_CWT_PHASE,envelope,CWT_pyBOAT,phase_shift_hours,eligible,DRG,251003::2B- 1MT7_Raw.csv,2B- 1MT7,circular_absolute_error_radians,radians,0.10087693685107268,0.11761917440081238,0.10087693685107268,0.009432699660049337,0.009432699660049337,0.0,1.0,1.0,1.0,1.0,1.0,1.0,10
ENV_CWT_PHASE,envelope,CWT_pyBOAT,phase_shift_hours,eligible,SCN,250625 to 250728::1C-SCN_Raw.csv,1C-SCN,circular_absolute_error_radians,radians,0.06651098658542809,0.1075817978140603,0.06651098658542809,0.04108876789227267,0.04108876789227267,0.0,1.0,1.0,1.0,1.0,1.0,1.0,10
ENV_CWT_PHASE,envelope,CWT_pyBOAT,phase_shift_hours,eligible,SCN,250625 to 250728::6C-SCNmm1_Raw.csv,6C-SCNmm1,circular_absolute_error_radians,radians,0.11156330334555342,0.19327765074264214,0.11156330334555342,0.07866555251576202,0.07866555251576202,0.0,1.0,1.0,1.0,1.0,1.0,1.0,10
ENV_CWT_PHASE,envelope,CWT_pyBOAT,phase_shift_hours,eligible,SCN,250625 to 250728::7A-SCNmm2_Raw.csv,7A-SCNmm2,circular_absolute_error_radians,radians,0.08844898631480702,0.1540723009823688,0.08844898631480702,0.06562331466756177,0.06562331466756177,0.0,1.0,1.0,1.0,1.0,1.0,1.0,10
ENV_CWT_PHASE,envelope,CWT_pyBOAT,phase_shift_hours,eligible,SCN,250625 to 250728::7B-SCNcm2_Raw.csv,7B-SCNcm2,circular_absolute_error_radians,radians,0.16208291045512868,0.28496224287239125,0.16208291045512846,0.12323712949834231,0.12323712949834231,0.0,1.0,1.0,1.0,1.0,1.0,1.0,10
ENV_CWT_PHASE,envelope,CWT_pyBOAT,phase_shift_hours,eligible,SCN,250728::6B-SCNrM2_Raw.csv,6B-SCNrM2,circular_absolute_error_radians,radians,0.18254063576226254,0.39010724145883624,0.18254063576226254,0.2075666056965737,0.2075666056965737,0.0,1.0,1.0,1.0,1.0,1.0,1.0,10
ENV_CWT_PHASE,envelope,CWT_pyBOAT,phase_shift_hours,eligible,SCN,250728::7A-SCNcM1_Raw.csv,7A-SCNcM1,circular_absolute_error_radians,radians,0.07809921353485816,0.12431735046119652,0.07809921353485816,0.04621813692633836,0.04621813692633836,0.0,1.0,1.0,1.0,1.0,1.0,1.0,10
ENV_CWT_PHASE,envelope,CWT_pyBOAT,phase_shift_hours,eligible,SCN,250728::7B-SCNcM2_Raw.csv,7B-SCNcM2,circular_absolute_error_radians,radians,0.14544802857065386,0.279314571725809,0.14544802857065386,0.13410313328999734,0.13410313328999734,0.0,1.0,1.0,1.0,1.0,1.0,1.0,10
ENV_CWT_PHASE,envelope,CWT_pyBOAT,phase_shift_hours,eligible,SCN,250811::1A-1FSCN_Raw.csv,1A-1FSCN,circular_absolute_error_radians,radians,0.047681701158515555,0.05998259643364756,0.047681701158515555,0.012300895275132007,0.012300895275132007,0.0,1.0,1.0,1.0,1.0,1.0,1.0,10
ENV_CWT_PHASE,envelope,CWT_pyBOAT,phase_shift_hours,eligible,SCN,250811::1B-2MSCN_Raw.csv,1B-2MSCN,circular_absolute_error_radians,radians,0.026909756481721336,0.038795538208080904,0.026909756481721336,0.011885781726359568,0.011885781726359568,0.0,1.0,1.0,1.0,1.0,1.0,1.0,10
ENV_CWT_PHASE,envelope,CWT_pyBOAT,phase_shift_hours,eligible,SCN,250811::1C-3FSCN_Raw.csv,1C-3FSCN,circular_absolute_error_radians,radians,0.11785691492858996,0.12570701973757603,0.11785691492858996,0.010102186084974818,0.010102186084974818,0.0,1.0,1.0,1.0,1.0,1.0,1.0,10
ENV_CWT_PHASE,envelope,CWT_pyBOAT,phase_shift_hours,eligible,SCN,250811::1D-4FSCN_Raw.csv,1D-4FSCN,circular_absolute_error_radians,radians,0.11414270768853108,0.12700706107547055,0.11414270768853108,0.014804660981887707,0.014804660981887707,0.0,1.0,1.0,1.0,1.0,1.0,1.0,10
ENV_CWT_PHASE,envelope,CWT_pyBOAT,phase_shift_hours,eligible,SCN,251003::2A- M1SCn_Raw.csv,2A- M1SCn,circular_absolute_error_radians,radians,0.16151607901707132,0.26610878016843964,0.16151607901707132,0.10435338471603472,0.10435338471603472,0.0,1.0,1.0,1.0,1.0,1.0,1.0,10
ENV_CWT_PHASE,envelope,CWT_pyBOAT,phase_shift_hours,eligible,SCN,251003::4B-M3SCN_Raw.csv,4B-M3SCN,circular_absolute_error_radians,radians,0.013031633481125349,0.02666259943174354,0.013031633481125349,0.01363096595061819,0.01363096595061819,0.0,1.0,1.0,1.0,1.0,1.0,1.0,10
ENV_CWT_PHASE,envelope,CWT_pyBOAT,phase_shift_hours,ineligible,DRG,250625 to 250728::5A-T10m1_Raw.csv,5A-T10m1,circular_absolute_error_radians,radians,0.060746659276013304,0.9561609217006262,0.060746659276013304,0.8762934257900412,0.8762934257900412,0.0,1.0,1.0,1.0,1.0,1.0,1.0,10
ENV_CWT_POST_PERIOD,envelope,CWT_pyBOAT,post_period_hours,difficult,DRG,250625 to 250728::1D-L2m2_Raw.csv,1D-L2m2,absolute_error_hours,hours,0.043458974037386966,0.0904535835112199,0.04345897403738874,0.04686801458504952,0.04686801458504952,0.0,1.0,1.0,1.0,1.0,1.0,1.0,10
ENV_CWT_POST_PERIOD,envelope,CWT_pyBOAT,post_period_hours,difficult,DRG,250625 to 250728::8A-L3_Raw.csv,8A-L3,absolute_error_hours,hours,0.01907018347586309,0.04682676343377068,0.019070183475864866,0.023301768073574536,0.02330176807357276,0.0,1.0,1.0,1.0,1.0,1.0,1.0,10
ENV_CWT_POST_PERIOD,envelope,CWT_pyBOAT,post_period_hours,difficult,SCN,250728::6A-SCNrM1_Raw.csv,6A-SCNrM1,absolute_error_hours,hours,0.18036410997247643,1.7089479269748278,0.18036410997247465,1.527670280522461,1.5276702805224627,0.0,1.0,1.0,1.0,1.0,1.0,1.0,10
ENV_CWT_POST_PERIOD,envelope,CWT_pyBOAT,post_period_hours,eligible,DRG,250625 to 250728::1B-L1m2_Raw.csv,1B-L1m2,absolute_error_hours,hours,0.019056933032624457,0.02057068214158342,0.019056933032624457,0.0,-1.7763568394002505e-15,0.0,1.0,1.0,1.0,1.0,1.0,1.0,10
ENV_CWT_POST_PERIOD,envelope,CWT_pyBOAT,post_period_hours,eligible,DRG,250625 to 250728::2C-L3m2_Raw.csv,2C-L3m2,absolute_error_hours,hours,0.019017931251083198,0.058569349896773204,0.019017931251083198,0.04678694099957781,0.04678694099957781,0.0,1.0,1.0,1.0,1.0,1.0,1.0,10
ENV_CWT_POST_PERIOD,envelope,CWT_pyBOAT,post_period_hours,eligible,DRG,250625 to 250728::3A-L5m2_Raw.csv,3A-L5m2,absolute_error_hours,hours,0.024878153257409608,0.18617712312449974,0.024878153257409608,0.16129896986709014,0.16129896986709014,0.0,1.0,1.0,1.0,1.0,1.0,1.0,10
ENV_CWT_POST_PERIOD,envelope,CWT_pyBOAT,post_period_hours,eligible,DRG,250625 to 250728::3B-T10m2_Raw.csv,3B-T10m2,absolute_error_hours,hours,0.016323657360560517,0.13683821082991265,0.016323657360560517,0.1308788252007922,0.1308788252007922,0.0,1.0,1.0,1.0,1.0,1.0,1.0,10
ENV_CWT_POST_PERIOD,envelope,CWT_pyBOAT,post_period_hours,eligible,DRG,250625 to 250728::4B-T12m2_Raw.csv,4B-T12m2,absolute_error_hours,hours,0.02778599630609513,0.12689777922051348,0.02778599630609513,0.10352526137494067,0.10352526137494067,0.0,1.0,1.0,1.0,1.0,1.0,1.0,10
ENV_CWT_POST_PERIOD,envelope,CWT_pyBOAT,post_period_hours,eligible,DRG,250625 to 250728::4C-T5m1_Raw.csv,4C-T5m1,absolute_error_hours,hours,0.05575690844627346,0.013786513472888728,0.05575690844627168,-0.043867894975267774,-0.043867894975266,-3.552713678800501e-15,1.0,1.0,1.0,1.0,1.0,1.0,10
ENV_CWT_POST_PERIOD,envelope,CWT_pyBOAT,post_period_hours,eligible,DRG,250625 to 250728::4D-T7m1_Raw.csv,4D-T7m1,absolute_error_hours,hours,0.013066311528751484,0.12942030935800197,0.013066311528751484,0.11457089453043601,0.11457089453043601,0.0,1.0,1.0,1.0,1.0,1.0,1.0,10
ENV_CWT_POST_PERIOD,envelope,CWT_pyBOAT,post_period_hours,eligible,DRG,250625 to 250728::5B-T12m2_Raw.csv,5B-T12m2,absolute_error_hours,hours,0.01959555361532317,0.1438803429456783,0.019595553615324945,0.14070351758793542,0.1407035175879372,0.0,1.0,1.0,1.0,1.0,1.0,1.0,10
ENV_CWT_POST_PERIOD,envelope,CWT_pyBOAT,post_period_hours,eligible,DRG,250625 to 250728::5C-T12_Raw.csv,5C-T12,absolute_error_hours,hours,0.03979282512327842,0.03757378529696176,0.039792825123280195,-0.0004919703412191723,-0.0004919703412191723,0.0,1.0,1.0,1.0,1.0,1.0,1.0,10
ENV_CWT_POST_PERIOD,envelope,CWT_pyBOAT,post_period_hours,eligible,DRG,250625 to 250728::5D-T10_Raw.csv,5D-T10,absolute_error_hours,hours,0.027522241957662175,0.05867744368914174,0.027522241957662175,0.03812899966657035,0.03812899966657035,0.0,1.0,1.0,1.0,1.0,1.0,1.0,10
ENV_CWT_POST_PERIOD,envelope,CWT_pyBOAT,post_period_hours,eligible,DRG,250625 to 250728::6A-T7_Raw.csv,6A-T7,absolute_error_hours,hours,0.02961578156643263,0.0841807933572234,0.02961578156643263,0.04415685960479365,0.04415685960479543,0.0,1.0,1.0,1.0,1.0,1.0,1.0,10
ENV_CWT_POST_PERIOD,envelope,CWT_pyBOAT,post_period_hours,eligible,DRG,250625 to 250728::6B-T5_Raw.csv,6B-T5,absolute_error_hours,hours,0.049563910364449626,0.040813661280370894,0.0495639103644514,-0.009607789775257558,-0.009607789775257558,0.0,1.0,1.0,1.0,1.0,1.0,1.0,10
ENV_CWT_POST_PERIOD,envelope,CWT_pyBOAT,post_period_hours,eligible,DRG,250625 to 250728::7C-L1_Raw.csv,7C-L1,absolute_error_hours,hours,0.025265179770290302,0.08696309498379051,0.025265179770290302,0.057389950666355105,0.057389950666355105,0.0,1.0,1.0,1.0,1.0,1.0,1.0,10
ENV_CWT_POST_PERIOD,envelope,CWT_pyBOAT,post_period_hours,eligible,DRG,250625 to 250728::7D-L2_Raw.csv,7D-L2,absolute_error_hours,hours,0.019281078896552728,0.03839835594058982,0.019281078896554504,0.0064449530872074945,0.006444953087209271,0.0,1.0,1.0,1.0,1.0,1.0,1.0,10
ENV_CWT_POST_PERIOD,envelope,CWT_pyBOAT,post_period_hours,eligible,DRG,250625 to 250728::8B-L2m1_Raw.csv,8B-L2m1,absolute_error_hours,hours,0.016905479173543014,0.0650338943625286,0.016905479173541238,0.056250132199288316,0.05625013219928654,0.0,1.0,1.0,1.0,1.0,1.0,1.0,10
ENV_CWT_POST_PERIOD,envelope,CWT_pyBOAT,post_period_hours,eligible,DRG,250625 to 250728::8C-L3m1_Raw.csv,8C-L3m1,absolute_error_hours,hours,0.01742077836821565,0.21128912746873674,0.017420778368213874,0.2109715760443187,0.2109715760443187,0.0,1.0,1.0,1.0,1.0,1.0,1.0,10
ENV_CWT_POST_PERIOD,envelope,CWT_pyBOAT,post_period_hours,eligible,DRG,250625 to 250728::8D-L4-1m1_Raw.csv,8D-L4-1m1,absolute_error_hours,hours,0.02647916349593693,0.02816880889003137,0.02647916349593693,0.0,0.0,0.0,1.0,1.0,1.0,1.0,1.0,1.0,10
ENV_CWT_POST_PERIOD,envelope,CWT_pyBOAT,post_period_hours,eligible,DRG,250811::2C-2ML1_Raw.csv,2C-2ML1,absolute_error_hours,hours,0.10607428685614373,0.16880011354899338,0.1060742868561455,0.06904989677702034,0.06904989677702034,0.0,1.0,1.0,1.0,1.0,1.0,1.0,10
ENV_CWT_POST_PERIOD,envelope,CWT_pyBOAT,post_period_hours,eligible,DRG,250811::2D-1FL2_Raw.csv,2D-1FL2,absolute_error_hours,hours,0.0698091490461703,0.05953340992961387,0.0698091490461703,-0.021144727387492068,-0.021144727387493845,0.0,1.0,1.0,1.0,1.0,1.0,1.0,10
ENV_CWT_POST_PERIOD,envelope,CWT_pyBOAT,post_period_hours,eligible,DRG,250811::3A-1FL4_Raw.csv,3A-1FL4,absolute_error_hours,hours,0.012051766911270079,0.775497975969623,0.012051766911270079,0.7618160733738577,0.7618160733738595,0.0,1.0,1.0,1.0,1.0,1.0,1.0,10
ENV_CWT_POST_PERIOD,envelope,CWT_pyBOAT,post_period_hours,eligible,DRG,250811::3D-1FT10_Raw.csv,3D-1FT10,absolute_error_hours,hours,0.11278634206755456,0.0263026518606555,0.11278634206755278,-0.07035175879397215,-0.07035175879397215,0.0,1.0,1.0,1.0,1.0,1.0,1.0,10
ENV_CWT_POST_PERIOD,envelope,CWT_pyBOAT,post_period_hours,eligible,DRG,250811::4A-2MT10_Raw.csv,4A-2MT10,absolute_error_hours,hours,0.0609796630731978,0.12604171246819362,0.0609796630731978,0.06554096962824474,0.06554096962824474,0.0,1.0,1.0,1.0,1.0,1.0,1.0,10
ENV_CWT_POST_PERIOD,envelope,CWT_pyBOAT,post_period_hours,eligible,DRG,250811::4C-2MT5_Raw.csv,4C-2MT5,absolute_error_hours,hours,0.021792821094036796,0.5629417006185449,0.021792821094036796,0.5365029324596442,0.5365029324596442,0.0,1.0,1.0,1.0,1.0,1.0,1.0,10
ENV_CWT_POST_PERIOD,envelope,CWT_pyBOAT,post_period_hours,eligible,DRG,250811::4D-1FL4_Raw.csv,4D-1FL4,absolute_error_hours,hours,0.04046809779890026,0.08740323633561964,0.04046809779890026,0.0437695905285711,0.0437695905285711,0.0,1.0,1.0,1.0,1.0,1.0,1.0,10
ENV_CWT_POST_PERIOD,envelope,CWT_pyBOAT,post_period_hours,eligible,DRG,250811::5A-2ML2_Raw.csv,5A-2ML2,absolute_error_hours,hours,0.023785993976236597,0.04797983924991023,0.02378599397623482,0.02560791970585008,0.025607919705851856,0.0,1.0,1.0,1.0,1.0,1.0,1.0,10
ENV_CWT_POST_PERIOD,envelope,CWT_pyBOAT,post_period_hours,eligible,DRG,250811::5C-1FT7_Raw.csv,5C-1FT7,absolute_error_hours,hours,0.0935588034602759,0.16608870684565247,0.0935588034602759,0.0779794487092591,0.07797944870925733,0.0,1.0,1.0,1.0,1.0,1.0,1.0,10
ENV_CWT_POST_PERIOD,envelope,CWT_pyBOAT,post_period_hours,eligible,DRG,250811::6A-1FL1_Raw.csv,6A-1FL1,absolute_error_hours,hours,0.04112870034476579,0.029223058449204586,0.04112870034476579,-0.011905641895561203,-0.011905641895561203,0.0,1.0,1.0,1.0,1.0,1.0,1.0,10
ENV_CWT_POST_PERIOD,envelope,CWT_pyBOAT,post_period_hours,eligible,DRG,250811::6B-2ML3_Raw.csv,6B-2ML3,absolute_error_hours,hours,0.04962853442834714,0.019210177455274646,0.049628534428348914,0.0,-1.7763568394002505e-15,0.0,1.0,1.0,1.0,1.0,1.0,1.0,10
ENV_CWT_POST_PERIOD,envelope,CWT_pyBOAT,post_period_hours,eligible,DRG,250811::7C-1FT12_Raw.csv,7C-1FT12,absolute_error_hours,hours,0.06962369326805984,0.07628289050937198,0.06962369326806161,0.0,0.0,0.0,1.0,1.0,1.0,1.0,1.0,1.0,10
ENV_CWT_POST_PERIOD,envelope,CWT_pyBOAT,post_period_hours,eligible,DRG,250811::7D-2MT12_Raw.csv,7D-2MT12,absolute_error_hours,hours,0.015093724443321577,0.6618624561884658,0.015093724443321577,0.6553832038342193,0.6553832038342193,0.0,1.0,1.0,1.0,1.0,1.0,1.0,10
ENV_CWT_POST_PERIOD,envelope,CWT_pyBOAT,post_period_hours,eligible,DRG,250811::8A-1FT5_Raw.csv,8A-1FT5,absolute_error_hours,hours,0.05118828164757616,0.08481714414642205,0.05118828164757616,0.03268186535704842,0.03268186535704842,0.0,1.0,1.0,1.0,1.0,1.0,1.0,10
ENV_CWT_POST_PERIOD,envelope,CWT_pyBOAT,post_period_hours,eligible,DRG,250811::8C-2ML4_Raw.csv,8C-2ML4,absolute_error_hours,hours,0.06558327553641341,0.11604960004038745,0.06558327553641341,0.050236595770154935,0.050236595770154935,0.0,1.0,1.0,1.0,1.0,1.0,1.0,10
ENV_CWT_POST_PERIOD,envelope,CWT_pyBOAT,post_period_hours,eligible,DRG,250811::8D-2MT7_Raw.csv,8D-2MT7,absolute_error_hours,hours,0.015041548659549875,0.16807243587780718,0.015041548659549875,0.15488838758719226,0.15488838758719226,0.0,1.0,1.0,1.0,1.0,1.0,1.0,10
ENV_CWT_POST_PERIOD,envelope,CWT_pyBOAT,post_period_hours,eligible,DRG,251003::2B- 1MT7_Raw.csv,2B- 1MT7,absolute_error_hours,hours,0.015548403957772905,0.060292007377748646,0.015548403957772905,0.04001934682804276,0.04001934682804276,0.0,1.0,1.0,1.0,1.0,1.0,1.0,10
ENV_CWT_POST_PERIOD,envelope,CWT_pyBOAT,post_period_hours,eligible,DRG,251003::2C- M1L1_Raw.csv,2C- M1L1,absolute_error_hours,hours,0.15817484461272002,1.4232328521817195,0.15817484461272002,1.293489839968661,1.293489839968661,0.0,1.0,1.0,1.0,1.0,1.0,1.0,10
ENV_CWT_POST_PERIOD,envelope,CWT_pyBOAT,post_period_hours,eligible,DRG,251003::2D- M1L4_Raw.csv,2D- M1L4,absolute_error_hours,hours,0.016569391669081668,0.12199110268349855,0.016569391669081668,0.10327868777905636,0.10327868777905636,0.0,1.0,1.0,1.0,1.0,1.0,1.0,10
ENV_CWT_POST_PERIOD,envelope,CWT_pyBOAT,post_period_hours,eligible,SCN,250625 to 250728::1C-SCN_Raw.csv,1C-SCN,absolute_error_hours,hours,0.021962148920779967,0.10808914977113382,0.021962148920779967,0.07932252700947728,0.07932252700947728,0.0,1.0,1.0,1.0,1.0,1.0,1.0,10
ENV_CWT_POST_PERIOD,envelope,CWT_pyBOAT,post_period_hours,eligible,SCN,250625 to 250728::6C-SCNmm1_Raw.csv,6C-SCNmm1,absolute_error_hours,hours,0.017979614175176906,0.4446003487928305,0.017979614175176906,0.4234725057358588,0.4234725057358588,0.0,1.0,1.0,1.0,1.0,1.0,1.0,10
ENV_CWT_POST_PERIOD,envelope,CWT_pyBOAT,post_period_hours,eligible,SCN,250625 to 250728::7A-SCNmm2_Raw.csv,7A-SCNmm2,absolute_error_hours,hours,0.023905759347671918,0.858210583347768,0.02390575934767014,0.828414700799625,0.828414700799625,0.0,1.0,1.0,1.0,1.0,1.0,1.0,10
ENV_CWT_POST_PERIOD,envelope,CWT_pyBOAT,post_period_hours,eligible,SCN,250625 to 250728::7B-SCNcm2_Raw.csv,7B-SCNcm2,absolute_error_hours,hours,0.05950531705965645,1.5567233784192052,0.05950531705965645,1.4901906159943312,1.4901906159943312,0.0,1.0,1.0,1.0,1.0,1.0,1.0,10
ENV_CWT_POST_PERIOD,envelope,CWT_pyBOAT,post_period_hours,eligible,SCN,250728::6B-SCNrM2_Raw.csv,6B-SCNrM2,absolute_error_hours,hours,0.08600767414325894,1.5342349888856486,0.08600767414325716,1.435374430102888,1.435374430102888,0.0,1.0,1.0,1.0,1.0,1.0,1.0,10
ENV_CWT_POST_PERIOD,envelope,CWT_pyBOAT,post_period_hours,eligible,SCN,250728::7A-SCNcM1_Raw.csv,7A-SCNcM1,absolute_error_hours,hours,0.011913432629524934,0.04692397298839701,0.011913432629523157,0.02349618718282187,0.02349618718282187,0.0,1.0,1.0,1.0,1.0,1.0,1.0,10
ENV_CWT_POST_PERIOD,envelope,CWT_pyBOAT,post_period_hours,eligible,SCN,250728::7B-SCNcM2_Raw.csv,7B-SCNcM2,absolute_error_hours,hours,0.1579924720290471,1.7313397657296505,0.1579924720290471,1.5659858812271938,1.5659858812271938,0.0,1.0,1.0,1.0,1.0,1.0,1.0,10
ENV_CWT_POST_PERIOD,envelope,CWT_pyBOAT,post_period_hours,eligible,SCN,250811::1A-1FSCN_Raw.csv,1A-1FSCN,absolute_error_hours,hours,0.059306670920948434,0.08623642169470003,0.05930667092095021,0.016366307304963357,0.016366307304963357,0.0,1.0,1.0,1.0,1.0,1.0,1.0,10
ENV_CWT_POST_PERIOD,envelope,CWT_pyBOAT,post_period_hours,eligible,SCN,250811::1B-2MSCN_Raw.csv,1B-2MSCN,absolute_error_hours,hours,0.10794522513583793,0.07692767501564113,0.1079452251358397,-0.02846999561060315,-0.02846999561060315,0.0,1.0,1.0,1.0,1.0,1.0,1.0,10
ENV_CWT_POST_PERIOD,envelope,CWT_pyBOAT,post_period_hours,eligible,SCN,250811::1C-3FSCN_Raw.csv,1C-3FSCN,absolute_error_hours,hours,0.02472548189398438,0.31308475675069936,0.02472548189398438,0.28621800772074835,0.28621800772074835,0.0,1.0,1.0,1.0,1.0,1.0,1.0,10
ENV_CWT_POST_PERIOD,envelope,CWT_pyBOAT,post_period_hours,eligible,SCN,250811::1D-4FSCN_Raw.csv,1D-4FSCN,absolute_error_hours,hours,0.13446931482600455,0.7905202030917184,0.13446931482600633,0.641610562618883,0.641610562618883,0.0,1.0,1.0,1.0,1.0,1.0,1.0,10
ENV_CWT_POST_PERIOD,envelope,CWT_pyBOAT,post_period_hours,eligible,SCN,251003::2A- M1SCn_Raw.csv,2A- M1SCn,absolute_error_hours,hours,0.15492306016215096,1.7374301944224424,0.15492306016215096,1.5715594251576857,1.5715594251576857,0.0,1.0,1.0,1.0,1.0,1.0,1.0,10
ENV_CWT_POST_PERIOD,envelope,CWT_pyBOAT,post_period_hours,eligible,SCN,251003::4B-M3SCN_Raw.csv,4B-M3SCN,absolute_error_hours,hours,0.041952436940148274,1.544433720348474,0.041952436940148274,1.4862731672197267,1.4862731672197267,0.0,1.0,1.0,1.0,1.0,1.0,1.0,10
ENV_CWT_POST_PERIOD,envelope,CWT_pyBOAT,post_period_hours,ineligible,DRG,250625 to 250728::5A-T10m1_Raw.csv,5A-T10m1,absolute_error_hours,hours,0.02769192842863788,1.4541759764616078,0.02769192842863788,1.4425166248571735,1.4425166248571717,0.0,1.0,1.0,1.0,1.0,1.0,1.0,10
ENV_CWT_PRE_PERIOD,envelope,CWT_pyBOAT,pre_period_hours,difficult,DRG,250625 to 250728::1D-L2m2_Raw.csv,1D-L2m2,absolute_error_hours,hours,0.03338351513628979,0.16725711888469164,0.03338351513628979,0.1355378290051661,0.1355378290051661,0.0,1.0,1.0,1.0,1.0,1.0,1.0,10
ENV_CWT_PRE_PERIOD,envelope,CWT_pyBOAT,pre_period_hours,difficult,DRG,250625 to 250728::4B-T12m2_Raw.csv,4B-T12m2,absolute_error_hours,hours,0.09074819339973317,0.20065882522837697,0.09074819339973139,0.10491267526442982,0.1049126752644316,0.0,1.0,1.0,1.0,1.0,1.0,1.0,10
ENV_CWT_PRE_PERIOD,envelope,CWT_pyBOAT,pre_period_hours,difficult,DRG,250625 to 250728::5C-T12_Raw.csv,5C-T12,absolute_error_hours,hours,0.02922829339992994,0.38069843055915165,0.02922829339992994,0.3732322618984263,0.3732322618984263,0.0,1.0,1.0,1.0,1.0,1.0,1.0,10
ENV_CWT_PRE_PERIOD,envelope,CWT_pyBOAT,pre_period_hours,difficult,DRG,250625 to 250728::8A-L3_Raw.csv,8A-L3,absolute_error_hours,hours,0.16199841301430418,0.32543802203990246,0.16199841301430062,0.16148926450433976,0.16148926450434153,0.0,1.0,1.0,1.0,1.0,1.0,1.0,10
ENV_CWT_PRE_PERIOD,envelope,CWT_pyBOAT,pre_period_hours,difficult,DRG,250811::2C-2ML1_Raw.csv,2C-2ML1,absolute_error_hours,hours,0.15300347247726975,0.18718559881170904,0.15300347247726798,0.04157149383279801,0.04157149383279801,0.0,1.0,1.0,1.0,1.0,1.0,1.0,10
ENV_CWT_PRE_PERIOD,envelope,CWT_pyBOAT,pre_period_hours,difficult,DRG,250811::5A-2ML2_Raw.csv,5A-2ML2,absolute_error_hours,hours,0.17260534244068282,0.35159887213794505,0.17260534244067927,0.18202902625013095,0.18202902625013273,-3.552713678800501e-15,1.0,1.0,1.0,1.0,1.0,1.0,10
ENV_CWT_PRE_PERIOD,envelope,CWT_pyBOAT,pre_period_hours,difficult,DRG,250811::7C-1FT12_Raw.csv,7C-1FT12,absolute_error_hours,hours,0.01881132823335463,0.24112079271135478,0.018811328233356406,0.21400709842921017,0.21400709842921017,0.0,1.0,1.0,1.0,1.0,1.0,1.0,10
ENV_CWT_PRE_PERIOD,envelope,CWT_pyBOAT,pre_period_hours,difficult,DRG,250811::8A-1FT5_Raw.csv,8A-1FT5,absolute_error_hours,hours,0.025880255950983866,0.025880255950983866,0.025880255950983866,0.0,0.0,0.0,1.0,1.0,1.0,1.0,1.0,1.0,10
ENV_CWT_PRE_PERIOD,envelope,CWT_pyBOAT,pre_period_hours,difficult,DRG,251003::2C- M1L1_Raw.csv,2C- M1L1,absolute_error_hours,hours,0.06220214520967282,0.06295527436336457,0.06220214520967282,0.0013529184383429538,0.0013529184383447301,0.0,1.0,1.0,1.0,1.0,1.0,1.0,10
ENV_CWT_PRE_PERIOD,envelope,CWT_pyBOAT,pre_period_hours,difficult,DRG,251003::2D- M1L4_Raw.csv,2D- M1L4,absolute_error_hours,hours,0.03908255701641572,0.08756830595556231,0.03908255701641572,0.0484590786098309,0.0484590786098309,0.0,1.0,1.0,1.0,1.0,1.0,1.0,10
ENV_CWT_PRE_PERIOD,envelope,CWT_pyBOAT,pre_period_hours,eligible,DRG,250625 to 250728::1B-L1m2_Raw.csv,1B-L1m2,absolute_error_hours,hours,0.022583744476547096,0.060030092448956296,0.022583744476547096,0.04017251953964163,0.04017251953964163,0.0,1.0,1.0,1.0,1.0,1.0,1.0,10
ENV_CWT_PRE_PERIOD,envelope,CWT_pyBOAT,pre_period_hours,eligible,DRG,250625 to 250728::2C-L3m2_Raw.csv,2C-L3m2,absolute_error_hours,hours,0.013519065808123898,0.04368860351179649,0.013519065808123898,0.028700104855031938,0.028700104855031938,0.0,1.0,1.0,1.0,1.0,1.0,1.0,10
ENV_CWT_PRE_PERIOD,envelope,CWT_pyBOAT,pre_period_hours,eligible,DRG,250625 to 250728::3A-L5m2_Raw.csv,3A-L5m2,absolute_error_hours,hours,0.011871966513785637,0.02284064119347562,0.011871966513785637,0.0,0.0,0.0,1.0,1.0,1.0,1.0,1.0,1.0,10
ENV_CWT_PRE_PERIOD,envelope,CWT_pyBOAT,pre_period_hours,eligible,DRG,250625 to 250728::3B-T10m2_Raw.csv,3B-T10m2,absolute_error_hours,hours,0.14293322115752538,0.2561043117242594,0.14293322115752538,0.11143128228555454,0.11143128228555632,0.0,1.0,1.0,1.0,1.0,1.0,1.0,10
ENV_CWT_PRE_PERIOD,envelope,CWT_pyBOAT,pre_period_hours,eligible,DRG,250625 to 250728::4C-T5m1_Raw.csv,4C-T5m1,absolute_error_hours,hours,0.020560435471972838,0.06519054691884207,0.020560435471972838,0.04560796925433408,0.0456079692543323,0.0,1.0,1.0,1.0,1.0,1.0,1.0,10
ENV_CWT_PRE_PERIOD,envelope,CWT_pyBOAT,pre_period_hours,eligible,DRG,250625 to 250728::4D-T7m1_Raw.csv,4D-T7m1,absolute_error_hours,hours,0.13810369421639734,0.21305748551320036,0.1381036942163938,0.07477949186491628,0.07477949186491983,-3.552713678800501e-15,1.0,1.0,1.0,1.0,1.0,1.0,10
ENV_CWT_PRE_PERIOD,envelope,CWT_pyBOAT,pre_period_hours,eligible,DRG,250625 to 250728::5B-T12m2_Raw.csv,5B-T12m2,absolute_error_hours,hours,0.01824963107719313,0.01824963107719313,0.01824963107719313,0.0,0.0,0.0,1.0,1.0,1.0,1.0,1.0,1.0,10
ENV_CWT_PRE_PERIOD,envelope,CWT_pyBOAT,pre_period_hours,eligible,DRG,250625 to 250728::5D-T10_Raw.csv,5D-T10,absolute_error_hours,hours,0.016760034087482722,0.04418193943898174,0.016760034087480946,0.028497217433825384,0.028497217433823607,0.0,1.0,1.0,1.0,1.0,1.0,1.0,10
ENV_CWT_PRE_PERIOD,envelope,CWT_pyBOAT,pre_period_hours,eligible,DRG,250625 to 250728::6A-T7_Raw.csv,6A-T7,absolute_error_hours,hours,0.013210721321781804,0.07406265650648258,0.013210721321780028,0.07035175879396682,0.0703517587939686,0.0,1.0,1.0,1.0,1.0,1.0,1.0,10
ENV_CWT_PRE_PERIOD,envelope,CWT_pyBOAT,pre_period_hours,eligible,DRG,250625 to 250728::6B-T5_Raw.csv,6B-T5,absolute_error_hours,hours,0.012022298038512957,0.012022298038512957,0.012022298038512957,0.0,0.0,0.0,1.0,1.0,1.0,1.0,1.0,1.0,10
ENV_CWT_PRE_PERIOD,envelope,CWT_pyBOAT,pre_period_hours,eligible,DRG,250625 to 250728::7C-L1_Raw.csv,7C-L1,absolute_error_hours,hours,0.01620494319689847,0.05707703165918154,0.01620494319689847,0.035918793787615755,0.035918793787615755,0.0,1.0,1.0,1.0,1.0,1.0,1.0,10
ENV_CWT_PRE_PERIOD,envelope,CWT_pyBOAT,pre_period_hours,eligible,DRG,250625 to 250728::7D-L2_Raw.csv,7D-L2,absolute_error_hours,hours,0.09004511469346355,0.06914559073398152,0.09004511469346,-0.018202902625015227,-0.018202902625011674,-3.552713678800501e-15,1.0,1.0,1.0,1.0,1.0,1.0,10
ENV_CWT_PRE_PERIOD,envelope,CWT_pyBOAT,pre_period_hours,eligible,DRG,250625 to 250728::8B-L2m1_Raw.csv,8B-L2m1,absolute_error_hours,hours,0.01662474121422619,3.0017659646717743,0.01662474121422619,2.995036041651055,2.995036041651055,0.0,1.0,1.0,1.0,1.0,1.0,1.0,10
ENV_CWT_PRE_PERIOD,envelope,CWT_pyBOAT,pre_period_hours,eligible,DRG,250625 to 250728::8C-L3m1_Raw.csv,8C-L3m1,absolute_error_hours,hours,0.01832875030541814,0.015474860877143115,0.01832875030541814,-0.0002459851706078098,-0.0002459851706078098,0.0,1.0,1.0,1.0,1.0,1.0,1.0,10
ENV_CWT_PRE_PERIOD,envelope,CWT_pyBOAT,pre_period_hours,eligible,DRG,250625 to 250728::8D-L4-1m1_Raw.csv,8D-L4-1m1,absolute_error_hours,hours,0.050552404404053064,0.05036792594398598,0.05055240440405129,0.0002459851706078098,0.0002459851706078098,0.0,1.0,1.0,1.0,1.0,1.0,1.0,10
ENV_CWT_PRE_PERIOD,envelope,CWT_pyBOAT,pre_period_hours,eligible,DRG,250811::2D-1FL2_Raw.csv,2D-1FL2,absolute_error_hours,hours,0.01894825711818804,0.0537607289315396,0.01894825711818804,0.034812471813351564,0.034812471813351564,0.0,1.0,1.0,1.0,1.0,1.0,1.0,10
ENV_CWT_PRE_PERIOD,envelope,CWT_pyBOAT,pre_period_hours,eligible,DRG,250811::3A-1FL4_Raw.csv,3A-1FL4,absolute_error_hours,hours,0.019916595834336803,0.019916595834336803,0.019916595834336803,0.0,0.0,0.0,1.0,1.0,1.0,1.0,1.0,1.0,10
ENV_CWT_PRE_PERIOD,envelope,CWT_pyBOAT,pre_period_hours,eligible,DRG,250811::3D-1FT10_Raw.csv,3D-1FT10,absolute_error_hours,hours,0.015887643513254446,0.1441958861969379,0.015887643513254446,0.13239649661478303,0.1323964966147848,0.0,1.0,1.0,1.0,1.0,1.0,1.0,10
ENV_CWT_PRE_PERIOD,envelope,CWT_pyBOAT,pre_period_hours,eligible,DRG,250811::4A-2MT10_Raw.csv,4A-2MT10,absolute_error_hours,hours,0.017424253004339363,0.05097588681554832,0.017424253004339363,0.03221925057477648,0.03221925057477648,0.0,1.0,1.0,1.0,1.0,1.0,1.0,10
ENV_CWT_PRE_PERIOD,envelope,CWT_pyBOAT,pre_period_hours,eligible,DRG,250811::4C-2MT5_Raw.csv,4C-2MT5,absolute_error_hours,hours,0.019076422384392444,0.22544049655191856,0.019076422384392444,0.21170798457649198,0.21170798457649198,0.0,1.0,1.0,1.0,1.0,1.0,1.0,10
ENV_CWT_PRE_PERIOD,envelope,CWT_pyBOAT,pre_period_hours,eligible,DRG,250811::4D-1FL4_Raw.csv,4D-1FL4,absolute_error_hours,hours,0.022041319882296406,0.04437169875541791,0.022041319882296406,0.018391638716870773,0.01839163871686722,0.0,1.0,1.0,1.0,1.0,1.0,1.0,10
ENV_CWT_PRE_PERIOD,envelope,CWT_pyBOAT,pre_period_hours,eligible,DRG,250811::5C-1FT7_Raw.csv,5C-1FT7,absolute_error_hours,hours,0.048987246428529474,0.07793313495395005,0.048987246428529474,0.0,1.7763568394002505e-15,0.0,1.0,1.0,1.0,1.0,1.0,1.0,10
ENV_CWT_PRE_PERIOD,envelope,CWT_pyBOAT,pre_period_hours,eligible,DRG,250811::6A-1FL1_Raw.csv,6A-1FL1,absolute_error_hours,hours,0.020249916760599618,0.10484320033957673,0.020249916760599618,0.08157003674250696,0.08157003674250696,0.0,1.0,1.0,1.0,1.0,1.0,1.0,10
ENV_CWT_PRE_PERIOD,envelope,CWT_pyBOAT,pre_period_hours,eligible,DRG,250811::6B-2ML3_Raw.csv,6B-2ML3,absolute_error_hours,hours,0.02180453252355541,0.085416635991022,0.021804532523553632,0.07035175879396505,0.0703517587939686,0.0,1.0,1.0,1.0,1.0,1.0,1.0,10
ENV_CWT_PRE_PERIOD,envelope,CWT_pyBOAT,pre_period_hours,eligible,DRG,250811::7D-2MT12_Raw.csv,7D-2MT12,absolute_error_hours,hours,0.014409796696757127,0.028949121222737517,0.014409796696757127,0.006099408378803517,0.006099408378805293,0.0,1.0,1.0,1.0,1.0,1.0,1.0,10
ENV_CWT_PRE_PERIOD,envelope,CWT_pyBOAT,pre_period_hours,eligible,DRG,250811::8C-2ML4_Raw.csv,8C-2ML4,absolute_error_hours,hours,0.05594776280504021,0.05762150530583021,0.05594776280504199,0.0004919703412191723,0.0004919703412191723,0.0,1.0,1.0,1.0,1.0,1.0,1.0,10
ENV_CWT_PRE_PERIOD,envelope,CWT_pyBOAT,pre_period_hours,eligible,DRG,250811::8D-2MT7_Raw.csv,8D-2MT7,absolute_error_hours,hours,0.018390559315314192,0.018390559315314192,0.018390559315314192,0.0,0.0,0.0,1.0,1.0,1.0,1.0,1.0,1.0,10
ENV_CWT_PRE_PERIOD,envelope,CWT_pyBOAT,pre_period_hours,eligible,DRG,251003::2B- 1MT7_Raw.csv,2B- 1MT7,absolute_error_hours,hours,0.03781126669029611,0.037798696953155186,0.03781126669029433,0.0,3.552713678800501e-15,0.0,1.0,1.0,1.0,1.0,1.0,1.0,10
ENV_CWT_PRE_PERIOD,envelope,CWT_pyBOAT,pre_period_hours,eligible,SCN,250625 to 250728::1C-SCN_Raw.csv,1C-SCN,absolute_error_hours,hours,0.017933162148230153,0.05479132492487615,0.017933162148230153,0.0392308910557837,0.0392308910557837,0.0,1.0,1.0,1.0,1.0,1.0,1.0,10
ENV_CWT_PRE_PERIOD,envelope,CWT_pyBOAT,pre_period_hours,eligible,SCN,250625 to 250728::6C-SCNmm1_Raw.csv,6C-SCNmm1,absolute_error_hours,hours,0.014466949054078526,0.06467269920047869,0.014466949054078526,0.05899363960698878,0.05899363960698878,0.0,1.0,1.0,1.0,1.0,1.0,1.0,10
ENV_CWT_PRE_PERIOD,envelope,CWT_pyBOAT,pre_period_hours,eligible,SCN,250625 to 250728::7A-SCNmm2_Raw.csv,7A-SCNmm2,absolute_error_hours,hours,0.013622297480136325,0.12280954202189243,0.013622297480136325,0.10899257503300497,0.10899257503300497,0.0,1.0,1.0,1.0,1.0,1.0,1.0,10
ENV_CWT_PRE_PERIOD,envelope,CWT_pyBOAT,pre_period_hours,eligible,SCN,250625 to 250728::7B-SCNcm2_Raw.csv,7B-SCNcm2,absolute_error_hours,hours,0.021653247443406798,0.07715083798386324,0.021653247443406798,0.061626523301299585,0.061626523301299585,0.0,1.0,1.0,1.0,1.0,1.0,1.0,10
ENV_CWT_PRE_PERIOD,envelope,CWT_pyBOAT,pre_period_hours,eligible,SCN,250728::6A-SCNrM1_Raw.csv,6A-SCNrM1,absolute_error_hours,hours,0.024951219499556032,0.050593450885552116,0.024951219499556032,0.030835142977135632,0.030835142977135632,0.0,1.0,1.0,1.0,1.0,1.0,1.0,10
ENV_CWT_PRE_PERIOD,envelope,CWT_pyBOAT,pre_period_hours,eligible,SCN,250728::6B-SCNrM2_Raw.csv,6B-SCNrM2,absolute_error_hours,hours,0.015004712646502938,0.12221278893084353,0.015004712646502938,0.10552763819095645,0.10552763819095645,0.0,1.0,1.0,1.0,1.0,1.0,1.0,10
ENV_CWT_PRE_PERIOD,envelope,CWT_pyBOAT,pre_period_hours,eligible,SCN,250728::7A-SCNcM1_Raw.csv,7A-SCNcM1,absolute_error_hours,hours,0.010196256635227385,0.06302228704964463,0.010196256635227385,0.05569281530531356,0.05569281530531356,0.0,1.0,1.0,1.0,1.0,1.0,1.0,10
ENV_CWT_PRE_PERIOD,envelope,CWT_pyBOAT,pre_period_hours,eligible,SCN,250728::7B-SCNcM2_Raw.csv,7B-SCNcM2,absolute_error_hours,hours,0.020397361922983137,0.10212515600907324,0.020397361922983137,0.071128690678945,0.071128690678945,0.0,1.0,1.0,1.0,1.0,1.0,1.0,10
ENV_CWT_PRE_PERIOD,envelope,CWT_pyBOAT,pre_period_hours,eligible,SCN,250811::1A-1FSCN_Raw.csv,1A-1FSCN,absolute_error_hours,hours,0.01153088135605529,0.052821456662897504,0.01153088135605529,0.03529115453182641,0.03529115453182641,0.0,1.0,1.0,1.0,1.0,1.0,1.0,10
ENV_CWT_PRE_PERIOD,envelope,CWT_pyBOAT,pre_period_hours,eligible,SCN,250811::1B-2MSCN_Raw.csv,1B-2MSCN,absolute_error_hours,hours,0.024492004427198566,0.045859754366770034,0.024492004427198566,0.021367749939571468,0.021367749939571468,0.0,1.0,1.0,1.0,1.0,1.0,1.0,10
ENV_CWT_PRE_PERIOD,envelope,CWT_pyBOAT,pre_period_hours,eligible,SCN,250811::1C-3FSCN_Raw.csv,1C-3FSCN,absolute_error_hours,hours,0.016736853805840113,0.019761594815600247,0.016736853805840113,0.0,0.0,0.0,1.0,1.0,1.0,1.0,1.0,1.0,10
ENV_CWT_PRE_PERIOD,envelope,CWT_pyBOAT,pre_period_hours,eligible,SCN,250811::1D-4FSCN_Raw.csv,1D-4FSCN,absolute_error_hours,hours,0.015254569688057273,0.049051011927867094,0.015254569688057273,0.02775026506176559,0.02775026506176559,0.0,1.0,1.0,1.0,1.0,1.0,1.0,10
ENV_CWT_PRE_PERIOD,envelope,CWT_pyBOAT,pre_period_hours,eligible,SCN,251003::2A- M1SCn_Raw.csv,2A- M1SCn,absolute_error_hours,hours,0.0221238381544282,0.06620683604934463,0.0221238381544282,0.04550725656253185,0.04550725656253185,0.0,1.0,1.0,1.0,1.0,1.0,1.0,10
ENV_CWT_PRE_PERIOD,envelope,CWT_pyBOAT,pre_period_hours,eligible,SCN,251003::4B-M3SCN_Raw.csv,4B-M3SCN,absolute_error_hours,hours,0.021063948921701936,0.013441867002510932,0.021063948921701936,-0.006852833625561772,-0.006852833625561772,0.0,1.0,1.0,1.0,1.0,1.0,1.0,10
ENV_CWT_PRE_PERIOD,envelope,CWT_pyBOAT,pre_period_hours,ineligible,DRG,250625 to 250728::5A-T10m1_Raw.csv,5A-T10m1,absolute_error_hours,hours,0.050086358535713416,0.06947836613600344,0.05008635853571164,0.019186843307446466,0.019186843307446466,0.0,1.0,1.0,1.0,1.0,1.0,1.0,10
ENV_HILBERT_PHASE,envelope,Hilbert,phase_shift_hours,difficult,DRG,250625 to 250728::1D-L2m2_Raw.csv,1D-L2m2,circular_absolute_error_radians,radians,0.23949066021344656,2.6997256182026517,0.23949066021344656,2.4450783275659287,2.4450783275659287,0.0,1.0,1.0,1.0,1.0,1.0,1.0,10
ENV_HILBERT_PHASE,envelope,Hilbert,phase_shift_hours,difficult,DRG,250625 to 250728::4B-T12m2_Raw.csv,4B-T12m2,circular_absolute_error_radians,radians,0.16617246445955103,0.3878543696076411,0.16617246445955103,0.26800988465523234,0.26800988465523234,0.0,1.0,1.0,1.0,1.0,1.0,1.0,10
ENV_HILBERT_PHASE,envelope,Hilbert,phase_shift_hours,difficult,DRG,250625 to 250728::5C-T12_Raw.csv,5C-T12,circular_absolute_error_radians,radians,0.22187991995182665,0.5024911971986228,0.2218799199518231,0.24676573189585183,0.24676573189583761,0.0,1.0,1.0,1.0,1.0,1.0,1.0,10
ENV_HILBERT_PHASE,envelope,Hilbert,phase_shift_hours,difficult,DRG,250625 to 250728::8A-L3_Raw.csv,8A-L3,circular_absolute_error_radians,radians,0.34693882810437193,1.815542900290175,0.3469388281043826,1.470135110450606,1.4701351104505989,1.4210854715202004e-14,1.0,1.0,1.0,1.0,1.0,1.0,10
ENV_HILBERT_PHASE,envelope,Hilbert,phase_shift_hours,difficult,DRG,250811::2C-2ML1_Raw.csv,2C-2ML1,circular_absolute_error_radians,radians,0.3313754328459848,1.2439914555212428,0.331375432845999,0.9290114983377116,0.9290114983377187,0.0,1.0,1.0,1.0,1.0,1.0,1.0,10
ENV_HILBERT_PHASE,envelope,Hilbert,phase_shift_hours,difficult,DRG,250811::5A-2ML2_Raw.csv,5A-2ML2,circular_absolute_error_radians,radians,0.3767375604694536,1.0907022125255081,0.3767375604695036,0.7220948954248776,0.7220948954248776,0.0,1.0,1.0,1.0,1.0,1.0,1.0,10
ENV_HILBERT_PHASE,envelope,Hilbert,phase_shift_hours,difficult,DRG,250811::7C-1FT12_Raw.csv,7C-1FT12,circular_absolute_error_radians,radians,0.0938720998238316,0.9583099702970428,0.0938720998238387,0.8644378704732112,0.8644378704732041,2.220446049250313e-16,1.0,1.0,1.0,1.0,1.0,1.0,10
ENV_HILBERT_PHASE,envelope,Hilbert,phase_shift_hours,difficult,DRG,250811::8A-1FT5_Raw.csv,8A-1FT5,circular_absolute_error_radians,radians,0.20592286649004854,0.19935401907878436,0.20592286649004854,-0.0068542193413350105,-0.0068542193413350105,0.0,1.0,1.0,1.0,1.0,1.0,1.0,10
ENV_HILBERT_PHASE,envelope,Hilbert,phase_shift_hours,difficult,DRG,251003::2C- M1L1_Raw.csv,2C- M1L1,circular_absolute_error_radians,radians,0.3374543410536157,0.3498435802962594,0.3374543410536157,0.009035968871426547,0.009035968871426547,0.0,1.0,1.0,1.0,1.0,1.0,1.0,10
ENV_HILBERT_PHASE,envelope,Hilbert,phase_shift_hours,difficult,DRG,251003::2D- M1L4_Raw.csv,2D- M1L4,circular_absolute_error_radians,radians,0.26605868046735637,2.3712721227540836,0.2660586804673777,2.105486326018287,2.1054863260182977,0.0,1.0,1.0,1.0,1.0,1.0,1.0,10
ENV_HILBERT_PHASE,envelope,Hilbert,phase_shift_hours,difficult,SCN,250728::6A-SCNrM1_Raw.csv,6A-SCNrM1,circular_absolute_error_radians,radians,0.15709263335806867,0.07900440375621942,0.1570926333580971,-0.07453586995968564,-0.07453586995971406,0.0,1.0,1.0,1.0,1.0,1.0,1.0,10
ENV_HILBERT_PHASE,envelope,Hilbert,phase_shift_hours,eligible,DRG,250625 to 250728::1B-L1m2_Raw.csv,1B-L1m2,circular_absolute_error_radians,radians,0.36658738501804766,0.5091787991312009,0.3665873850180086,0.1498602536603213,0.14986025366033928,-2.1316282072803006e-14,1.0,1.0,1.0,1.0,1.0,1.0,10
ENV_HILBERT_PHASE,envelope,Hilbert,phase_shift_hours,eligible,DRG,250625 to 250728::2C-L3m2_Raw.csv,2C-L3m2,circular_absolute_error_radians,radians,0.1984691387782347,0.22539675416389793,0.19846913877823447,0.02665986427571787,0.026659864275718093,0.0,1.0,1.0,1.0,1.0,1.0,1.0,10
ENV_HILBERT_PHASE,envelope,Hilbert,phase_shift_hours,eligible,DRG,250625 to 250728::3A-L5m2_Raw.csv,3A-L5m2,circular_absolute_error_radians,radians,0.32138876246553316,0.3517093831699243,0.32138876246553316,0.03248841022870863,0.03248841022870863,0.0,1.0,1.0,1.0,1.0,1.0,1.0,10
ENV_HILBERT_PHASE,envelope,Hilbert,phase_shift_hours,eligible,DRG,250625 to 250728::3B-T10m2_Raw.csv,3B-T10m2,circular_absolute_error_radians,radians,0.2035026942687399,0.18637801435093437,0.2035026942687399,-0.06406323507650935,-0.06406323507650935,0.0,1.0,1.0,1.0,1.0,1.0,1.0,10
ENV_HILBERT_PHASE,envelope,Hilbert,phase_shift_hours,eligible,DRG,250625 to 250728::4C-T5m1_Raw.csv,4C-T5m1,circular_absolute_error_radians,radians,0.09112200742681709,0.11073466132370569,0.09112200742681709,0.020856035106365578,0.020856035106365578,0.0,1.0,1.0,1.0,1.0,1.0,1.0,10
ENV_HILBERT_PHASE,envelope,Hilbert,phase_shift_hours,eligible,DRG,250625 to 250728::4D-T7m1_Raw.csv,4D-T7m1,circular_absolute_error_radians,radians,0.38569423562612726,0.7830587001976643,0.3856942356261377,0.3951552072248141,0.3951552072247786,0.0,1.0,1.0,1.0,1.0,1.0,1.0,10
ENV_HILBERT_PHASE,envelope,Hilbert,phase_shift_hours,eligible,DRG,250625 to 250728::5B-T12m2_Raw.csv,5B-T12m2,circular_absolute_error_radians,radians,0.22439631902104384,0.22355436314361876,0.22439631902099055,-0.00024289708384728215,-0.00024289708384728215,0.0,1.0,1.0,1.0,1.0,1.0,1.0,10
ENV_HILBERT_PHASE,envelope,Hilbert,phase_shift_hours,eligible,DRG,250625 to 250728::5D-T10_Raw.csv,5D-T10,circular_absolute_error_radians,radians,0.1760121090520652,0.1218827920343366,0.17601210905206544,-0.053096955877218965,-0.053096955877233176,0.0,1.0,1.0,1.0,1.0,1.0,1.0,10
ENV_HILBERT_PHASE,envelope,Hilbert,phase_shift_hours,eligible,DRG,250625 to 250728::6A-T7_Raw.csv,6A-T7,circular_absolute_error_radians,radians,0.2286779687069056,0.2667778064926387,0.2286779687069056,0.038099837785733115,0.038099837785733115,0.0,1.0,1.0,1.0,1.0,1.0,1.0,10
ENV_HILBERT_PHASE,envelope,Hilbert,phase_shift_hours,eligible,DRG,250625 to 250728::6B-T5_Raw.csv,6B-T5,circular_absolute_error_radians,radians,0.33289115117826773,0.3509933615081722,0.3328911511782784,0.0192762294134603,0.0192762294134603,0.0,1.0,1.0,1.0,1.0,1.0,1.0,10
ENV_HILBERT_PHASE,envelope,Hilbert,phase_shift_hours,eligible,DRG,250625 to 250728::7C-L1_Raw.csv,7C-L1,circular_absolute_error_radians,radians,0.234354143520058,0.4172510427117795,0.23435414352001538,0.18289689919172147,0.1828968991917641,0.0,1.0,1.0,1.0,1.0,1.0,1.0,10
ENV_HILBERT_PHASE,envelope,Hilbert,phase_shift_hours,eligible,DRG,250625 to 250728::7D-L2_Raw.csv,7D-L2,circular_absolute_error_radians,radians,0.3355837131690371,1.122994947679568,0.3355837131690371,0.7908131203185356,0.7908131203185249,0.0,1.0,1.0,1.0,1.0,1.0,1.0,10
ENV_HILBERT_PHASE,envelope,Hilbert,phase_shift_hours,eligible,DRG,250625 to 250728::8B-L2m1_Raw.csv,8B-L2m1,circular_absolute_error_radians,radians,0.1310095955297823,0.2756424416759191,0.1310095955297823,0.14264728199428234,0.14264728199428234,0.0,1.0,1.0,1.0,1.0,1.0,1.0,10
ENV_HILBERT_PHASE,envelope,Hilbert,phase_shift_hours,eligible,DRG,250625 to 250728::8C-L3m1_Raw.csv,8C-L3m1,circular_absolute_error_radians,radians,0.31760720680091903,0.3674650999782727,0.3176072068009119,0.04825060906713219,0.048250609067139294,0.0,1.0,1.0,1.0,1.0,1.0,1.0,10
ENV_HILBERT_PHASE,envelope,Hilbert,phase_shift_hours,eligible,DRG,250625 to 250728::8D-L4-1m1_Raw.csv,8D-L4-1m1,circular_absolute_error_radians,radians,0.38412732012961603,0.6377607148091644,0.38412732012961603,0.2521904112274953,0.2521904112274953,0.0,1.0,1.0,1.0,1.0,1.0,1.0,10
ENV_HILBERT_PHASE,envelope,Hilbert,phase_shift_hours,eligible,DRG,250811::2D-1FL2_Raw.csv,2D-1FL2,circular_absolute_error_radians,radians,0.3070115806116942,0.3148684149025385,0.3070115806116911,0.007744114359145238,0.007744114359145238,0.0,1.0,1.0,1.0,1.0,1.0,1.0,10
ENV_HILBERT_PHASE,envelope,Hilbert,phase_shift_hours,eligible,DRG,250811::3A-1FL4_Raw.csv,3A-1FL4,circular_absolute_error_radians,radians,0.41412638083427544,0.4472621181711025,0.4141263808342752,0.017477024642570393,0.01747702464257017,0.0,1.0,1.0,1.0,1.0,1.0,1.0,10
ENV_HILBERT_PHASE,envelope,Hilbert,phase_shift_hours,eligible,DRG,250811::3D-1FT10_Raw.csv,3D-1FT10,circular_absolute_error_radians,radians,0.14440376080652206,0.6758036664714062,0.14440376080652917,0.558396965648619,0.5583969656486119,0.0,1.0,1.0,1.0,1.0,1.0,1.0,10
ENV_HILBERT_PHASE,envelope,Hilbert,phase_shift_hours,eligible,DRG,250811::4A-2MT10_Raw.csv,4A-2MT10,circular_absolute_error_radians,radians,0.1060414853984406,0.0453950165630832,0.10604148539842284,-0.06473514998185026,-0.0647351499818396,0.0,1.0,1.0,1.0,1.0,1.0,1.0,10
ENV_HILBERT_PHASE,envelope,Hilbert,phase_shift_hours,eligible,DRG,250811::4C-2MT5_Raw.csv,4C-2MT5,circular_absolute_error_radians,radians,0.3853742013147716,2.3138517013419637,0.3853742013147716,1.940217223513688,1.940217223513713,0.0,1.0,1.0,1.0,1.0,1.0,1.0,10
ENV_HILBERT_PHASE,envelope,Hilbert,phase_shift_hours,eligible,DRG,250811::4D-1FL4_Raw.csv,4D-1FL4,circular_absolute_error_radians,radians,0.27617284312091517,0.2979659035682749,0.2761728431209267,0.021505294285554033,0.021505294285521614,4.440892098500626e-16,1.0,1.0,1.0,1.0,1.0,1.0,10
ENV_HILBERT_PHASE,envelope,Hilbert,phase_shift_hours,eligible,DRG,250811::5C-1FT7_Raw.csv,5C-1FT7,circular_absolute_error_radians,radians,0.3444720630813005,0.5093844056326542,0.3444720630812721,0.16825516051505574,0.16825516051508416,0.0,1.0,1.0,1.0,1.0,1.0,1.0,10
ENV_HILBERT_PHASE,envelope,Hilbert,phase_shift_hours,eligible,DRG,250811::6A-1FL1_Raw.csv,6A-1FL1,circular_absolute_error_radians,radians,0.3465875350994274,2.563166862789055,0.3465875350994274,2.2201081201354,2.220108120135386,0.0,1.0,1.0,1.0,1.0,1.0,1.0,10
ENV_HILBERT_PHASE,envelope,Hilbert,phase_shift_hours,eligible,DRG,250811::6B-2ML3_Raw.csv,6B-2ML3,circular_absolute_error_radians,radians,0.2749101653241499,0.25628433653240923,0.2749101653241499,-0.018625828791740684,-0.018625828791740684,0.0,1.0,1.0,1.0,1.0,1.0,1.0,10
ENV_HILBERT_PHASE,envelope,Hilbert,phase_shift_hours,eligible,DRG,250811::7D-2MT12_Raw.csv,7D-2MT12,circular_absolute_error_radians,radians,0.30249589120163645,0.32525678439457106,0.30249589120163645,0.022760893192934617,0.022760893192934617,0.0,1.0,1.0,1.0,1.0,1.0,1.0,10
ENV_HILBERT_PHASE,envelope,Hilbert,phase_shift_hours,eligible,DRG,250811::8C-2ML4_Raw.csv,8C-2ML4,circular_absolute_error_radians,radians,0.14085692224125368,0.050467161133537886,0.14085692224125368,-0.0864902260113527,-0.0864902260113527,0.0,1.0,1.0,1.0,1.0,1.0,1.0,10
ENV_HILBERT_PHASE,envelope,Hilbert,phase_shift_hours,eligible,DRG,250811::8D-2MT7_Raw.csv,8D-2MT7,circular_absolute_error_radians,radians,0.2145459701805812,0.19885600518615032,0.21454597018057786,-0.017375620472030784,-0.01737562047202723,-3.3306690738754696e-15,1.0,1.0,1.0,1.0,1.0,1.0,10
ENV_HILBERT_PHASE,envelope,Hilbert,phase_shift_hours,eligible,DRG,251003::2B- 1MT7_Raw.csv,2B- 1MT7,circular_absolute_error_radians,radians,0.3527956231469247,0.3798073980982357,0.3527956231469318,0.01424190151950433,0.014241901519504552,0.0,1.0,1.0,1.0,1.0,1.0,1.0,10
ENV_HILBERT_PHASE,envelope,Hilbert,phase_shift_hours,eligible,SCN,250625 to 250728::1C-SCN_Raw.csv,1C-SCN,circular_absolute_error_radians,radians,0.09266259446381087,0.21709152464051473,0.09266259446382508,0.1205270561397751,0.12052705613975379,7.105427357601002e-15,1.0,1.0,1.0,1.0,1.0,1.0,10
ENV_HILBERT_PHASE,envelope,Hilbert,phase_shift_hours,eligible,SCN,250625 to 250728::6C-SCNmm1_Raw.csv,6C-SCNmm1,circular_absolute_error_radians,radians,0.0730187670343816,0.17623071551456881,0.0730187670343816,0.10051455170353307,0.10051455170353307,0.0,1.0,1.0,1.0,1.0,1.0,1.0,10
ENV_HILBERT_PHASE,envelope,Hilbert,phase_shift_hours,eligible,SCN,250625 to 250728::7A-SCNmm2_Raw.csv,7A-SCNmm2,circular_absolute_error_radians,radians,0.0755030037466804,0.6535793827399834,0.0755030037466804,0.5724089765101734,0.5724089765101734,0.0,1.0,1.0,1.0,1.0,1.0,1.0,10
ENV_HILBERT_PHASE,envelope,Hilbert,phase_shift_hours,eligible,SCN,250625 to 250728::7B-SCNcm2_Raw.csv,7B-SCNcm2,circular_absolute_error_radians,radians,0.07392284877373578,0.16504222795603907,0.07392284877374644,0.09073783521977052,0.09073783521975987,0.0,1.0,1.0,1.0,1.0,1.0,1.0,10
ENV_HILBERT_PHASE,envelope,Hilbert,phase_shift_hours,eligible,SCN,250728::6B-SCNrM2_Raw.csv,6B-SCNrM2,circular_absolute_error_radians,radians,0.11564045931594502,0.2424386971275836,0.11564045931594502,0.12808531612907692,0.12808531612907692,0.0,1.0,1.0,1.0,1.0,1.0,1.0,10
ENV_HILBERT_PHASE,envelope,Hilbert,phase_shift_hours,eligible,SCN,250728::7A-SCNcM1_Raw.csv,7A-SCNcM1,circular_absolute_error_radians,radians,0.08313668537453633,0.15926871976863355,0.08313668537454699,0.07268695799133695,0.0726869579913334,0.0,1.0,1.0,1.0,1.0,1.0,1.0,10
ENV_HILBERT_PHASE,envelope,Hilbert,phase_shift_hours,eligible,SCN,250728::7B-SCNcM2_Raw.csv,7B-SCNcM2,circular_absolute_error_radians,radians,0.0661465761227813,0.31588494848661,0.06614657612275288,0.24602715028654965,0.24602715028657451,-2.220446049250313e-16,1.0,1.0,1.0,1.0,1.0,1.0,10
ENV_HILBERT_PHASE,envelope,Hilbert,phase_shift_hours,eligible,SCN,250811::1A-1FSCN_Raw.csv,1A-1FSCN,circular_absolute_error_radians,radians,0.21867462241812285,0.03381727882775021,0.21867462241814417,-0.18424093476598635,-0.18424093476598635,0.0,1.0,1.0,1.0,1.0,1.0,1.0,10
ENV_HILBERT_PHASE,envelope,Hilbert,phase_shift_hours,eligible,SCN,250811::1B-2MSCN_Raw.csv,1B-2MSCN,circular_absolute_error_radians,radians,0.20643795089307537,0.0827575461082306,0.20643795089308248,-0.12316258070827502,-0.12316258070826436,0.0,1.0,1.0,1.0,1.0,1.0,1.0,10
ENV_HILBERT_PHASE,envelope,Hilbert,phase_shift_hours,eligible,SCN,250811::1C-3FSCN_Raw.csv,1C-3FSCN,circular_absolute_error_radians,radians,0.1704743223449321,0.13093129428992345,0.17047432234491078,-0.041043176884048904,-0.04104317688402048,0.0,1.0,1.0,1.0,1.0,1.0,1.0,10
ENV_HILBERT_PHASE,envelope,Hilbert,phase_shift_hours,eligible,SCN,250811::1D-4FSCN_Raw.csv,1D-4FSCN,circular_absolute_error_radians,radians,0.16119841422887582,0.0811945357579027,0.16119841422887227,-0.080371437613735,-0.080371437613735,0.0,1.0,1.0,1.0,1.0,1.0,1.0,10
ENV_HILBERT_PHASE,envelope,Hilbert,phase_shift_hours,eligible,SCN,251003::2A- M1SCn_Raw.csv,2A- M1SCn,circular_absolute_error_radians,radians,0.05448952846486188,0.09854016861883919,0.0544895284648228,0.04461638280648472,0.04461638280650604,-3.552713678800501e-15,1.0,1.0,1.0,1.0,1.0,1.0,10
ENV_HILBERT_PHASE,envelope,Hilbert,phase_shift_hours,eligible,SCN,251003::4B-M3SCN_Raw.csv,4B-M3SCN,circular_absolute_error_radians,radians,0.19851955238274344,0.1352220158828854,0.19851955238274344,-0.05952085153395359,-0.05952085153395359,0.0,1.0,1.0,1.0,1.0,1.0,1.0,10
ENV_HILBERT_PHASE,envelope,Hilbert,phase_shift_hours,ineligible,DRG,250625 to 250728::5A-T10m1_Raw.csv,5A-T10m1,circular_absolute_error_radians,radians,0.3021299844038692,0.5837422682448907,0.3021299844038694,0.2886391222805038,0.2886391222805038,0.0,1.0,1.0,1.0,1.0,1.0,1.0,10
ENV_HILBERT_POST_PERIOD,envelope,Hilbert,post_period_hours,difficult,DRG,250625 to 250728::1D-L2m2_Raw.csv,1D-L2m2,absolute_error_hours,hours,0.16217995621904713,0.24602402541364654,0.16217995621904535,0.0847529774484812,0.08475297744921662,0.0,1.0,1.0,1.0,1.0,1.0,1.0,10
ENV_HILBERT_POST_PERIOD,envelope,Hilbert,post_period_hours,difficult,DRG,250625 to 250728::8A-L3_Raw.csv,8A-L3,absolute_error_hours,hours,0.05837036804609674,0.07820677649513641,0.05837036804609319,0.02458149036010404,0.024581490360107594,0.0,1.0,1.0,1.0,1.0,1.0,1.0,10
ENV_HILBERT_POST_PERIOD,envelope,Hilbert,post_period_hours,difficult,SCN,250728::6A-SCNrM1_Raw.csv,6A-SCNrM1,absolute_error_hours,hours,0.3745380396546132,1.910691628431973,0.3745380396546132,1.5361535887773599,1.5361535887773599,0.0,1.0,1.0,1.0,1.0,1.0,1.0,10
ENV_HILBERT_POST_PERIOD,envelope,Hilbert,post_period_hours,eligible,DRG,250625 to 250728::1B-L1m2_Raw.csv,1B-L1m2,absolute_error_hours,hours,0.1952381188201997,0.04963364074141907,0.1952381188201997,-0.14549965506366647,-0.14549965506366647,0.0,1.0,1.0,1.0,1.0,1.0,1.0,10
ENV_HILBERT_POST_PERIOD,envelope,Hilbert,post_period_hours,eligible,DRG,250625 to 250728::2C-L3m2_Raw.csv,2C-L3m2,absolute_error_hours,hours,0.1365091235187137,0.1134928645926383,0.1365091235187137,-0.02219542844779454,-0.02219542844779454,0.0,1.0,1.0,1.0,1.0,1.0,1.0,10
ENV_HILBERT_POST_PERIOD,envelope,Hilbert,post_period_hours,eligible,DRG,250625 to 250728::3A-L5m2_Raw.csv,3A-L5m2,absolute_error_hours,hours,0.0961759252136023,0.12327708302668405,0.0961759252136023,0.027547283650541488,0.027547283650541488,0.0,1.0,1.0,1.0,1.0,1.0,1.0,10
ENV_HILBERT_POST_PERIOD,envelope,Hilbert,post_period_hours,eligible,DRG,250625 to 250728::3B-T10m2_Raw.csv,3B-T10m2,absolute_error_hours,hours,0.08046362805995422,0.0754215089572785,0.08046362806060259,0.004426130982823295,0.004426130982823295,0.0,1.0,1.0,1.0,1.0,1.0,1.0,10
ENV_HILBERT_POST_PERIOD,envelope,Hilbert,post_period_hours,eligible,DRG,250625 to 250728::4B-T12m2_Raw.csv,4B-T12m2,absolute_error_hours,hours,0.11820284182127772,0.054378017021770475,0.11820284182127772,-0.060639336038057934,-0.06063933603805971,0.0,1.0,1.0,1.0,1.0,1.0,1.0,10
ENV_HILBERT_POST_PERIOD,envelope,Hilbert,post_period_hours,eligible,DRG,250625 to 250728::4C-T5m1_Raw.csv,4C-T5m1,absolute_error_hours,hours,0.21386498139732701,0.05953040761029271,0.21386498139732701,-0.1544940345533572,-0.1544940345533572,0.0,1.0,1.0,1.0,1.0,1.0,1.0,10
ENV_HILBERT_POST_PERIOD,envelope,Hilbert,post_period_hours,eligible,DRG,250625 to 250728::4D-T7m1_Raw.csv,4D-T7m1,absolute_error_hours,hours,0.09888968294450251,0.15442071024703452,0.09888968294450251,0.05453143231868296,0.05453143231868296,0.0,1.0,1.0,1.0,1.0,1.0,1.0,10
ENV_HILBERT_POST_PERIOD,envelope,Hilbert,post_period_hours,eligible,DRG,250625 to 250728::5B-T12m2_Raw.csv,5B-T12m2,absolute_error_hours,hours,0.062196452052990736,0.10011207229884533,0.06219645205363733,0.04297496516872812,0.042974965168081525,0.0,1.0,1.0,1.0,1.0,1.0,1.0,10
ENV_HILBERT_POST_PERIOD,envelope,Hilbert,post_period_hours,eligible,DRG,250625 to 250728::5C-T12_Raw.csv,5C-T12,absolute_error_hours,hours,0.2197196381721671,0.10349816744914797,0.21971963817216889,-0.11477422051415331,-0.11477422051415509,0.0,1.0,1.0,1.0,1.0,1.0,1.0,10
ENV_HILBERT_POST_PERIOD,envelope,Hilbert,post_period_hours,eligible,DRG,250625 to 250728::5D-T10_Raw.csv,5D-T10,absolute_error_hours,hours,0.17356684223105212,0.21083585501834712,0.1735668422310539,0.037214655875972724,0.03721465587597095,0.0,1.0,1.0,1.0,1.0,1.0,1.0,10
ENV_HILBERT_POST_PERIOD,envelope,Hilbert,post_period_hours,eligible,DRG,250625 to 250728::6A-T7_Raw.csv,6A-T7,absolute_error_hours,hours,0.20193839121440327,0.18704442578822622,0.20193839121440327,-0.013086399968042173,-0.013086399968042173,0.0,1.0,1.0,1.0,1.0,1.0,1.0,10
ENV_HILBERT_POST_PERIOD,envelope,Hilbert,post_period_hours,eligible,DRG,250625 to 250728::6B-T5_Raw.csv,6B-T5,absolute_error_hours,hours,0.1014960426730962,0.21552712745394587,0.10149604267309797,0.12137676979342515,0.12137676979342515,0.0,1.0,1.0,1.0,1.0,1.0,1.0,10
ENV_HILBERT_POST_PERIOD,envelope,Hilbert,post_period_hours,eligible,DRG,250625 to 250728::7C-L1_Raw.csv,7C-L1,absolute_error_hours,hours,0.055533439345587965,0.036460044035603545,0.055533439345587965,-0.00979050187114261,-0.009790501871139057,0.0,1.0,1.0,1.0,1.0,1.0,1.0,10
ENV_HILBERT_POST_PERIOD,envelope,Hilbert,post_period_hours,eligible,DRG,250625 to 250728::7D-L2_Raw.csv,7D-L2,absolute_error_hours,hours,0.20164813131941095,0.15714751525013781,0.20164813131941095,-0.04332034284138864,-0.04332034284138864,0.0,1.0,1.0,1.0,1.0,1.0,1.0,10
ENV_HILBERT_POST_PERIOD,envelope,Hilbert,post_period_hours,eligible,DRG,250625 to 250728::8B-L2m1_Raw.csv,8B-L2m1,absolute_error_hours,hours,0.16612866580482866,0.09816612534330638,0.16612866580483043,-0.05763613613400409,-0.057636136134002314,0.0,1.0,1.0,1.0,1.0,1.0,1.0,10
ENV_HILBERT_POST_PERIOD,envelope,Hilbert,post_period_hours,eligible,DRG,250625 to 250728::8C-L3m1_Raw.csv,8C-L3m1,absolute_error_hours,hours,0.09912200227035761,0.051129953854248456,0.09912200227035761,-0.040728913912355225,-0.04072891391235345,0.0,1.0,1.0,1.0,1.0,1.0,1.0,10
ENV_HILBERT_POST_PERIOD,envelope,Hilbert,post_period_hours,eligible,DRG,250625 to 250728::8D-L4-1m1_Raw.csv,8D-L4-1m1,absolute_error_hours,hours,0.23522094525137938,0.1888849086097757,0.23522094525062798,-0.046336036641603684,-0.046336036640852285,0.0,1.0,1.0,1.0,1.0,1.0,1.0,10
ENV_HILBERT_POST_PERIOD,envelope,Hilbert,post_period_hours,eligible,DRG,250811::2C-2ML1_Raw.csv,2C-2ML1,absolute_error_hours,hours,0.23599852323282633,0.470632343341558,0.23599852323282455,0.23682750769472705,0.23682750769472882,0.0,1.0,1.0,1.0,1.0,1.0,1.0,10
ENV_HILBERT_POST_PERIOD,envelope,Hilbert,post_period_hours,eligible,DRG,250811::2D-1FL2_Raw.csv,2D-1FL2,absolute_error_hours,hours,0.3132671124636346,0.34223849108876436,0.3132671124636346,0.029452593551644313,0.0294525935523815,0.0,1.0,1.0,1.0,1.0,1.0,1.0,10
ENV_HILBERT_POST_PERIOD,envelope,Hilbert,post_period_hours,eligible,DRG,250811::3A-1FL4_Raw.csv,3A-1FL4,absolute_error_hours,hours,0.08826045009115546,0.3650266101088757,0.08826045009115546,0.18775617454592464,0.18775617454592464,0.0,1.0,1.0,1.0,1.0,1.0,1.0,10
ENV_HILBERT_POST_PERIOD,envelope,Hilbert,post_period_hours,eligible,DRG,250811::3D-1FT10_Raw.csv,3D-1FT10,absolute_error_hours,hours,0.3166504871928204,0.3551749083591371,0.3166504871928204,0.03705442613451737,0.037054426134515595,0.0,1.0,1.0,1.0,1.0,1.0,1.0,10
ENV_HILBERT_POST_PERIOD,envelope,Hilbert,post_period_hours,eligible,DRG,250811::4A-2MT10_Raw.csv,4A-2MT10,absolute_error_hours,hours,0.2237630152376724,0.3352205502181249,0.22376301523767417,0.11239112986944377,0.11239112987013478,0.0,1.0,1.0,1.0,1.0,1.0,1.0,10
ENV_HILBERT_POST_PERIOD,envelope,Hilbert,post_period_hours,eligible,DRG,250811::4C-2MT5_Raw.csv,4C-2MT5,absolute_error_hours,hours,0.34866560061228746,0.927803666016839,0.34866560061228746,0.5783281185210374,0.5783281185210374,0.0,1.0,1.0,1.0,1.0,1.0,1.0,10
ENV_HILBERT_POST_PERIOD,envelope,Hilbert,post_period_hours,eligible,DRG,250811::4D-1FL4_Raw.csv,4D-1FL4,absolute_error_hours,hours,0.31180843310010076,0.393322852248696,0.31180843309789097,0.08753418139336766,0.08753418139336766,0.0,1.0,1.0,1.0,1.0,1.0,1.0,10
ENV_HILBERT_POST_PERIOD,envelope,Hilbert,post_period_hours,eligible,DRG,250811::5A-2ML2_Raw.csv,5A-2ML2,absolute_error_hours,hours,0.35638904570329544,0.3798800038377941,0.35638904570329544,0.02349095813449864,0.02349095813449864,0.0,1.0,1.0,1.0,1.0,1.0,1.0,10
ENV_HILBERT_POST_PERIOD,envelope,Hilbert,post_period_hours,eligible,DRG,250811::5C-1FT7_Raw.csv,5C-1FT7,absolute_error_hours,hours,0.26799363460479775,0.34706800912813307,0.26799363460479775,0.08419601789885789,0.08419601789885789,0.0,1.0,1.0,1.0,1.0,1.0,1.0,10
ENV_HILBERT_POST_PERIOD,envelope,Hilbert,post_period_hours,eligible,DRG,250811::6A-1FL1_Raw.csv,6A-1FL1,absolute_error_hours,hours,0.20883174693803852,0.17225263260256618,0.20883174693872775,-0.04698955898269119,-0.04698955898268764,0.0,1.0,1.0,1.0,1.0,1.0,1.0,10
ENV_HILBERT_POST_PERIOD,envelope,Hilbert,post_period_hours,eligible,DRG,250811::6B-2ML3_Raw.csv,6B-2ML3,absolute_error_hours,hours,0.3430265710180329,0.23086177541309816,0.3430265710180329,-0.10619692667365577,-0.10619692667365577,0.0,1.0,1.0,1.0,1.0,1.0,1.0,10
ENV_HILBERT_POST_PERIOD,envelope,Hilbert,post_period_hours,eligible,DRG,250811::7C-1FT12_Raw.csv,7C-1FT12,absolute_error_hours,hours,0.3254006340253781,0.4000777826142876,0.3254006340253799,0.05412787019449006,0.05412787019449006,0.0,1.0,1.0,1.0,1.0,1.0,1.0,10
ENV_HILBERT_POST_PERIOD,envelope,Hilbert,post_period_hours,eligible,DRG,250811::7D-2MT12_Raw.csv,7D-2MT12,absolute_error_hours,hours,0.30864600532396835,1.5643226263887264,0.3086460053239666,1.2596046886891958,1.2596046886891958,0.0,1.0,1.0,1.0,1.0,1.0,1.0,10
ENV_HILBERT_POST_PERIOD,envelope,Hilbert,post_period_hours,eligible,DRG,250811::8A-1FT5_Raw.csv,8A-1FT5,absolute_error_hours,hours,0.28921259017549517,0.4217592984449414,0.2892125901754916,0.13339209278812625,0.13339209278812802,0.0,1.0,1.0,1.0,1.0,1.0,1.0,10
ENV_HILBERT_POST_PERIOD,envelope,Hilbert,post_period_hours,eligible,DRG,250811::8C-2ML4_Raw.csv,8C-2ML4,absolute_error_hours,hours,0.26636272738092437,0.18014886144330333,0.26636272738021916,-0.08776652342089086,-0.08776652342018565,0.0,1.0,1.0,1.0,1.0,1.0,1.0,10
ENV_HILBERT_POST_PERIOD,envelope,Hilbert,post_period_hours,eligible,DRG,250811::8D-2MT7_Raw.csv,8D-2MT7,absolute_error_hours,hours,0.3708715488883598,0.49033863682315726,0.370871548887612,0.11875363687537366,0.1187536368761215,0.0,1.0,1.0,1.0,1.0,1.0,1.0,10
ENV_HILBERT_POST_PERIOD,envelope,Hilbert,post_period_hours,eligible,DRG,251003::2B- 1MT7_Raw.csv,2B- 1MT7,absolute_error_hours,hours,0.07723825060016054,0.10231747806460767,0.07723825060015876,0.02563427275672403,0.025634272755356236,0.0,1.0,1.0,1.0,1.0,1.0,1.0,10
ENV_HILBERT_POST_PERIOD,envelope,Hilbert,post_period_hours,eligible,DRG,251003::2C- M1L1_Raw.csv,2C- M1L1,absolute_error_hours,hours,0.19974442087867494,0.6841733808222035,0.19974442087868027,0.553369999177308,0.5533699991763754,1.7763568394002505e-15,1.0,1.0,1.0,1.0,1.0,1.0,10
ENV_HILBERT_POST_PERIOD,envelope,Hilbert,post_period_hours,eligible,DRG,251003::2D- M1L4_Raw.csv,2D- M1L4,absolute_error_hours,hours,0.1024176385435478,0.06354551668843023,0.1024176385435478,-0.03887212185511757,-0.03887212185511757,0.0,1.0,1.0,1.0,1.0,1.0,1.0,10
ENV_HILBERT_POST_PERIOD,envelope,Hilbert,post_period_hours,eligible,SCN,250625 to 250728::1C-SCN_Raw.csv,1C-SCN,absolute_error_hours,hours,0.1262284585801421,0.32121389591700833,0.12622845858014387,0.1970536807753156,0.1970536807753156,0.0,1.0,1.0,1.0,1.0,1.0,1.0,10
ENV_HILBERT_POST_PERIOD,envelope,Hilbert,post_period_hours,eligible,SCN,250625 to 250728::6C-SCNmm1_Raw.csv,6C-SCNmm1,absolute_error_hours,hours,0.10856862517944066,0.4868371169708201,0.10856862517875676,0.37752707340336933,0.3775270734040532,0.0,1.0,1.0,1.0,1.0,1.0,1.0,10
ENV_HILBERT_POST_PERIOD,envelope,Hilbert,post_period_hours,eligible,SCN,250625 to 250728::7A-SCNmm2_Raw.csv,7A-SCNmm2,absolute_error_hours,hours,0.13606467432398084,1.7445161149042008,0.13606467432397906,1.608304286393821,1.608304286393821,0.0,1.0,1.0,1.0,1.0,1.0,1.0,10
ENV_HILBERT_POST_PERIOD,envelope,Hilbert,post_period_hours,eligible,SCN,250625 to 250728::7B-SCNcm2_Raw.csv,7B-SCNcm2,absolute_error_hours,hours,0.16536082376012828,2.161688834660671,0.1653608237593147,1.9945673402518658,1.9945673402518658,0.0,1.0,1.0,1.0,1.0,1.0,1.0,10
ENV_HILBERT_POST_PERIOD,envelope,Hilbert,post_period_hours,eligible,SCN,250728::6B-SCNrM2_Raw.csv,6B-SCNrM2,absolute_error_hours,hours,0.15342120793219927,2.387666603721664,0.15342120793219927,2.2337713029967468,2.2337713029959225,0.0,1.0,1.0,1.0,1.0,1.0,1.0,10
ENV_HILBERT_POST_PERIOD,envelope,Hilbert,post_period_hours,eligible,SCN,250728::7A-SCNcM1_Raw.csv,7A-SCNcM1,absolute_error_hours,hours,0.12637402349662885,0.17658778423694876,0.12637402349662885,0.04761229846522497,0.04761229846522497,0.0,1.0,1.0,1.0,1.0,1.0,1.0,10
ENV_HILBERT_POST_PERIOD,envelope,Hilbert,post_period_hours,eligible,SCN,250728::7B-SCNcM2_Raw.csv,7B-SCNcM2,absolute_error_hours,hours,0.304339768237222,1.6989882590463203,0.304339768237222,1.3946484908090984,1.3946484908090984,0.0,1.0,1.0,1.0,1.0,1.0,1.0,10
ENV_HILBERT_POST_PERIOD,envelope,Hilbert,post_period_hours,eligible,SCN,250811::1A-1FSCN_Raw.csv,1A-1FSCN,absolute_error_hours,hours,0.3438667337655996,0.4956285479074296,0.34386673376486065,0.15440399438706365,0.15440399438706187,0.0,1.0,1.0,1.0,1.0,1.0,1.0,10
ENV_HILBERT_POST_PERIOD,envelope,Hilbert,post_period_hours,eligible,SCN,250811::1B-2MSCN_Raw.csv,1B-2MSCN,absolute_error_hours,hours,0.3486070277432134,0.16433762825220555,0.34860702774244956,-0.17766515171463126,-0.1776651517146295,0.0,1.0,1.0,1.0,1.0,1.0,1.0,10
ENV_HILBERT_POST_PERIOD,envelope,Hilbert,post_period_hours,eligible,SCN,250811::1C-3FSCN_Raw.csv,1C-3FSCN,absolute_error_hours,hours,0.37560718831249496,0.6079851522092223,0.3756071883124932,0.19797405559797987,0.19797405559797987,0.0,1.0,1.0,1.0,1.0,1.0,1.0,10
ENV_HILBERT_POST_PERIOD,envelope,Hilbert,post_period_hours,eligible,SCN,250811::1D-4FSCN_Raw.csv,1D-4FSCN,absolute_error_hours,hours,0.2409793491340828,1.7619418045693571,0.24097934913408103,1.5221902227352935,1.5221902227352935,0.0,1.0,1.0,1.0,1.0,1.0,1.0,10
ENV_HILBERT_POST_PERIOD,envelope,Hilbert,post_period_hours,eligible,SCN,251003::2A- M1SCn_Raw.csv,2A- M1SCn,absolute_error_hours,hours,0.3708944370454166,0.9836238226234322,0.3708944370454166,0.5970471400159898,0.5970471400159898,0.0,1.0,1.0,1.0,1.0,1.0,1.0,10
ENV_HILBERT_POST_PERIOD,envelope,Hilbert,post_period_hours,eligible,SCN,251003::4B-M3SCN_Raw.csv,4B-M3SCN,absolute_error_hours,hours,0.1887336661069554,2.4026477884933612,0.1887336661069554,2.214097026376331,2.214097026376331,0.0,1.0,1.0,1.0,1.0,1.0,1.0,10
ENV_HILBERT_POST_PERIOD,envelope,Hilbert,post_period_hours,ineligible,DRG,250625 to 250728::5A-T10m1_Raw.csv,5A-T10m1,absolute_error_hours,hours,0.07755540938646988,1.5045639826324724,0.07755540938647343,1.430403919751157,1.4304039197502778,0.0,1.0,1.0,1.0,1.0,1.0,1.0,10
ENV_HILBERT_PRE_PERIOD,envelope,Hilbert,pre_period_hours,difficult,DRG,250625 to 250728::1D-L2m2_Raw.csv,1D-L2m2,absolute_error_hours,hours,0.24090115771729437,0.14011869313693381,0.24090115771729614,-0.07886837582674566,-0.07886837582674744,0.0,1.0,1.0,1.0,1.0,1.0,1.0,10
ENV_HILBERT_PRE_PERIOD,envelope,Hilbert,pre_period_hours,difficult,DRG,250625 to 250728::4B-T12m2_Raw.csv,4B-T12m2,absolute_error_hours,hours,0.09639211260162739,0.08734335691449147,0.0963921126015066,-0.009048755687135923,-0.009048755687015131,0.0,1.0,1.0,1.0,1.0,1.0,1.0,10
ENV_HILBERT_PRE_PERIOD,envelope,Hilbert,pre_period_hours,difficult,DRG,250625 to 250728::5C-T12_Raw.csv,5C-T12,absolute_error_hours,hours,0.21976760659282313,0.35758017248000584,0.21976760659209127,0.0935249494194288,0.0935249494194288,0.0,1.0,1.0,1.0,1.0,1.0,1.0,10
ENV_HILBERT_PRE_PERIOD,envelope,Hilbert,pre_period_hours,difficult,DRG,250625 to 250728::8A-L3_Raw.csv,8A-L3,absolute_error_hours,hours,0.2558939198962946,0.29056480234663695,0.25589391989635857,0.04186119517849818,0.04186119517843423,0.0,1.0,1.0,1.0,1.0,1.0,1.0,10
ENV_HILBERT_PRE_PERIOD,envelope,Hilbert,pre_period_hours,difficult,DRG,250811::2C-2ML1_Raw.csv,2C-2ML1,absolute_error_hours,hours,0.2587191967582321,0.34795579589225945,0.2587191967582321,0.08923659913402737,0.08923659913402737,0.0,1.0,1.0,1.0,1.0,1.0,1.0,10
ENV_HILBERT_PRE_PERIOD,envelope,Hilbert,pre_period_hours,difficult,DRG,250811::5A-2ML2_Raw.csv,5A-2ML2,absolute_error_hours,hours,0.23657482800766516,0.051190327222897736,0.23657482800716423,-0.1811296042897208,-0.1811296042897208,0.0,1.0,1.0,1.0,1.0,1.0,1.0,10
ENV_HILBERT_PRE_PERIOD,envelope,Hilbert,pre_period_hours,difficult,DRG,250811::7C-1FT12_Raw.csv,7C-1FT12,absolute_error_hours,hours,0.08472959981130757,0.15079778885944783,0.08472959981130579,0.0735484677949998,0.07354846779500157,0.0,1.0,1.0,1.0,1.0,1.0,1.0,10
ENV_HILBERT_PRE_PERIOD,envelope,Hilbert,pre_period_hours,difficult,DRG,250811::8A-1FT5_Raw.csv,8A-1FT5,absolute_error_hours,hours,0.014938602668912893,0.02065425203885063,0.014938602668912893,0.0036986442595967617,0.0036986442595967617,0.0,1.0,1.0,1.0,1.0,1.0,1.0,10
ENV_HILBERT_PRE_PERIOD,envelope,Hilbert,pre_period_hours,difficult,DRG,251003::2C- M1L1_Raw.csv,2C- M1L1,absolute_error_hours,hours,0.07261186368570804,0.08034844823816734,0.07261186368570804,0.02135969963438633,0.02135969963438633,0.0,1.0,1.0,1.0,1.0,1.0,1.0,10
ENV_HILBERT_PRE_PERIOD,envelope,Hilbert,pre_period_hours,difficult,DRG,251003::2D- M1L4_Raw.csv,2D- M1L4,absolute_error_hours,hours,0.23857893633215355,0.20135266481913838,0.23857893633215355,-0.03708828103913575,-0.03708828103888706,0.0,1.0,1.0,1.0,1.0,1.0,1.0,10
ENV_HILBERT_PRE_PERIOD,envelope,Hilbert,pre_period_hours,eligible,DRG,250625 to 250728::1B-L1m2_Raw.csv,1B-L1m2,absolute_error_hours,hours,0.031783805392322506,0.06844184192337543,0.03178380539249659,0.0370941317936051,0.03709413179360688,0.0,1.0,1.0,1.0,1.0,1.0,1.0,10
ENV_HILBERT_PRE_PERIOD,envelope,Hilbert,pre_period_hours,eligible,DRG,250625 to 250728::2C-L3m2_Raw.csv,2C-L3m2,absolute_error_hours,hours,0.04966916515286712,0.0981752253965329,0.04966916515286712,0.037235102058168934,0.037235102058168934,0.0,1.0,1.0,1.0,1.0,1.0,1.0,10
ENV_HILBERT_PRE_PERIOD,envelope,Hilbert,pre_period_hours,eligible,DRG,250625 to 250728::3A-L5m2_Raw.csv,3A-L5m2,absolute_error_hours,hours,0.04390352736314895,0.0417063097923247,0.04390352736315073,-0.00034791148078738843,-0.0003479114807891648,0.0,1.0,1.0,1.0,1.0,1.0,1.0,10
ENV_HILBERT_PRE_PERIOD,envelope,Hilbert,pre_period_hours,eligible,DRG,250625 to 250728::3B-T10m2_Raw.csv,3B-T10m2,absolute_error_hours,hours,0.14799004405918303,0.1277636715543622,0.14799004405936245,-0.025699665058512622,-0.025699665058512622,0.0,1.0,1.0,1.0,1.0,1.0,1.0,10
ENV_HILBERT_PRE_PERIOD,envelope,Hilbert,pre_period_hours,eligible,DRG,250625 to 250728::4C-T5m1_Raw.csv,4C-T5m1,absolute_error_hours,hours,0.05890432911279753,0.08509660931466634,0.058904329112500875,0.019104534554251984,0.019104534554251984,0.0,1.0,1.0,1.0,1.0,1.0,1.0,10
ENV_HILBERT_PRE_PERIOD,envelope,Hilbert,pre_period_hours,eligible,DRG,250625 to 250728::4D-T7m1_Raw.csv,4D-T7m1,absolute_error_hours,hours,0.29055312290687496,0.36000480791361866,0.290553122906255,0.07070064751679794,0.07070064751741789,0.0,1.0,1.0,1.0,1.0,1.0,1.0,10
ENV_HILBERT_PRE_PERIOD,envelope,Hilbert,pre_period_hours,eligible,DRG,250625 to 250728::5B-T12m2_Raw.csv,5B-T12m2,absolute_error_hours,hours,0.03987569014853953,0.024975214909726873,0.03987569014862302,-0.011235092709974026,-0.011235092710306205,0.0,1.0,1.0,1.0,1.0,1.0,1.0,10
ENV_HILBERT_PRE_PERIOD,envelope,Hilbert,pre_period_hours,eligible,DRG,250625 to 250728::5D-T10_Raw.csv,5D-T10,absolute_error_hours,hours,0.025199509212677995,0.13419113408364503,0.025199509212498583,0.10949819150083684,0.10949819150083684,0.0,1.0,1.0,1.0,1.0,1.0,1.0,10
ENV_HILBERT_PRE_PERIOD,envelope,Hilbert,pre_period_hours,eligible,DRG,250625 to 250728::6A-T7_Raw.csv,6A-T7,absolute_error_hours,hours,0.019292886227214368,0.15084832955357363,0.019292886227214368,0.13263376793298143,0.13263376793298143,0.0,1.0,1.0,1.0,1.0,1.0,1.0,10
ENV_HILBERT_PRE_PERIOD,envelope,Hilbert,pre_period_hours,eligible,DRG,250625 to 250728::6B-T5_Raw.csv,6B-T5,absolute_error_hours,hours,0.029632436474361867,0.018409983074022307,0.02963243647444891,-0.011724034463828303,-0.011724034463915345,1.7763568394002505e-15,1.0,1.0,1.0,1.0,1.0,1.0,10
ENV_HILBERT_PRE_PERIOD,envelope,Hilbert,pre_period_hours,eligible,DRG,250625 to 250728::7C-L1_Raw.csv,7C-L1,absolute_error_hours,hours,0.06007000714629385,0.1650660799045447,0.06007000714629562,0.10649657070494278,0.10649657070494278,0.0,1.0,1.0,1.0,1.0,1.0,1.0,10
ENV_HILBERT_PRE_PERIOD,envelope,Hilbert,pre_period_hours,eligible,DRG,250625 to 250728::7D-L2_Raw.csv,7D-L2,absolute_error_hours,hours,0.3044165865978563,0.6086286445324536,0.30441658659773196,0.3036043438056346,0.30360434380551204,0.0,1.0,1.0,1.0,1.0,1.0,1.0,10
ENV_HILBERT_PRE_PERIOD,envelope,Hilbert,pre_period_hours,eligible,DRG,250625 to 250728::8B-L2m1_Raw.csv,8B-L2m1,absolute_error_hours,hours,0.01528146197911262,1.1958188338558031,0.015281461979487432,1.1792984214020183,1.1792984214018585,0.0,1.0,1.0,1.0,1.0,1.0,1.0,10
ENV_HILBERT_PRE_PERIOD,envelope,Hilbert,pre_period_hours,eligible,DRG,250625 to 250728::8C-L3m1_Raw.csv,8C-L3m1,absolute_error_hours,hours,0.0016745877153407918,0.14253108656033042,0.0016745877153407918,0.13621238168370198,0.13621238168370198,-1.7763568394002505e-15,1.0,1.0,1.0,1.0,1.0,1.0,10
ENV_HILBERT_PRE_PERIOD,envelope,Hilbert,pre_period_hours,eligible,DRG,250625 to 250728::8D-L4-1m1_Raw.csv,8D-L4-1m1,absolute_error_hours,hours,0.045347075198899134,0.04518358088644803,0.045347075198899134,-0.006412493972675293,-0.006412493972478117,0.0,1.0,1.0,1.0,1.0,1.0,1.0,10
ENV_HILBERT_PRE_PERIOD,envelope,Hilbert,pre_period_hours,eligible,DRG,250811::2D-1FL2_Raw.csv,2D-1FL2,absolute_error_hours,hours,0.057276483953311086,0.05869350219992597,0.05727648395330931,0.002712802302797357,0.002712802302797357,0.0,1.0,1.0,1.0,1.0,1.0,1.0,10
ENV_HILBERT_PRE_PERIOD,envelope,Hilbert,pre_period_hours,eligible,DRG,250811::3A-1FL4_Raw.csv,3A-1FL4,absolute_error_hours,hours,0.040951584893937465,0.02702281049624844,0.04095158489394102,-0.014054029368200105,-0.014054029368201881,0.0,1.0,1.0,1.0,1.0,1.0,1.0,10
ENV_HILBERT_PRE_PERIOD,envelope,Hilbert,pre_period_hours,eligible,DRG,250811::3D-1FT10_Raw.csv,3D-1FT10,absolute_error_hours,hours,0.0625294581856668,0.08782886905475173,0.06252945818566502,0.024747128986446043,0.024747128986446043,0.0,1.0,1.0,1.0,1.0,1.0,1.0,10
ENV_HILBERT_PRE_PERIOD,envelope,Hilbert,pre_period_hours,eligible,DRG,250811::4A-2MT10_Raw.csv,4A-2MT10,absolute_error_hours,hours,0.03996116596461796,0.03001785074859953,0.03996116596461796,-0.007112731692535235,-0.007112731692112462,0.0,1.0,1.0,1.0,1.0,1.0,1.0,10
ENV_HILBERT_PRE_PERIOD,envelope,Hilbert,pre_period_hours,eligible,DRG,250811::4C-2MT5_Raw.csv,4C-2MT5,absolute_error_hours,hours,0.020685083177628627,0.09229135967620117,0.02068508317740303,0.08143802502805464,0.08143802502828024,0.0,1.0,1.0,1.0,1.0,1.0,1.0,10
ENV_HILBERT_PRE_PERIOD,envelope,Hilbert,pre_period_hours,eligible,DRG,250811::4D-1FL4_Raw.csv,4D-1FL4,absolute_error_hours,hours,0.055800993960810175,0.014834762594299278,0.0558009939608084,-0.036620810235357126,-0.0366208102357195,0.0,1.0,1.0,1.0,1.0,1.0,1.0,10
ENV_HILBERT_PRE_PERIOD,envelope,Hilbert,pre_period_hours,eligible,DRG,250811::5C-1FT7_Raw.csv,5C-1FT7,absolute_error_hours,hours,0.23135787696895882,0.3643612856851348,0.23135787696883803,0.15694947966523465,0.15694947966523465,0.0,1.0,1.0,1.0,1.0,1.0,1.0,10
ENV_HILBERT_PRE_PERIOD,envelope,Hilbert,pre_period_hours,eligible,DRG,250811::6A-1FL1_Raw.csv,6A-1FL1,absolute_error_hours,hours,0.057630652191400955,0.17785420991904388,0.05763065219161234,0.10171236138640616,0.10171236138640616,0.0,1.0,1.0,1.0,1.0,1.0,1.0,10
ENV_HILBERT_PRE_PERIOD,envelope,Hilbert,pre_period_hours,eligible,DRG,250811::6B-2ML3_Raw.csv,6B-2ML3,absolute_error_hours,hours,0.05372003028044148,0.027721341771878016,0.05372003028044148,-0.030079106045567627,-0.03007910604627284,0.0,1.0,1.0,1.0,1.0,1.0,1.0,10
ENV_HILBERT_PRE_PERIOD,envelope,Hilbert,pre_period_hours,eligible,DRG,250811::7D-2MT12_Raw.csv,7D-2MT12,absolute_error_hours,hours,0.057304480010405,0.03556858199629076,0.057304480010405,-0.017924664532968038,-0.017924664532969814,0.0,1.0,1.0,1.0,1.0,1.0,1.0,10
ENV_HILBERT_PRE_PERIOD,envelope,Hilbert,pre_period_hours,eligible,DRG,250811::8C-2ML4_Raw.csv,8C-2ML4,absolute_error_hours,hours,0.08379351209939934,0.07230267495652853,0.08379351209939756,0.021688314226791405,0.021688314226791405,0.0,1.0,1.0,1.0,1.0,1.0,1.0,10
ENV_HILBERT_PRE_PERIOD,envelope,Hilbert,pre_period_hours,eligible,DRG,250811::8D-2MT7_Raw.csv,8D-2MT7,absolute_error_hours,hours,0.03354298300177838,0.015782323137388587,0.03354298300195424,-0.018322681934245466,-0.018322681934421325,0.0,1.0,1.0,1.0,1.0,1.0,1.0,10
ENV_HILBERT_PRE_PERIOD,envelope,Hilbert,pre_period_hours,eligible,DRG,251003::2B- 1MT7_Raw.csv,2B- 1MT7,absolute_error_hours,hours,0.023976262933361525,0.07172386640177919,0.02397626293335975,0.03992885069379071,0.03992885069378893,0.0,1.0,1.0,1.0,1.0,1.0,1.0,10
ENV_HILBERT_PRE_PERIOD,envelope,Hilbert,pre_period_hours,eligible,SCN,250625 to 250728::1C-SCN_Raw.csv,1C-SCN,absolute_error_hours,hours,0.00892166887608603,0.10035193833237877,0.00892166887608603,0.09197134892155745,0.09197134892155745,0.0,1.0,1.0,1.0,1.0,1.0,1.0,10
ENV_HILBERT_PRE_PERIOD,envelope,Hilbert,pre_period_hours,eligible,SCN,250625 to 250728::6C-SCNmm1_Raw.csv,6C-SCNmm1,absolute_error_hours,hours,0.0007981067161271227,0.023129907306291386,0.000798106716128899,0.021296154915720678,0.021296154915882326,0.0,1.0,1.0,1.0,1.0,1.0,1.0,10
ENV_HILBERT_PRE_PERIOD,envelope,Hilbert,pre_period_hours,eligible,SCN,250625 to 250728::7A-SCNmm2_Raw.csv,7A-SCNmm2,absolute_error_hours,hours,0.00993617925329282,0.40061101744724503,0.00993617925329282,0.3929701421973313,0.3929701421973313,0.0,1.0,1.0,1.0,1.0,1.0,1.0,10
ENV_HILBERT_PRE_PERIOD,envelope,Hilbert,pre_period_hours,eligible,SCN,250625 to 250728::7B-SCNcm2_Raw.csv,7B-SCNcm2,absolute_error_hours,hours,0.010745993793365827,0.06243297268207826,0.010745993793367603,0.05101855290295454,0.05101855290295276,0.0,1.0,1.0,1.0,1.0,1.0,1.0,10
ENV_HILBERT_PRE_PERIOD,envelope,Hilbert,pre_period_hours,eligible,SCN,250728::6A-SCNrM1_Raw.csv,6A-SCNrM1,absolute_error_hours,hours,0.019661316274529383,0.07082784342026649,0.01966131627469636,0.050716710967991574,0.050716710967742884,0.0,1.0,1.0,1.0,1.0,1.0,1.0,10
ENV_HILBERT_PRE_PERIOD,envelope,Hilbert,pre_period_hours,eligible,SCN,250728::6B-SCNrM2_Raw.csv,6B-SCNrM2,absolute_error_hours,hours,0.003815367202752995,0.03991345373089139,0.003815367202593123,0.03559504855131124,0.03559504855147111,-1.7763568394002505e-15,1.0,1.0,1.0,1.0,1.0,1.0,10
ENV_HILBERT_PRE_PERIOD,envelope,Hilbert,pre_period_hours,eligible,SCN,250728::7A-SCNcM1_Raw.csv,7A-SCNcM1,absolute_error_hours,hours,0.012945099777862623,0.09630369470367839,0.012945099777862623,0.08273092620179412,0.0827309262017959,0.0,1.0,1.0,1.0,1.0,1.0,1.0,10
ENV_HILBERT_PRE_PERIOD,envelope,Hilbert,pre_period_hours,eligible,SCN,250728::7B-SCNcM2_Raw.csv,7B-SCNcM2,absolute_error_hours,hours,0.012349670131566626,0.0876505239167269,0.012349670131726498,0.07551987255802217,0.07551987255794224,0.0,1.0,1.0,1.0,1.0,1.0,1.0,10
ENV_HILBERT_PRE_PERIOD,envelope,Hilbert,pre_period_hours,eligible,SCN,250811::1A-1FSCN_Raw.csv,1A-1FSCN,absolute_error_hours,hours,0.014146223897720134,0.0826869737780136,0.014146223897720134,0.06836729275069509,0.06836729275069509,0.0,1.0,1.0,1.0,1.0,1.0,1.0,10
ENV_HILBERT_PRE_PERIOD,envelope,Hilbert,pre_period_hours,eligible,SCN,250811::1B-2MSCN_Raw.csv,1B-2MSCN,absolute_error_hours,hours,0.012255952426199812,0.08752970358464118,0.012255952426199812,0.07551168065753089,0.07551168065719871,0.0,1.0,1.0,1.0,1.0,1.0,1.0,10
ENV_HILBERT_PRE_PERIOD,envelope,Hilbert,pre_period_hours,eligible,SCN,250811::1C-3FSCN_Raw.csv,1C-3FSCN,absolute_error_hours,hours,0.022394371653426504,0.05826392681178838,0.022394371653424727,0.03450748132702586,0.03450748132702586,0.0,1.0,1.0,1.0,1.0,1.0,1.0,10
ENV_HILBERT_PRE_PERIOD,envelope,Hilbert,pre_period_hours,eligible,SCN,250811::1D-4FSCN_Raw.csv,1D-4FSCN,absolute_error_hours,hours,0.016684347864810434,0.06091313808066623,0.016684347864810434,0.044228790215855796,0.044228790215855796,0.0,1.0,1.0,1.0,1.0,1.0,1.0,10
ENV_HILBERT_PRE_PERIOD,envelope,Hilbert,pre_period_hours,eligible,SCN,251003::2A- M1SCn_Raw.csv,2A- M1SCn,absolute_error_hours,hours,0.04595073149695672,0.046717535402629906,0.045950731496954944,0.0009405815368825898,0.0009405815370495674,-3.552713678800501e-15,1.0,1.0,1.0,1.0,1.0,1.0,10
ENV_HILBERT_PRE_PERIOD,envelope,Hilbert,pre_period_hours,eligible,SCN,251003::4B-M3SCN_Raw.csv,4B-M3SCN,absolute_error_hours,hours,0.02993187703387612,0.018764801702900513,0.029931877033702037,-0.010079200260468824,-0.010079200260468824,0.0,1.0,1.0,1.0,1.0,1.0,1.0,10
ENV_HILBERT_PRE_PERIOD,envelope,Hilbert,pre_period_hours,ineligible,DRG,250625 to 250728::5A-T10m1_Raw.csv,5A-T10m1,absolute_error_hours,hours,0.21366228438719226,0.3098418360173216,0.21366228438695067,0.09936383914295988,0.09936383914295988,-1.7763568394002505e-15,1.0,1.0,1.0,1.0,1.0,1.0,10
