method,scenario_family,challenge_type,target_status,tissue,anchor_recording_uid,anchor_recording_id,method_applicable,primary_metric_name,primary_metric_unit,primary_error,clean_primary_error,deterioration_primary_error,target_segment_shape_nrmse,clean_target_segment_shape_nrmse,deterioration_target_segment_shape_nrmse,envelope_log_rate_absolute_error_per_day,clean_envelope_log_rate_absolute_error_per_day,deterioration_envelope_log_rate_absolute_error_per_day,phase_equivalent_absolute_error_hours,clean_phase_equivalent_absolute_error_hours,deterioration_phase_equivalent_absolute_error_hours,ratio_log_error,clean_ratio_log_error,deterioration_ratio_log_error,trajectory_pearson,clean_trajectory_pearson,deterioration_trajectory_pearson,processing_success_fraction,valid_fraction,n_variants
CWT_pyBOAT,phase_shift_hours,gaussian_noise,difficult,DRG,250625 to 250728::1D-L2m2_Raw.csv,1D-L2m2,True,circular_absolute_error_radians,radians,0.07882454820061291,0.07668662700706541,-0.001183000417700697,,,,,,,0.30108759559470977,0.2929213381732536,-0.0045187287397642495,0.0012904317865446604,0.00051916404209275,0.001022772607506418,,,,1.0,1.0,10
CWT_pyBOAT,phase_shift_hours,gaussian_noise,difficult,DRG,250625 to 250728::4B-T12m2_Raw.csv,4B-T12m2,True,circular_absolute_error_radians,radians,0.04754058182787402,0.04310507269284414,0.003436920380931241,,,,,,,0.18159164628890118,0.1646492493936389,0.01312806882332368,0.0016310358609894506,0.00014312889148425,0.0013498710877525339,,,,1.0,1.0,10
CWT_pyBOAT,phase_shift_hours,gaussian_noise,difficult,DRG,250625 to 250728::5C-T12_Raw.csv,5C-T12,True,circular_absolute_error_radians,radians,0.13561059499333794,0.14028612251254202,-0.0026671280500245587,,,,,,,0.5179943166917464,0.5358535162815908,-0.010187678712490933,0.007487935900049273,0.0062381302959622995,0.0024974394677261835,,,,1.0,1.0,10
CWT_pyBOAT,phase_shift_hours,gaussian_noise,difficult,DRG,250625 to 250728::8A-L3_Raw.csv,8A-L3,True,circular_absolute_error_radians,radians,0.12061978576276378,0.11819712569396401,0.002249545990036239,,,,,,,0.46073364333190264,0.45147976352276264,0.008592632736643652,0.007430912065555706,0.005477780876592,0.0024518196219097178,,,,1.0,1.0,10
CWT_pyBOAT,phase_shift_hours,gaussian_noise,difficult,DRG,250811::2C-2ML1_Raw.csv,2C-2ML1,True,circular_absolute_error_radians,radians,0.2161643607653323,0.21165788795267515,0.0013268560955914666,,,,,,,0.8256870368664575,0.8084735786894106,0.005068216953239835,0.020109646912772543,0.02141008211914305,-0.0006001321887717723,,,,1.0,1.0,10
CWT_pyBOAT,phase_shift_hours,gaussian_noise,difficult,DRG,250811::5A-2ML2_Raw.csv,5A-2ML2,True,circular_absolute_error_radians,radians,0.1680879421884134,0.16643788817832794,0.0014019674757506095,,,,,,,0.6420486449623375,0.6357459029125686,0.005355121291674592,0.025799872708955472,0.0239750161939781,0.0029446353353515895,,,,1.0,1.0,10
CWT_pyBOAT,phase_shift_hours,gaussian_noise,difficult,DRG,250811::7C-1FT12_Raw.csv,7C-1FT12,True,circular_absolute_error_radians,radians,0.2436217593319987,0.252474973483396,-0.0004127968844187535,,,,,,,0.9305665738183602,0.9643833608850643,-0.0015767679515562572,0.017181094800746904,0.02125115421553605,0.0006728400767635903,,,,1.0,1.0,10
CWT_pyBOAT,phase_shift_hours,gaussian_noise,difficult,DRG,250811::8A-1FT5_Raw.csv,8A-1FT5,True,circular_absolute_error_radians,radians,0.14554542786790936,0.1372870567612663,-0.002795984404752261,,,,,,,0.5559425829504642,0.5243979289462354,-0.010679873731780115,0.025477313005725567,0.02587536224893685,-0.0007423723369674191,,,,1.0,1.0,10
CWT_pyBOAT,phase_shift_hours,gaussian_noise,difficult,DRG,251003::2C- M1L1_Raw.csv,2C- M1L1,True,circular_absolute_error_radians,radians,0.08707357213775202,0.08157740293400462,0.0023831293217746463,,,,,,,0.3325965460414072,0.31160272611710693,0.009102883478104118,0.0040669729590039495,0.0038726926705446,0.000307795751353046,,,,1.0,1.0,10
CWT_pyBOAT,phase_shift_hours,gaussian_noise,difficult,DRG,251003::2D- M1L4_Raw.csv,2D- M1L4,True,circular_absolute_error_radians,radians,0.09958946133467883,0.10174183213340982,-0.0015071027138375825,,,,,,,0.3804037212305597,0.3886251720781922,-0.005756708319707093,0.0024893632135327736,0.0011959628965354501,0.0011185882004947235,,,,1.0,1.0,10
CWT_pyBOAT,phase_shift_hours,gaussian_noise,difficult,SCN,250728::6A-SCNrM1_Raw.csv,6A-SCNrM1,True,circular_absolute_error_radians,radians,0.034895390585848673,0.03327515432832584,-0.0003167058092437003,,,,,,,0.13329057366864494,0.1271017270439696,-0.0012097270811292984,0.001737632394045053,0.000253908790147,0.0015108982421395529,,,,1.0,1.0,10
CWT_pyBOAT,phase_shift_hours,gaussian_noise,eligible,DRG,250625 to 250728::1B-L1m2_Raw.csv,1B-L1m2,True,circular_absolute_error_radians,radians,0.13488783351291067,0.13624831472906207,-8.225107226422779e-06,,,,,,,0.5152335711968725,0.5204302266496925,-3.141759534108779e-05,0.005152260441868763,0.0031449059078698,0.00034686241952610686,,,,1.0,1.0,10
CWT_pyBOAT,phase_shift_hours,gaussian_noise,eligible,DRG,250625 to 250728::2C-L3m2_Raw.csv,2C-L3m2,True,circular_absolute_error_radians,radians,0.16260854857530527,0.1594241005097119,0.002079586074504647,,,,,,,0.6211189030742018,0.6089552074583953,0.007943433680219603,0.004525931540253348,0.008005371923189699,-0.003271891530469657,,,,1.0,1.0,10
CWT_pyBOAT,phase_shift_hours,gaussian_noise,eligible,DRG,250625 to 250728::3A-L5m2_Raw.csv,3A-L5m2,True,circular_absolute_error_radians,radians,0.13582076219285355,0.13452087753982234,0.0029609806922685777,,,,,,,0.518797096260035,0.5138319026285338,0.011310113125780952,0.0019485477937290665,0.00139785182236525,0.0012782479791565093,,,,1.0,1.0,10
CWT_pyBOAT,phase_shift_hours,gaussian_noise,eligible,DRG,250625 to 250728::3B-T10m2_Raw.csv,3B-T10m2,True,circular_absolute_error_radians,radians,0.026390770905861727,0.028277514862056874,-0.0006345453821552383,,,,,,,0.1008053194001681,0.10801215044762127,-0.0024237848204674076,0.002650866361865777,0.0005838519845968999,0.0015297779466989432,,,,1.0,1.0,10
CWT_pyBOAT,phase_shift_hours,gaussian_noise,eligible,DRG,250625 to 250728::4C-T5m1_Raw.csv,4C-T5m1,True,circular_absolute_error_radians,radians,0.15967627014582875,0.16096995596809394,-0.0011479764962345484,,,,,,,0.6099184245164515,0.6148599403585653,-0.004384947214296983,0.0014548318373395794,0.0013785158467669498,-9.88822055450931e-05,,,,1.0,1.0,10
CWT_pyBOAT,phase_shift_hours,gaussian_noise,eligible,DRG,250625 to 250728::4D-T7m1_Raw.csv,4D-T7m1,True,circular_absolute_error_radians,radians,0.12212017786867957,0.12164090865825594,0.001996582720767748,,,,,,,0.466464719017484,0.4646340454836279,0.007626384223249294,0.006978029133572046,0.00733784216282885,0.0007686131755140738,,,,1.0,1.0,10
CWT_pyBOAT,phase_shift_hours,gaussian_noise,eligible,DRG,250625 to 250728::5B-T12m2_Raw.csv,5B-T12m2,True,circular_absolute_error_radians,radians,0.06759982975493184,0.06704819063885648,0.0008225250743691959,,,,,,,0.25821232938403177,0.25610522317300205,0.003141814353669281,0.0016315687498991687,0.00063131741043885,0.0008740707410268074,,,,1.0,1.0,10
CWT_pyBOAT,phase_shift_hours,gaussian_noise,eligible,DRG,250625 to 250728::5D-T10_Raw.csv,5D-T10,True,circular_absolute_error_radians,radians,0.1649819820907168,0.17036457359409085,-0.0018704918167351536,,,,,,,0.6301847513000671,0.6507447363658211,-0.007144752447512115,0.006243984544719504,0.00599499976712005,-0.00011370668446003627,,,,1.0,1.0,10
CWT_pyBOAT,phase_shift_hours,gaussian_noise,eligible,DRG,250625 to 250728::6A-T7_Raw.csv,6A-T7,True,circular_absolute_error_radians,radians,0.07060450577276134,0.07221066509732443,-0.003294247464605604,,,,,,,0.2696893463590854,0.275824423060622,-0.012583098426238233,0.00657521739679875,0.0077455852111044995,-0.0012812872611091,,,,1.0,1.0,10
CWT_pyBOAT,phase_shift_hours,gaussian_noise,eligible,DRG,250625 to 250728::6B-T5_Raw.csv,6B-T5,True,circular_absolute_error_radians,radians,0.1271421555602823,0.12877858263959197,-0.003294817673531014,,,,,,,0.4856472607866632,0.4918979517950208,-0.012585276463896011,0.0014956418862799815,0.0009050887608812,0.0007016463016431877,,,,1.0,1.0,10
CWT_pyBOAT,phase_shift_hours,gaussian_noise,eligible,DRG,250625 to 250728::7C-L1_Raw.csv,7C-L1,True,circular_absolute_error_radians,radians,0.1145349181406432,0.10689506541956484,0.0008983405384450638,,,,,,,0.4374911610890151,0.40830907328772653,0.0034314080945607728,0.0036292183539367298,0.00440533298208135,0.00013740443639570716,,,,1.0,1.0,10
CWT_pyBOAT,phase_shift_hours,gaussian_noise,eligible,DRG,250625 to 250728::7D-L2_Raw.csv,7D-L2,True,circular_absolute_error_radians,radians,0.09254702806348636,0.09259737360123599,0.003967712389297162,,,,,,,0.3535036076344371,0.35369591342312845,0.015155544948566357,0.009333216182439702,0.009774690121492301,0.0008331577234172022,,,,1.0,1.0,10
CWT_pyBOAT,phase_shift_hours,gaussian_noise,eligible,DRG,250625 to 250728::8B-L2m1_Raw.csv,8B-L2m1,True,circular_absolute_error_radians,radians,0.07167774021001838,0.07218363701488761,0.0007580999385830012,,,,,,,0.27378879993794725,0.27572118339049123,0.0028957284619955392,0.0019124313881845863,0.00050237324421465,0.0012075936269874364,,,,1.0,1.0,10
CWT_pyBOAT,phase_shift_hours,gaussian_noise,eligible,DRG,250625 to 250728::8C-L3m1_Raw.csv,8C-L3m1,True,circular_absolute_error_radians,radians,0.08299179119995381,0.08079786122494359,-0.0006941348763156441,,,,,,,0.3170052913325546,0.3086250961248661,-0.0026513999217147866,0.003397958682395931,0.0025266147960906,0.00012966742490870195,,,,1.0,1.0,10
CWT_pyBOAT,phase_shift_hours,gaussian_noise,eligible,DRG,250625 to 250728::8D-L4-1m1_Raw.csv,8D-L4-1m1,True,circular_absolute_error_radians,radians,0.11909790853570357,0.1220199402672244,-0.0006031851226211415,,,,,,,0.4549205005287278,0.4660818395833577,-0.002303997452751505,0.003271167595885624,0.0032083346964714,3.9571440740341756e-05,,,,1.0,1.0,10
CWT_pyBOAT,phase_shift_hours,gaussian_noise,eligible,DRG,250811::2D-1FL2_Raw.csv,2D-1FL2,True,circular_absolute_error_radians,radians,0.0784653310457164,0.07802342405155271,-0.0020688961938759576,,,,,,,0.2997154871344253,0.2980275267542326,-0.007902601343984822,0.04040522562327066,0.0404040895725532,-0.0012273456457374265,,,,1.0,1.0,10
CWT_pyBOAT,phase_shift_hours,gaussian_noise,eligible,DRG,250811::3A-1FL4_Raw.csv,3A-1FL4,True,circular_absolute_error_radians,radians,0.12388215268937541,0.1252469582296527,0.0019874564879140966,,,,,,,0.47319496707309683,0.4784081402273609,0.007591524581558068,0.030889505240682937,0.031701631648078155,0.0002510001001089293,,,,1.0,1.0,10
CWT_pyBOAT,phase_shift_hours,gaussian_noise,eligible,DRG,250811::3D-1FT10_Raw.csv,3D-1FT10,True,circular_absolute_error_radians,radians,0.025392577005026506,0.028188909640613158,-0.0014790249240377307,,,,,,,0.09699249955659753,0.10767370343218481,-0.005649459062801274,0.004351624692607075,0.005091678887776,-0.0006799986193262472,,,,1.0,1.0,10
CWT_pyBOAT,phase_shift_hours,gaussian_noise,eligible,DRG,250811::4A-2MT10_Raw.csv,4A-2MT10,True,circular_absolute_error_radians,radians,0.06582912714142508,0.06594355942679342,-0.00011663990960641968,,,,,,,0.25144874361558367,0.2518858427483598,-0.00044553163621569025,0.001692517232334058,0.0042094515942771495,-0.002380704024625266,,,,1.0,1.0,10
CWT_pyBOAT,phase_shift_hours,gaussian_noise,eligible,DRG,250811::4C-2MT5_Raw.csv,4C-2MT5,True,circular_absolute_error_radians,radians,0.09793058850958491,0.09760907019138543,0.0017325361759716884,,,,,,,0.37406729378877135,0.3728391842775064,0.006617800715794209,0.014740307398761348,0.014930544119567849,-0.00041779308124030145,,,,1.0,1.0,10
CWT_pyBOAT,phase_shift_hours,gaussian_noise,eligible,DRG,250811::4D-1FL4_Raw.csv,4D-1FL4,True,circular_absolute_error_radians,radians,0.1290776205872337,0.1245939577370685,-0.0029708908164174375,,,,,,,0.49304019261596255,0.4759138620776916,-0.01134796701165966,0.03186149505392563,0.02931702323527445,0.000844994849218763,,,,1.0,1.0,10
CWT_pyBOAT,phase_shift_hours,gaussian_noise,eligible,DRG,250811::5C-1FT7_Raw.csv,5C-1FT7,True,circular_absolute_error_radians,radians,0.22588250306303115,0.22885702018330667,-0.0016056917866971165,,,,,,,0.8628076060908383,0.8741694245629179,-0.006133290838437666,0.029400088679872073,0.0290943338724219,-0.0003792363535246295,,,,1.0,1.0,10
CWT_pyBOAT,phase_shift_hours,gaussian_noise,eligible,DRG,250811::6A-1FL1_Raw.csv,6A-1FL1,True,circular_absolute_error_radians,radians,0.10514783690487572,0.11259307828296183,-0.0045930903073987395,,,,,,,0.4016351519719533,0.43007387919998663,-0.01754431263575959,0.01131169496070436,0.010886951050039801,0.0002514541274654704,,,,1.0,1.0,10
CWT_pyBOAT,phase_shift_hours,gaussian_noise,eligible,DRG,250811::6B-2ML3_Raw.csv,6B-2ML3,True,circular_absolute_error_radians,radians,0.09846749540184052,0.0997020913206077,0.0019337472530300825,,,,,,,0.37611812704995345,0.3808339360865825,0.007386370416242627,0.0343022909363774,0.0350761972229968,0.00012089240242655133,,,,1.0,1.0,10
CWT_pyBOAT,phase_shift_hours,gaussian_noise,eligible,DRG,250811::7D-2MT12_Raw.csv,7D-2MT12,True,circular_absolute_error_radians,radians,0.1826280510321736,0.1793911965017827,0.004610927156473821,,,,,,,0.6975877696562244,0.6852238960902777,0.017612444380547154,0.03059555428580072,0.03047591678529535,-0.001002998538922488,,,,1.0,1.0,10
CWT_pyBOAT,phase_shift_hours,gaussian_noise,eligible,DRG,250811::8C-2ML4_Raw.csv,8C-2ML4,True,circular_absolute_error_radians,radians,0.10913820770336047,0.10719239896632105,-0.000765599140578388,,,,,,,0.41687724566831497,0.4094448037768456,-0.0029243733035989594,0.0033701030599416603,0.006141671429312301,-0.0044173264225428385,,,,1.0,1.0,10
CWT_pyBOAT,phase_shift_hours,gaussian_noise,eligible,DRG,250811::8D-2MT7_Raw.csv,8D-2MT7,True,circular_absolute_error_radians,radians,0.06349797745427987,0.06317929234372288,0.003067052136096038,,,,,,,0.2425444077164728,0.24132712026123443,0.011715276196325786,0.025794560671460187,0.02653723973535515,-0.0015938470787759118,,,,1.0,1.0,10
CWT_pyBOAT,phase_shift_hours,gaussian_noise,eligible,DRG,251003::2B- 1MT7_Raw.csv,2B- 1MT7,True,circular_absolute_error_radians,radians,0.1095119997254339,0.10087693685107268,0.0016654782347842456,,,,,,,0.4183050260203462,0.38532151545161264,0.006361658248269064,0.002713675439308499,0.0032408138645628496,-8.913441558417953e-05,,,,1.0,1.0,10
CWT_pyBOAT,phase_shift_hours,gaussian_noise,eligible,SCN,250625 to 250728::1C-SCN_Raw.csv,1C-SCN,True,circular_absolute_error_radians,radians,0.0675105269821843,0.06651098658542809,0.0017039631241928532,,,,,,,0.25787121791888173,0.25405325483975094,0.00650865969747845,0.0029824406585778835,0.0004429068658443,0.0019980092816702833,,,,1.0,1.0,10
CWT_pyBOAT,phase_shift_hours,gaussian_noise,eligible,SCN,250625 to 250728::6C-SCNmm1_Raw.csv,6C-SCNmm1,True,circular_absolute_error_radians,radians,0.11492476641775418,0.11156330334555342,0.00372251933846357,,,,,,,0.43898027181760874,0.4261404286825299,0.014218976483319573,0.00204240232405959,0.0022682496563618997,-0.0005984561652629999,,,,1.0,1.0,10
CWT_pyBOAT,phase_shift_hours,gaussian_noise,eligible,SCN,250625 to 250728::7A-SCNmm2_Raw.csv,7A-SCNmm2,True,circular_absolute_error_radians,radians,0.0915876029403635,0.08844898631480702,0.000415949836398255,,,,,,,0.34983887361351984,0.3378502412032546,0.0015888113409851523,0.0017069974432069898,0.0024913236843187,0.0004968130322944987,,,,1.0,1.0,10
CWT_pyBOAT,phase_shift_hours,gaussian_noise,eligible,SCN,250625 to 250728::7B-SCNcm2_Raw.csv,7B-SCNcm2,True,circular_absolute_error_radians,radians,0.16752182503467283,0.16208291045512868,0.0035750751797785085,,,,,,,0.6398862367210513,0.6191111133517146,0.013655781282885526,0.002955365509801814,0.0009531605388957501,0.0015055180880078367,,,,1.0,1.0,10
CWT_pyBOAT,phase_shift_hours,gaussian_noise,eligible,SCN,250728::6B-SCNrM2_Raw.csv,6B-SCNrM2,True,circular_absolute_error_radians,radians,0.17699110859954348,0.18254063576226254,-0.0020995272797750264,,,,,,,0.6760562356063635,0.6972538679208309,-0.008019603473579384,0.002535442444726999,0.0037254189949070997,-0.00018234988679883993,,,,1.0,1.0,10
CWT_pyBOAT,phase_shift_hours,gaussian_noise,eligible,SCN,250728::7A-SCNcM1_Raw.csv,7A-SCNcM1,True,circular_absolute_error_radians,radians,0.08054205260554159,0.07809921353485816,0.00091231715027007,,,,,,,0.3076479791745459,0.2983170212558912,0.0034847948191918526,0.0026688776466051865,0.0017893787141470999,0.0015923882463735849,,,,1.0,1.0,10
CWT_pyBOAT,phase_shift_hours,gaussian_noise,eligible,SCN,250728::7B-SCNcM2_Raw.csv,7B-SCNcM2,True,circular_absolute_error_radians,radians,0.14341815569461813,0.14544802857065386,-0.004695768031247383,,,,,,,0.5478170017901168,0.5555705450397788,-0.01793651265086202,0.0021550515841677505,0.0016011918011669501,0.0004208519079441659,,,,1.0,1.0,10
CWT_pyBOAT,phase_shift_hours,gaussian_noise,eligible,SCN,250811::1A-1FSCN_Raw.csv,1A-1FSCN,True,circular_absolute_error_radians,radians,0.040417461007106414,0.047681701158515555,-0.00034840092047971893,,,,,,,0.1543833289561181,0.18213068242579927,-0.001330793488130727,0.004646461043193131,0.00610306533758515,-0.0013629575800407968,,,,1.0,1.0,10
CWT_pyBOAT,phase_shift_hours,gaussian_noise,eligible,SCN,250811::1B-2MSCN_Raw.csv,1B-2MSCN,True,circular_absolute_error_radians,radians,0.02538371719231569,0.026909756481721336,-0.0015260392894056451,,,,,,,0.09695865756489046,0.1027876982751629,-0.005829040710272453,0.00576857635070269,0.00638776103961145,-0.0005361119259414951,,,,1.0,1.0,10
CWT_pyBOAT,phase_shift_hours,gaussian_noise,eligible,SCN,250811::1C-3FSCN_Raw.csv,1C-3FSCN,True,circular_absolute_error_radians,radians,0.12077343736831914,0.11785691492858996,-0.00019029700730044397,,,,,,,0.46132054923281807,0.450180254122706,-0.000726881024819076,0.008676273422145282,0.01005823786065965,-0.0014347291251328633,,,,1.0,1.0,10
CWT_pyBOAT,phase_shift_hours,gaussian_noise,eligible,SCN,250811::1D-4FSCN_Raw.csv,1D-4FSCN,True,circular_absolute_error_radians,radians,0.11826448620889995,0.11414270768853108,0.0016211807073069906,,,,,,,0.4517370617368731,0.4359930275165522,0.006192454157114974,0.00866799836881646,0.00932757866281065,-0.0001412561239794996,,,,1.0,1.0,10
CWT_pyBOAT,phase_shift_hours,gaussian_noise,eligible,SCN,251003::2A- M1SCn_Raw.csv,2A- M1SCn,True,circular_absolute_error_radians,radians,0.16274516170995823,0.16151607901707132,-0.0006139427289151289,,,,,,,0.621640726810313,0.6169459767453134,-0.002345088481972124,0.0018108043292740447,0.0009315071015747001,0.0008630390504695947,,,,1.0,1.0,10
CWT_pyBOAT,phase_shift_hours,gaussian_noise,eligible,SCN,251003::4B-M3SCN_Raw.csv,4B-M3SCN,True,circular_absolute_error_radians,radians,0.00661491086554622,0.013031633481125349,-0.002225496603170285,,,,,,,0.02526709829673525,0.04977717324199063,-0.008500770845490547,0.0014241925451606743,0.0003592617445549,0.0011116725015164657,,,,1.0,1.0,10
CWT_pyBOAT,phase_shift_hours,gaussian_noise,ineligible,DRG,250625 to 250728::5A-T10m1_Raw.csv,5A-T10m1,True,circular_absolute_error_radians,radians,0.06675508053340096,0.060746659276013304,0.0017764059633051943,,,,,,,0.25498562504131966,0.2320351464023197,0.006785370959950604,0.012013417197403396,0.01006986547469,0.0005272333636203077,,,,1.0,1.0,10
CWT_pyBOAT,phase_shift_hours,missing_block_6h,difficult,DRG,250625 to 250728::1D-L2m2_Raw.csv,1D-L2m2,True,circular_absolute_error_radians,radians,0.08291554246156796,0.07668662700706541,0.003727792206532854,,,,,,,0.31671404260570757,0.2929213381732536,0.014239117355739517,0.019095444895011554,0.00051916404209275,0.019054337765979784,,,,1.0,1.0,10
CWT_pyBOAT,phase_shift_hours,missing_block_6h,difficult,DRG,250625 to 250728::4B-T12m2_Raw.csv,4B-T12m2,True,circular_absolute_error_radians,radians,0.036361010540263194,0.04310507269284414,0.002989193840249982,,,,,,,0.13888882951918546,0.1646492493936389,0.011417879412855117,0.011257002356915768,0.00014312889148425,0.01085447306299962,,,,1.0,1.0,10
CWT_pyBOAT,phase_shift_hours,missing_block_6h,difficult,DRG,250625 to 250728::5C-T12_Raw.csv,5C-T12,True,circular_absolute_error_radians,radians,0.14206106824347842,0.14028612251254202,-0.004581530969105074,,,,,,,0.542633309564752,0.5358535162815908,-0.017500159215880197,0.007473505744857336,0.0062381302959622995,0.002285545630398414,,,,1.0,1.0,10
CWT_pyBOAT,phase_shift_hours,missing_block_6h,difficult,DRG,250625 to 250728::8A-L3_Raw.csv,8A-L3,True,circular_absolute_error_radians,radians,0.11868555943858716,0.11819712569396401,-0.0003675782630310209,,,,,,,0.45334544299867446,0.45147976352276264,-0.001404045540828458,0.006662756630392036,0.005477780876592,0.00031078540467938164,,,,1.0,1.0,10
CWT_pyBOAT,phase_shift_hours,missing_block_6h,difficult,DRG,250811::2C-2ML1_Raw.csv,2C-2ML1,True,circular_absolute_error_radians,radians,0.217445520099123,0.21165788795267515,0.002911474428479721,,,,,,,0.8305807050471241,0.8084735786894106,0.011121013127476709,0.019211063401885692,0.02141008211914305,-0.0018754392420410083,,,,1.0,1.0,10
CWT_pyBOAT,phase_shift_hours,missing_block_6h,difficult,DRG,250811::5A-2ML2_Raw.csv,5A-2ML2,True,circular_absolute_error_radians,radians,0.1698090156662042,0.16643788817832794,0.004977912697459175,,,,,,,0.648622661396292,0.6357459029125686,0.019014225889932956,0.019908891069153986,0.0239750161939781,-0.0043583026778584635,,,,1.0,1.0,10
CWT_pyBOAT,phase_shift_hours,missing_block_6h,difficult,DRG,250811::7C-1FT12_Raw.csv,7C-1FT12,True,circular_absolute_error_radians,radians,0.2448386851028288,0.252474973483396,0.0013015180381010794,,,,,,,0.9352148878616449,0.9643833608850643,0.004971432702889245,0.026117194904036772,0.02125115421553605,0.007632573903569281,,,,1.0,1.0,10
CWT_pyBOAT,phase_shift_hours,missing_block_6h,difficult,DRG,250811::8A-1FT5_Raw.csv,8A-1FT5,True,circular_absolute_error_radians,radians,0.13865858359170224,0.1372870567612663,0.0008986466278777527,,,,,,,0.5296367755377644,0.5243979289462354,0.0034325772700705692,0.014314381140629674,0.02587536224893685,-0.013996374181237175,,,,1.0,1.0,10
CWT_pyBOAT,phase_shift_hours,missing_block_6h,difficult,DRG,251003::2C- M1L1_Raw.csv,2C- M1L1,True,circular_absolute_error_radians,radians,0.0895252489690761,0.08157740293400462,0.0033549080788191077,,,,,,,0.34196126171906566,0.31160272611710693,0.012814804904711902,0.006156590167418596,0.0038726926705446,0.0020820071658465963,,,,1.0,1.0,10
CWT_pyBOAT,phase_shift_hours,missing_block_6h,difficult,DRG,251003::2D- M1L4_Raw.csv,2D- M1L4,True,circular_absolute_error_radians,radians,0.10168225262650132,0.10174183213340982,-0.002948309869047705,,,,,,,0.38839759512543703,0.3886251720781922,-0.011261714146213492,0.007348826347779837,0.0011959628965354501,0.006209808761122037,,,,1.0,1.0,10
CWT_pyBOAT,phase_shift_hours,missing_block_6h,difficult,SCN,250728::6A-SCNrM1_Raw.csv,6A-SCNrM1,True,circular_absolute_error_radians,radians,0.032515041929798594,0.03327515432832584,0.00025943244926196485,,,,,,,0.12419831155122446,0.1271017270439696,0.0009909589607634897,0.006000881425096227,0.000253908790147,0.005791961480596027,,,,1.0,1.0,10
CWT_pyBOAT,phase_shift_hours,missing_block_6h,eligible,DRG,250625 to 250728::1B-L1m2_Raw.csv,1B-L1m2,True,circular_absolute_error_radians,radians,0.14012797032826874,0.13624831472906207,0.00605157710065285,,,,,,,0.5352494194362818,0.5204302266496925,0.023115321817694934,0.005158269775895379,0.0031449059078698,0.000697489507613325,,,,1.0,1.0,10
CWT_pyBOAT,phase_shift_hours,missing_block_6h,eligible,DRG,250625 to 250728::2C-L3m2_Raw.csv,2C-L3m2,True,circular_absolute_error_radians,radians,0.16284541182631251,0.1594241005097119,0.0019197932690602215,,,,,,,0.6220236540478328,0.6089552074583953,0.007333070123651642,0.008502939197836625,0.008005371923189699,0.0019430993424613685,,,,1.0,1.0,10
CWT_pyBOAT,phase_shift_hours,missing_block_6h,eligible,DRG,250625 to 250728::3A-L5m2_Raw.csv,3A-L5m2,True,circular_absolute_error_radians,radians,0.1291294619679504,0.13452087753982234,-0.0009008215989896318,,,,,,,0.493238212103909,0.5138319026285338,-0.003440885047755471,0.01055518643098684,0.00139785182236525,0.00858718513658999,,,,1.0,1.0,10
CWT_pyBOAT,phase_shift_hours,missing_block_6h,eligible,DRG,250625 to 250728::3B-T10m2_Raw.csv,3B-T10m2,True,circular_absolute_error_radians,radians,0.023078187700241726,0.028277514862056874,-0.0020811110657419363,,,,,,,0.08815218360230523,0.10801215044762127,-0.00794925871766572,0.009580645273387037,0.0005838519845968999,0.008775436660307686,,,,1.0,1.0,10
CWT_pyBOAT,phase_shift_hours,missing_block_6h,eligible,DRG,250625 to 250728::4C-T5m1_Raw.csv,4C-T5m1,True,circular_absolute_error_radians,radians,0.16082014987281412,0.16096995596809394,-0.009117345180674086,,,,,,,0.6142877232249075,0.6148599403585653,-0.0348256932811044,0.00984950509766768,0.0013785158467669498,0.00844677711663153,,,,1.0,1.0,10
CWT_pyBOAT,phase_shift_hours,missing_block_6h,eligible,DRG,250625 to 250728::4D-T7m1_Raw.csv,4D-T7m1,True,circular_absolute_error_radians,radians,0.11942307661036411,0.12164090865825594,-0.0005837532081898189,,,,,,,0.4561625510827574,0.4646340454836279,-0.0022297730070998945,0.019586533795366873,0.00733784216282885,0.011874717300554373,,,,1.0,1.0,10
CWT_pyBOAT,phase_shift_hours,missing_block_6h,eligible,DRG,250625 to 250728::5B-T12m2_Raw.csv,5B-T12m2,True,circular_absolute_error_radians,radians,0.06214248701915048,0.06704819063885648,0.0015479329322296564,,,,,,,0.23736681564292178,0.25610522317300205,0.005912668265737969,0.005123635336443682,0.00063131741043885,0.004539240796238131,,,,1.0,1.0,10
CWT_pyBOAT,phase_shift_hours,missing_block_6h,eligible,DRG,250625 to 250728::5D-T10_Raw.csv,5D-T10,True,circular_absolute_error_radians,radians,0.1650670275843551,0.17036457359409085,-0.011205424896800764,,,,,,,0.6305096011568725,0.6507447363658211,-0.04280157028249998,0.0059892517968286214,0.00599499976712005,-0.0005948616147714604,,,,1.0,1.0,10
CWT_pyBOAT,phase_shift_hours,missing_block_6h,eligible,DRG,250625 to 250728::6A-T7_Raw.csv,6A-T7,True,circular_absolute_error_radians,radians,0.08851209464590237,0.07221066509732443,0.006586499635599097,,,,,,,0.3380912972715131,0.275824423060622,0.025158575392285498,0.019438440950582316,0.0077455852111044995,0.011331716862300016,,,,1.0,1.0,10
CWT_pyBOAT,phase_shift_hours,missing_block_6h,eligible,DRG,250625 to 250728::6B-T5_Raw.csv,6B-T5,True,circular_absolute_error_radians,radians,0.1251943126498154,0.12877858263959197,-0.0006160554780194616,,,,,,,0.47820704892504773,0.4918979517950208,-0.0023531585890952944,0.00722169446838225,0.0009050887608812,0.00625280656032925,,,,1.0,1.0,10
CWT_pyBOAT,phase_shift_hours,missing_block_6h,eligible,DRG,250625 to 250728::7C-L1_Raw.csv,7C-L1,True,circular_absolute_error_radians,radians,0.1322293787851807,0.10689506541956484,0.005265043274322867,,,,,,,0.5050790221351706,0.40830907328772653,0.020110983904829356,0.014167652138660093,0.00440533298208135,0.010278163817881636,,,,1.0,1.0,10
CWT_pyBOAT,phase_shift_hours,missing_block_6h,eligible,DRG,250625 to 250728::7D-L2_Raw.csv,7D-L2,True,circular_absolute_error_radians,radians,0.09280413818008615,0.09259737360123599,0.0036016907945108922,,,,,,,0.35448569593785606,0.35369591342312845,0.01375744544243962,0.011598823348186873,0.009774690121492301,0.003016250684887943,,,,1.0,1.0,10
CWT_pyBOAT,phase_shift_hours,missing_block_6h,eligible,DRG,250625 to 250728::8B-L2m1_Raw.csv,8B-L2m1,True,circular_absolute_error_radians,radians,0.07172842803816248,0.07218363701488761,-0.0001670152033987904,,,,,,,0.2739824131796367,0.27572118339049123,-0.0006379510846180048,0.014785191430179414,0.00050237324421465,0.014282818185964764,,,,1.0,1.0,10
CWT_pyBOAT,phase_shift_hours,missing_block_6h,eligible,DRG,250625 to 250728::8C-L3m1_Raw.csv,8C-L3m1,True,circular_absolute_error_radians,radians,0.08526167977477361,0.08079786122494359,0.001332065652405845,,,,,,,0.3256756270193639,0.3086250961248661,0.0050881159944796694,0.009918498213969546,0.0025266147960906,0.008278829699297503,,,,1.0,1.0,10
CWT_pyBOAT,phase_shift_hours,missing_block_6h,eligible,DRG,250625 to 250728::8D-L4-1m1_Raw.csv,8D-L4-1m1,True,circular_absolute_error_radians,radians,0.1156155156691332,0.1220199402672244,0.004426326614382248,,,,,,,0.4416187396046647,0.4660818395833577,0.01690732225003555,0.015117636856452218,0.0032083346964714,0.012130734517536918,,,,1.0,1.0,10
CWT_pyBOAT,phase_shift_hours,missing_block_6h,eligible,DRG,250811::2D-1FL2_Raw.csv,2D-1FL2,True,circular_absolute_error_radians,radians,0.06284133473488751,0.07802342405155271,-0.0053665665069821955,,,,,,,0.24003621728519442,0.2980275267542326,-0.020498774088422933,0.03194304863753844,0.0404040895725532,-0.005476249047583039,,,,1.0,1.0,10
CWT_pyBOAT,phase_shift_hours,missing_block_6h,eligible,DRG,250811::3A-1FL4_Raw.csv,3A-1FL4,True,circular_absolute_error_radians,radians,0.12486083795486902,0.1252469582296527,0.004335602252584891,,,,,,,0.47693326941872505,0.4784081402273609,0.016560780714701795,0.024824605386499433,0.031701631648078155,-0.002918319616740623,,,,1.0,1.0,10
CWT_pyBOAT,phase_shift_hours,missing_block_6h,eligible,DRG,250811::3D-1FT10_Raw.csv,3D-1FT10,True,circular_absolute_error_radians,radians,0.018073903577183303,0.028188909640613158,-0.006837120654573425,,,,,,,0.06903722628660029,0.10767370343218481,-0.026115877168585336,0.01822993900098121,0.005091678887776,0.010175358705854108,,,,1.0,1.0,10
CWT_pyBOAT,phase_shift_hours,missing_block_6h,eligible,DRG,250811::4A-2MT10_Raw.csv,4A-2MT10,True,circular_absolute_error_radians,radians,0.06680501612114065,0.06594355942679342,0.0035817275874814314,,,,,,,0.255176364936319,0.2518858427483598,0.013681191608550693,0.015532776924176882,0.0042094515942771495,0.011135202565299181,,,,1.0,1.0,10
CWT_pyBOAT,phase_shift_hours,missing_block_6h,eligible,DRG,250811::4C-2MT5_Raw.csv,4C-2MT5,True,circular_absolute_error_radians,radians,0.10284869011168851,0.09760907019138543,0.0037921453157672147,,,,,,,0.39285305812324234,0.3728391842775064,0.014484928126251101,0.01810982090269618,0.014930544119567849,0.002723271776208629,,,,1.0,1.0,10
CWT_pyBOAT,phase_shift_hours,missing_block_6h,eligible,DRG,250811::4D-1FL4_Raw.csv,4D-1FL4,True,circular_absolute_error_radians,radians,0.11953429692194195,0.1245939577370685,0.001675498906820394,,,,,,,0.4565873813793934,0.4759138620776916,0.006399934395972806,0.032304885097660496,0.02931702323527445,0.0030670153495099446,,,,1.0,1.0,10
CWT_pyBOAT,phase_shift_hours,missing_block_6h,eligible,DRG,250811::5C-1FT7_Raw.csv,5C-1FT7,True,circular_absolute_error_radians,radians,0.2279171213858775,0.22885702018330667,-0.0005645656518957765,,,,,,,0.8705792756121105,0.8741694245629179,-0.002156481940778665,0.03034809630014759,0.0290943338724219,0.0012502751027292681,,,,1.0,1.0,10
CWT_pyBOAT,phase_shift_hours,missing_block_6h,eligible,DRG,250811::6A-1FL1_Raw.csv,6A-1FL1,True,circular_absolute_error_radians,radians,0.10710339927798085,0.11259307828296183,0.008296002842101302,,,,,,,0.4091048500088541,0.43007387919998663,0.03168839664539602,0.013378049982654688,0.010886951050039801,0.0010354500485111385,,,,1.0,1.0,10
CWT_pyBOAT,phase_shift_hours,missing_block_6h,eligible,DRG,250811::6B-2ML3_Raw.csv,6B-2ML3,True,circular_absolute_error_radians,radians,0.09776068830343743,0.0997020913206077,-0.00230411414164422,,,,,,,0.37341832280539444,0.3808339360865825,-0.008801067722174899,0.03646305077795357,0.0350761972229968,0.0021200441486591594,,,,1.0,1.0,10
CWT_pyBOAT,phase_shift_hours,missing_block_6h,eligible,DRG,250811::7D-2MT12_Raw.csv,7D-2MT12,True,circular_absolute_error_radians,radians,0.17857496564969577,0.1793911965017827,0.0014102437300744786,,,,,,,0.6821061238947479,0.6852238960902777,0.005386734254537007,0.02714165114513782,0.03047591678529535,-0.006359258000668283,,,,1.0,1.0,10
CWT_pyBOAT,phase_shift_hours,missing_block_6h,eligible,DRG,250811::8C-2ML4_Raw.csv,8C-2ML4,True,circular_absolute_error_radians,radians,0.09110928916453598,0.10719239896632105,0.0005704980375504931,,,,,,,0.34801184957099424,0.4094448037768456,0.002179141984809313,0.019297390513913125,0.006141671429312301,0.014054302127321323,,,,1.0,1.0,10
CWT_pyBOAT,phase_shift_hours,missing_block_6h,eligible,DRG,250811::8D-2MT7_Raw.csv,8D-2MT7,True,circular_absolute_error_radians,radians,0.06648534758983948,0.06317929234372288,0.005916230372555731,,,,,,,0.2539553210905388,0.24132712026123443,0.022598335398303623,0.02669634835586507,0.02653723973535515,0.00011119358054443966,,,,1.0,1.0,10
CWT_pyBOAT,phase_shift_hours,missing_block_6h,eligible,DRG,251003::2B- 1MT7_Raw.csv,2B- 1MT7,True,circular_absolute_error_radians,radians,0.09053611745502499,0.10087693685107268,-0.0049679387502834516,,,,,,,0.3458224949115757,0.38532151545161264,-0.018976128218049226,0.005718774443647893,0.0032408138645628496,0.0033687111858111433,,,,1.0,1.0,10
CWT_pyBOAT,phase_shift_hours,missing_block_6h,eligible,SCN,250625 to 250728::1C-SCN_Raw.csv,1C-SCN,True,circular_absolute_error_radians,radians,0.0617832347266527,0.06651098658542809,0.002354815890349471,,,,,,,0.23599457296688697,0.25405325483975094,0.008994734136491087,0.005886588216777228,0.0004429068658443,0.005320314977205977,,,,1.0,1.0,10
CWT_pyBOAT,phase_shift_hours,missing_block_6h,eligible,SCN,250625 to 250728::6C-SCNmm1_Raw.csv,6C-SCNmm1,True,circular_absolute_error_radians,radians,0.11557459731288522,0.11156330334555342,-0.0008598854708701253,,,,,,,0.44146244299682325,0.4261404286825299,-0.0032845205563651614,0.007758070055375736,0.0022682496563618997,0.005811902257893636,,,,1.0,1.0,10
CWT_pyBOAT,phase_shift_hours,missing_block_6h,eligible,SCN,250625 to 250728::7A-SCNmm2_Raw.csv,7A-SCNmm2,True,circular_absolute_error_radians,radians,0.08384916210314097,0.08844898631480702,-0.007085987122781745,,,,,,,0.3202802069478842,0.3378502412032546,-0.027066477054629556,0.009771125988013492,0.0024913236843187,0.008258795542201491,,,,1.0,1.0,10
CWT_pyBOAT,phase_shift_hours,missing_block_6h,eligible,SCN,250625 to 250728::7B-SCNcm2_Raw.csv,7B-SCNcm2,True,circular_absolute_error_radians,radians,0.15557956188832667,0.16208291045512868,-0.0005118437434497025,,,,,,,0.5942701516463673,0.6191111133517146,-0.0019550990846562977,0.0209294528454934,0.0009531605388957501,0.0203500461720494,,,,1.0,1.0,10
CWT_pyBOAT,phase_shift_hours,missing_block_6h,eligible,SCN,250728::6B-SCNrM2_Raw.csv,6B-SCNrM2,True,circular_absolute_error_radians,radians,0.17733317796345505,0.18254063576226254,-0.0025047519997301038,,,,,,,0.6773628443298874,0.6972538679208309,-0.009567447887432523,0.008172544545383263,0.0037254189949070997,0.004898565551627461,,,,1.0,1.0,10
CWT_pyBOAT,phase_shift_hours,missing_block_6h,eligible,SCN,250728::7A-SCNcM1_Raw.csv,7A-SCNcM1,True,circular_absolute_error_radians,radians,0.08410398283564846,0.07809921353485816,0.0019007974024276564,,,,,,,0.321253550448225,0.2983170212558912,0.007260511257902308,0.007043653951222757,0.0017893787141470999,0.006030643316795057,,,,1.0,1.0,10
CWT_pyBOAT,phase_shift_hours,missing_block_6h,eligible,SCN,250728::7B-SCNcM2_Raw.csv,7B-SCNcM2,True,circular_absolute_error_radians,radians,0.14023487822037684,0.14544802857065386,-0.006377973067365872,,,,,,,0.5356577775039107,0.5555705450397788,-0.024362062573878185,0.01212096048842851,0.0016011918011669501,0.010293574199418709,,,,1.0,1.0,10
CWT_pyBOAT,phase_shift_hours,missing_block_6h,eligible,SCN,250811::1A-1FSCN_Raw.csv,1A-1FSCN,True,circular_absolute_error_radians,radians,0.04361907208753024,0.047681701158515555,0.0006352585367856989,,,,,,,0.16661258245949176,0.18213068242579927,0.002426508870498445,0.0056336737914699135,0.00610306533758515,-0.0003513177341136365,,,,1.0,1.0,10
CWT_pyBOAT,phase_shift_hours,missing_block_6h,eligible,SCN,250811::1B-2MSCN_Raw.csv,1B-2MSCN,True,circular_absolute_error_radians,radians,0.03098407884708121,0.026909756481721336,0.010675244110117887,,,,,,,0.1183504633358882,0.1027876982751629,0.04077642885210968,0.007477405945412609,0.00638776103961145,0.001030222041811659,,,,1.0,1.0,10
CWT_pyBOAT,phase_shift_hours,missing_block_6h,eligible,SCN,250811::1C-3FSCN_Raw.csv,1C-3FSCN,True,circular_absolute_error_radians,radians,0.12646459516162478,0.11785691492858996,0.0015288261456447572,,,,,,,0.48305917070611143,0.450180254122706,0.005839685716979848,0.0074397876289727,0.01005823786065965,-0.0026052582284562496,,,,1.0,1.0,10
CWT_pyBOAT,phase_shift_hours,missing_block_6h,eligible,SCN,250811::1D-4FSCN_Raw.csv,1D-4FSCN,True,circular_absolute_error_radians,radians,0.1209256767228224,0.11414270768853108,0.004678287719904972,,,,,,,0.46190206073207357,0.4359930275165522,0.01786974277989578,0.01016030536429695,0.00932757866281065,0.0007843832048550006,,,,1.0,1.0,10
CWT_pyBOAT,phase_shift_hours,missing_block_6h,eligible,SCN,251003::2A- M1SCn_Raw.csv,2A- M1SCn,True,circular_absolute_error_radians,radians,0.1665310467974721,0.16151607901707132,0.002919132662085877,,,,,,,0.6361017426260503,0.6169459767453134,0.011150265425087291,0.0033971392881536025,0.0009315071015747001,0.0024986349572202527,,,,1.0,1.0,10
CWT_pyBOAT,phase_shift_hours,missing_block_6h,eligible,SCN,251003::4B-M3SCN_Raw.csv,4B-M3SCN,True,circular_absolute_error_radians,radians,0.01811250638731865,0.013031633481125349,0.003956300411257718,,,,,,,0.06918467815980697,0.04977717324199063,0.015111954403395945,0.012377683056513714,0.0003592617445549,0.012185935484673996,,,,1.0,1.0,10
CWT_pyBOAT,phase_shift_hours,missing_block_6h,ineligible,DRG,250625 to 250728::5A-T10m1_Raw.csv,5A-T10m1,True,circular_absolute_error_radians,radians,0.06583924105997596,0.060746659276013304,-0.003375389280140695,,,,,,,0.25148737593873727,0.2320351464023197,-0.012893037331050863,0.014762352514230193,0.01006986547469,0.003628349597132109,,,,1.0,1.0,10
CWT_pyBOAT,phase_shift_hours,transient_artifact,difficult,DRG,250625 to 250728::1D-L2m2_Raw.csv,1D-L2m2,True,circular_absolute_error_radians,radians,0.09241375623340975,0.07668662700706541,0.010128369114671187,,,,,,,0.3529945467416788,0.2929213381732536,0.03868752024142086,0.044841927580943824,0.00051916404209275,0.0445952238893359,,,,1.0,1.0,10
CWT_pyBOAT,phase_shift_hours,transient_artifact,difficult,DRG,250625 to 250728::4B-T12m2_Raw.csv,4B-T12m2,True,circular_absolute_error_radians,radians,0.048355947296376156,0.04310507269284414,0.020753680920279294,,,,,,,0.1847061129626265,0.1646492493936389,0.07927322173954574,0.06476956178457682,0.00014312889148425,0.06446529539394197,,,,1.0,1.0,10
CWT_pyBOAT,phase_shift_hours,transient_artifact,difficult,DRG,250625 to 250728::5C-T12_Raw.csv,5C-T12,True,circular_absolute_error_radians,radians,0.17307853536876472,0.14028612251254202,0.029275186008035803,,,,,,,0.6611113067290643,0.5358535162815908,0.11182297351472609,0.022869296102979303,0.0062381302959622995,0.017881570703403623,,,,1.0,1.0,10
CWT_pyBOAT,phase_shift_hours,transient_artifact,difficult,DRG,250625 to 250728::8A-L3_Raw.csv,8A-L3,True,circular_absolute_error_radians,radians,0.11479334629114035,0.11819712569396401,0.00040679508487784233,,,,,,,0.43847828391107224,0.45147976352276264,0.0015538427660111154,0.019281604392107375,0.005477780876592,0.013381021954357824,,,,1.0,1.0,10
CWT_pyBOAT,phase_shift_hours,transient_artifact,difficult,DRG,250811::2C-2ML1_Raw.csv,2C-2ML1,True,circular_absolute_error_radians,radians,0.2480345873035521,0.21165788795267515,0.02472549270179414,,,,,,,0.9474223350508459,0.8084735786894106,0.09444442521295487,0.04258940703588742,0.02141008211914305,0.02709593384855282,,,,1.0,1.0,10
CWT_pyBOAT,phase_shift_hours,transient_artifact,difficult,DRG,250811::5A-2ML2_Raw.csv,5A-2ML2,True,circular_absolute_error_radians,radians,0.18527641247556437,0.16643788817832794,0.02044585008341926,,,,,,,0.7077037652116553,0.6357459029125686,0.07809739455580839,0.06317590634385535,0.0239750161939781,0.040285844492598755,,,,1.0,1.0,10
CWT_pyBOAT,phase_shift_hours,transient_artifact,difficult,DRG,250811::7C-1FT12_Raw.csv,7C-1FT12,True,circular_absolute_error_radians,radians,0.2646684913057096,0.252474973483396,0.03168117300308637,,,,,,,1.010959168127472,0.9643833608850643,0.12101316687337688,0.035395477420449226,0.02125115421553605,0.010181226200213304,,,,1.0,1.0,10
CWT_pyBOAT,phase_shift_hours,transient_artifact,difficult,DRG,250811::8A-1FT5_Raw.csv,8A-1FT5,True,circular_absolute_error_radians,radians,0.12745854796877243,0.1372870567612663,-0.011283643731605508,,,,,,,0.4868557907650941,0.5243979289462354,-0.043100344223349484,0.06228625938304301,0.02587536224893685,0.039121030650377656,,,,1.0,1.0,10
CWT_pyBOAT,phase_shift_hours,transient_artifact,difficult,DRG,251003::2C- M1L1_Raw.csv,2C- M1L1,True,circular_absolute_error_radians,radians,0.0974358277203371,0.08157740293400462,-0.001169234072161629,,,,,,,0.3721774467826072,0.31160272611710693,-0.00446614517318375,0.03193782336973083,0.0038726926705446,0.02816479262973408,,,,1.0,1.0,10
CWT_pyBOAT,phase_shift_hours,transient_artifact,difficult,DRG,251003::2D- M1L4_Raw.csv,2D- M1L4,True,circular_absolute_error_radians,radians,0.11406131243916962,0.10174183213340982,0.014442148004661703,,,,,,,0.43568212056583044,0.3886251720781922,0.05516494185135995,0.023373658927117874,0.0011959628965354501,0.022246032762340922,,,,1.0,1.0,10
CWT_pyBOAT,phase_shift_hours,transient_artifact,difficult,SCN,250728::6A-SCNrM1_Raw.csv,6A-SCNrM1,True,circular_absolute_error_radians,radians,0.04930006268422771,0.03327515432832584,0.01176814495586953,,,,,,,0.18831236810244323,0.1271017270439696,0.044951002577966165,0.032439986612149425,0.000253908790147,0.03219263557068615,,,,1.0,1.0,10
CWT_pyBOAT,phase_shift_hours,transient_artifact,eligible,DRG,250625 to 250728::1B-L1m2_Raw.csv,1B-L1m2,True,circular_absolute_error_radians,radians,0.14993715641738437,0.13624831472906207,0.013338855789566395,,,,,,,0.572717750327266,0.5204302266496925,0.05095067601838654,0.031542156747797145,0.0031449059078698,0.026889488894061994,,,,1.0,1.0,10
CWT_pyBOAT,phase_shift_hours,transient_artifact,eligible,DRG,250625 to 250728::2C-L3m2_Raw.csv,2C-L3m2,True,circular_absolute_error_radians,radians,0.17300830874197293,0.1594241005097119,0.008450393812573287,,,,,,,0.6608430607740903,0.6089552074583953,0.03227812671226088,0.03713013235813624,0.008005371923189699,0.028353266609242613,,,,1.0,1.0,10
CWT_pyBOAT,phase_shift_hours,transient_artifact,eligible,DRG,250625 to 250728::3A-L5m2_Raw.csv,3A-L5m2,True,circular_absolute_error_radians,radians,0.15218843020146755,0.13452087753982234,0.018094947966058816,,,,,,,0.581316982751027,0.5138319026285338,0.06911760993093355,0.02543134040935567,0.00139785182236525,0.024548762160397572,,,,1.0,1.0,10
CWT_pyBOAT,phase_shift_hours,transient_artifact,eligible,DRG,250625 to 250728::3B-T10m2_Raw.csv,3B-T10m2,True,circular_absolute_error_radians,radians,0.05421180357477429,0.028277514862056874,0.011135532306713714,,,,,,,0.20707383630845305,0.10801215044762127,0.042534600253751595,0.02331641789082945,0.0005838519845968999,0.022346385248305452,,,,1.0,1.0,10
CWT_pyBOAT,phase_shift_hours,transient_artifact,eligible,DRG,250625 to 250728::4C-T5m1_Raw.csv,4C-T5m1,True,circular_absolute_error_radians,radians,0.1811504334152496,0.16096995596809394,0.02320654183304427,,,,,,,0.6919436861106294,0.6148599403585653,0.08864246027514841,0.034562184860006,0.0013785158467669498,0.03242920062864245,,,,1.0,1.0,10
CWT_pyBOAT,phase_shift_hours,transient_artifact,eligible,DRG,250625 to 250728::4D-T7m1_Raw.csv,4D-T7m1,True,circular_absolute_error_radians,radians,0.0941564749195547,0.12164090865825594,-0.022005739902785315,,,,,,,0.3596512417813248,0.4646340454836279,-0.08405573476614836,0.04127247725606663,0.00733784216282885,0.035350841041118075,,,,1.0,1.0,10
CWT_pyBOAT,phase_shift_hours,transient_artifact,eligible,DRG,250625 to 250728::5B-T12m2_Raw.csv,5B-T12m2,True,circular_absolute_error_radians,radians,0.05489640171331689,0.06704819063885648,-0.018466918624291395,,,,,,,0.2096888085751866,0.25610522317300205,-0.07053843318556223,0.016302552114225346,0.00063131741043885,0.015772857478682446,,,,1.0,1.0,10
CWT_pyBOAT,phase_shift_hours,transient_artifact,eligible,DRG,250625 to 250728::5D-T10_Raw.csv,5D-T10,True,circular_absolute_error_radians,radians,0.16584553686990788,0.17036457359409085,0.01359052709444697,,,,,,,0.6334832875818005,0.6507447363658211,0.051911989591333696,0.05378799524191204,0.00599499976712005,0.04708417441827144,,,,1.0,1.0,10
CWT_pyBOAT,phase_shift_hours,transient_artifact,eligible,DRG,250625 to 250728::6A-T7_Raw.csv,6A-T7,True,circular_absolute_error_radians,radians,0.08190898407640046,0.07221066509732443,0.0002642658317273394,,,,,,,0.31286927278546744,0.275824423060622,0.0010094211218326932,0.012622594006941823,0.0077455852111044995,0.004800255436316373,,,,1.0,1.0,10
CWT_pyBOAT,phase_shift_hours,transient_artifact,eligible,DRG,250625 to 250728::6B-T5_Raw.csv,6B-T5,True,circular_absolute_error_radians,radians,0.13129294457745555,0.12877858263959197,0.012290895923783296,,,,,,,0.5015021069422154,0.4918979517950208,0.046947764191155344,0.04334896424928314,0.0009050887608812,0.04062824879174134,,,,1.0,1.0,10
CWT_pyBOAT,phase_shift_hours,transient_artifact,eligible,DRG,250625 to 250728::7C-L1_Raw.csv,7C-L1,True,circular_absolute_error_radians,radians,0.101453784570541,0.10689506541956484,0.012260487446841273,,,,,,,0.3875249114347647,0.40830907328772653,0.04683161236514211,0.04610585161316581,0.00440533298208135,0.04282218973211761,,,,1.0,1.0,10
CWT_pyBOAT,phase_shift_hours,transient_artifact,eligible,DRG,250625 to 250728::7D-L2_Raw.csv,7D-L2,True,circular_absolute_error_radians,radians,0.13227729560112378,0.09259737360123599,0.03143642147287551,,,,,,,0.5052620508899202,0.35369591342312845,0.1200782848926801,0.02076762552896676,0.009774690121492301,0.01185647323677301,,,,1.0,1.0,10
CWT_pyBOAT,phase_shift_hours,transient_artifact,eligible,DRG,250625 to 250728::8B-L2m1_Raw.csv,8B-L2m1,True,circular_absolute_error_radians,radians,0.11559800964094769,0.07218363701488761,0.04341437262606007,,,,,,,0.44155187150259356,0.27572118339049123,0.16583068811210233,0.028576016222503824,0.00050237324421465,0.02806383308730207,,,,1.0,1.0,10
CWT_pyBOAT,phase_shift_hours,transient_artifact,eligible,DRG,250625 to 250728::8C-L3m1_Raw.csv,8C-L3m1,True,circular_absolute_error_radians,radians,0.11632563739420698,0.08079786122494359,-0.00041306902671323087,,,,,,,0.44433120479048316,0.3086250961248661,-0.0015778074585496432,0.021249110195489664,0.0025266147960906,0.017508517684192662,,,,1.0,1.0,10
CWT_pyBOAT,phase_shift_hours,transient_artifact,eligible,DRG,250625 to 250728::8D-L4-1m1_Raw.csv,8D-L4-1m1,True,circular_absolute_error_radians,radians,0.10592856796931471,0.1220199402672244,-0.006845562939123084,,,,,,,0.404617324967094,0.4660818395833577,-0.02614812432019495,0.02075615276342204,0.0032083346964714,0.01769832661904984,,,,1.0,1.0,10
CWT_pyBOAT,phase_shift_hours,transient_artifact,eligible,DRG,250811::2D-1FL2_Raw.csv,2D-1FL2,True,circular_absolute_error_radians,radians,0.10303968364832539,0.07802342405155271,0.02265951694689683,,,,,,,0.393582599694147,0.2980275267542326,0.08655297912415688,0.040844072730162995,0.0404040895725532,0.0015982872265003951,,,,1.0,1.0,10
CWT_pyBOAT,phase_shift_hours,transient_artifact,eligible,DRG,250811::3A-1FL4_Raw.csv,3A-1FL4,True,circular_absolute_error_radians,radians,0.17090650982532507,0.1252469582296527,0.04605816531197626,,,,,,,0.6528147802868176,0.4784081402273609,0.17592923229947258,0.0244658032475816,0.031701631648078155,-0.0002075089617405504,,,,1.0,1.0,10
CWT_pyBOAT,phase_shift_hours,transient_artifact,eligible,DRG,250811::3D-1FT10_Raw.csv,3D-1FT10,True,circular_absolute_error_radians,radians,0.08737413813609085,0.028188909640613158,0.03417942142684538,,,,,,,0.3337446235860706,0.10767370343218481,0.13055577293048362,0.04932557310334776,0.005091678887776,0.04435223908611416,,,,1.0,1.0,10
CWT_pyBOAT,phase_shift_hours,transient_artifact,eligible,DRG,250811::4A-2MT10_Raw.csv,4A-2MT10,True,circular_absolute_error_radians,radians,0.1386311613055633,0.06594355942679342,0.0928262723318598,,,,,,,0.529532030120407,0.2518858427483598,0.35457024216983823,0.029537733108267746,0.0042094515942771495,0.025466556641600545,,,,1.0,1.0,10
CWT_pyBOAT,phase_shift_hours,transient_artifact,eligible,DRG,250811::4C-2MT5_Raw.csv,4C-2MT5,True,circular_absolute_error_radians,radians,0.08707264499054324,0.09760907019138543,-0.005736644531744162,,,,,,,0.3325930045999371,0.3728391842775064,-0.021912368015716194,0.02811714025040284,0.014930544119567849,0.01316157519335634,,,,1.0,1.0,10
CWT_pyBOAT,phase_shift_hours,transient_artifact,eligible,DRG,250811::4D-1FL4_Raw.csv,4D-1FL4,True,circular_absolute_error_radians,radians,0.12430038059571347,0.1245939577370685,-0.027482678317294784,,,,,,,0.47479248000028096,0.4759138620776916,-0.10497609848644604,0.029702259152141475,0.02931702323527445,0.0005515182344935261,,,,1.0,1.0,10
CWT_pyBOAT,phase_shift_hours,transient_artifact,eligible,DRG,250811::5C-1FT7_Raw.csv,5C-1FT7,True,circular_absolute_error_radians,radians,0.20397911873260588,0.22885702018330667,0.003262885115745462,,,,,,,0.7791428408117484,0.8741694245629179,0.012463303077884735,0.07371500562778772,0.0290943338724219,0.04713317407683795,,,,1.0,1.0,10
CWT_pyBOAT,phase_shift_hours,transient_artifact,eligible,DRG,250811::6A-1FL1_Raw.csv,6A-1FL1,True,circular_absolute_error_radians,radians,0.1161163376167571,0.11259307828296183,-0.014710224324936405,,,,,,,0.4435317385304228,0.43007387919998663,-0.056188917967302465,0.03574499396074729,0.010886951050039801,0.01989656359030149,,,,1.0,1.0,10
CWT_pyBOAT,phase_shift_hours,transient_artifact,eligible,DRG,250811::6B-2ML3_Raw.csv,6B-2ML3,True,circular_absolute_error_radians,radians,0.10239658660749651,0.0997020913206077,0.0026944952868888095,,,,,,,0.39112614994369055,0.3808339360865825,0.010292213857108073,0.03997499013842875,0.0350761972229968,0.008435966049738149,,,,1.0,1.0,10
CWT_pyBOAT,phase_shift_hours,transient_artifact,eligible,DRG,250811::7D-2MT12_Raw.csv,7D-2MT12,True,circular_absolute_error_radians,radians,0.18683504695379605,0.1793911965017827,0.008312569883443643,,,,,,,0.7136573103720721,0.6852238960902777,0.03175167808192508,0.029585106923401584,0.03047591678529535,-0.0023646744883204143,,,,1.0,1.0,10
CWT_pyBOAT,phase_shift_hours,transient_artifact,eligible,DRG,250811::8C-2ML4_Raw.csv,8C-2ML4,True,circular_absolute_error_radians,radians,0.14714576361444043,0.10719239896632105,0.02925899311856739,,,,,,,0.5620554152224739,0.4094448037768456,0.11176112123308202,0.02884478398231318,0.006141671429312301,0.022577717400758483,,,,1.0,1.0,10
CWT_pyBOAT,phase_shift_hours,transient_artifact,eligible,DRG,250811::8D-2MT7_Raw.csv,8D-2MT7,True,circular_absolute_error_radians,radians,0.08922467153057556,0.06317929234372288,0.01891233840463613,,,,,,,0.34081314047620337,0.24132712026123443,0.07223981142058872,0.039115997093231214,0.02653723973535515,0.011809422662612468,,,,1.0,1.0,10
CWT_pyBOAT,phase_shift_hours,transient_artifact,eligible,DRG,251003::2B- 1MT7_Raw.csv,2B- 1MT7,True,circular_absolute_error_radians,radians,0.07965242259732119,0.10087693685107268,0.006650398308288175,,,,,,,0.3042498428545981,0.38532151545161264,0.025402650343057,0.02326006162773958,0.0032408138645628496,0.02110255203437768,,,,1.0,1.0,10
CWT_pyBOAT,phase_shift_hours,transient_artifact,eligible,SCN,250625 to 250728::1C-SCN_Raw.csv,1C-SCN,True,circular_absolute_error_radians,radians,0.06797894139245764,0.06651098658542809,0.003967718003682563,,,,,,,0.2596604291703332,0.25405325483975094,0.015155566393938918,0.023326294708064493,0.0004429068658443,0.022883387842220194,,,,1.0,1.0,10
CWT_pyBOAT,phase_shift_hours,transient_artifact,eligible,SCN,250625 to 250728::6C-SCNmm1_Raw.csv,6C-SCNmm1,True,circular_absolute_error_radians,radians,0.12723340714810116,0.11156330334555342,0.0166716908450808,,,,,,,0.4859958161770558,0.4261404286825299,0.06368116818466821,0.012515449844362564,0.0022682496563618997,0.010569282046880464,,,,1.0,1.0,10
CWT_pyBOAT,phase_shift_hours,transient_artifact,eligible,SCN,250625 to 250728::7A-SCNmm2_Raw.csv,7A-SCNmm2,True,circular_absolute_error_radians,radians,0.15929518722459113,0.08844898631480702,0.060488695088793065,,,,,,,0.6084627949810228,0.3378502412032546,0.2310497957894369,0.03629730968141421,0.0024913236843187,0.03427205567873646,,,,1.0,1.0,10
CWT_pyBOAT,phase_shift_hours,transient_artifact,eligible,SCN,250625 to 250728::7B-SCNcm2_Raw.csv,7B-SCNcm2,True,circular_absolute_error_radians,radians,0.12498161206089553,0.16208291045512868,-0.03493415847069059,,,,,,,0.477394592522044,0.6191111133517146,-0.13343865608078437,0.02295656434623866,0.0009531605388957501,0.022425833026276112,,,,1.0,1.0,10
CWT_pyBOAT,phase_shift_hours,transient_artifact,eligible,SCN,250728::6B-SCNrM2_Raw.csv,6B-SCNrM2,True,circular_absolute_error_radians,radians,0.18566537463599886,0.18254063576226254,0.01237329234616169,,,,,,,0.7091894912238679,0.6972538679208309,0.04726249534110599,0.04757269584065969,0.0037254189949070997,0.043785596397575344,,,,1.0,1.0,10
CWT_pyBOAT,phase_shift_hours,transient_artifact,eligible,SCN,250728::7A-SCNcM1_Raw.csv,7A-SCNcM1,True,circular_absolute_error_radians,radians,0.05557721170928964,0.07809921353485816,-0.022546112651046002,,,,,,,0.21228931120315708,0.2983170212558912,-0.08611980662209648,0.04735222114123751,0.0017893787141470999,0.04623290360098046,,,,1.0,1.0,10
CWT_pyBOAT,phase_shift_hours,transient_artifact,eligible,SCN,250728::7B-SCNcM2_Raw.csv,7B-SCNcM2,True,circular_absolute_error_radians,radians,0.11404438132337869,0.14544802857065386,-0.03232745654447999,,,,,,,0.4356174484673459,0.5555705450397788,-0.1234817881594184,0.05302740441902797,0.0016011918011669501,0.05086513572446197,,,,1.0,1.0,10
CWT_pyBOAT,phase_shift_hours,transient_artifact,eligible,SCN,250811::1A-1FSCN_Raw.csv,1A-1FSCN,True,circular_absolute_error_radians,radians,0.10411173298194587,0.047681701158515555,0.050790686810717744,,,,,,,0.39767752651056476,0.18213068242579927,0.1940061328549935,0.037439415116127375,0.00610306533758515,0.03108347445137463,,,,1.0,1.0,10
CWT_pyBOAT,phase_shift_hours,transient_artifact,eligible,SCN,250811::1B-2MSCN_Raw.csv,1B-2MSCN,True,circular_absolute_error_radians,radians,0.07740166624853595,0.026909756481721336,0.06918722332620098,,,,,,,0.29565258688808677,0.1027876982751629,0.26427572618802647,0.026485829730280054,0.00638776103961145,0.020008052629549456,,,,1.0,1.0,10
CWT_pyBOAT,phase_shift_hours,transient_artifact,eligible,SCN,250811::1C-3FSCN_Raw.csv,1C-3FSCN,True,circular_absolute_error_radians,radians,0.14694929521448374,0.11785691492858996,0.011612644846326958,,,,,,,0.561304961214127,0.450180254122706,0.044357035911925385,0.03270115537792834,0.01005823786065965,0.02264291751726869,,,,1.0,1.0,10
CWT_pyBOAT,phase_shift_hours,transient_artifact,eligible,SCN,250811::1D-4FSCN_Raw.csv,1D-4FSCN,True,circular_absolute_error_radians,radians,0.1354901968361486,0.11414270768853108,0.031154753183972872,,,,,,,0.5175344296072063,0.4359930275165522,0.11900239128089396,0.0504326057317543,0.00932757866281065,0.0422265998145544,,,,1.0,1.0,10
CWT_pyBOAT,phase_shift_hours,transient_artifact,eligible,SCN,251003::2A- M1SCn_Raw.csv,2A- M1SCn,True,circular_absolute_error_radians,radians,0.15049657506658365,0.16151607901707132,-0.011237386792327664,,,,,,,0.5748545721659346,0.6169459767453134,-0.04292365573042861,0.026758347635385468,0.0009315071015747001,0.025947473349864168,,,,1.0,1.0,10
CWT_pyBOAT,phase_shift_hours,transient_artifact,eligible,SCN,251003::4B-M3SCN_Raw.csv,4B-M3SCN,True,circular_absolute_error_radians,radians,0.08106055176143978,0.013031633481125349,0.07299874305930265,,,,,,,0.30962850006215004,0.04977717324199063,0.2788346591371969,0.010303781285723946,0.0003592617445549,0.010258993026045108,,,,1.0,1.0,10
CWT_pyBOAT,phase_shift_hours,transient_artifact,ineligible,DRG,250625 to 250728::5A-T10m1_Raw.csv,5A-T10m1,True,circular_absolute_error_radians,radians,0.10638010684023946,0.060746659276013304,0.013681487489648703,,,,,,,0.4063420764064334,0.2320351464023197,0.05225943270786041,0.0336535818765867,0.01006986547469,0.021094445775621952,,,,1.0,1.0,10
CWT_pyBOAT,post_amplitude_trajectory,gaussian_noise,difficult,DRG,250625 to 250728::1D-L2m2_Raw.csv,1D-L2m2,True,target_segment_calibrated_absolute_nrmse,NRMSE,0.08881302030493807,0.0900769337677835,-0.0007984718127659329,0.01078522298293913,0.01087361539932075,8.535896950853314e-05,0.005534238324759605,0.004951861495408105,0.0006065584429510162,,,,0.08767253241226186,0.08914184281881096,-0.001211644838705242,0.9996719567071883,0.9996693939226228,-5.1027825751504e-06,1.0,1.0,10
CWT_pyBOAT,post_amplitude_trajectory,gaussian_noise,difficult,DRG,250625 to 250728::8A-L3_Raw.csv,8A-L3,True,target_segment_calibrated_absolute_nrmse,NRMSE,0.06755796767799033,0.06900140425941051,-0.00014350296796830642,0.01641782752623748,0.0170357305574163,0.00011851553423070961,0.01520418506066576,0.015922703261558174,-0.00015471787321255648,,,,0.05658642720717165,0.055823811086795044,0.00031862198095373995,0.9997883247082762,0.9997940338865744,1.0597765493780553e-05,1.0,1.0,10
CWT_pyBOAT,post_amplitude_trajectory,gaussian_noise,difficult,DRG,250811::3A-1FL4_Raw.csv,3A-1FL4,True,target_segment_calibrated_absolute_nrmse,NRMSE,1.3521545572125606,1.352220787361138,-3.039263459714281e-05,0.07260387244905002,0.07267135166344985,-2.878236098825121e-05,0.03980998274585146,0.03909748905450039,-5.461243508897429e-05,,,,0.8220022261057839,0.822197259128788,-0.00012660058736879698,0.9978768473245845,0.9978636085422232,-9.807276670215082e-07,1.0,1.0,10
CWT_pyBOAT,post_amplitude_trajectory,gaussian_noise,difficult,DRG,250811::4C-2MT5_Raw.csv,4C-2MT5,True,target_segment_calibrated_absolute_nrmse,NRMSE,0.3285365759818728,0.32916745369590034,-0.00022922969924485392,0.2007263641454027,0.20097784844799343,-0.00025404172126977653,0.19213226247200627,0.192491100905477,-0.0006387406886892433,,,,0.43521804551604737,0.43620266949845504,5.001173859625618e-05,0.9814529493357558,0.981415801812475,1.7868949375166032e-06,1.0,1.0,10
CWT_pyBOAT,post_amplitude_trajectory,gaussian_noise,difficult,DRG,250811::7D-2MT12_Raw.csv,7D-2MT12,True,target_segment_calibrated_absolute_nrmse,NRMSE,0.38045858048311176,0.3794909003892216,0.0008532332439976087,0.21423583894153564,0.21409017673140146,0.00017614415280768625,0.2083237009547802,0.20859908037183245,0.0007481337337976179,,,,0.4923761573263441,0.4919704125298915,0.00034393532682144845,0.9807508403476157,0.9808210679024638,4.33407515593176e-06,1.0,1.0,10
CWT_pyBOAT,post_amplitude_trajectory,gaussian_noise,difficult,SCN,250728::6A-SCNrM1_Raw.csv,6A-SCNrM1,True,target_segment_calibrated_absolute_nrmse,NRMSE,2.293717807850258,2.2938323601159976,-8.181187552436242e-05,0.11719771519717287,0.1172402352127154,-3.335627234535288e-05,0.047481223472111256,0.04846808318336282,-0.00015047392303979557,,,,1.0611762497133514,1.0610010423603167,1.2991627871161704e-05,0.9968589685800395,0.9968597794822138,-2.684588867873927e-07,1.0,1.0,10
CWT_pyBOAT,post_amplitude_trajectory,gaussian_noise,difficult,SCN,250728::6B-SCNrM2_Raw.csv,6B-SCNrM2,True,target_segment_calibrated_absolute_nrmse,NRMSE,1.9109091125686106,1.9105560146685134,6.37680522972417e-05,0.13080616373111575,0.13078563733511223,-9.982412344317071e-06,0.06453376785711695,0.06442903568200398,-0.0004052500564347694,,,,0.989752876236412,0.9897296672048618,-4.2562371860510595e-05,0.9960693046296862,0.9960704823840092,-1.373835824824976e-06,1.0,1.0,10
CWT_pyBOAT,post_amplitude_trajectory,gaussian_noise,difficult,SCN,250728::7B-SCNcM2_Raw.csv,7B-SCNcM2,True,target_segment_calibrated_absolute_nrmse,NRMSE,2.431724801770804,2.4313937354478634,0.00012986908231371608,0.10241064444707579,0.10236621457248804,3.4550653544004883e-05,0.03717923355260966,0.036996629648522905,-0.00036655993744061366,,,,1.0672513135255741,1.06697295668304,0.00018363782176411547,0.9975439365023134,0.9975473097793948,3.9556164654896975e-07,1.0,1.0,10
CWT_pyBOAT,post_amplitude_trajectory,gaussian_noise,difficult,SCN,251003::2A- M1SCn_Raw.csv,2A- M1SCn,True,target_segment_calibrated_absolute_nrmse,NRMSE,2.49848180339159,2.4986865985991673,1.3114684752624228e-05,0.09300812263182401,0.09307784873673705,-1.175697035980805e-05,0.028745342418254438,0.02875432166477898,0.00013985116148440557,,,,1.0672917659604617,1.0673601294096131,0.0001371060153146919,0.9979495205425744,0.9979468412467865,-1.807657403596341e-06,1.0,1.0,10
CWT_pyBOAT,post_amplitude_trajectory,gaussian_noise,difficult,SCN,251003::4B-M3SCN_Raw.csv,4B-M3SCN,True,target_segment_calibrated_absolute_nrmse,NRMSE,1.5959309905295787,1.595762896014198,-7.262232521421108e-05,0.17246442063502962,0.17240485199316696,-3.0407206025401257e-05,0.09676253575924809,0.09583346199888765,-0.000567365610006032,,,,0.9863479272786283,0.9860926094729909,-0.00012435047831260704,0.9931455569248417,0.9931483759881256,-2.911982599496099e-09,1.0,1.0,10
CWT_pyBOAT,post_amplitude_trajectory,gaussian_noise,eligible,DRG,250625 to 250728::1B-L1m2_Raw.csv,1B-L1m2,True,target_segment_calibrated_absolute_nrmse,NRMSE,0.021413111084078888,0.0216926799586164,-7.447641034781689e-05,0.01686241228272055,0.01676791818942925,3.015893377995675e-05,0.013851311384690757,0.014264748813007697,-0.00019353760134729892,,,,0.021400619623025644,0.02108933998658755,-0.0009046747968060546,0.9980145003479479,0.9980004402701674,9.691814675694133e-06,1.0,1.0,10
CWT_pyBOAT,post_amplitude_trajectory,gaussian_noise,eligible,DRG,250625 to 250728::2C-L3m2_Raw.csv,2C-L3m2,True,target_segment_calibrated_absolute_nrmse,NRMSE,0.047533315237625454,0.0460670272293211,0.00013512950091556022,0.04062820000238879,0.04012973745318585,0.00019410888699563852,0.011759915189504588,0.010917013753859867,0.00039179909982103855,,,,0.056172395363793357,0.055461545532323,0.00022917238264094295,0.994632774019873,0.9947613761614222,6.295149385215915e-05,1.0,1.0,10
CWT_pyBOAT,post_amplitude_trajectory,gaussian_noise,eligible,DRG,250625 to 250728::3A-L5m2_Raw.csv,3A-L5m2,True,target_segment_calibrated_absolute_nrmse,NRMSE,0.12276203202672671,0.12152750315817401,-0.00018156838559019867,0.05547232880237976,0.0563283043657371,-0.00023516964898136206,0.0205437557039862,0.022037002181529153,-0.0002511972920876959,,,,0.14757835611374276,0.1454409804482652,-0.00015395840010702655,0.9968969677241686,0.9969092303637664,-8.878580708082673e-06,1.0,1.0,10
CWT_pyBOAT,post_amplitude_trajectory,gaussian_noise,eligible,DRG,250625 to 250728::3B-T10m2_Raw.csv,3B-T10m2,True,target_segment_calibrated_absolute_nrmse,NRMSE,0.10414684144727035,0.10317461470451256,-7.571058190913166e-05,0.0572564963921558,0.05741095925684095,-0.00034367043398608396,0.024021413718462087,0.024097336178341228,-0.0007643946030289339,,,,0.1292697988413048,0.12743929508111784,0.0006699325264714756,0.9961712990465297,0.9962053722884096,1.4386915273445489e-05,1.0,1.0,10
CWT_pyBOAT,post_amplitude_trajectory,gaussian_noise,eligible,DRG,250625 to 250728::4B-T12m2_Raw.csv,4B-T12m2,True,target_segment_calibrated_absolute_nrmse,NRMSE,0.08747789696986816,0.08712388597868409,0.0005458130295630317,0.059016290152084025,0.05945456338570445,-0.0003972237520988471,0.023138918194662073,0.024535314342236964,-0.0006076296154265692,,,,0.11263080394659636,0.11131099455026144,-5.475190407858849e-05,0.995480023630817,0.9955350594063517,7.346541610564472e-05,1.0,1.0,10
CWT_pyBOAT,post_amplitude_trajectory,gaussian_noise,eligible,DRG,250625 to 250728::4C-T5m1_Raw.csv,4C-T5m1,True,target_segment_calibrated_absolute_nrmse,NRMSE,0.033645907630561855,0.0342334710395661,0.00044619426272817647,0.019675754832865523,0.019537825638601,-2.8272615208141567e-05,0.0039888883755564986,0.0032685127137817016,0.000720375661774797,,,,0.04309472850411218,0.0432714924631527,0.001140877859403231,0.9978604671843756,0.997782385432053,4.5389823313812805e-06,1.0,1.0,10
CWT_pyBOAT,post_amplitude_trajectory,gaussian_noise,eligible,DRG,250625 to 250728::4D-T7m1_Raw.csv,4D-T7m1,True,target_segment_calibrated_absolute_nrmse,NRMSE,0.10722428482509266,0.1068203784021209,0.00040390642297176427,0.02560638227734264,0.02551257909653875,0.00016951655616459851,0.00565272012979548,0.006416816504766276,-0.00013007212140500601,,,,0.11228210783289849,0.11203043792722306,0.00028478190507016943,0.9990336123286776,0.9990718420291114,2.336217664283824e-05,1.0,1.0,10
CWT_pyBOAT,post_amplitude_trajectory,gaussian_noise,eligible,DRG,250625 to 250728::5B-T12m2_Raw.csv,5B-T12m2,True,target_segment_calibrated_absolute_nrmse,NRMSE,0.09837189379544156,0.0976597883205857,7.205480843428674e-05,0.05293177670798967,0.052734915971456395,0.0002532008973990668,0.02112826831240558,0.01976533271157699,0.0008314249308277177,,,,0.1226086264441392,0.12222019586677815,5.137396233721031e-05,0.9965515758223707,0.9964660370411418,-5.299775773787152e-05,1.0,1.0,10
CWT_pyBOAT,post_amplitude_trajectory,gaussian_noise,eligible,DRG,250625 to 250728::5C-T12_Raw.csv,5C-T12,True,target_segment_calibrated_absolute_nrmse,NRMSE,0.027546520751785694,0.02702552421792945,0.0005749982657654532,0.024990482119161883,0.024741398986730348,0.00031751380606713855,0.003708182975614302,0.002899547674875852,2.791628751122599e-06,,,,0.034087278665431486,0.0308121522431596,0.0016135309000473805,0.9957040475584662,0.9959147424994164,0.00015669924175071293,1.0,1.0,10
CWT_pyBOAT,post_amplitude_trajectory,gaussian_noise,eligible,DRG,250625 to 250728::5D-T10_Raw.csv,5D-T10,True,target_segment_calibrated_absolute_nrmse,NRMSE,0.04839936040829814,0.049683010536774846,-0.0007232521056101185,0.029307590293499348,0.029958953975618048,-0.00021878928140853585,0.005174985079156175,0.006253830864629245,-0.00048667632206012,,,,0.06127877545876366,0.063268531408751,-0.0020743968628022837,0.9974786487557163,0.9974293650563144,9.806127241884788e-06,1.0,1.0,10
CWT_pyBOAT,post_amplitude_trajectory,gaussian_noise,eligible,DRG,250625 to 250728::6A-T7_Raw.csv,6A-T7,True,target_segment_calibrated_absolute_nrmse,NRMSE,0.08518371962721624,0.08571375076001415,-0.0005300311327979118,0.011991368483354407,0.012644832640558,-0.0001314851341601671,0.012694465829862583,0.013391352796499084,-6.553475480872151e-05,,,,0.0753994436432838,0.076263020495605,-0.0005921106512870658,0.9998951893523196,0.9998875291293314,-3.874453333163608e-07,1.0,1.0,10
CWT_pyBOAT,post_amplitude_trajectory,gaussian_noise,eligible,DRG,250625 to 250728::6B-T5_Raw.csv,6B-T5,True,target_segment_calibrated_absolute_nrmse,NRMSE,0.042237602860139715,0.0425360932814178,-0.00040430805935543976,0.018495636353293675,0.01821130897361485,8.075989650391073e-05,0.0013627112357748328,0.0015337935893821875,-0.000573791516506994,,,,0.0521902145873574,0.05262332075159515,0.0003891874406328419,0.9986453002129596,0.9986458520044539,-9.146875650012376e-06,1.0,1.0,10
CWT_pyBOAT,post_amplitude_trajectory,gaussian_noise,eligible,DRG,250625 to 250728::7C-L1_Raw.csv,7C-L1,True,target_segment_calibrated_absolute_nrmse,NRMSE,0.05847407734371049,0.058733217816391944,-0.00022042194050372194,0.023572851168969775,0.0234849421833885,-4.475373926390164e-05,0.004570552557080193,0.004462006806087382,-0.0001296588640859464,,,,0.06936864381668575,0.06941528518317716,7.290801700859245e-05,0.9985170986596488,0.9985299829959906,8.664110315248497e-06,1.0,1.0,10
CWT_pyBOAT,post_amplitude_trajectory,gaussian_noise,eligible,DRG,250625 to 250728::7D-L2_Raw.csv,7D-L2,True,target_segment_calibrated_absolute_nrmse,NRMSE,0.031981109180057074,0.031476908306728446,0.00039391500575611596,0.010772279537692796,0.01034583621841995,0.00025240669018933293,0.004702660638691722,0.0050003942051423805,-0.00010342084771801374,,,,0.037043651945805355,0.03573022207456095,2.416614735315653e-05,0.9992180716113984,0.9992390693880431,4.0857718887288286e-05,1.0,1.0,10
CWT_pyBOAT,post_amplitude_trajectory,gaussian_noise,eligible,DRG,250625 to 250728::8B-L2m1_Raw.csv,8B-L2m1,True,target_segment_calibrated_absolute_nrmse,NRMSE,0.05502770041110616,0.0538105742805939,-0.000290635437088068,0.03986945369436341,0.04019853277307085,-0.0002630003907949409,0.011171336933576304,0.011113956746918563,-0.00012121449535598683,,,,0.07033730442466993,0.0679130447479752,-0.0001325603230754903,0.9956413893116582,0.9956097571250214,-5.716387856541383e-05,1.0,1.0,10
CWT_pyBOAT,post_amplitude_trajectory,gaussian_noise,eligible,DRG,250625 to 250728::8C-L3m1_Raw.csv,8C-L3m1,True,target_segment_calibrated_absolute_nrmse,NRMSE,0.2731554399344819,0.27346784570457483,4.1045293736857724e-05,0.010803717148101011,0.011096510251927549,0.00016632450721256516,0.008964507629473428,0.00905365585515061,0.0005687084866818348,,,,0.20469651246196052,0.2044550149636678,-7.179472619735228e-05,0.9998931918575524,0.9998877274412642,-5.289595836344141e-07,1.0,1.0,10
CWT_pyBOAT,post_amplitude_trajectory,gaussian_noise,eligible,DRG,250625 to 250728::8D-L4-1m1_Raw.csv,8D-L4-1m1,True,target_segment_calibrated_absolute_nrmse,NRMSE,0.15060404592695437,0.15046229762125746,4.823793881394978e-05,0.04637363051154364,0.0468618508061754,-0.00017802776848372878,0.01807917353378835,0.017561635797148645,-1.9680313537662197e-05,,,,0.1609950982741288,0.1611044855239689,-0.00010250988246245096,0.9979670586319214,0.9979613224956081,-2.550890918484594e-05,1.0,1.0,10
CWT_pyBOAT,post_amplitude_trajectory,gaussian_noise,eligible,DRG,250811::2C-2ML1_Raw.csv,2C-2ML1,True,target_segment_calibrated_absolute_nrmse,NRMSE,0.11841695330905094,0.11819172270158235,0.000205069032644771,0.0910204100300295,0.09054746371524665,0.0002504550680380718,0.07503191663873154,0.07371912233004058,0.0005880255794478151,,,,0.15624179824789558,0.1563267897871902,-0.00037181186080852136,0.9900165065937778,0.9899902307342408,-6.1193485496047195e-06,1.0,1.0,10
CWT_pyBOAT,post_amplitude_trajectory,gaussian_noise,eligible,DRG,250811::2D-1FL2_Raw.csv,2D-1FL2,True,target_segment_calibrated_absolute_nrmse,NRMSE,0.05535998320523053,0.055273892051527954,5.7271502137894864e-05,0.05477907050441521,0.05451452464854755,0.00015123330993378412,0.04117055284053481,0.041288614609039626,0.000160426654288226,,,,0.052100392650921395,0.0562009005335745,-0.0019960459243640594,0.9899812811664437,0.9899233826960342,-3.8661326090816406e-05,1.0,1.0,10
CWT_pyBOAT,post_amplitude_trajectory,gaussian_noise,eligible,DRG,250811::3D-1FT10_Raw.csv,3D-1FT10,True,target_segment_calibrated_absolute_nrmse,NRMSE,0.04248464998812125,0.0417777105321063,0.0002681530183513449,0.040017598173271385,0.040222559604762606,-0.00020622251852978404,0.024454019782474745,0.024941501043343514,-0.00016631778205417058,,,,0.019822803610889336,0.02386933455809555,-0.0021020474365235978,0.986144388560241,0.986016804788961,-0.0002742041526034855,1.0,1.0,10
CWT_pyBOAT,post_amplitude_trajectory,gaussian_noise,eligible,DRG,250811::4A-2MT10_Raw.csv,4A-2MT10,True,target_segment_calibrated_absolute_nrmse,NRMSE,0.08964800103479477,0.09011936164717504,-0.00043096697868121037,0.04307784001198129,0.043036170197225096,-3.335165450183558e-05,0.030270254421058435,0.03106359361205302,-8.072658787736109e-05,,,,0.11272358754640865,0.1123157210803345,-2.0189079450796954e-05,0.9966402604145682,0.9965830467113145,-3.288302289178313e-05,1.0,1.0,10
CWT_pyBOAT,post_amplitude_trajectory,gaussian_noise,eligible,DRG,250811::4D-1FL4_Raw.csv,4D-1FL4,True,target_segment_calibrated_absolute_nrmse,NRMSE,0.07407992457916915,0.0739360807533367,0.00010437578102322209,0.07406924697358927,0.0739024088762464,9.429096379766355e-05,0.059571319403313006,0.05932307931247996,0.00013584346352080168,,,,0.06289521481962487,0.062117122083737805,-0.0014119301406204342,0.9850442139552336,0.9848632737938664,8.156649964896623e-07,1.0,1.0,10
CWT_pyBOAT,post_amplitude_trajectory,gaussian_noise,eligible,DRG,250811::5A-2ML2_Raw.csv,5A-2ML2,True,target_segment_calibrated_absolute_nrmse,NRMSE,0.03801328300096535,0.0375003167545023,-0.0002149609345772005,0.0274425636025102,0.0273385400095877,-8.534640552312726e-05,0.007258974907950161,0.007241252840101159,0.0003534059213191887,,,,0.051668940424173894,0.050420667586343795,4.800057778474309e-05,0.9954941659283146,0.9954068292069849,4.0755234598122136e-05,1.0,1.0,10
CWT_pyBOAT,post_amplitude_trajectory,gaussian_noise,eligible,DRG,250811::5C-1FT7_Raw.csv,5C-1FT7,True,target_segment_calibrated_absolute_nrmse,NRMSE,0.11302247242179103,0.11290704994716874,5.1537982513436e-05,0.08017142331858777,0.0800203149038275,0.00015110841476027176,0.06676457832638585,0.06615782966588057,0.000522530483371697,,,,0.15033427152191547,0.14856062764880945,-0.0002890320004742819,0.9920047056216501,0.9919736699838727,-3.103563777739904e-05,1.0,1.0,10
CWT_pyBOAT,post_amplitude_trajectory,gaussian_noise,eligible,DRG,250811::6A-1FL1_Raw.csv,6A-1FL1,True,target_segment_calibrated_absolute_nrmse,NRMSE,0.05474671261539413,0.05446431233072,4.40051627853405e-05,0.054064912107589264,0.053720732545887204,-0.00016572018647445855,0.03988931065834145,0.039541798044792825,-0.00029701615405236526,,,,0.03886276242433023,0.0363445729105355,0.0005394936868877015,0.9847863364400227,0.9847557871809369,1.562023177775762e-05,1.0,1.0,10
CWT_pyBOAT,post_amplitude_trajectory,gaussian_noise,eligible,DRG,250811::6B-2ML3_Raw.csv,6B-2ML3,True,target_segment_calibrated_absolute_nrmse,NRMSE,0.03152442354368247,0.03128622989014055,-2.5297446155401332e-05,0.0252989874910547,0.025809477756824052,0.0001031464032498295,0.004724321200069617,0.0053417344095881975,0.00040293550476662443,,,,0.00927779788369807,0.0057690574660224,0.001968363746542979,0.9814999238332491,0.9808637702167025,-4.436878929059418e-05,1.0,1.0,10
CWT_pyBOAT,post_amplitude_trajectory,gaussian_noise,eligible,DRG,250811::7C-1FT12_Raw.csv,7C-1FT12,True,target_segment_calibrated_absolute_nrmse,NRMSE,0.042008053647287394,0.04281578740272825,-0.0005641299297074152,0.032070205810753094,0.0321855921895099,-4.524340757710438e-05,0.024932463511528533,0.025872640570072,-0.0004928315954352003,,,,0.007090945523203895,0.00831087300135535,-0.0009843374442026803,0.8786707564443436,0.8782439667706258,0.00046323961093797106,1.0,1.0,10
CWT_pyBOAT,post_amplitude_trajectory,gaussian_noise,eligible,DRG,250811::8A-1FT5_Raw.csv,8A-1FT5,True,target_segment_calibrated_absolute_nrmse,NRMSE,0.07738108581997302,0.07678544207374341,1.2689867611048733e-05,0.028104084860252287,0.02797307595231515,-3.748905914377834e-06,0.011815170780842682,0.011054671035065383,0.00018181059411731537,,,,0.09212333916693524,0.0920506713025038,0.0002488868462303187,0.997700374512679,0.9976657741039675,1.62900772779917e-05,1.0,1.0,10
CWT_pyBOAT,post_amplitude_trajectory,gaussian_noise,eligible,DRG,250811::8C-2ML4_Raw.csv,8C-2ML4,True,target_segment_calibrated_absolute_nrmse,NRMSE,0.07386234399762542,0.07292288044065474,-0.0006065403163190847,0.0575431313123752,0.05762813411933635,-0.0003590550061992534,0.042446383731394366,0.04241948600189219,-0.00041201571043353313,,,,0.0952816834071752,0.0956010248056699,-0.0005222302642818172,0.9930361347343393,0.9929243173024245,-1.9221058671081703e-05,1.0,1.0,10
CWT_pyBOAT,post_amplitude_trajectory,gaussian_noise,eligible,DRG,250811::8D-2MT7_Raw.csv,8D-2MT7,True,target_segment_calibrated_absolute_nrmse,NRMSE,0.1143286822423098,0.11348606974597586,0.0005118755908304629,0.06807223931637796,0.06796700168147296,9.855929139511443e-05,0.05307493999888524,0.0532825879909421,1.3632248971801042e-05,,,,0.1486506444553474,0.14857825765735722,0.0005366483709573072,0.9940982288760711,0.9941197082759667,2.6003772155835936e-05,1.0,1.0,10
CWT_pyBOAT,post_amplitude_trajectory,gaussian_noise,eligible,DRG,251003::2B- 1MT7_Raw.csv,2B- 1MT7,True,target_segment_calibrated_absolute_nrmse,NRMSE,0.060302629878862826,0.058219441145676745,-0.0003248018813247003,0.009713902533561351,0.0094486415613545,-0.00014925908334972177,0.006676588354816798,0.006628821855116124,-0.00018810363941115793,,,,0.061225583265684044,0.0599972980333347,-0.0006483289817168642,0.9996264191750759,0.9996350310068407,-8.169827029280707e-06,1.0,1.0,10
CWT_pyBOAT,post_amplitude_trajectory,gaussian_noise,eligible,DRG,251003::2C- M1L1_Raw.csv,2C- M1L1,True,target_segment_calibrated_absolute_nrmse,NRMSE,1.3214119627736027,1.3216559277482258,3.0480240754582333e-05,0.14107609874177912,0.14111976822503502,-2.3943845583559997e-05,0.07417931585466842,0.07375582339537912,-1.9922788783710565e-05,,,,0.8603301922784603,0.8605402177899224,-0.0001458922047746225,0.9952758390845082,0.9952739446594898,-2.6450908353625735e-06,1.0,1.0,10
CWT_pyBOAT,post_amplitude_trajectory,gaussian_noise,eligible,DRG,251003::2D- M1L4_Raw.csv,2D- M1L4,True,target_segment_calibrated_absolute_nrmse,NRMSE,0.19451432417626252,0.1945832386541434,-8.452056487011361e-05,0.05204120467809966,0.052275158502729846,-3.171863203184702e-05,0.0370937587086512,0.03745315421985082,5.975315006787052e-05,,,,0.11382551061980026,0.11407794305971465,0.00011842555132840493,0.998026718601221,0.998026069846244,-5.742453309420803e-06,1.0,1.0,10
CWT_pyBOAT,post_amplitude_trajectory,gaussian_noise,eligible,SCN,250625 to 250728::1C-SCN_Raw.csv,1C-SCN,True,target_segment_calibrated_absolute_nrmse,NRMSE,0.24227151280486076,0.24227838213364356,-6.869328782799222e-06,0.04094311117781392,0.04123106879681665,-0.00028795761900272596,0.0276724761331677,0.028253421492542535,-0.0001828966854773295,,,,0.14994250537618364,0.1498530493309001,8.945604528352857e-05,0.9989482742373283,0.9989918948622631,-6.028879561525979e-06,1.0,1.0,10
CWT_pyBOAT,post_amplitude_trajectory,gaussian_noise,eligible,SCN,250625 to 250728::6C-SCNmm1_Raw.csv,6C-SCNmm1,True,target_segment_calibrated_absolute_nrmse,NRMSE,0.600133688036611,0.6006696207586288,-4.979485242440074e-05,0.01265332654786405,0.01292846893894765,0.00013261478137732447,0.011170313011216071,0.011660134360722885,0.0007057047450790277,,,,0.3670981173951009,0.36764310304484554,-0.0004858439411149218,0.9999636461351515,0.9999635078420985,-4.1474697709542596e-07,1.0,1.0,10
CWT_pyBOAT,post_amplitude_trajectory,gaussian_noise,eligible,SCN,250625 to 250728::7A-SCNmm2_Raw.csv,7A-SCNmm2,True,target_segment_calibrated_absolute_nrmse,NRMSE,0.9353360545224689,0.9350068975247166,0.0002646462024883389,0.08287814275309369,0.0826875664488525,0.00011398257225942593,0.03868155602746992,0.03797333447739615,0.0006090901041791996,,,,0.6154310977214685,0.6149112115190948,0.00032960253513575344,0.9978724206151635,0.9978747073985885,1.2548620498820107e-06,1.0,1.0,10
CWT_pyBOAT,post_amplitude_trajectory,gaussian_noise,eligible,SCN,250625 to 250728::7B-SCNcm2_Raw.csv,7B-SCNcm2,True,target_segment_calibrated_absolute_nrmse,NRMSE,2.0194795045569145,2.0199218708577034,-0.00015259913236798095,0.12541363917852857,0.1253794556830801,-2.6473657691802877e-05,0.05876615127827389,0.05894722738403646,0.00010246285820703083,,,,1.0115690759273304,1.0118355311576535,-9.60360399773208e-05,0.9964115356141003,0.9964082129310352,-1.7811536408562922e-06,1.0,1.0,10
CWT_pyBOAT,post_amplitude_trajectory,gaussian_noise,eligible,SCN,250728::7A-SCNcM1_Raw.csv,7A-SCNcM1,True,target_segment_calibrated_absolute_nrmse,NRMSE,0.12034706233672587,0.11932467116585316,-0.00043159348828635674,0.07758242246186234,0.0776867071910635,-0.00010428472920116783,0.054101156275845996,0.054698333576607305,-0.0003223386931864719,,,,0.03319002594716678,0.03282854000352315,0.0006680641012042892,0.985195325699633,0.9850242147094711,1.2973125358251014e-05,1.0,1.0,10
CWT_pyBOAT,post_amplitude_trajectory,gaussian_noise,eligible,SCN,250811::1A-1FSCN_Raw.csv,1A-1FSCN,True,target_segment_calibrated_absolute_nrmse,NRMSE,0.2155974742949232,0.2167402731694167,-0.0003275777693655113,0.06249163304468483,0.062091154992996056,0.00024129302624307028,0.07405989336159402,0.07325900976625288,0.0004502464071698131,,,,0.12109200016979427,0.1217865820845837,-0.0005650034698410286,0.9980523577130735,0.9980204868612614,3.160302240512447e-06,1.0,1.0,10
CWT_pyBOAT,post_amplitude_trajectory,gaussian_noise,eligible,SCN,250811::1B-2MSCN_Raw.csv,1B-2MSCN,True,target_segment_calibrated_absolute_nrmse,NRMSE,0.09847309395557174,0.09923883166563435,-0.0004562663015572413,0.01365810500185047,0.01411611500770475,-0.0003541226942700513,0.010706126657411913,0.010438424174374988,-0.00012985460833483953,,,,0.09543677756460939,0.0961796269410197,-0.0005826981695361971,0.9993893914648175,0.9993345286316389,-2.3241342053614833e-05,1.0,1.0,10
CWT_pyBOAT,post_amplitude_trajectory,gaussian_noise,eligible,SCN,250811::1C-3FSCN_Raw.csv,1C-3FSCN,True,target_segment_calibrated_absolute_nrmse,NRMSE,0.48547978225079513,0.48498202713738936,0.00045238567042071853,0.035760867539215695,0.0362611710374625,-0.00039397729572966753,0.05013497824277202,0.05178774628020544,-0.0005828981853566728,,,,0.3117225800485397,0.3111860976604959,0.0007182186284100389,0.9997488443244549,0.9997511725712056,-6.297047899783692e-07,1.0,1.0,10
CWT_pyBOAT,post_amplitude_trajectory,gaussian_noise,eligible,SCN,250811::1D-4FSCN_Raw.csv,1D-4FSCN,True,target_segment_calibrated_absolute_nrmse,NRMSE,0.8880011359471659,0.8884837949511207,0.0001454485418302398,0.11094686512474478,0.111156967214628,-0.0001381485756915407,0.09977737902720396,0.10083566340514727,-0.0004990136763960429,,,,0.6776400143576335,0.6782455160821543,-0.00018732645093944011,0.9955637253169101,0.9955672008206066,9.441187998615597e-07,1.0,1.0,10
CWT_pyBOAT,post_amplitude_trajectory,gaussian_noise,ineligible,DRG,250625 to 250728::5A-T10m1_Raw.csv,5A-T10m1,True,target_segment_calibrated_absolute_nrmse,NRMSE,1.5326768565020397,1.532618559212259,-1.8658352601841344e-06,0.15439511278780663,0.1543904773882215,2.3903981372003225e-05,0.08331571911941849,0.08391151324280077,-0.00033119912507606486,,,,0.9213212381524349,0.9209040326583742,0.00010269234030413354,0.9947222751824895,0.9947184424486062,2.3252400141449137e-06,1.0,1.0,10
CWT_pyBOAT,post_amplitude_trajectory,missing_block_6h,difficult,DRG,250625 to 250728::1D-L2m2_Raw.csv,1D-L2m2,True,target_segment_calibrated_absolute_nrmse,NRMSE,0.08608941420053329,0.0900769337677835,-0.0013495984602786282,0.012023743603281607,0.01087361539932075,0.0006921836645339702,0.007382556727627887,0.004951861495408105,0.002814875754792223,,,,0.08493389028660876,0.08914184281881096,-0.001797808961241619,0.9996298755153599,0.9996693939226228,1.2062485992947458e-05,1.0,1.0,10
CWT_pyBOAT,post_amplitude_trajectory,missing_block_6h,difficult,DRG,250625 to 250728::8A-L3_Raw.csv,8A-L3,True,target_segment_calibrated_absolute_nrmse,NRMSE,0.06264001773143607,0.06900140425941051,-0.003625821426859792,0.021112768555382425,0.0170357305574163,0.003083200354314969,0.017309563714250492,0.015922703261558174,0.0013557895980288448,,,,0.04756003181314684,0.055823811086795044,-0.007121131015434837,0.9997763010846874,0.9997940338865744,8.667190509181744e-07,1.0,1.0,10
CWT_pyBOAT,post_amplitude_trajectory,missing_block_6h,difficult,DRG,250811::3A-1FL4_Raw.csv,3A-1FL4,True,target_segment_calibrated_absolute_nrmse,NRMSE,1.3337502201881204,1.352220787361138,-0.001214873526579674,0.07124554069346184,0.07267135166344985,-0.000736140352616238,0.03311164793362675,0.03909748905450039,-0.0038098654559334255,,,,0.8089540200072718,0.822197259128788,-0.002437866052457216,0.997864139972653,0.9978636085422232,7.049941364523082e-06,1.0,1.0,10
CWT_pyBOAT,post_amplitude_trajectory,missing_block_6h,difficult,DRG,250811::4C-2MT5_Raw.csv,4C-2MT5,True,target_segment_calibrated_absolute_nrmse,NRMSE,0.320574742038935,0.32916745369590034,-0.00048764758536759545,0.19801739529857865,0.20097784844799343,-0.0003070283548729791,0.18881946142897998,0.192491100905477,-0.0013704955493471505,,,,0.4280250522253086,0.43620266949845504,-4.172735475130307e-05,0.9819019761828874,0.981415801812475,3.045129012008152e-05,1.0,1.0,10
CWT_pyBOAT,post_amplitude_trajectory,missing_block_6h,difficult,DRG,250811::7D-2MT12_Raw.csv,7D-2MT12,True,target_segment_calibrated_absolute_nrmse,NRMSE,0.3740029462525011,0.3794909003892216,-0.0029929090714345408,0.21307220172749958,0.21409017673140146,-0.001124746936341195,0.2080413842915848,0.20859908037183245,-0.0008277316874537033,,,,0.48691757877224395,0.4919704125298915,-0.0025475233141732667,0.9812513677375027,0.9808210679024638,-9.05520263915216e-05,1.0,1.0,10
CWT_pyBOAT,post_amplitude_trajectory,missing_block_6h,difficult,SCN,250728::6A-SCNrM1_Raw.csv,6A-SCNrM1,True,target_segment_calibrated_absolute_nrmse,NRMSE,2.2671856994165758,2.2938323601159976,-4.263357944456203e-07,0.11417135556295421,0.1172402352127154,-3.3971625639644953e-07,0.04590567911587873,0.04846808318336282,-0.0011810646778267486,,,,1.0399541616256673,1.0610010423603167,-0.0005103778236875689,0.9969815126779124,0.9968597794822138,1.35885522445367e-07,1.0,1.0,10
CWT_pyBOAT,post_amplitude_trajectory,missing_block_6h,difficult,SCN,250728::6B-SCNrM2_Raw.csv,6B-SCNrM2,True,target_segment_calibrated_absolute_nrmse,NRMSE,1.8935648325763719,1.9105560146685134,-0.00018357273070779279,0.12778982845962414,0.13078563733511223,-0.00014667620460068198,0.06036576285984252,0.06442903568200398,-0.002858031762760782,,,,0.9709020609165668,0.9897296672048618,-0.00030122437277829706,0.9961552249041744,0.9960704823840092,-4.6672352849164156e-07,1.0,1.0,10
CWT_pyBOAT,post_amplitude_trajectory,missing_block_6h,difficult,SCN,250728::7B-SCNcM2_Raw.csv,7B-SCNcM2,True,target_segment_calibrated_absolute_nrmse,NRMSE,2.4262769034695,2.4313937354478634,-0.000485881254689291,0.09964749934441919,0.10236621457248804,-0.00033506028602418164,0.03135855895499462,0.036996629648522905,-0.00682461909352694,,,,1.0631442124768962,1.06697295668304,-0.003297649092486643,0.9976360291951549,0.9975473097793948,-8.471291246259227e-08,1.0,1.0,10
CWT_pyBOAT,post_amplitude_trajectory,missing_block_6h,difficult,SCN,251003::2A- M1SCn_Raw.csv,2A- M1SCn,True,target_segment_calibrated_absolute_nrmse,NRMSE,2.4982670070831463,2.4986865985991673,-0.0008638260175908297,0.09128228459020155,0.09307784873673705,-0.0001719852867273497,0.024674476695883074,0.02875432166477898,-0.004396841018986519,,,,1.0600414170940349,1.0673601294096131,-0.0034235673958745716,0.9980170366895988,0.9979468412467865,1.7474482387758172e-06,1.0,1.0,10
CWT_pyBOAT,post_amplitude_trajectory,missing_block_6h,difficult,SCN,251003::4B-M3SCN_Raw.csv,4B-M3SCN,True,target_segment_calibrated_absolute_nrmse,NRMSE,1.5933826762343388,1.595762896014198,-4.3565247923371686e-05,0.17235901858997366,0.17240485199316696,-3.9650561483139946e-05,0.09428037048894788,0.09583346199888765,-0.00019998940143073352,,,,0.9764957605050825,0.9860926094729909,-0.000694027098137151,0.9931966007090848,0.9931483759881256,6.074450357718142e-07,1.0,1.0,10
CWT_pyBOAT,post_amplitude_trajectory,missing_block_6h,eligible,DRG,250625 to 250728::1B-L1m2_Raw.csv,1B-L1m2,True,target_segment_calibrated_absolute_nrmse,NRMSE,0.016164975594918883,0.0216926799586164,-0.005375238117625266,0.014688619336795166,0.01676791818942925,-0.002734648140304441,0.007896267875612123,0.014264748813007697,-0.0053239136731765835,,,,0.007030136004853771,0.02108933998658755,-0.011350011560631902,0.9987770361903152,0.9980004402701674,-0.000505719814283101,1.0,1.0,10
CWT_pyBOAT,post_amplitude_trajectory,missing_block_6h,eligible,DRG,250625 to 250728::2C-L3m2_Raw.csv,2C-L3m2,True,target_segment_calibrated_absolute_nrmse,NRMSE,0.042507479870056895,0.0460670272293211,-0.003946138765264812,0.03872511614025413,0.04012973745318585,-0.0018301922077159916,0.008593021753033364,0.010917013753859867,-0.0038087341426949473,,,,0.048107793790479865,0.055461545532323,-0.007308832361788399,0.9950879128163644,0.9947613761614222,-0.0003048826123074333,1.0,1.0,10
CWT_pyBOAT,post_amplitude_trajectory,missing_block_6h,eligible,DRG,250625 to 250728::3A-L5m2_Raw.csv,3A-L5m2,True,target_segment_calibrated_absolute_nrmse,NRMSE,0.10257370864116955,0.12152750315817401,-0.018507239763817976,0.0480653371670544,0.0563283043657371,-0.0035888719012060685,0.021478633788906687,0.022037002181529153,-0.0006287060957908541,,,,0.12360820770596255,0.1454409804482652,-0.02228599517135879,0.9973993037401612,0.9969092303637664,-0.0003051748314093494,1.0,1.0,10
CWT_pyBOAT,post_amplitude_trajectory,missing_block_6h,eligible,DRG,250625 to 250728::3B-T10m2_Raw.csv,3B-T10m2,True,target_segment_calibrated_absolute_nrmse,NRMSE,0.09518578692499932,0.10317461470451256,-0.009581336549849571,0.05608282840666788,0.05741095925684095,-0.001279276700603578,0.02366234400032663,0.024097336178341228,0.00043472474967545804,,,,0.11749542484920202,0.12743929508111784,-0.009629704958675225,0.9964814047760977,0.9962053722884096,-7.062581577588212e-05,1.0,1.0,10
CWT_pyBOAT,post_amplitude_trajectory,missing_block_6h,eligible,DRG,250625 to 250728::4B-T12m2_Raw.csv,4B-T12m2,True,target_segment_calibrated_absolute_nrmse,NRMSE,0.0819508974659743,0.08712388597868409,-0.0016409052932228052,0.05766037538081955,0.05945456338570445,-0.0004579941426148433,0.023305024524030854,0.024535314342236964,-0.001057610109672369,,,,0.10566465581510509,0.11131099455026144,-0.0017128091675262733,0.9955945098223252,0.9955350594063517,-9.899567523508068e-06,1.0,1.0,10
CWT_pyBOAT,post_amplitude_trajectory,missing_block_6h,eligible,DRG,250625 to 250728::4C-T5m1_Raw.csv,4C-T5m1,True,target_segment_calibrated_absolute_nrmse,NRMSE,0.026631361394379258,0.0342334710395661,-0.0065388213049075725,0.020173081114588945,0.019537825638601,0.0005048096063448113,0.00727310871999047,0.0032685127137817016,0.002631388639283888,,,,0.030791478764827743,0.0432714924631527,-0.010607182168650673,0.9977397374543486,0.997782385432053,-1.6705938649830276e-05,1.0,1.0,10
CWT_pyBOAT,post_amplitude_trajectory,missing_block_6h,eligible,DRG,250625 to 250728::4D-T7m1_Raw.csv,4D-T7m1,True,target_segment_calibrated_absolute_nrmse,NRMSE,0.09033412169324019,0.1068203784021209,-0.009478894700850352,0.018822638675223186,0.02551257909653875,-0.0027930551412907734,0.0054582165964709994,0.006416816504766276,9.114622551320561e-05,,,,0.08998175655216761,0.11203043792722306,-0.014932997277401092,0.9993577477208997,0.9990718420291114,-0.00011085153011608506,1.0,1.0,10
CWT_pyBOAT,post_amplitude_trajectory,missing_block_6h,eligible,DRG,250625 to 250728::5B-T12m2_Raw.csv,5B-T12m2,True,target_segment_calibrated_absolute_nrmse,NRMSE,0.09112419574742867,0.0976597883205857,-0.006998012700703236,0.05023221108207754,0.052734915971456395,-0.0019456774197301012,0.0176676374307444,0.01976533271157699,-0.0025241493110877145,,,,0.1105173029123965,0.12222019586677815,-0.010617411989238712,0.9968675849756832,0.9964660370411418,-0.00011743922766799253,1.0,1.0,10
CWT_pyBOAT,post_amplitude_trajectory,missing_block_6h,eligible,DRG,250625 to 250728::5C-T12_Raw.csv,5C-T12,True,target_segment_calibrated_absolute_nrmse,NRMSE,0.025623309589116523,0.02702552421792945,-0.0010822196886078172,0.02418147701553449,0.024741398986730348,-0.00020274613258034445,0.004196193988541069,0.002899547674875852,0.00046598228968564026,,,,0.02731983931232223,0.0308121522431596,-0.0025064963094602166,0.9955725995097569,0.9959147424994164,0.00011691193662188848,1.0,1.0,10
CWT_pyBOAT,post_amplitude_trajectory,missing_block_6h,eligible,DRG,250625 to 250728::5D-T10_Raw.csv,5D-T10,True,target_segment_calibrated_absolute_nrmse,NRMSE,0.04219352086008582,0.049683010536774846,-0.004733062561802458,0.0277193621376357,0.029958953975618048,-0.0011067287544916597,0.006360848122264368,0.006253830864629245,-0.0019524107262057222,,,,0.05423618713369914,0.063268531408751,-0.006920957711225216,0.9979822827339236,0.9974293650563144,-0.00023753849512997416,1.0,1.0,10
CWT_pyBOAT,post_amplitude_trajectory,missing_block_6h,eligible,DRG,250625 to 250728::6A-T7_Raw.csv,6A-T7,True,target_segment_calibrated_absolute_nrmse,NRMSE,0.07847659628843404,0.08571375076001415,-0.00411677523453742,0.011705883292380082,0.012644832640558,0.0015621444361124445,0.012161762295460926,0.013391352796499084,0.0009758757152751041,,,,0.06654605619747858,0.076263020495605,-0.006329176387592075,0.9998653358581324,0.9998875291293314,3.0717435424154615e-06,1.0,1.0,10
CWT_pyBOAT,post_amplitude_trajectory,missing_block_6h,eligible,DRG,250625 to 250728::6B-T5_Raw.csv,6B-T5,True,target_segment_calibrated_absolute_nrmse,NRMSE,0.03608589807608764,0.0425360932814178,-0.006202860837096064,0.018306685231228123,0.01821130897361485,-0.0016771649747274985,0.003911162784280858,0.0015337935893821875,0.002377369194898671,,,,0.0437610918452009,0.05262332075159515,-0.008049872388052208,0.9985589161100386,0.9986458520044539,-0.0001380337779361418,1.0,1.0,10
CWT_pyBOAT,post_amplitude_trajectory,missing_block_6h,eligible,DRG,250625 to 250728::7C-L1_Raw.csv,7C-L1,True,target_segment_calibrated_absolute_nrmse,NRMSE,0.05539560584314565,0.058733217816391944,-0.0017687181271615442,0.02238190918737997,0.0234849421833885,-0.00016252005846116753,0.0038386570720262136,0.004462006806087382,-0.00025161007920559975,,,,0.06677461103256545,0.06941528518317716,-0.0011999359640421543,0.9984613171072709,0.9985299829959906,1.7023794128046e-05,1.0,1.0,10
CWT_pyBOAT,post_amplitude_trajectory,missing_block_6h,eligible,DRG,250625 to 250728::7D-L2_Raw.csv,7D-L2,True,target_segment_calibrated_absolute_nrmse,NRMSE,0.027658409488561707,0.031476908306728446,-0.002386769259241724,0.016850925917294854,0.01034583621841995,0.004122228050109561,0.009443577434747885,0.0050003942051423805,0.0040158074763256,,,,0.02928705076090253,0.03573022207456095,-0.004963063746462493,0.9990624946700569,0.9992390693880431,7.472662173513278e-05,1.0,1.0,10
CWT_pyBOAT,post_amplitude_trajectory,missing_block_6h,eligible,DRG,250625 to 250728::8B-L2m1_Raw.csv,8B-L2m1,True,target_segment_calibrated_absolute_nrmse,NRMSE,0.04526802285459157,0.0538105742805939,-0.002234386723805243,0.03843439410207823,0.04019853277307085,-0.0007568866742461745,0.006518406661718712,0.011113956746918563,-0.0019421840819796865,,,,0.05619449955247578,0.0679130447479752,-0.0037187683054787837,0.9957855830051849,0.9956097571250214,0.00010348160544992879,1.0,1.0,10
CWT_pyBOAT,post_amplitude_trajectory,missing_block_6h,eligible,DRG,250625 to 250728::8C-L3m1_Raw.csv,8C-L3m1,True,target_segment_calibrated_absolute_nrmse,NRMSE,0.2513242488779658,0.27346784570457483,-0.002618991307381663,0.01145438285051395,0.011096510251927549,0.0014155712089770384,0.01157380155451454,0.00905365585515061,0.0010325991802308532,,,,0.19231817674789342,0.2044550149636678,-0.0037727533485340803,0.9998514930864882,0.9998877274412642,-6.819841756877665e-07,1.0,1.0,10
CWT_pyBOAT,post_amplitude_trajectory,missing_block_6h,eligible,DRG,250625 to 250728::8D-L4-1m1_Raw.csv,8D-L4-1m1,True,target_segment_calibrated_absolute_nrmse,NRMSE,0.13322368462961878,0.15046229762125746,-0.013038703101775184,0.04425510963333794,0.0468618508061754,-0.0024514817436485092,0.015166704360814132,0.017561635797148645,-0.0023845160942510546,,,,0.1448522329118282,0.1611044855239689,-0.01369070742116725,0.9981675447304847,0.9979613224956081,-0.00024941683293089323,1.0,1.0,10
CWT_pyBOAT,post_amplitude_trajectory,missing_block_6h,eligible,DRG,250811::2C-2ML1_Raw.csv,2C-2ML1,True,target_segment_calibrated_absolute_nrmse,NRMSE,0.10962599362001088,0.11819172270158235,-0.0037502961905066454,0.08711598363402431,0.09054746371524665,-0.0019337447162377508,0.06949979606324863,0.07371912233004058,-0.0013639876060436706,,,,0.14448241095352793,0.1563267897871902,-0.0036847639268521443,0.9903462446071494,0.9899902307342408,-0.0001705338654062194,1.0,1.0,10
CWT_pyBOAT,post_amplitude_trajectory,missing_block_6h,eligible,DRG,250811::2D-1FL2_Raw.csv,2D-1FL2,True,target_segment_calibrated_absolute_nrmse,NRMSE,0.05350838492983426,0.055273892051527954,-0.0008636708080095,0.05318171486257518,0.05451452464854755,-0.0015858772189483311,0.03903862135719938,0.041288614609039626,-0.0011908600288657867,,,,0.0475330202613103,0.0562009005335745,-0.003523220490999124,0.9905281605038785,0.9899233826960342,-0.0001005429037180261,1.0,1.0,10
CWT_pyBOAT,post_amplitude_trajectory,missing_block_6h,eligible,DRG,250811::3D-1FT10_Raw.csv,3D-1FT10,True,target_segment_calibrated_absolute_nrmse,NRMSE,0.042006480756744374,0.0417777105321063,-0.00011284005471003458,0.03808555132787666,0.040222559604762606,-0.0013888915980660617,0.01949980793165211,0.024941501043343514,-0.003830728043074369,,,,0.02129098817283665,0.02386933455809555,-0.0031945926374770776,0.9856858229596034,0.986016804788961,-0.00012151900917251046,1.0,1.0,10
CWT_pyBOAT,post_amplitude_trajectory,missing_block_6h,eligible,DRG,250811::4A-2MT10_Raw.csv,4A-2MT10,True,target_segment_calibrated_absolute_nrmse,NRMSE,0.07295339998720532,0.09011936164717504,-0.01584659538244592,0.04333571691397745,0.043036170197225096,-0.0006532720489546562,0.030477993495788114,0.03106359361205302,-0.0009176287145598871,,,,0.09541289183929215,0.1123157210803345,-0.01920532833820865,0.9966818730826034,0.9965830467113145,-0.0005725891076340806,1.0,1.0,10
CWT_pyBOAT,post_amplitude_trajectory,missing_block_6h,eligible,DRG,250811::4D-1FL4_Raw.csv,4D-1FL4,True,target_segment_calibrated_absolute_nrmse,NRMSE,0.0729408786196386,0.0739360807533367,-0.0008891745166980033,0.07254385851510194,0.0739024088762464,-0.0015872856563343835,0.05891792253474096,0.05932307931247996,-0.00040515677773900194,,,,0.052957195897380724,0.062117122083737805,-0.012779116644933062,0.9856804758358086,0.9848632737938664,-0.0005763055416022067,1.0,1.0,10
CWT_pyBOAT,post_amplitude_trajectory,missing_block_6h,eligible,DRG,250811::5A-2ML2_Raw.csv,5A-2ML2,True,target_segment_calibrated_absolute_nrmse,NRMSE,0.03385773683759209,0.0375003167545023,-0.004298213174563503,0.025857043565202575,0.0273385400095877,-0.00021506681064999145,0.00828745001792322,0.007241252840101159,-0.00025554291313042987,,,,0.04559304605241293,0.050420667586343795,-0.0069977720765226,0.9954912665373379,0.9954068292069849,-4.045592004392473e-05,1.0,1.0,10
CWT_pyBOAT,post_amplitude_trajectory,missing_block_6h,eligible,DRG,250811::5C-1FT7_Raw.csv,5C-1FT7,True,target_segment_calibrated_absolute_nrmse,NRMSE,0.10408483370296438,0.11290704994716874,-0.008090815268094034,0.07792164904171535,0.0800203149038275,-0.0026887605157847605,0.06115497085384805,0.06615782966588057,-0.0038125569879925436,,,,0.13721620553393532,0.14856062764880945,-0.008934777409269568,0.9924243649933322,0.9919736699838727,-7.368972587895595e-05,1.0,1.0,10
CWT_pyBOAT,post_amplitude_trajectory,missing_block_6h,eligible,DRG,250811::6A-1FL1_Raw.csv,6A-1FL1,True,target_segment_calibrated_absolute_nrmse,NRMSE,0.05514607970223859,0.05446431233072,-0.0002951584554753556,0.05304594402538759,0.053720732545887204,-0.0011499490562681264,0.037411850100201816,0.039541798044792825,-0.00118178714008213,,,,0.030060487400410753,0.0363445729105355,-0.010768147673319062,0.9860523383905534,0.9847557871809369,-0.0007705302235300193,1.0,1.0,10
CWT_pyBOAT,post_amplitude_trajectory,missing_block_6h,eligible,DRG,250811::6B-2ML3_Raw.csv,6B-2ML3,True,target_segment_calibrated_absolute_nrmse,NRMSE,0.036047400746386425,0.03128622989014055,0.004328023041507563,0.02609023026735075,0.025809477756824052,-0.0006188510703465291,0.0054100035237286265,0.0053417344095881975,-0.00029279993980108054,,,,0.002979863294129372,0.0057690574660224,-0.0030461050670228733,0.9820227284569578,0.9808637702167025,-0.00038114941590888796,1.0,1.0,10
CWT_pyBOAT,post_amplitude_trajectory,missing_block_6h,eligible,DRG,250811::7C-1FT12_Raw.csv,7C-1FT12,True,target_segment_calibrated_absolute_nrmse,NRMSE,0.05251138524418388,0.04281578740272825,0.009941703470542042,0.035305228919867426,0.0321855921895099,0.0022407593027327748,0.03346670084159785,0.025872640570072,0.006031964301726062,,,,0.02226475318112173,0.00831087300135535,0.01183621245620526,0.8821292332860877,0.8782439667706258,0.021505227194117238,1.0,1.0,10
CWT_pyBOAT,post_amplitude_trajectory,missing_block_6h,eligible,DRG,250811::8A-1FT5_Raw.csv,8A-1FT5,True,target_segment_calibrated_absolute_nrmse,NRMSE,0.07139788365421165,0.07678544207374341,-0.004516585928943009,0.02735249389391947,0.02797307595231515,-0.0011852616622350445,0.008385520687132941,0.011054671035065383,-0.0015565710795409637,,,,0.08705489984573574,0.0920506713025038,-0.004995771456768064,0.9976816003362189,0.9976657741039675,-0.0001487884243933646,1.0,1.0,10
CWT_pyBOAT,post_amplitude_trajectory,missing_block_6h,eligible,DRG,250811::8C-2ML4_Raw.csv,8C-2ML4,True,target_segment_calibrated_absolute_nrmse,NRMSE,0.06825016232135817,0.07292288044065474,-0.006073053605878821,0.05643503796888987,0.05762813411933635,-0.0028102214502717417,0.036410440249023984,0.04241948600189219,-0.0047171152756437795,,,,0.08749723762635994,0.0956010248056699,-0.0075635630222017775,0.9929686891361544,0.9929243173024245,-0.00010037367877463454,1.0,1.0,10
CWT_pyBOAT,post_amplitude_trajectory,missing_block_6h,eligible,DRG,250811::8D-2MT7_Raw.csv,8D-2MT7,True,target_segment_calibrated_absolute_nrmse,NRMSE,0.099216691003996,0.11348606974597586,-0.01068176389431541,0.06389892292728186,0.06796700168147296,-0.0034906068285085745,0.05036819716291055,0.0532825879909421,-0.001211589390204243,,,,0.131209006264391,0.14857825765735722,-0.012613156698582331,0.9945470272946149,0.9941197082759667,-0.00018642687342046438,1.0,1.0,10
CWT_pyBOAT,post_amplitude_trajectory,missing_block_6h,eligible,DRG,251003::2B- 1MT7_Raw.csv,2B- 1MT7,True,target_segment_calibrated_absolute_nrmse,NRMSE,0.04243350937909489,0.058219441145676745,-0.019354167646428028,0.008999014420337062,0.0094486415613545,8.99273485282532e-05,0.008503277127952735,0.006628821855116124,0.0014504673763822695,,,,0.045961110925658105,0.0599972980333347,-0.018612498600037036,0.9998163852458761,0.9996350310068407,-0.00013065832415293244,1.0,1.0,10
CWT_pyBOAT,post_amplitude_trajectory,missing_block_6h,eligible,DRG,251003::2C- M1L1_Raw.csv,2C- M1L1,True,target_segment_calibrated_absolute_nrmse,NRMSE,1.3216775106750385,1.3216559277482258,-5.766644785837327e-05,0.1388330469798056,0.14111976822503502,-5.433141300004163e-05,0.07019899126706741,0.07375582339537912,-0.00025071139154231314,,,,0.8557444980415236,0.8605402177899224,-0.00012784690365574836,0.9953701139879917,0.9952739446594898,-1.1247825862925609e-06,1.0,1.0,10
CWT_pyBOAT,post_amplitude_trajectory,missing_block_6h,eligible,DRG,251003::2D- M1L4_Raw.csv,2D- M1L4,True,target_segment_calibrated_absolute_nrmse,NRMSE,0.18647191089846926,0.1945832386541434,-0.004927832090058738,0.059882300529281826,0.052275158502729846,0.007156227579593104,0.03999531651338234,0.03745315421985082,0.0015933932182188304,,,,0.09492092593106467,0.11407794305971465,-0.010917411992779694,0.9977853640624348,0.998026069846244,7.993730605937444e-05,1.0,1.0,10
CWT_pyBOAT,post_amplitude_trajectory,missing_block_6h,eligible,SCN,250625 to 250728::1C-SCN_Raw.csv,1C-SCN,True,target_segment_calibrated_absolute_nrmse,NRMSE,0.2318512673573792,0.24227838213364356,-0.0009991160597109111,0.042392635279294856,0.04123106879681665,0.0004903943637958111,0.029816529654797863,0.028253421492542535,0.0008060738789039124,,,,0.1421027015594688,0.1498530493309001,-0.001495032107138125,0.9988968736556534,0.9989918948622631,1.713050201351818e-05,1.0,1.0,10
CWT_pyBOAT,post_amplitude_trajectory,missing_block_6h,eligible,SCN,250625 to 250728::6C-SCNmm1_Raw.csv,6C-SCNmm1,True,target_segment_calibrated_absolute_nrmse,NRMSE,0.5998292299362792,0.6006696207586288,-0.00029732961933853774,0.013937179638213646,0.01292846893894765,0.0006701695486475132,0.01364254421689548,0.011660134360722885,0.0021900930884546366,,,,0.3661997097823265,0.36764310304484554,-0.0007205118900519003,0.9999691132851725,0.9999635078420985,3.352171605297549e-07,1.0,1.0,10
CWT_pyBOAT,post_amplitude_trajectory,missing_block_6h,eligible,SCN,250625 to 250728::7A-SCNmm2_Raw.csv,7A-SCNmm2,True,target_segment_calibrated_absolute_nrmse,NRMSE,0.9341630784503767,0.9350068975247166,-0.0030568414618809547,0.08265539291525718,0.0826875664488525,-0.0006749456435058976,0.03749761463046164,0.03797333447739615,-0.0004757198469345081,,,,0.6137398554626291,0.6149112115190948,-0.0037883665129888056,0.9978691254241829,0.9978747073985885,4.5777496898713466e-07,1.0,1.0,10
CWT_pyBOAT,post_amplitude_trajectory,missing_block_6h,eligible,SCN,250625 to 250728::7B-SCNcm2_Raw.csv,7B-SCNcm2,True,target_segment_calibrated_absolute_nrmse,NRMSE,2.01954640155682,2.0199218708577034,-5.3474845002399185e-05,0.1215276382158784,0.1253794556830801,-3.971675213023523e-05,0.05479979701804749,0.05894722738403646,-0.0015161656953569524,,,,1.0025931391051408,1.0118355311576535,-0.0007327656509639735,0.99655680792406,0.9964082129310352,1.998927912860715e-06,1.0,1.0,10
CWT_pyBOAT,post_amplitude_trajectory,missing_block_6h,eligible,SCN,250728::7A-SCNcM1_Raw.csv,7A-SCNcM1,True,target_segment_calibrated_absolute_nrmse,NRMSE,0.11884217759789012,0.11932467116585316,-0.0009291297025504977,0.07857230435830023,0.0776867071910635,0.0021222285443376378,0.052406815625604536,0.054698333576607305,0.0023007035954149824,,,,0.029147194415677376,0.03282854000352315,-0.0021790859911921256,0.9864337531485406,0.9850242147094711,4.781858406410766e-05,1.0,1.0,10
CWT_pyBOAT,post_amplitude_trajectory,missing_block_6h,eligible,SCN,250811::1A-1FSCN_Raw.csv,1A-1FSCN,True,target_segment_calibrated_absolute_nrmse,NRMSE,0.20040532596623656,0.2167402731694167,-0.010534136662651017,0.06749033866454497,0.062091154992996056,0.005074335544721191,0.07736048085769998,0.07325900976625288,0.004154957195131204,,,,0.10510915968657636,0.1217865820845837,-0.0192758846183302,0.9979286368393918,0.9980204868612614,0.00047009245273982314,1.0,1.0,10
CWT_pyBOAT,post_amplitude_trajectory,missing_block_6h,eligible,SCN,250811::1B-2MSCN_Raw.csv,1B-2MSCN,True,target_segment_calibrated_absolute_nrmse,NRMSE,0.09518487872743078,0.09923883166563435,-0.003836414268274302,0.014168398388415968,0.01411611500770475,0.00018239909163393284,0.011226389634395512,0.010438424174374988,0.0015003665658653575,,,,0.09338923551260153,0.0961796269410197,-0.004329730937958187,0.9996042539047132,0.9993345286316389,-6.619936663015968e-05,1.0,1.0,10
CWT_pyBOAT,post_amplitude_trajectory,missing_block_6h,eligible,SCN,250811::1C-3FSCN_Raw.csv,1C-3FSCN,True,target_segment_calibrated_absolute_nrmse,NRMSE,0.47945649963532216,0.48498202713738936,-0.005028971661101028,0.03872978025594345,0.0362611710374625,0.00337495133435308,0.054408791181550564,0.05178774628020544,0.0036796132162670303,,,,0.30213681647495705,0.3111860976604959,-0.00828190641027668,0.999706955334307,0.9997511725712056,1.0115910570263065e-05,1.0,1.0,10
CWT_pyBOAT,post_amplitude_trajectory,missing_block_6h,eligible,SCN,250811::1D-4FSCN_Raw.csv,1D-4FSCN,True,target_segment_calibrated_absolute_nrmse,NRMSE,0.884791748960641,0.8884837949511207,-0.0013358303110996839,0.1092077989728221,0.111156967214628,-0.000972567489421941,0.09274644813458233,0.10083566340514727,-0.003970737276198122,,,,0.6723169613542411,0.6782455160821543,-0.002293551840905572,0.9955508832714939,0.9955672008206066,-7.435631226571093e-06,1.0,1.0,10
CWT_pyBOAT,post_amplitude_trajectory,missing_block_6h,ineligible,DRG,250625 to 250728::5A-T10m1_Raw.csv,5A-T10m1,True,target_segment_calibrated_absolute_nrmse,NRMSE,1.5335428803672522,1.532618559212259,-1.4174711394754347e-05,0.15422915288524347,0.1543904773882215,-1.1815371946638509e-05,0.0835528519353006,0.08391151324280077,-0.0003974693939166052,,,,0.9202310609988587,0.9209040326583742,-6.964944047083144e-05,0.9947163591144191,0.9947184424486062,2.9700011600075626e-06,1.0,1.0,10
CWT_pyBOAT,post_amplitude_trajectory,transient_artifact,difficult,DRG,250625 to 250728::1D-L2m2_Raw.csv,1D-L2m2,True,target_segment_calibrated_absolute_nrmse,NRMSE,0.08429151030159332,0.0900769337677835,-0.000875309678726538,0.028913430739178642,0.01087361539932075,0.018039815339857893,0.034368730421974664,0.004951861495408105,0.031172912576054063,,,,0.07650139977828291,0.08914184281881096,-0.0046962938006659335,0.9993006724916053,0.9996693939226228,0.0003315505967384502,1.0,1.0,10
CWT_pyBOAT,post_amplitude_trajectory,transient_artifact,difficult,DRG,250625 to 250728::8A-L3_Raw.csv,8A-L3,True,target_segment_calibrated_absolute_nrmse,NRMSE,0.056641441891961054,0.06900140425941051,-0.0013079858274846062,0.02355793757860293,0.0170357305574163,0.005124477879012979,0.01932198968788959,0.015922703261558174,0.005577523598499529,,,,0.04375665912381804,0.055823811086795044,-0.017514354970491114,0.9995133102144651,0.9997940338865744,0.0003434166332420552,1.0,1.0,10
CWT_pyBOAT,post_amplitude_trajectory,transient_artifact,difficult,DRG,250811::3A-1FL4_Raw.csv,3A-1FL4,True,target_segment_calibrated_absolute_nrmse,NRMSE,1.3602123660041352,1.352220787361138,0.003549759951129161,0.07359633949375245,0.07267135166344985,0.002204857205631284,0.034709908697212466,0.03909748905450039,0.0018118579777494093,,,,0.8350747007544288,0.822197259128788,0.004563698543294137,0.9977252911476924,0.9978636085422232,9.715828320400188e-05,1.0,1.0,10
CWT_pyBOAT,post_amplitude_trajectory,transient_artifact,difficult,DRG,250811::4C-2MT5_Raw.csv,4C-2MT5,True,target_segment_calibrated_absolute_nrmse,NRMSE,0.3268827305275306,0.32916745369590034,-0.013745784993219573,0.19758551453040987,0.20097784844799343,-0.003787282856311816,0.1871909631442385,0.192491100905477,-0.008697928978625202,,,,0.4332102015389906,0.43620266949845504,-0.014080091494315161,0.981664659750909,0.981415801812475,-0.00031535986879643874,1.0,1.0,10
CWT_pyBOAT,post_amplitude_trajectory,transient_artifact,difficult,DRG,250811::7D-2MT12_Raw.csv,7D-2MT12,True,target_segment_calibrated_absolute_nrmse,NRMSE,0.3802477837908724,0.3794909003892216,-0.0028993750836761034,0.21602249359345627,0.21409017673140146,-0.0009026380178586008,0.20654632745418006,0.20859908037183245,-0.0029737183627055463,,,,0.4929756344868955,0.4919704125298915,-0.0030256400207390732,0.9810819554691651,0.9808210679024638,-9.73688964724384e-05,1.0,1.0,10
CWT_pyBOAT,post_amplitude_trajectory,transient_artifact,difficult,SCN,250728::6A-SCNrM1_Raw.csv,6A-SCNrM1,True,target_segment_calibrated_absolute_nrmse,NRMSE,2.2975567326921,2.2938323601159976,-1.6724475835339092e-05,0.11723553965628308,0.1172402352127154,0.00013071341834755557,0.04274804348779493,0.04846808318336282,0.0021124975839741378,,,,1.0588419067376686,1.0610010423603167,0.0006526261949925671,0.9968017655848224,0.9968597794822138,7.629915864115766e-06,1.0,1.0,10
CWT_pyBOAT,post_amplitude_trajectory,transient_artifact,difficult,SCN,250728::6B-SCNrM2_Raw.csv,6B-SCNrM2,True,target_segment_calibrated_absolute_nrmse,NRMSE,1.9083338307000874,1.9105560146685134,1.7359343656875303e-05,0.12936072093509227,0.13078563733511223,8.84875797090845e-05,0.06407975767710039,0.06442903568200398,-0.000270107020798549,,,,0.9796138180029336,0.9897296672048618,-0.00017585638480160926,0.9959727785496848,0.9960704823840092,-7.778308522998767e-06,1.0,1.0,10
CWT_pyBOAT,post_amplitude_trajectory,transient_artifact,difficult,SCN,250728::7B-SCNcM2_Raw.csv,7B-SCNcM2,True,target_segment_calibrated_absolute_nrmse,NRMSE,2.431161212347239,2.4313937354478634,1.4553620911739173e-05,0.1038151904866963,0.10236621457248804,1.8621590331772964e-05,0.03809436350157358,0.036996629648522905,0.0004224266611012606,,,,1.0662912342250337,1.06697295668304,0.0009450970220791222,0.9974909062915173,0.9975473097793948,-3.656163769749643e-05,1.0,1.0,10
CWT_pyBOAT,post_amplitude_trajectory,transient_artifact,difficult,SCN,251003::2A- M1SCn_Raw.csv,2A- M1SCn,True,target_segment_calibrated_absolute_nrmse,NRMSE,2.4952553192283293,2.4986865985991673,-0.00028616769162459477,0.09080357053892948,0.09307784873673705,-4.3969646302349785e-05,0.018355902862260298,0.02875432166477898,-0.010174176880745844,,,,1.0558554729171217,1.0673601294096131,-0.0015597518309451441,0.9979738355244302,0.9979468412467865,4.1765079400457594e-06,1.0,1.0,10
CWT_pyBOAT,post_amplitude_trajectory,transient_artifact,difficult,SCN,251003::4B-M3SCN_Raw.csv,4B-M3SCN,True,target_segment_calibrated_absolute_nrmse,NRMSE,1.6036888818548083,1.595762896014198,0.001271584654671476,0.17438245958568477,0.17240485199316696,0.0007744632700515675,0.08956541709961796,0.09583346199888765,0.003750258174579746,,,,0.9833330221462869,0.9860926094729909,0.003815495832514615,0.9930574988305032,0.9931483759881256,-4.0232008773122274e-05,1.0,1.0,10
CWT_pyBOAT,post_amplitude_trajectory,transient_artifact,eligible,DRG,250625 to 250728::1B-L1m2_Raw.csv,1B-L1m2,True,target_segment_calibrated_absolute_nrmse,NRMSE,0.04256322680259362,0.0216926799586164,0.018073668555194967,0.02331694313522116,0.01676791818942925,0.006161880915360116,0.02223996380941186,0.014264748813007697,0.008641579974056512,,,,0.02681994791866095,0.02108933998658755,0.006984930224056699,0.9975517818145234,0.9980004402701674,0.00036006828842832794,1.0,1.0,10
CWT_pyBOAT,post_amplitude_trajectory,transient_artifact,eligible,DRG,250625 to 250728::2C-L3m2_Raw.csv,2C-L3m2,True,target_segment_calibrated_absolute_nrmse,NRMSE,0.05018576654792792,0.0460670272293211,0.002931841290378663,0.04517538827361207,0.04012973745318585,0.00451331486199184,0.021390094954840955,0.010917013753859867,0.010487239285966982,,,,0.053497426696287216,0.055461545532323,-0.005215639249878334,0.9955350997899186,0.9947613761614222,-0.0006107215075637495,1.0,1.0,10
CWT_pyBOAT,post_amplitude_trajectory,transient_artifact,eligible,DRG,250625 to 250728::3A-L5m2_Raw.csv,3A-L5m2,True,target_segment_calibrated_absolute_nrmse,NRMSE,0.10039495520700653,0.12152750315817401,-0.02084212072337678,0.05331957945927038,0.0563283043657371,-0.0003958732238400625,0.025368797904634866,0.022037002181529153,0.00308010396543712,,,,0.13089306215939045,0.1454409804482652,-0.017903365730604,0.9971493712830939,0.9969092303637664,-0.0003169632421131108,1.0,1.0,10
CWT_pyBOAT,post_amplitude_trajectory,transient_artifact,eligible,DRG,250625 to 250728::3B-T10m2_Raw.csv,3B-T10m2,True,target_segment_calibrated_absolute_nrmse,NRMSE,0.11092579396433001,0.10317461470451256,0.006858742646087115,0.06206584461781963,0.05741095925684095,0.004145858119636581,0.034604879653874904,0.024097336178341228,0.010974523441772271,,,,0.1304782541010109,0.12743929508111784,0.0029773984399896064,0.996781646778554,0.9962053722884096,-0.0003708783120451864,1.0,1.0,10
CWT_pyBOAT,post_amplitude_trajectory,transient_artifact,eligible,DRG,250625 to 250728::4B-T12m2_Raw.csv,4B-T12m2,True,target_segment_calibrated_absolute_nrmse,NRMSE,0.1031555678931572,0.08712388597868409,0.011518729068030205,0.06053081767725327,0.05945456338570445,0.002640580992136512,0.025782707642445196,0.024535314342236964,0.0016294273616639932,,,,0.12534721172229413,0.11131099455026144,0.006945287745615779,0.9956588875376013,0.9955350594063517,0.00019547047504803183,1.0,1.0,10
CWT_pyBOAT,post_amplitude_trajectory,transient_artifact,eligible,DRG,250625 to 250728::4C-T5m1_Raw.csv,4C-T5m1,True,target_segment_calibrated_absolute_nrmse,NRMSE,0.051632965247600374,0.0342334710395661,0.021360668945324193,0.028166611218719474,0.019537825638601,0.007499338107624164,0.014722631741842435,0.0032685127137817016,0.011861739753945,,,,0.06449319798531825,0.0432714924631527,0.022893041601652193,0.9972880011814662,0.997782385432053,0.00043833669674631093,1.0,1.0,10
CWT_pyBOAT,post_amplitude_trajectory,transient_artifact,eligible,DRG,250625 to 250728::4D-T7m1_Raw.csv,4D-T7m1,True,target_segment_calibrated_absolute_nrmse,NRMSE,0.12372576908578958,0.1068203784021209,0.016056521790187434,0.02504523821672926,0.02551257909653875,0.0016108079804652928,0.011312953184191316,0.006416816504766276,0.002752763233269534,,,,0.12044667663184946,0.11203043792722306,0.006945336337642556,0.9990751955887223,0.9990718420291114,-3.844387564982954e-05,1.0,1.0,10
CWT_pyBOAT,post_amplitude_trajectory,transient_artifact,eligible,DRG,250625 to 250728::5B-T12m2_Raw.csv,5B-T12m2,True,target_segment_calibrated_absolute_nrmse,NRMSE,0.09221353356190587,0.0976597883205857,-0.004008942441239935,0.05390793777199457,0.052734915971456395,0.0009580393045460489,0.02495258914434137,0.01976533271157699,0.005187256432764381,,,,0.11643108896996773,0.12222019586677815,-0.0015971318269433696,0.9970573287917204,0.9964660370411418,-0.0003104396163646217,1.0,1.0,10
CWT_pyBOAT,post_amplitude_trajectory,transient_artifact,eligible,DRG,250625 to 250728::5C-T12_Raw.csv,5C-T12,True,target_segment_calibrated_absolute_nrmse,NRMSE,0.03840003336595767,0.02702552421792945,0.01483247463634486,0.03139319677963735,0.024741398986730348,0.008379155287312921,0.019284882491211505,0.002899547674875852,0.016807154632455926,,,,0.042202619810178144,0.0308121522431596,0.02052752006962049,0.9966093032711587,0.9959147424994164,-0.0007888917945437224,1.0,1.0,10
CWT_pyBOAT,post_amplitude_trajectory,transient_artifact,eligible,DRG,250625 to 250728::5D-T10_Raw.csv,5D-T10,True,target_segment_calibrated_absolute_nrmse,NRMSE,0.05485173099026043,0.049683010536774846,0.005876867622214194,0.03521205308568233,0.029958953975618048,0.003957270003490287,0.02149885371312857,0.006253830864629245,0.015597765721801493,,,,0.0638800765235362,0.063268531408751,-0.000662531016641002,0.9971023332719506,0.9974293650563144,0.0004738012980006201,1.0,1.0,10
CWT_pyBOAT,post_amplitude_trajectory,transient_artifact,eligible,DRG,250625 to 250728::6A-T7_Raw.csv,6A-T7,True,target_segment_calibrated_absolute_nrmse,NRMSE,0.09271839608750906,0.08571375076001415,0.015054291792424263,0.03271326103298538,0.012644832640558,0.020382745066065428,0.037976675070609894,0.013391352796499084,0.02373707156869534,,,,0.09752132423979265,0.076263020495605,0.013117476492786141,0.9994385314759107,0.9998875291293314,0.00045460746217507175,1.0,1.0,10
CWT_pyBOAT,post_amplitude_trajectory,transient_artifact,eligible,DRG,250625 to 250728::6B-T5_Raw.csv,6B-T5,True,target_segment_calibrated_absolute_nrmse,NRMSE,0.051566742610356334,0.0425360932814178,0.004843971768528233,0.031652776626608835,0.01821130897361485,0.009713505810546376,0.01280660864955574,0.0015337935893821875,0.009281848541183857,,,,0.0582066288159343,0.05262332075159515,0.0019491898635876047,0.9980498472250379,0.9986458520044539,9.643698610395379e-05,1.0,1.0,10
CWT_pyBOAT,post_amplitude_trajectory,transient_artifact,eligible,DRG,250625 to 250728::7C-L1_Raw.csv,7C-L1,True,target_segment_calibrated_absolute_nrmse,NRMSE,0.0600770324068386,0.058733217816391944,-0.003917342960507549,0.03062374381769723,0.0234849421833885,0.004159874736114601,0.01301377851803806,0.004462006806087382,0.007876973738471293,,,,0.06906058646791849,0.06941528518317716,-0.004191190517984604,0.9978211629274454,0.9985299829959906,0.0005876549102544759,1.0,1.0,10
CWT_pyBOAT,post_amplitude_trajectory,transient_artifact,eligible,DRG,250625 to 250728::7D-L2_Raw.csv,7D-L2,True,target_segment_calibrated_absolute_nrmse,NRMSE,0.0540971124554733,0.031476908306728446,0.0233976812104963,0.03276679401738197,0.01034583621841995,0.022258994037015624,0.02632070144587624,0.0050003942051423805,0.021325036302765984,,,,0.03614848077526571,0.03573022207456095,0.004098288794832514,0.9989554452206594,0.9992390693880431,0.0001413195122729194,1.0,1.0,10
CWT_pyBOAT,post_amplitude_trajectory,transient_artifact,eligible,DRG,250625 to 250728::8B-L2m1_Raw.csv,8B-L2m1,True,target_segment_calibrated_absolute_nrmse,NRMSE,0.060167210747282734,0.0538105742805939,0.011188544764878199,0.04700065900115169,0.04019853277307085,0.005586036901174537,0.02782829073983914,0.011113956746918563,0.016981068588397846,,,,0.06561983865139186,0.0679130447479752,0.0030920842753983206,0.9961789380996793,0.9956097571250214,-0.0010449674811237597,1.0,1.0,10
CWT_pyBOAT,post_amplitude_trajectory,transient_artifact,eligible,DRG,250625 to 250728::8C-L3m1_Raw.csv,8C-L3m1,True,target_segment_calibrated_absolute_nrmse,NRMSE,0.269518858542217,0.27346784570457483,-0.00789221568769187,0.020560276641451894,0.011096510251927549,0.006814585708080123,0.018779971232366743,0.00905365585515061,0.009726315377216133,,,,0.18255165901571996,0.2044550149636678,-0.004073330363808025,0.9998006537904042,0.9998877274412642,0.00011394133591707822,1.0,1.0,10
CWT_pyBOAT,post_amplitude_trajectory,transient_artifact,eligible,DRG,250625 to 250728::8D-L4-1m1_Raw.csv,8D-L4-1m1,True,target_segment_calibrated_absolute_nrmse,NRMSE,0.14451948206846688,0.15046229762125746,-0.004659754583718825,0.04991236118395137,0.0468618508061754,0.0013027248819738116,0.011156569543057715,0.017561635797148645,-0.005822574651053514,,,,0.1519183819697918,0.1611044855239689,-0.0018954315217905582,0.9975894104291161,0.9979613224956081,0.0003151166617938461,1.0,1.0,10
CWT_pyBOAT,post_amplitude_trajectory,transient_artifact,eligible,DRG,250811::2C-2ML1_Raw.csv,2C-2ML1,True,target_segment_calibrated_absolute_nrmse,NRMSE,0.11748573340076565,0.11819172270158235,-0.013153155411181824,0.09454270355693306,0.09054746371524665,-0.002915172085119079,0.07139757666024732,0.07371912233004058,-0.00349097641184945,,,,0.148084182215927,0.1563267897871902,-0.014547231029195223,0.9910819777263844,0.9899902307342408,-0.000858291200146688,1.0,1.0,10
CWT_pyBOAT,post_amplitude_trajectory,transient_artifact,eligible,DRG,250811::2D-1FL2_Raw.csv,2D-1FL2,True,target_segment_calibrated_absolute_nrmse,NRMSE,0.06205228132704346,0.055273892051527954,0.0003874658222205417,0.06168418946650697,0.05451452464854755,0.0009687782176514177,0.0522072664415997,0.041288614609039626,0.004773542032946193,,,,0.05723429943095405,0.0562009005335745,-0.007633552891952465,0.9905484862693896,0.9899233826960342,-0.00041311860885495655,1.0,1.0,10
CWT_pyBOAT,post_amplitude_trajectory,transient_artifact,eligible,DRG,250811::3D-1FT10_Raw.csv,3D-1FT10,True,target_segment_calibrated_absolute_nrmse,NRMSE,0.05576604020215013,0.0417777105321063,0.018073454039502404,0.049500336852799094,0.040222559604762606,0.004974991241249928,0.04452232002703632,0.024941501043343514,0.01341970339686041,,,,0.058875249900178284,0.02386933455809555,0.03801291941443349,0.9878195176476496,0.986016804788961,-0.001931464348470302,1.0,1.0,10
CWT_pyBOAT,post_amplitude_trajectory,transient_artifact,eligible,DRG,250811::4A-2MT10_Raw.csv,4A-2MT10,True,target_segment_calibrated_absolute_nrmse,NRMSE,0.0878589121125895,0.09011936164717504,-0.004369626042755453,0.04768855917424694,0.043036170197225096,0.002049276917027356,0.043344764459743085,0.03106359361205302,0.005056826239292961,,,,0.11350324304119402,0.1123157210803345,-0.003735533643815729,0.9963764802900235,0.9965830467113145,0.00040236067239513007,1.0,1.0,10
CWT_pyBOAT,post_amplitude_trajectory,transient_artifact,eligible,DRG,250811::4D-1FL4_Raw.csv,4D-1FL4,True,target_segment_calibrated_absolute_nrmse,NRMSE,0.08691660720897074,0.0739360807533367,0.011135512420134344,0.06412146471184366,0.0739024088762464,-0.0072760864930947085,0.05562063800051087,0.05932307931247996,-0.0026129182621838776,,,,0.04862061660485373,0.062117122083737805,-0.015311513478135825,0.9865886013148191,0.9848632737938664,-0.001607626942227769,1.0,1.0,10
CWT_pyBOAT,post_amplitude_trajectory,transient_artifact,eligible,DRG,250811::5A-2ML2_Raw.csv,5A-2ML2,True,target_segment_calibrated_absolute_nrmse,NRMSE,0.03478881338812616,0.0375003167545023,-0.0060567839912368075,0.02870605762751252,0.0273385400095877,0.002254649963365954,0.022850346393805593,0.007241252840101159,0.019050725851559813,,,,0.023918533676181013,0.050420667586343795,-0.02607446258480811,0.997115422359828,0.9954068292069849,-0.0017866607126148515,1.0,1.0,10
CWT_pyBOAT,post_amplitude_trajectory,transient_artifact,eligible,DRG,250811::5C-1FT7_Raw.csv,5C-1FT7,True,target_segment_calibrated_absolute_nrmse,NRMSE,0.1152650439198096,0.11290704994716874,0.0012820190774877546,0.08014069592007578,0.0800203149038275,-0.005388227734074928,0.05995745513564277,0.06615782966588057,-0.004565870060159516,,,,0.15716788500797496,0.14856062764880945,0.00597111705596319,0.9919227149898793,0.9919736699838727,1.1869327389779638e-05,1.0,1.0,10
CWT_pyBOAT,post_amplitude_trajectory,transient_artifact,eligible,DRG,250811::6A-1FL1_Raw.csv,6A-1FL1,True,target_segment_calibrated_absolute_nrmse,NRMSE,0.07499596211128871,0.05446431233072,0.02307213259190921,0.053450303855204356,0.053720732545887204,-0.0006967077000934394,0.02668748884013214,0.039541798044792825,-0.012828236455152325,,,,0.057887376846507646,0.0363445729105355,0.02226156989577445,0.9824656675583358,0.9847557871809369,0.002106555054198267,1.0,1.0,10
CWT_pyBOAT,post_amplitude_trajectory,transient_artifact,eligible,DRG,250811::6B-2ML3_Raw.csv,6B-2ML3,True,target_segment_calibrated_absolute_nrmse,NRMSE,0.0557449357843503,0.03128622989014055,0.025817128289168753,0.034999889150842664,0.025809477756824052,0.009742941479755267,0.0285914817868827,0.0053417344095881975,0.020934367418337,,,,0.04370070862018309,0.0057690574660224,0.036963141175863426,0.9808591158027302,0.9808637702167025,0.00015122956308177837,1.0,1.0,10
CWT_pyBOAT,post_amplitude_trajectory,transient_artifact,eligible,DRG,250811::7C-1FT12_Raw.csv,7C-1FT12,True,target_segment_calibrated_absolute_nrmse,NRMSE,0.08415905238896085,0.04281578740272825,0.040994053458103086,0.037237068983074516,0.0321855921895099,0.0053395933025494995,0.03586663063664716,0.025872640570072,0.013957428035131978,,,,0.05124820108215787,0.00831087300135535,0.044212686221102165,0.9358335730444368,0.8782439667706258,0.017081497947666835,1.0,1.0,10
CWT_pyBOAT,post_amplitude_trajectory,transient_artifact,eligible,DRG,250811::8A-1FT5_Raw.csv,8A-1FT5,True,target_segment_calibrated_absolute_nrmse,NRMSE,0.04932610833457489,0.07678544207374341,-0.012623366213190608,0.030415339583288722,0.02797307595231515,0.002760565325882135,0.015574521144226056,0.011054671035065383,0.003649172090099656,,,,0.06180173551950828,0.0920506713025038,-0.017420168401208625,0.9975271908082001,0.9976657741039675,-0.00027169348966366025,1.0,1.0,10
CWT_pyBOAT,post_amplitude_trajectory,transient_artifact,eligible,DRG,250811::8C-2ML4_Raw.csv,8C-2ML4,True,target_segment_calibrated_absolute_nrmse,NRMSE,0.08162222662716118,0.07292288044065474,-0.001021607147506022,0.06017994833694197,0.05762813411933635,0.0036636875243728426,0.04724714521622683,0.04241948600189219,0.003307572563758604,,,,0.10659064723627842,0.0956010248056699,-0.0017995006957973805,0.9932570336667359,0.9929243173024245,-0.0006020886592111863,1.0,1.0,10
CWT_pyBOAT,post_amplitude_trajectory,transient_artifact,eligible,DRG,250811::8D-2MT7_Raw.csv,8D-2MT7,True,target_segment_calibrated_absolute_nrmse,NRMSE,0.12443896208630056,0.11348606974597586,0.021623921982802233,0.07819289060917183,0.06796700168147296,0.007240210908184157,0.06498144815287094,0.0532825879909421,0.007975078362080557,,,,0.15793906246250713,0.14857825765735722,0.021551155895523103,0.9934905909728368,0.9941197082759667,0.0006713667742365703,1.0,1.0,10
CWT_pyBOAT,post_amplitude_trajectory,transient_artifact,eligible,DRG,251003::2B- 1MT7_Raw.csv,2B- 1MT7,True,target_segment_calibrated_absolute_nrmse,NRMSE,0.06065744199903843,0.058219441145676745,0.003386313903332879,0.019510903197396796,0.0094486415613545,0.0060657218709197925,0.013273391013037733,0.006628821855116124,0.00900386513543952,,,,0.05874230257052357,0.0599972980333347,-0.0009147647469721909,0.9993185672533169,0.9996350310068407,0.00029714717664514056,1.0,1.0,10
CWT_pyBOAT,post_amplitude_trajectory,transient_artifact,eligible,DRG,251003::2C- M1L1_Raw.csv,2C- M1L1,True,target_segment_calibrated_absolute_nrmse,NRMSE,1.3214757669251103,1.3216559277482258,0.00012175637654421312,0.14125050915160245,0.14111976822503502,0.0002592623485300344,0.07367906271722602,0.07375582339537912,0.0014571473835495174,,,,0.855235248644661,0.8605402177899224,0.002872437539140238,0.9952591383410577,0.9952739446594898,-3.300878360557036e-05,1.0,1.0,10
CWT_pyBOAT,post_amplitude_trajectory,transient_artifact,eligible,DRG,251003::2D- M1L4_Raw.csv,2D- M1L4,True,target_segment_calibrated_absolute_nrmse,NRMSE,0.20482175512381556,0.1945832386541434,0.007690980227636757,0.05255531918014894,0.052275158502729846,0.004796733876407149,0.04259660837468959,0.03745315421985082,0.009349205924741866,,,,0.1233331903158906,0.11407794305971465,0.007455007463798936,0.9983556147730845,0.998026069846244,-0.0003799740960425124,1.0,1.0,10
CWT_pyBOAT,post_amplitude_trajectory,transient_artifact,eligible,SCN,250625 to 250728::1C-SCN_Raw.csv,1C-SCN,True,target_segment_calibrated_absolute_nrmse,NRMSE,0.2507841674267826,0.24227838213364356,-0.0011452441360899068,0.03813165234444807,0.04123106879681665,0.0016089660011528034,0.030544830105576903,0.028253421492542535,0.0009079176074792694,,,,0.15864373231125498,0.1498530493309001,-0.0006703215992509282,0.9990908440250483,0.9989918948622631,-9.697829493016119e-05,1.0,1.0,10
CWT_pyBOAT,post_amplitude_trajectory,transient_artifact,eligible,SCN,250625 to 250728::6C-SCNmm1_Raw.csv,6C-SCNmm1,True,target_segment_calibrated_absolute_nrmse,NRMSE,0.6078733143594058,0.6006696207586288,0.0028696532003504305,0.02292954528606124,0.01292846893894765,0.007566493027176961,0.04011090034982473,0.011660134360722885,0.03179728247746527,,,,0.3774237541024188,0.36764310304484554,0.004966743281982516,0.9998888132568053,0.9999635078420985,4.436800410745345e-05,1.0,1.0,10
CWT_pyBOAT,post_amplitude_trajectory,transient_artifact,eligible,SCN,250625 to 250728::7A-SCNmm2_Raw.csv,7A-SCNmm2,True,target_segment_calibrated_absolute_nrmse,NRMSE,0.9325662277823271,0.9350068975247166,5.5163663674251406e-05,0.08141709718977251,0.0826875664488525,-0.0002428945290899806,0.03605444639964456,0.03797333447739615,-1.6302116883082363e-05,,,,0.6125673255519497,0.6149112115190948,-0.0005166255414104093,0.997829423115066,0.9978747073985885,6.798423000137221e-05,1.0,1.0,10
CWT_pyBOAT,post_amplitude_trajectory,transient_artifact,eligible,SCN,250625 to 250728::7B-SCNcm2_Raw.csv,7B-SCNcm2,True,target_segment_calibrated_absolute_nrmse,NRMSE,2.019319041362662,2.0199218708577034,0.0003170238879595111,0.12431639566634198,0.1253794556830801,0.00046726325702099725,0.0477523789751908,0.05894722738403646,0.0027450742991067534,,,,1.0082265370804007,1.0118355311576535,0.001529550243452582,0.9965810769164267,0.9964082129310352,-3.6128834532189735e-05,1.0,1.0,10
CWT_pyBOAT,post_amplitude_trajectory,transient_artifact,eligible,SCN,250728::7A-SCNcM1_Raw.csv,7A-SCNcM1,True,target_segment_calibrated_absolute_nrmse,NRMSE,0.1259796697704556,0.11932467116585316,0.004933514299639598,0.06645352121062267,0.0776867071910635,-0.003733076681724873,0.038311492592717294,0.054698333576607305,-0.007395498039231702,,,,0.05088353025118769,0.03282854000352315,0.01119809805976452,0.9851300315454771,0.9850242147094711,0.002276354623676702,1.0,1.0,10
CWT_pyBOAT,post_amplitude_trajectory,transient_artifact,eligible,SCN,250811::1A-1FSCN_Raw.csv,1A-1FSCN,True,target_segment_calibrated_absolute_nrmse,NRMSE,0.21593003439070443,0.2167402731694167,-0.00032009365836796477,0.0570254878432839,0.062091154992996056,-0.0028125440186640566,0.06565543915817904,0.07325900976625288,-0.005710331778959632,,,,0.12551316899155593,0.1217865820845837,0.0008358604728213107,0.9979705044770975,0.9980204868612614,0.00027964368869076717,1.0,1.0,10
CWT_pyBOAT,post_amplitude_trajectory,transient_artifact,eligible,SCN,250811::1B-2MSCN_Raw.csv,1B-2MSCN,True,target_segment_calibrated_absolute_nrmse,NRMSE,0.09328891843178674,0.09923883166563435,0.012435110646681832,0.0164689014688168,0.01411611500770475,0.002874560435749951,0.013447038495833064,0.010438424174374988,0.004562004461059782,,,,0.09423808450732257,0.0961796269410197,0.012614893649782515,0.9996194533913462,0.9993345286316389,-0.0001882074013750401,1.0,1.0,10
CWT_pyBOAT,post_amplitude_trajectory,transient_artifact,eligible,SCN,250811::1C-3FSCN_Raw.csv,1C-3FSCN,True,target_segment_calibrated_absolute_nrmse,NRMSE,0.4611314452695559,0.48498202713738936,-0.018462514303029337,0.03493599731652994,0.0362611710374625,0.004918410943777098,0.04526846983666988,0.05178774628020544,-0.0004929105150668356,,,,0.2887409695699717,0.3111860976604959,-0.024371230636722946,0.9997699144956902,0.9997511725712056,5.611266620048072e-05,1.0,1.0,10
CWT_pyBOAT,post_amplitude_trajectory,transient_artifact,eligible,SCN,250811::1D-4FSCN_Raw.csv,1D-4FSCN,True,target_segment_calibrated_absolute_nrmse,NRMSE,0.8826229148049081,0.8884837949511207,0.002655725266281106,0.10760094967761213,0.111156967214628,0.0020563351322693477,0.10032360334221596,0.10083566340514727,0.013822554782048802,,,,0.6687055641551574,0.6782455160821543,0.0026351867029338893,0.9954889350824201,0.9955672008206066,-9.510005823765155e-05,1.0,1.0,10
CWT_pyBOAT,post_amplitude_trajectory,transient_artifact,ineligible,DRG,250625 to 250728::5A-T10m1_Raw.csv,5A-T10m1,True,target_segment_calibrated_absolute_nrmse,NRMSE,1.5332161935757647,1.532618559212259,0.00022153995164142515,0.15384528800763403,0.1543904773882215,0.0002270107574435104,0.07996508500129551,0.08391151324280077,-0.0027990413840500716,,,,0.922121138030296,0.9209040326583742,0.0007941931327105078,0.9947018071420435,0.9947184424486062,5.9846106717387215e-05,1.0,1.0,10
CWT_pyBOAT,post_period_hours,gaussian_noise,difficult,DRG,250625 to 250728::1D-L2m2_Raw.csv,1D-L2m2,True,absolute_error_hours,hours,0.046609526863013784,0.043458974037386966,0.0,,,,,,,,,,0.0021558835991063673,0.0008253977607345,0.0005900902509059943,,,,1.0,1.0,10
CWT_pyBOAT,post_period_hours,gaussian_noise,difficult,DRG,250625 to 250728::8A-L3_Raw.csv,8A-L3,True,absolute_error_hours,hours,0.019070183475864866,0.01907018347586309,0.0,,,,,,,,,,0.0023683560805026075,0.00057385580557405,0.0015051320763891075,,,,1.0,1.0,10
CWT_pyBOAT,post_period_hours,gaussian_noise,difficult,SCN,250728::6A-SCNrM1_Raw.csv,6A-SCNrM1,True,absolute_error_hours,hours,0.18248660336422873,0.18036410997247643,0.0,,,,,,,,,,0.015437403237498178,0.016775041098054652,6.278381763032571e-05,,,,1.0,1.0,10
CWT_pyBOAT,post_period_hours,gaussian_noise,eligible,DRG,250625 to 250728::1B-L1m2_Raw.csv,1B-L1m2,True,absolute_error_hours,hours,0.019056933032624457,0.019056933032624457,0.0,,,,,,,,,,0.002204633934221139,0.00049433799193735,0.0015897668222614892,,,,1.0,1.0,10
CWT_pyBOAT,post_period_hours,gaussian_noise,eligible,DRG,250625 to 250728::2C-L3m2_Raw.csv,2C-L3m2,True,absolute_error_hours,hours,0.019017931251083198,0.019017931251083198,0.0,,,,,,,,,,0.001785136667337696,0.0010087528001941001,0.0009928180967150226,,,,1.0,1.0,10
CWT_pyBOAT,post_period_hours,gaussian_noise,eligible,DRG,250625 to 250728::3A-L5m2_Raw.csv,3A-L5m2,True,absolute_error_hours,hours,0.024878153257409608,0.024878153257409608,0.0,,,,,,,,,,0.002518653757739442,0.00088653951895235,0.0017412539524476467,,,,1.0,1.0,10
CWT_pyBOAT,post_period_hours,gaussian_noise,eligible,DRG,250625 to 250728::3B-T10m2_Raw.csv,3B-T10m2,True,absolute_error_hours,hours,0.016323657360560517,0.016323657360560517,0.0,,,,,,,,,,0.0018169086468106338,0.00058298189025095,0.0011279018466736502,,,,1.0,1.0,10
CWT_pyBOAT,post_period_hours,gaussian_noise,eligible,DRG,250625 to 250728::4B-T12m2_Raw.csv,4B-T12m2,True,absolute_error_hours,hours,0.02778599630609513,0.02778599630609513,0.0,,,,,,,,,,0.0031519203956763718,0.0008980932551607001,0.002519847235695325,,,,1.0,1.0,10
CWT_pyBOAT,post_period_hours,gaussian_noise,eligible,DRG,250625 to 250728::4C-T5m1_Raw.csv,4C-T5m1,True,absolute_error_hours,hours,0.04383521925275069,0.05575690844627346,-3.552713678800501e-15,,,,,,,,,,0.0021909607552196763,0.00093941391365485,0.0012571781631455763,,,,1.0,1.0,10
CWT_pyBOAT,post_period_hours,gaussian_noise,eligible,DRG,250625 to 250728::4D-T7m1_Raw.csv,4D-T7m1,True,absolute_error_hours,hours,0.013066311528751484,0.013066311528751484,0.0,,,,,,,,,,0.0019613385033019955,0.0012220266216754001,0.001146501986398572,,,,1.0,1.0,10
CWT_pyBOAT,post_period_hours,gaussian_noise,eligible,DRG,250625 to 250728::5B-T12m2_Raw.csv,5B-T12m2,True,absolute_error_hours,hours,0.019595553615324945,0.01959555361532317,0.0,,,,,,,,,,0.004071852244974127,0.0011811499436511,0.0026012082655841764,,,,1.0,1.0,10
CWT_pyBOAT,post_period_hours,gaussian_noise,eligible,DRG,250625 to 250728::5C-T12_Raw.csv,5C-T12,True,absolute_error_hours,hours,0.039792825123280195,0.03979282512327842,0.0,,,,,,,,,,0.0028975712492571686,0.0008619343358565,0.0018814773126346568,,,,1.0,1.0,10
CWT_pyBOAT,post_period_hours,gaussian_noise,eligible,DRG,250625 to 250728::5D-T10_Raw.csv,5D-T10,True,absolute_error_hours,hours,0.036090786467061875,0.027522241957662175,0.0,,,,,,,,,,0.003280776264113613,0.00040533258588765,0.002987079632914189,,,,1.0,1.0,10
CWT_pyBOAT,post_period_hours,gaussian_noise,eligible,DRG,250625 to 250728::6A-T7_Raw.csv,6A-T7,True,absolute_error_hours,hours,0.021508220864772554,0.02961578156643263,0.0,,,,,,,,,,0.0033333596917384557,0.0007387668746263001,0.0028397668394687554,,,,1.0,1.0,10
CWT_pyBOAT,post_period_hours,gaussian_noise,eligible,DRG,250625 to 250728::6B-T5_Raw.csv,6B-T5,True,absolute_error_hours,hours,0.0495639103644514,0.049563910364449626,0.0,,,,,,,,,,0.0032750564665731717,0.00092782495113605,0.00223662674596474,,,,1.0,1.0,10
CWT_pyBOAT,post_period_hours,gaussian_noise,eligible,DRG,250625 to 250728::7C-L1_Raw.csv,7C-L1,True,absolute_error_hours,hours,0.019660893115354128,0.025265179770290302,0.0,,,,,,,,,,0.0016235664940973857,0.0006982477653361501,0.000910629554636508,,,,1.0,1.0,10
CWT_pyBOAT,post_period_hours,gaussian_noise,eligible,DRG,250625 to 250728::7D-L2_Raw.csv,7D-L2,True,absolute_error_hours,hours,0.019281078896554504,0.019281078896552728,0.0,,,,,,,,,,0.0014178572662509553,0.00082923936705945,0.000998167907197481,,,,1.0,1.0,10
CWT_pyBOAT,post_period_hours,gaussian_noise,eligible,DRG,250625 to 250728::8B-L2m1_Raw.csv,8B-L2m1,True,absolute_error_hours,hours,0.016905479173541238,0.016905479173543014,0.0,,,,,,,,,,0.0017444202035453312,0.00061606569617975,0.0013107603669171195,,,,1.0,1.0,10
CWT_pyBOAT,post_period_hours,gaussian_noise,eligible,DRG,250625 to 250728::8C-L3m1_Raw.csv,8C-L3m1,True,absolute_error_hours,hours,0.017420778368213874,0.01742077836821565,0.0,,,,,,,,,,0.003704709500042365,0.0007534250984889,0.003106498190588565,,,,1.0,1.0,10
CWT_pyBOAT,post_period_hours,gaussian_noise,eligible,DRG,250625 to 250728::8D-L4-1m1_Raw.csv,8D-L4-1m1,True,absolute_error_hours,hours,0.02647916349593693,0.02647916349593693,0.0,,,,,,,,,,0.0014935061968242044,0.00070727931256655,0.0009765984789353718,,,,1.0,1.0,10
CWT_pyBOAT,post_period_hours,gaussian_noise,eligible,DRG,250811::2C-2ML1_Raw.csv,2C-2ML1,True,absolute_error_hours,hours,0.09967674866832965,0.10607428685614373,-0.0004919703412173959,,,,,,,,,,0.010905252114681845,0.01107335028170825,-6.122443053265501e-05,,,,1.0,1.0,10
CWT_pyBOAT,post_period_hours,gaussian_noise,eligible,DRG,250811::2D-1FL2_Raw.csv,2D-1FL2,True,absolute_error_hours,hours,0.06871522426267163,0.0698091490461703,-1.7763568394002505e-15,,,,,,,,,,0.009803474795782826,0.01011729475818325,-0.0004727988254959112,,,,1.0,1.0,10
CWT_pyBOAT,post_period_hours,gaussian_noise,eligible,DRG,250811::3A-1FL4_Raw.csv,3A-1FL4,True,absolute_error_hours,hours,0.014429294334965093,0.012051766911270079,0.0,,,,,,,,,,0.0020366102184547537,0.00148309110937625,-3.4473593205273755e-05,,,,1.0,1.0,10
CWT_pyBOAT,post_period_hours,gaussian_noise,eligible,DRG,250811::3D-1FT10_Raw.csv,3D-1FT10,True,absolute_error_hours,hours,0.10899383177949318,0.11278634206755456,1.7763568394002505e-15,,,,,,,,,,0.008902346722928816,0.0079112335483718,0.0011464749183390148,,,,1.0,1.0,10
CWT_pyBOAT,post_period_hours,gaussian_noise,eligible,DRG,250811::4A-2MT10_Raw.csv,4A-2MT10,True,absolute_error_hours,hours,0.0609796630731978,0.0609796630731978,0.0,,,,,,,,,,0.004399155409736297,0.0070166681021074,-0.002601945254899503,,,,1.0,1.0,10
CWT_pyBOAT,post_period_hours,gaussian_noise,eligible,DRG,250811::4C-2MT5_Raw.csv,4C-2MT5,True,absolute_error_hours,hours,0.026438768158900672,0.021792821094036796,0.0,,,,,,,,,,0.009229708423798182,0.00864478671678205,0.0010371226210039138,,,,1.0,1.0,10
CWT_pyBOAT,post_period_hours,gaussian_noise,eligible,DRG,250811::4D-1FL4_Raw.csv,4D-1FL4,True,absolute_error_hours,hours,0.04046809779890026,0.04046809779890026,0.0,,,,,,,,,,0.0078757975983178,0.0099025700135057,-0.0020539505368391,,,,1.0,1.0,10
CWT_pyBOAT,post_period_hours,gaussian_noise,eligible,DRG,250811::5A-2ML2_Raw.csv,5A-2ML2,True,absolute_error_hours,hours,0.030944547937943767,0.023785993976236597,0.0,,,,,,,,,,0.004141764538254204,0.0059702091885763,-0.0013332711575145726,,,,1.0,1.0,10
CWT_pyBOAT,post_period_hours,gaussian_noise,eligible,DRG,250811::5C-1FT7_Raw.csv,5C-1FT7,True,absolute_error_hours,hours,0.0917773034445073,0.0935588034602759,-1.7763568394002505e-15,,,,,,,,,,0.010269399211213552,0.00945739708133005,0.00047156334021395373,,,,1.0,1.0,10
CWT_pyBOAT,post_period_hours,gaussian_noise,eligible,DRG,250811::6A-1FL1_Raw.csv,6A-1FL1,True,absolute_error_hours,hours,0.04112870034476579,0.04112870034476579,0.0,,,,,,,,,,0.007267408181185439,0.005684129299074201,0.0015229401697958401,,,,1.0,1.0,10
CWT_pyBOAT,post_period_hours,gaussian_noise,eligible,DRG,250811::6B-2ML3_Raw.csv,6B-2ML3,True,absolute_error_hours,hours,0.0488426072589494,0.04962853442834714,0.0,,,,,,,,,,0.006546920718478217,0.007409665362681,-0.0012728216548191867,,,,1.0,1.0,10
CWT_pyBOAT,post_period_hours,gaussian_noise,eligible,DRG,250811::7C-1FT12_Raw.csv,7C-1FT12,True,absolute_error_hours,hours,0.0762828905093702,0.06962369326805984,0.0,,,,,,,,,,0.009549341073755185,0.01029770032242795,-0.0009861572016258415,,,,1.0,1.0,10
CWT_pyBOAT,post_period_hours,gaussian_noise,eligible,DRG,250811::7D-2MT12_Raw.csv,7D-2MT12,True,absolute_error_hours,hours,0.015093724443321577,0.015093724443321577,0.0,,,,,,,,,,0.007349612566400105,0.0094662472517688,-0.001365539823389948,,,,1.0,1.0,10
CWT_pyBOAT,post_period_hours,gaussian_noise,eligible,DRG,250811::8A-1FT5_Raw.csv,8A-1FT5,True,absolute_error_hours,hours,0.06287255710943285,0.05118828164757616,0.0,,,,,,,,,,0.007758974879388611,0.0059980517395086495,0.00204695840168721,,,,1.0,1.0,10
CWT_pyBOAT,post_period_hours,gaussian_noise,eligible,DRG,250811::8C-2ML4_Raw.csv,8C-2ML4,True,absolute_error_hours,hours,0.06558327553641341,0.06558327553641341,0.0,,,,,,,,,,0.005047892413950936,0.0056191177167509,-0.001033926168401061,,,,1.0,1.0,10
CWT_pyBOAT,post_period_hours,gaussian_noise,eligible,DRG,250811::8D-2MT7_Raw.csv,8D-2MT7,True,absolute_error_hours,hours,0.021875363668723224,0.015041548659549875,0.0,,,,,,,,,,0.004887840950042582,0.00712348877626855,-0.001780208248734168,,,,1.0,1.0,10
CWT_pyBOAT,post_period_hours,gaussian_noise,eligible,DRG,251003::2B- 1MT7_Raw.csv,2B- 1MT7,True,absolute_error_hours,hours,0.015548403957772905,0.015548403957772905,0.0,,,,,,,,,,0.0026509978972581033,0.0013300370745919499,0.0011944320066081535,,,,1.0,1.0,10
CWT_pyBOAT,post_period_hours,gaussian_noise,eligible,DRG,251003::2C- M1L1_Raw.csv,2C- M1L1,True,absolute_error_hours,hours,0.1281594069668568,0.15817484461272002,-0.002213866535475617,,,,,,,,,,0.010893407021761734,0.01102431703150775,-0.0001731111897089162,,,,1.0,1.0,10
CWT_pyBOAT,post_period_hours,gaussian_noise,eligible,DRG,251003::2D- M1L4_Raw.csv,2D- M1L4,True,absolute_error_hours,hours,0.016569391669081668,0.016569391669081668,0.0,,,,,,,,,,0.0034273243442163766,0.0010768529349176,0.002332392106613589,,,,1.0,1.0,10
CWT_pyBOAT,post_period_hours,gaussian_noise,eligible,SCN,250625 to 250728::1C-SCN_Raw.csv,1C-SCN,True,absolute_error_hours,hours,0.021962148920779967,0.021962148920779967,0.0,,,,,,,,,,0.0016393592403897228,0.0008049551297116,0.0010591694258235726,,,,1.0,1.0,10
CWT_pyBOAT,post_period_hours,gaussian_noise,eligible,SCN,250625 to 250728::6C-SCNmm1_Raw.csv,6C-SCNmm1,True,absolute_error_hours,hours,0.025080334758410316,0.017979614175176906,0.0,,,,,,,,,,0.002392609757218165,0.0008917958797631,0.0014447445456039396,,,,1.0,1.0,10
CWT_pyBOAT,post_period_hours,gaussian_noise,eligible,SCN,250625 to 250728::7A-SCNmm2_Raw.csv,7A-SCNmm2,True,absolute_error_hours,hours,0.02390575934767014,0.023905759347671918,0.0,,,,,,,,,,0.002056110087166883,0.00100219178131095,0.001673730995933083,,,,1.0,1.0,10
CWT_pyBOAT,post_period_hours,gaussian_noise,eligible,SCN,250625 to 250728::7B-SCNcm2_Raw.csv,7B-SCNcm2,True,absolute_error_hours,hours,0.062211153936347685,0.05950531705965645,0.0,,,,,,,,,,0.0013421999347147944,0.00275386071615215,-0.0010076926175698695,,,,1.0,1.0,10
CWT_pyBOAT,post_period_hours,gaussian_noise,eligible,SCN,250728::6B-SCNrM2_Raw.csv,6B-SCNrM2,True,absolute_error_hours,hours,0.08186585473143992,0.08600767414325894,0.0,,,,,,,,,,0.002566570560048613,0.0032238877359954503,-0.00040084637086033447,,,,1.0,1.0,10
CWT_pyBOAT,post_period_hours,gaussian_noise,eligible,SCN,250728::7A-SCNcM1_Raw.csv,7A-SCNcM1,True,absolute_error_hours,hours,0.016322981857969765,0.011913432629524934,0.0,,,,,,,,,,0.0017575415014815842,0.0010887521972446001,0.0004111286312978341,,,,1.0,1.0,10
CWT_pyBOAT,post_period_hours,gaussian_noise,eligible,SCN,250728::7B-SCNcM2_Raw.csv,7B-SCNcM2,True,absolute_error_hours,hours,0.16501959082907725,0.1579924720290471,0.0,,,,,,,,,,0.015017779362586196,0.01545621255788635,0.0007109559435117194,,,,1.0,1.0,10
CWT_pyBOAT,post_period_hours,gaussian_noise,eligible,SCN,250811::1A-1FSCN_Raw.csv,1A-1FSCN,True,absolute_error_hours,hours,0.05672729166169965,0.059306670920948434,0.0,,,,,,,,,,0.008067626074117921,0.0064993793767141005,0.0016813839772936217,,,,1.0,1.0,10
CWT_pyBOAT,post_period_hours,gaussian_noise,eligible,SCN,250811::1B-2MSCN_Raw.csv,1B-2MSCN,True,absolute_error_hours,hours,0.1079452251358397,0.10794522513583793,0.0,,,,,,,,,,0.0073332109140986975,0.00751351553590245,-0.00023709807448855664,,,,1.0,1.0,10
CWT_pyBOAT,post_period_hours,gaussian_noise,eligible,SCN,250811::1C-3FSCN_Raw.csv,1C-3FSCN,True,absolute_error_hours,hours,0.02472548189398438,0.02472548189398438,0.0,,,,,,,,,,0.005394834593020586,0.00615115517546355,-0.0005421664436003138,,,,1.0,1.0,10
CWT_pyBOAT,post_period_hours,gaussian_noise,eligible,SCN,250811::1D-4FSCN_Raw.csv,1D-4FSCN,True,absolute_error_hours,hours,0.13521263428542696,0.13446931482600455,0.0,,,,,,,,,,0.010719141687921692,0.0106399885926898,0.0016939192719054247,,,,1.0,1.0,10
CWT_pyBOAT,post_period_hours,gaussian_noise,eligible,SCN,251003::2A- M1SCn_Raw.csv,2A- M1SCn,True,absolute_error_hours,hours,0.15816382878680812,0.15492306016215096,0.0,,,,,,,,,,0.012882905529157877,0.01377151407158265,-0.0005346894957762201,,,,1.0,1.0,10
CWT_pyBOAT,post_period_hours,gaussian_noise,eligible,SCN,251003::4B-M3SCN_Raw.csv,4B-M3SCN,True,absolute_error_hours,hours,0.04714201582308064,0.041952436940148274,-3.552713678800501e-15,,,,,,,,,,0.00344291276321729,0.0028688695333833,0.0007588691370370071,,,,1.0,1.0,10
CWT_pyBOAT,post_period_hours,gaussian_noise,ineligible,DRG,250625 to 250728::5A-T10m1_Raw.csv,5A-T10m1,True,absolute_error_hours,hours,0.02769192842863788,0.02769192842863788,0.0,,,,,,,,,,0.0047877107016865705,0.00501142710362625,-0.0010304063778904236,,,,1.0,1.0,10
CWT_pyBOAT,post_period_hours,missing_block_6h,difficult,DRG,250625 to 250728::1D-L2m2_Raw.csv,1D-L2m2,True,absolute_error_hours,hours,0.04649563164267079,0.043458974037386966,0.0,,,,,,,,,,0.005939420040057538,0.0008253977607345,0.005555330964834088,,,,1.0,1.0,10
CWT_pyBOAT,post_period_hours,missing_block_6h,difficult,DRG,250625 to 250728::8A-L3_Raw.csv,8A-L3,True,absolute_error_hours,hours,0.022638710124214256,0.01907018347586309,0.0,,,,,,,,,,0.0023444916605942084,0.00057385580557405,0.0016446668662583918,,,,1.0,1.0,10
CWT_pyBOAT,post_period_hours,missing_block_6h,difficult,SCN,250728::6A-SCNrM1_Raw.csv,6A-SCNrM1,True,absolute_error_hours,hours,0.18676168765117396,0.18036410997247643,0.0,,,,,,,,,,0.018252170555321794,0.016775041098054652,0.003304399506534549,,,,1.0,1.0,10
CWT_pyBOAT,post_period_hours,missing_block_6h,eligible,DRG,250625 to 250728::1B-L1m2_Raw.csv,1B-L1m2,True,absolute_error_hours,hours,0.024877837048293827,0.019056933032624457,0.0,,,,,,,,,,0.016979512756976248,0.00049433799193735,0.016348256082215896,,,,1.0,1.0,10
CWT_pyBOAT,post_period_hours,missing_block_6h,eligible,DRG,250625 to 250728::2C-L3m2_Raw.csv,2C-L3m2,True,absolute_error_hours,hours,0.024027989329825417,0.019017931251083198,0.0,,,,,,,,,,0.011607000649174585,0.0010087528001941001,0.010184645579572684,,,,1.0,1.0,10
CWT_pyBOAT,post_period_hours,missing_block_6h,eligible,DRG,250625 to 250728::3A-L5m2_Raw.csv,3A-L5m2,True,absolute_error_hours,hours,0.026184839957867467,0.024878153257409608,0.0,,,,,,,,,,0.018870780644082017,0.00088653951895235,0.018299751068797165,,,,1.0,1.0,10
CWT_pyBOAT,post_period_hours,missing_block_6h,eligible,DRG,250625 to 250728::3B-T10m2_Raw.csv,3B-T10m2,True,absolute_error_hours,hours,0.016323657360560517,0.016323657360560517,0.0,,,,,,,,,,0.01169519466729744,0.00058298189025095,0.01094357216238224,,,,1.0,1.0,10
CWT_pyBOAT,post_period_hours,missing_block_6h,eligible,DRG,250625 to 250728::4B-T12m2_Raw.csv,4B-T12m2,True,absolute_error_hours,hours,0.025849322500469896,0.02778599630609513,0.0,,,,,,,,,,0.016075053126849287,0.0008980932551607001,0.015420008489074937,,,,1.0,1.0,10
CWT_pyBOAT,post_period_hours,missing_block_6h,eligible,DRG,250625 to 250728::4C-T5m1_Raw.csv,4C-T5m1,True,absolute_error_hours,hours,0.06363268787529641,0.05575690844627346,-1.7763568394002505e-15,,,,,,,,,,0.009846809175290704,0.00093941391365485,0.008911128969444654,,,,1.0,1.0,10
CWT_pyBOAT,post_period_hours,missing_block_6h,eligible,DRG,250625 to 250728::4D-T7m1_Raw.csv,4D-T7m1,True,absolute_error_hours,hours,0.014785271136378952,0.013066311528751484,0.0,,,,,,,,,,0.006593513605862739,0.0012220266216754001,0.005818502960479739,,,,1.0,1.0,10
CWT_pyBOAT,post_period_hours,missing_block_6h,eligible,DRG,250625 to 250728::5B-T12m2_Raw.csv,5B-T12m2,True,absolute_error_hours,hours,0.02747427018293358,0.01959555361532317,3.552713678800501e-15,,,,,,,,,,0.0037976436280081995,0.0011811499436511,0.0026367756182264,,,,1.0,1.0,10
CWT_pyBOAT,post_period_hours,missing_block_6h,eligible,DRG,250625 to 250728::5C-T12_Raw.csv,5C-T12,True,absolute_error_hours,hours,0.03622550073331787,0.03979282512327842,0.0,,,,,,,,,,0.0024819963399327597,0.0008619343358565,0.0015060251140887294,,,,1.0,1.0,10
CWT_pyBOAT,post_period_hours,missing_block_6h,eligible,DRG,250625 to 250728::5D-T10_Raw.csv,5D-T10,True,absolute_error_hours,hours,0.046503603371734314,0.027522241957662175,0.0,,,,,,,,,,0.010144190249161272,0.00040533258588765,0.009532330701053223,,,,1.0,1.0,10
CWT_pyBOAT,post_period_hours,missing_block_6h,eligible,DRG,250625 to 250728::6A-T7_Raw.csv,6A-T7,True,absolute_error_hours,hours,0.021508220864772554,0.02961578156643263,0.0,,,,,,,,,,0.004109400921868719,0.0007387668746263001,0.0036384510455141697,,,,1.0,1.0,10
CWT_pyBOAT,post_period_hours,missing_block_6h,eligible,DRG,250625 to 250728::6B-T5_Raw.csv,6B-T5,True,absolute_error_hours,hours,0.0495639103644514,0.049563910364449626,0.0,,,,,,,,,,0.01073408552885889,0.00092782495113605,0.01028692779587969,,,,1.0,1.0,10
CWT_pyBOAT,post_period_hours,missing_block_6h,eligible,DRG,250625 to 250728::7C-L1_Raw.csv,7C-L1,True,absolute_error_hours,hours,0.03246136956983392,0.025265179770290302,0.0,,,,,,,,,,0.020803557367877402,0.0006982477653361501,0.02022009329721005,,,,1.0,1.0,10
CWT_pyBOAT,post_period_hours,missing_block_6h,eligible,DRG,250625 to 250728::7D-L2_Raw.csv,7D-L2,True,absolute_error_hours,hours,0.019281078896554504,0.019281078896552728,1.7763568394002505e-15,,,,,,,,,,0.019574305785820853,0.00082923936705945,0.0182319871778206,,,,1.0,1.0,10
CWT_pyBOAT,post_period_hours,missing_block_6h,eligible,DRG,250625 to 250728::8B-L2m1_Raw.csv,8B-L2m1,True,absolute_error_hours,hours,0.016905479173541238,0.016905479173543014,0.0,,,,,,,,,,0.015126428264329318,0.00061606569617975,0.014830673777979819,,,,1.0,1.0,10
CWT_pyBOAT,post_period_hours,missing_block_6h,eligible,DRG,250625 to 250728::8C-L3m1_Raw.csv,8C-L3m1,True,absolute_error_hours,hours,0.02208019015560403,0.01742077836821565,0.0,,,,,,,,,,0.004790781773336475,0.0007534250984889,0.0038915886580391246,,,,1.0,1.0,10
CWT_pyBOAT,post_period_hours,missing_block_6h,eligible,DRG,250625 to 250728::8D-L4-1m1_Raw.csv,8D-L4-1m1,True,absolute_error_hours,hours,0.03445695009652461,0.02647916349593693,0.0,,,,,,,,,,0.003113388557312754,0.00070727931256655,0.0025037366928626946,,,,1.0,1.0,10
CWT_pyBOAT,post_period_hours,missing_block_6h,eligible,DRG,250811::2C-2ML1_Raw.csv,2C-2ML1,True,absolute_error_hours,hours,0.1045983758324951,0.10607428685614373,-1.7763568394002505e-15,,,,,,,,,,0.022007607233336206,0.01107335028170825,0.011852341050115877,,,,1.0,1.0,10
CWT_pyBOAT,post_period_hours,missing_block_6h,eligible,DRG,250811::2D-1FL2_Raw.csv,2D-1FL2,True,absolute_error_hours,hours,0.05309691173059328,0.0698091490461703,-1.7763568394002505e-15,,,,,,,,,,0.020918760696008662,0.01011729475818325,0.010574577705210485,,,,1.0,1.0,10
CWT_pyBOAT,post_period_hours,missing_block_6h,eligible,DRG,250811::3A-1FL4_Raw.csv,3A-1FL4,True,absolute_error_hours,hours,0.036166126327405124,0.012051766911270079,0.02408654574105462,,,,,,,,,,0.01695573356863444,0.00148309110937625,0.014427293768728738,,,,1.0,1.0,10
CWT_pyBOAT,post_period_hours,missing_block_6h,eligible,DRG,250811::3D-1FT10_Raw.csv,3D-1FT10,True,absolute_error_hours,hours,0.09796304678076417,0.11278634206755456,0.0,,,,,,,,,,0.01995949988951965,0.0079112335483718,0.01217768713452795,,,,1.0,1.0,10
CWT_pyBOAT,post_period_hours,missing_block_6h,eligible,DRG,250811::4A-2MT10_Raw.csv,4A-2MT10,True,absolute_error_hours,hours,0.057535870684681356,0.0609796630731978,0.0,,,,,,,,,,0.018366720949851284,0.0070166681021074,0.010880027305122483,,,,1.0,1.0,10
CWT_pyBOAT,post_period_hours,missing_block_6h,eligible,DRG,250811::4C-2MT5_Raw.csv,4C-2MT5,True,absolute_error_hours,hours,0.029871582332001267,0.021792821094036796,0.0,,,,,,,,,,0.03444389377892107,0.00864478671678205,0.02528212737541467,,,,1.0,1.0,10
CWT_pyBOAT,post_period_hours,missing_block_6h,eligible,DRG,250811::4D-1FL4_Raw.csv,4D-1FL4,True,absolute_error_hours,hours,0.04711404509133743,0.04046809779890026,0.0,,,,,,,,,,0.020229844368439803,0.0099025700135057,0.009930939386110102,,,,1.0,1.0,10
CWT_pyBOAT,post_period_hours,missing_block_6h,eligible,DRG,250811::5A-2ML2_Raw.csv,5A-2ML2,True,absolute_error_hours,hours,0.03670137397933537,0.023785993976236597,0.0,,,,,,,,,,0.01904296924563205,0.0059702091885763,0.01331112225272695,,,,1.0,1.0,10
CWT_pyBOAT,post_period_hours,missing_block_6h,eligible,DRG,250811::5C-1FT7_Raw.csv,5C-1FT7,True,absolute_error_hours,hours,0.09194689136708512,0.0935588034602759,-1.7763568394002505e-15,,,,,,,,,,0.02762600912939222,0.00945739708133005,0.017895925742442167,,,,1.0,1.0,10
CWT_pyBOAT,post_period_hours,missing_block_6h,eligible,DRG,250811::6A-1FL1_Raw.csv,6A-1FL1,True,absolute_error_hours,hours,0.034696221100579905,0.04112870034476579,0.0,,,,,,,,,,0.011530248172516664,0.005684129299074201,0.006008517943675028,,,,1.0,1.0,10
CWT_pyBOAT,post_period_hours,missing_block_6h,eligible,DRG,250811::6B-2ML3_Raw.csv,6B-2ML3,True,absolute_error_hours,hours,0.05233437130504193,0.04962853442834714,0.0,,,,,,,,,,0.02209537325889282,0.007409665362681,0.01482838048408207,,,,1.0,1.0,10
CWT_pyBOAT,post_period_hours,missing_block_6h,eligible,DRG,250811::7C-1FT12_Raw.csv,7C-1FT12,True,absolute_error_hours,hours,0.0762828905093702,0.06962369326805984,0.0,,,,,,,,,,0.015444582212516902,0.01029770032242795,0.005449111368005103,,,,1.0,1.0,10
CWT_pyBOAT,post_period_hours,missing_block_6h,eligible,DRG,250811::7D-2MT12_Raw.csv,7D-2MT12,True,absolute_error_hours,hours,0.024120558459628683,0.015093724443321577,0.0,,,,,,,,,,0.019764581719926698,0.0094662472517688,0.010088516244542399,,,,1.0,1.0,10
CWT_pyBOAT,post_period_hours,missing_block_6h,eligible,DRG,250811::8A-1FT5_Raw.csv,8A-1FT5,True,absolute_error_hours,hours,0.06142395107226939,0.05118828164757616,0.0,,,,,,,,,,0.015803243473898637,0.0059980517395086495,0.009718326188144388,,,,1.0,1.0,10
CWT_pyBOAT,post_period_hours,missing_block_6h,eligible,DRG,250811::8C-2ML4_Raw.csv,8C-2ML4,True,absolute_error_hours,hours,0.05393695723733316,0.06558327553641341,0.0,,,,,,,,,,0.012073833024387045,0.0056191177167509,0.007041163103504145,,,,1.0,1.0,10
CWT_pyBOAT,post_period_hours,missing_block_6h,eligible,DRG,250811::8D-2MT7_Raw.csv,8D-2MT7,True,absolute_error_hours,hours,0.028083444397360324,0.015041548659549875,0.00860948097128933,,,,,,,,,,0.013175450329685309,0.00712348877626855,0.005781722231067359,,,,1.0,1.0,10
CWT_pyBOAT,post_period_hours,missing_block_6h,eligible,DRG,251003::2B- 1MT7_Raw.csv,2B- 1MT7,True,absolute_error_hours,hours,0.015548403957772905,0.015548403957772905,0.0,,,,,,,,,,0.022768440466742673,0.0013300370745919499,0.021272447542422926,,,,1.0,1.0,10
CWT_pyBOAT,post_period_hours,missing_block_6h,eligible,DRG,251003::2C- M1L1_Raw.csv,2C- M1L1,True,absolute_error_hours,hours,0.15893324293413258,0.15817484461272002,0.0009839406824312391,,,,,,,,,,0.015147852185049767,0.01102431703150775,0.0023436187805151044,,,,1.0,1.0,10
CWT_pyBOAT,post_period_hours,missing_block_6h,eligible,DRG,251003::2D- M1L4_Raw.csv,2D- M1L4,True,absolute_error_hours,hours,0.021293590414968477,0.016569391669081668,0.0,,,,,,,,,,0.007428147321249506,0.0010768529349176,0.006349918768834156,,,,1.0,1.0,10
CWT_pyBOAT,post_period_hours,missing_block_6h,eligible,SCN,250625 to 250728::1C-SCN_Raw.csv,1C-SCN,True,absolute_error_hours,hours,0.021962148920779967,0.021962148920779967,0.0,,,,,,,,,,0.011730282905372515,0.0008049551297116,0.010676575021078464,,,,1.0,1.0,10
CWT_pyBOAT,post_period_hours,missing_block_6h,eligible,SCN,250625 to 250728::6C-SCNmm1_Raw.csv,6C-SCNmm1,True,absolute_error_hours,hours,0.025080334758410316,0.017979614175176906,0.0,,,,,,,,,,0.0026524901600099692,0.0008917958797631,0.0016278432617006604,,,,1.0,1.0,10
CWT_pyBOAT,post_period_hours,missing_block_6h,eligible,SCN,250625 to 250728::7A-SCNmm2_Raw.csv,7A-SCNmm2,True,absolute_error_hours,hours,0.029795882548143027,0.023905759347671918,0.0,,,,,,,,,,0.010877507931830574,0.00100219178131095,0.009674060721521674,,,,1.0,1.0,10
CWT_pyBOAT,post_period_hours,missing_block_6h,eligible,SCN,250625 to 250728::7B-SCNcm2_Raw.csv,7B-SCNcm2,True,absolute_error_hours,hours,0.0805027116390864,0.05950531705965645,0.0004919703412173959,,,,,,,,,,0.013381924411087058,0.00275386071615215,0.010628063694934908,,,,1.0,1.0,10
CWT_pyBOAT,post_period_hours,missing_block_6h,eligible,SCN,250728::6B-SCNrM2_Raw.csv,6B-SCNrM2,True,absolute_error_hours,hours,0.0897511217725473,0.08600767414325894,0.0,,,,,,,,,,0.005282996272930732,0.0032238877359954503,0.0024233219067966126,,,,1.0,1.0,10
CWT_pyBOAT,post_period_hours,missing_block_6h,eligible,SCN,250728::7A-SCNcM1_Raw.csv,7A-SCNcM1,True,absolute_error_hours,hours,0.015831011516754145,0.011913432629524934,0.0,,,,,,,,,,0.014831218565960112,0.0010887521972446001,0.013827844487463162,,,,1.0,1.0,10
CWT_pyBOAT,post_period_hours,missing_block_6h,eligible,SCN,250728::7B-SCNcM2_Raw.csv,7B-SCNcM2,True,absolute_error_hours,hours,0.1575005016878297,0.1579924720290471,0.0,,,,,,,,,,0.022834591588045815,0.01545621255788635,0.007982123937905235,,,,1.0,1.0,10
CWT_pyBOAT,post_period_hours,missing_block_6h,eligible,SCN,250811::1A-1FSCN_Raw.csv,1A-1FSCN,True,absolute_error_hours,hours,0.08803004365553235,0.059306670920948434,0.0,,,,,,,,,,0.017572945474405667,0.0064993793767141005,0.011276151373358316,,,,1.0,1.0,10
CWT_pyBOAT,post_period_hours,missing_block_6h,eligible,SCN,250811::1B-2MSCN_Raw.csv,1B-2MSCN,True,absolute_error_hours,hours,0.11214207392226783,0.10794522513583793,1.7763568394002505e-15,,,,,,,,,,0.019596014572286012,0.00751351553590245,0.01313473546649461,,,,1.0,1.0,10
CWT_pyBOAT,post_period_hours,missing_block_6h,eligible,SCN,250811::1C-3FSCN_Raw.csv,1C-3FSCN,True,absolute_error_hours,hours,0.02119565170246851,0.02472548189398438,0.0,,,,,,,,,,0.01190340458396956,0.00615115517546355,0.00569257306631056,,,,1.0,1.0,10
CWT_pyBOAT,post_period_hours,missing_block_6h,eligible,SCN,250811::1D-4FSCN_Raw.csv,1D-4FSCN,True,absolute_error_hours,hours,0.1288871415610071,0.13446931482600455,0.0,,,,,,,,,,0.027148749870208874,0.0106399885926898,0.013922147044584573,,,,1.0,1.0,10
CWT_pyBOAT,post_period_hours,missing_block_6h,eligible,SCN,251003::2A- M1SCn_Raw.csv,2A- M1SCn,True,absolute_error_hours,hours,0.14635654059761016,0.15492306016215096,0.0,,,,,,,,,,0.014786700169770555,0.01377151407158265,0.001321661243905507,,,,1.0,1.0,10
CWT_pyBOAT,post_period_hours,missing_block_6h,eligible,SCN,251003::4B-M3SCN_Raw.csv,4B-M3SCN,True,absolute_error_hours,hours,0.04903432455184209,0.041952436940148274,0.0,,,,,,,,,,0.0047129142709041736,0.0028688695333833,0.0009851134764830062,,,,1.0,1.0,10
CWT_pyBOAT,post_period_hours,missing_block_6h,ineligible,DRG,250625 to 250728::5A-T10m1_Raw.csv,5A-T10m1,True,absolute_error_hours,hours,0.03822353993798977,0.02769192842863788,1.7763568394002505e-15,,,,,,,,,,0.009605393138509923,0.00501142710362625,0.0039138262785945975,,,,1.0,1.0,10
CWT_pyBOAT,post_period_hours,transient_artifact,difficult,DRG,250625 to 250728::1D-L2m2_Raw.csv,1D-L2m2,True,absolute_error_hours,hours,0.05341023819625157,0.043458974037386966,0.0009839406824294628,,,,,,,,,,0.052855740153843776,0.0008253977607345,0.05180892069313478,,,,1.0,1.0,10
CWT_pyBOAT,post_period_hours,transient_artifact,difficult,DRG,250625 to 250728::8A-L3_Raw.csv,8A-L3,True,absolute_error_hours,hours,0.10697816823321737,0.01907018347586309,0.08482013834835378,,,,,,,,,,0.02426073350262587,0.00057385580557405,0.023903528119010923,,,,1.0,1.0,10
CWT_pyBOAT,post_period_hours,transient_artifact,difficult,SCN,250728::6A-SCNrM1_Raw.csv,6A-SCNrM1,True,absolute_error_hours,hours,0.24122864740264127,0.18036410997247643,0.13652176968759733,,,,,,,,,,0.018752764159801406,0.016775041098054652,0.005439992765668333,,,,1.0,1.0,10
CWT_pyBOAT,post_period_hours,transient_artifact,eligible,DRG,250625 to 250728::1B-L1m2_Raw.csv,1B-L1m2,True,absolute_error_hours,hours,0.0969620557463422,0.019056933032624457,0.08495268091321329,,,,,,,,,,0.0335028845932161,0.00049433799193735,0.032894264532100696,,,,1.0,1.0,10
CWT_pyBOAT,post_period_hours,transient_artifact,eligible,DRG,250625 to 250728::2C-L3m2_Raw.csv,2C-L3m2,True,absolute_error_hours,hours,0.034091894938116596,0.019017931251083198,0.001868245381380973,,,,,,,,,,0.031509148843752624,0.0010087528001941001,0.03054166596386252,,,,1.0,1.0,10
CWT_pyBOAT,post_period_hours,transient_artifact,eligible,DRG,250625 to 250728::3A-L5m2_Raw.csv,3A-L5m2,True,absolute_error_hours,hours,0.08521006537063336,0.024878153257409608,0.06764592191727914,,,,,,,,,,0.02440795174683085,0.00088653951895235,0.02408359921054555,,,,1.0,1.0,10
CWT_pyBOAT,post_period_hours,transient_artifact,eligible,DRG,250625 to 250728::3B-T10m2_Raw.csv,3B-T10m2,True,absolute_error_hours,hours,0.06481830538896638,0.016323657360560517,0.05414129015864333,,,,,,,,,,0.032202856095910094,0.00058298189025095,0.031491244410719495,,,,1.0,1.0,10
CWT_pyBOAT,post_period_hours,transient_artifact,eligible,DRG,250625 to 250728::4B-T12m2_Raw.csv,4B-T12m2,True,absolute_error_hours,hours,0.10153343998193698,0.02778599630609513,0.06690796640545216,,,,,,,,,,0.026287535733637905,0.0008980932551607001,0.025337062621316204,,,,1.0,1.0,10
CWT_pyBOAT,post_period_hours,transient_artifact,eligible,DRG,250625 to 250728::4C-T5m1_Raw.csv,4C-T5m1,True,absolute_error_hours,hours,0.05456346871870288,0.05575690844627346,0.009847990632014358,,,,,,,,,,0.03153933899401499,0.00093941391365485,0.03045497815299259,,,,1.0,1.0,10
CWT_pyBOAT,post_period_hours,transient_artifact,eligible,DRG,250625 to 250728::4D-T7m1_Raw.csv,4D-T7m1,True,absolute_error_hours,hours,0.06737191497052919,0.013066311528751484,0.05854436445995326,,,,,,,,,,0.01436691415696376,0.0012220266216754001,0.012904509550430909,,,,1.0,1.0,10
CWT_pyBOAT,post_period_hours,transient_artifact,eligible,DRG,250625 to 250728::5B-T12m2_Raw.csv,5B-T12m2,True,absolute_error_hours,hours,0.05075620517864188,0.01959555361532317,0.03116065156331871,,,,,,,,,,0.044788330009921544,0.0011811499436511,0.04326809396258349,,,,1.0,1.0,10
CWT_pyBOAT,post_period_hours,transient_artifact,eligible,DRG,250625 to 250728::5C-T12_Raw.csv,5C-T12,True,absolute_error_hours,hours,0.05532781845171186,0.03979282512327842,0.030870757231024726,,,,,,,,,,0.004300590375460289,0.0008619343358565,0.003830861173684095,,,,1.0,1.0,10
CWT_pyBOAT,post_period_hours,transient_artifact,eligible,DRG,250625 to 250728::5D-T10_Raw.csv,5D-T10,True,absolute_error_hours,hours,0.06652578450166224,0.027522241957662175,0.0511391028823418,,,,,,,,,,0.025083089917589455,0.00040533258588765,0.02477738468413757,,,,1.0,1.0,10
CWT_pyBOAT,post_period_hours,transient_artifact,eligible,DRG,250625 to 250728::6A-T7_Raw.csv,6A-T7,True,absolute_error_hours,hours,0.11950729580886588,0.02961578156643263,0.08476198004047397,,,,,,,,,,0.022489568947696367,0.0007387668746263001,0.02165457216097532,,,,1.0,1.0,10
CWT_pyBOAT,post_period_hours,transient_artifact,eligible,DRG,250625 to 250728::6B-T5_Raw.csv,6B-T5,True,absolute_error_hours,hours,0.07945149639549065,0.049563910364449626,0.020045688321950195,,,,,,,,,,0.034146139533049985,0.00092782495113605,0.033192580743515734,,,,1.0,1.0,10
CWT_pyBOAT,post_period_hours,transient_artifact,eligible,DRG,250625 to 250728::7C-L1_Raw.csv,7C-L1,True,absolute_error_hours,hours,0.036438717488506356,0.025265179770290302,0.006372986399169278,,,,,,,,,,0.014170405382682934,0.0006982477653361501,0.013121799912365534,,,,1.0,1.0,10
CWT_pyBOAT,post_period_hours,transient_artifact,eligible,DRG,250625 to 250728::7D-L2_Raw.csv,7D-L2,True,absolute_error_hours,hours,0.07167963550478618,0.019281078896552728,0.04130291967070221,,,,,,,,,,0.029688873323695977,0.00082923936705945,0.028940722632383377,,,,1.0,1.0,10
CWT_pyBOAT,post_period_hours,transient_artifact,eligible,DRG,250625 to 250728::8B-L2m1_Raw.csv,8B-L2m1,True,absolute_error_hours,hours,0.0901356094045056,0.016905479173543014,0.07305759567066161,,,,,,,,,,0.020880241720873036,0.00061606569617975,0.02058695220230176,,,,1.0,1.0,10
CWT_pyBOAT,post_period_hours,transient_artifact,eligible,DRG,250625 to 250728::8C-L3m1_Raw.csv,8C-L3m1,True,absolute_error_hours,hours,0.044470020660854814,0.01742077836821565,0.02203207491625747,,,,,,,,,,0.037042177733721676,0.0007534250984889,0.03614298461842433,,,,1.0,1.0,10
CWT_pyBOAT,post_period_hours,transient_artifact,eligible,DRG,250625 to 250728::8D-L4-1m1_Raw.csv,8D-L4-1m1,True,absolute_error_hours,hours,0.07909278598636327,0.02647916349593693,0.0715124637424207,,,,,,,,,,0.032807354768916684,0.00070727931256655,0.031880981919653786,,,,1.0,1.0,10
CWT_pyBOAT,post_period_hours,transient_artifact,eligible,DRG,250811::2C-2ML1_Raw.csv,2C-2ML1,True,absolute_error_hours,hours,0.053136797494037324,0.10607428685614373,-0.0509957289769325,,,,,,,,,,0.035548600494523235,0.01107335028170825,0.02424821680054098,,,,1.0,1.0,10
CWT_pyBOAT,post_period_hours,transient_artifact,eligible,DRG,250811::2D-1FL2_Raw.csv,2D-1FL2,True,absolute_error_hours,hours,0.08251410505059908,0.0698091490461703,0.0004919703412173959,,,,,,,,,,0.025366948567328115,0.01011729475818325,0.01549658597083133,,,,1.0,1.0,10
CWT_pyBOAT,post_period_hours,transient_artifact,eligible,DRG,250811::3A-1FL4_Raw.csv,3A-1FL4,True,absolute_error_hours,hours,0.026204022892596157,0.012051766911270079,0.019374724988731273,,,,,,,,,,0.03001940640311848,0.00148309110937625,0.027490966603212784,,,,1.0,1.0,10
CWT_pyBOAT,post_period_hours,transient_artifact,eligible,DRG,250811::3D-1FT10_Raw.csv,3D-1FT10,True,absolute_error_hours,hours,0.13166078777293322,0.11278634206755456,0.03517587939698252,,,,,,,,,,0.024818877779059972,0.0079112335483718,0.01683541427026637,,,,1.0,1.0,10
CWT_pyBOAT,post_period_hours,transient_artifact,eligible,DRG,250811::4A-2MT10_Raw.csv,4A-2MT10,True,absolute_error_hours,hours,0.06571922205871239,0.0609796630731978,0.005165688582772887,,,,,,,,,,0.043859299733144286,0.0070166681021074,0.03692677888232478,,,,1.0,1.0,10
CWT_pyBOAT,post_period_hours,transient_artifact,eligible,DRG,250811::4C-2MT5_Raw.csv,4C-2MT5,True,absolute_error_hours,hours,0.05920065200127134,0.021792821094036796,0.044769418843371156,,,,,,,,,,0.05140464028354913,0.00864478671678205,0.04301171901634113,,,,1.0,1.0,10
CWT_pyBOAT,post_period_hours,transient_artifact,eligible,DRG,250811::4D-1FL4_Raw.csv,4D-1FL4,True,absolute_error_hours,hours,0.12864710194892837,0.04046809779890026,0.08799574652505981,,,,,,,,,,0.015821163730431985,0.0099025700135057,0.005676749398496087,,,,1.0,1.0,10
CWT_pyBOAT,post_period_hours,transient_artifact,eligible,DRG,250811::5A-2ML2_Raw.csv,5A-2ML2,True,absolute_error_hours,hours,0.07379725034309992,0.023785993976236597,0.05458840523812114,,,,,,,,,,0.07147682478747087,0.0059702091885763,0.06534351528820229,,,,1.0,1.0,10
CWT_pyBOAT,post_period_hours,transient_artifact,eligible,DRG,250811::5C-1FT7_Raw.csv,5C-1FT7,True,absolute_error_hours,hours,0.10786342249851799,0.0935588034602759,0.01500509540710837,,,,,,,,,,0.03213318689972724,0.00945739708133005,0.022340214976589938,,,,1.0,1.0,10
CWT_pyBOAT,post_period_hours,transient_artifact,eligible,DRG,250811::6A-1FL1_Raw.csv,6A-1FL1,True,absolute_error_hours,hours,0.08408609730015648,0.04112870034476579,0.056797950320895296,,,,,,,,,,0.02604883036570391,0.005684129299074201,0.02022245112697076,,,,1.0,1.0,10
CWT_pyBOAT,post_period_hours,transient_artifact,eligible,DRG,250811::6B-2ML3_Raw.csv,6B-2ML3,True,absolute_error_hours,hours,0.13610311568907818,0.04962853442834714,0.0757634325473493,,,,,,,,,,0.04384542646367133,0.007409665362681,0.036500593719679175,,,,1.0,1.0,10
CWT_pyBOAT,post_period_hours,transient_artifact,eligible,DRG,250811::7C-1FT12_Raw.csv,7C-1FT12,True,absolute_error_hours,hours,0.13115694090917174,0.06962369326805984,0.07035175879396682,,,,,,,,,,0.034474041071112876,0.01029770032242795,0.02397825967563822,,,,1.0,1.0,10
CWT_pyBOAT,post_period_hours,transient_artifact,eligible,DRG,250811::7D-2MT12_Raw.csv,7D-2MT12,True,absolute_error_hours,hours,0.09611338347710507,0.015093724443321577,0.0703517587939686,,,,,,,,,,0.013600096273446341,0.0094662472517688,0.004786347873278691,,,,1.0,1.0,10
CWT_pyBOAT,post_period_hours,transient_artifact,eligible,DRG,250811::8A-1FT5_Raw.csv,8A-1FT5,True,absolute_error_hours,hours,0.2591712652446123,0.05118828164757616,0.19179338837454196,,,,,,,,,,0.04604806595445157,0.0059980517395086495,0.04033604947675018,,,,1.0,1.0,10
CWT_pyBOAT,post_period_hours,transient_artifact,eligible,DRG,250811::8C-2ML4_Raw.csv,8C-2ML4,True,absolute_error_hours,hours,0.07101202404615847,0.06558327553641341,0.0,,,,,,,,,,0.027301407174529085,0.0056191177167509,0.02148533319169934,,,,1.0,1.0,10
CWT_pyBOAT,post_period_hours,transient_artifact,eligible,DRG,250811::8D-2MT7_Raw.csv,8D-2MT7,True,absolute_error_hours,hours,0.05312680321650376,0.015041548659549875,0.04180549173363879,,,,,,,,,,0.02177216040373353,0.00712348877626855,0.014617423027071792,,,,1.0,1.0,10
CWT_pyBOAT,post_period_hours,transient_artifact,eligible,DRG,251003::2B- 1MT7_Raw.csv,2B- 1MT7,True,absolute_error_hours,hours,0.015775709242305425,0.015548403957772905,0.0,,,,,,,,,,0.023278891152477374,0.0013300370745919499,0.022310183774085876,,,,1.0,1.0,10
CWT_pyBOAT,post_period_hours,transient_artifact,eligible,DRG,251003::2C- M1L1_Raw.csv,2C- M1L1,True,absolute_error_hours,hours,0.12991751503899351,0.15817484461272002,-0.021892680184137703,,,,,,,,,,0.04542619689021157,0.01102431703150775,0.033434912294326075,,,,1.0,1.0,10
CWT_pyBOAT,post_period_hours,transient_artifact,eligible,DRG,251003::2D- M1L4_Raw.csv,2D- M1L4,True,absolute_error_hours,hours,0.07817614718935317,0.016569391669081668,0.06425776931074978,,,,,,,,,,0.023026041622552583,0.0010768529349176,0.02271651827631823,,,,1.0,1.0,10
CWT_pyBOAT,post_period_hours,transient_artifact,eligible,SCN,250625 to 250728::1C-SCN_Raw.csv,1C-SCN,True,absolute_error_hours,hours,0.07410191138683508,0.021962148920779967,0.06160956499749126,,,,,,,,,,0.02145086897031047,0.0008049551297116,0.020443791563230666,,,,1.0,1.0,10
CWT_pyBOAT,post_period_hours,transient_artifact,eligible,SCN,250625 to 250728::6C-SCNmm1_Raw.csv,6C-SCNmm1,True,absolute_error_hours,hours,0.05111717178637498,0.017979614175176906,0.023273103807488482,,,,,,,,,,0.0502414772894541,0.0008917958797631,0.0490665693950744,,,,1.0,1.0,10
CWT_pyBOAT,post_period_hours,transient_artifact,eligible,SCN,250625 to 250728::7A-SCNmm2_Raw.csv,7A-SCNmm2,True,absolute_error_hours,hours,0.07219560714709417,0.023905759347671918,0.0628041250704161,,,,,,,,,,0.010189891346443276,0.00100219178131095,0.009168126958355076,,,,1.0,1.0,10
CWT_pyBOAT,post_period_hours,transient_artifact,eligible,SCN,250625 to 250728::7B-SCNcm2_Raw.csv,7B-SCNcm2,True,absolute_error_hours,hours,0.19156347947160057,0.05950531705965645,0.13209403661664787,,,,,,,,,,0.02206785230690693,0.00275386071615215,0.01857181032506553,,,,1.0,1.0,10
CWT_pyBOAT,post_period_hours,transient_artifact,eligible,SCN,250728::6B-SCNrM2_Raw.csv,6B-SCNrM2,True,absolute_error_hours,hours,0.07088140879605298,0.08600767414325894,-0.0017850123281473174,,,,,,,,,,0.023961994724603555,0.0032238877359954503,0.020533177055238355,,,,1.0,1.0,10
CWT_pyBOAT,post_period_hours,transient_artifact,eligible,SCN,250728::7A-SCNcM1_Raw.csv,7A-SCNcM1,True,absolute_error_hours,hours,0.1058454261308377,0.011913432629524934,0.10327840156400825,,,,,,,,,,0.03476117086112196,0.0010887521972446001,0.03391962514429881,,,,1.0,1.0,10
CWT_pyBOAT,post_period_hours,transient_artifact,eligible,SCN,250728::7B-SCNcM2_Raw.csv,7B-SCNcM2,True,absolute_error_hours,hours,0.23400190078862337,0.1579924720290471,0.08215904698316301,,,,,,,,,,0.027046445794672094,0.01545621255788635,0.013313064681024733,,,,1.0,1.0,10
CWT_pyBOAT,post_period_hours,transient_artifact,eligible,SCN,250811::1A-1FSCN_Raw.csv,1A-1FSCN,True,absolute_error_hours,hours,0.21047968694285935,0.059306670920948434,0.13709248700375376,,,,,,,,,,0.044697461084026405,0.0064993793767141005,0.03807603079446165,,,,1.0,1.0,10
CWT_pyBOAT,post_period_hours,transient_artifact,eligible,SCN,250811::1B-2MSCN_Raw.csv,1B-2MSCN,True,absolute_error_hours,hours,0.0816452842877382,0.10794522513583793,-0.02902625013177662,,,,,,,,,,0.0316762587021856,0.00751351553590245,0.024236412462907246,,,,1.0,1.0,10
CWT_pyBOAT,post_period_hours,transient_artifact,eligible,SCN,250811::1C-3FSCN_Raw.csv,1C-3FSCN,True,absolute_error_hours,hours,0.1636600426882584,0.02472548189398438,0.13336829665824368,,,,,,,,,,0.03033541079778687,0.00615115517546355,0.02457540181369032,,,,1.0,1.0,10
CWT_pyBOAT,post_period_hours,transient_artifact,eligible,SCN,250811::1D-4FSCN_Raw.csv,1D-4FSCN,True,absolute_error_hours,hours,0.1755828461954998,0.13446931482600455,0.0649400850405879,,,,,,,,,,0.02087826805403928,0.0106399885926898,0.008123075611884628,,,,1.0,1.0,10
CWT_pyBOAT,post_period_hours,transient_artifact,eligible,SCN,251003::2A- M1SCn_Raw.csv,2A- M1SCn,True,absolute_error_hours,hours,0.15158895528066907,0.15492306016215096,-0.0006771477978322338,,,,,,,,,,0.036650251396959266,0.01377151407158265,0.02526448939512001,,,,1.0,1.0,10
CWT_pyBOAT,post_period_hours,transient_artifact,eligible,SCN,251003::4B-M3SCN_Raw.csv,4B-M3SCN,True,absolute_error_hours,hours,0.10464995148574907,0.041952436940148274,0.05996840435784456,,,,,,,,,,0.03774390034606097,0.0028688695333833,0.03523386612105012,,,,1.0,1.0,10
CWT_pyBOAT,post_period_hours,transient_artifact,ineligible,DRG,250625 to 250728::5A-T10m1_Raw.csv,5A-T10m1,True,absolute_error_hours,hours,0.11442240657142655,0.02769192842863788,0.06131419324463394,,,,,,,,,,0.06249379856041576,0.00501142710362625,0.05510469148647066,,,,1.0,1.0,10
CWT_pyBOAT,pre_amplitude_trajectory,gaussian_noise,difficult,DRG,250625 to 250728::1D-L2m2_Raw.csv,1D-L2m2,True,target_segment_calibrated_absolute_nrmse,NRMSE,0.4008409372282749,0.4009045835410633,-0.00029771235857425915,0.34872878398262563,0.34833057639781695,0.0001392409573586495,0.3925902917096171,0.3919281925110504,0.00026238901011541027,,,,0.5255017697524654,0.5248964116850252,-0.0001299318526295501,0.9649212397069066,0.9648899131058286,3.9699089751210614e-05,1.0,1.0,10
CWT_pyBOAT,pre_amplitude_trajectory,gaussian_noise,difficult,DRG,250625 to 250728::4B-T12m2_Raw.csv,4B-T12m2,True,target_segment_calibrated_absolute_nrmse,NRMSE,0.2552487910755767,0.2545681019758069,0.00035333459944261736,0.24353268333969452,0.24315944508516396,0.0003696685598996302,0.20914246967482444,0.20837359390172872,0.0003355629489342621,,,,0.21291783153144744,0.21196415718012315,0.000879614291229,0.9467189586512905,0.9466713877436749,-7.184470730664527e-05,1.0,1.0,10
CWT_pyBOAT,pre_amplitude_trajectory,gaussian_noise,difficult,DRG,250625 to 250728::8A-L3_Raw.csv,8A-L3,True,target_segment_calibrated_absolute_nrmse,NRMSE,0.3311263143879014,0.3304625194870038,-0.0005865478264094337,0.28757813489179945,0.2874272454102606,-0.0005064035644730402,0.30187630908507074,0.3015993132261321,-0.00039972651970790474,,,,0.3756867859039813,0.3745041424108003,-0.000254325491528512,0.9613307505177575,0.9612031022320304,-0.00018246930685522633,1.0,1.0,10
CWT_pyBOAT,pre_amplitude_trajectory,gaussian_noise,difficult,DRG,250625 to 250728::8B-L2m1_Raw.csv,8B-L2m1,True,target_segment_calibrated_absolute_nrmse,NRMSE,1.0417198074012384,1.0417250295271117,0.0005812811114346839,0.5647109983351516,0.5652550916176956,-0.00026929523385993415,0.8572668891771749,0.8578142062551126,-4.403301822053507e-07,,,,1.4505773136912654,1.451127356676154,-0.0001590779541469356,0.9528162169937116,0.9527234089636739,-7.147898629578098e-05,1.0,1.0,10
CWT_pyBOAT,pre_amplitude_trajectory,gaussian_noise,difficult,DRG,250811::2C-2ML1_Raw.csv,2C-2ML1,True,target_segment_calibrated_absolute_nrmse,NRMSE,0.9684637128423818,0.9680182650622244,0.00013275512219923513,0.6862267220640512,0.6858786121438165,0.0004878194218861931,0.5213867536437745,0.521179876780457,0.00035287258798721854,,,,0.6086912855008422,0.6090297765086992,-0.0002473850277392442,0.2571616149269581,0.2577577999677291,0.0008980939625597498,1.0,1.0,10
CWT_pyBOAT,pre_amplitude_trajectory,gaussian_noise,difficult,DRG,250811::5A-2ML2_Raw.csv,5A-2ML2,True,target_segment_calibrated_absolute_nrmse,NRMSE,0.638721108463407,0.6368560321738259,0.0008621915408066894,0.5240402232298877,0.5225412268148106,0.0005093484504418988,0.4128001105048945,0.4116741645322933,0.0004503973851393561,,,,0.5133580229479531,0.5143455618336118,-0.0007550918111970395,0.5307009569668582,0.5343703467066302,0.0012825477742254288,1.0,1.0,10
CWT_pyBOAT,pre_amplitude_trajectory,gaussian_noise,difficult,DRG,250811::7C-1FT12_Raw.csv,7C-1FT12,True,target_segment_calibrated_absolute_nrmse,NRMSE,0.3529458781379552,0.35165850642747576,0.0006681702134235801,0.2684305531349057,0.2679977380785479,0.00037269303039767776,0.32513588069238963,0.32421672074675034,0.000667578036555122,,,,0.3680990443959686,0.36772525564158004,0.00043108043456213663,0.9786742790903709,0.9786894845660289,-3.392562114457043e-06,1.0,1.0,10
CWT_pyBOAT,pre_amplitude_trajectory,gaussian_noise,difficult,DRG,250811::8A-1FT5_Raw.csv,8A-1FT5,True,target_segment_calibrated_absolute_nrmse,NRMSE,0.19000989566987192,0.1910962355834451,-0.00047007989663640226,0.17320118986366456,0.17277027669808465,8.376973293662549e-05,0.1154377915565687,0.11513394660847048,-0.00042014479637481755,,,,0.0732218049570548,0.07292508571847925,-0.0022347995585645895,-0.5480971115555175,-0.5575151314498213,-0.003846565913556532,1.0,1.0,10
CWT_pyBOAT,pre_amplitude_trajectory,gaussian_noise,difficult,DRG,251003::2B- 1MT7_Raw.csv,2B- 1MT7,True,target_segment_calibrated_absolute_nrmse,NRMSE,0.08398546430485668,0.0839239060405726,5.4634091699271026e-05,0.07600959181822736,0.07598311832346474,0.00030476550345857195,0.04612262599932884,0.046652151035893055,0.00031346518329240097,,,,0.013139449587887219,0.013054636307583651,0.000313189168553764,0.9511155517697334,0.9517449158819884,0.000444069042801587,1.0,1.0,10
CWT_pyBOAT,pre_amplitude_trajectory,gaussian_noise,difficult,DRG,251003::2C- M1L1_Raw.csv,2C- M1L1,True,target_segment_calibrated_absolute_nrmse,NRMSE,0.3456297419070472,0.34535499422587496,-4.6618451592650434e-05,0.25156161985302017,0.25194390070178607,-4.976879541697399e-05,0.12765666955843652,0.12825113765866897,-0.00028491133866326984,,,,0.018111671119207452,0.01877625041565895,-0.0002467066587609184,0.8176113507408,0.8181481468505394,-0.0006829294435510835,1.0,1.0,10
CWT_pyBOAT,pre_amplitude_trajectory,gaussian_noise,difficult,DRG,251003::2D- M1L4_Raw.csv,2D- M1L4,True,target_segment_calibrated_absolute_nrmse,NRMSE,1.0562171277216337,1.056118675105044,0.0005600181999705356,0.6948751492399918,0.6943145128193273,0.00011507335995480927,0.9219263243623972,0.9218998805513757,8.697402699464618e-05,,,,1.483381919568183,1.4835251438813448,0.0004719986081165306,0.9112644199985918,0.9113561575391114,-3.872469697296932e-06,1.0,1.0,10
CWT_pyBOAT,pre_amplitude_trajectory,gaussian_noise,eligible,DRG,250625 to 250728::1B-L1m2_Raw.csv,1B-L1m2,True,target_segment_calibrated_absolute_nrmse,NRMSE,0.12239938944975239,0.12158020955719609,0.000525933619160493,0.11998917575809967,0.1190736318226712,0.0005350579305476721,0.09523885475828964,0.0940506730605746,0.0005746364046039787,,,,0.07383475495279711,0.07408356098780325,-0.0012893805356219076,0.9827726339067744,0.9828509337478356,-5.983387667435336e-05,1.0,1.0,10
CWT_pyBOAT,pre_amplitude_trajectory,gaussian_noise,eligible,DRG,250625 to 250728::2C-L3m2_Raw.csv,2C-L3m2,True,target_segment_calibrated_absolute_nrmse,NRMSE,0.16513096200420047,0.1646820475886872,-0.00028449120104023784,0.15683463405996098,0.15667332706177445,-3.940634276321242e-05,0.1273136509201454,0.12737074367155485,7.223417794723075e-05,,,,0.08255300709085694,0.08239617251714426,-0.00011451336009269536,0.9656028332955474,0.965672823392154,-1.0730067069142368e-05,1.0,1.0,10
CWT_pyBOAT,pre_amplitude_trajectory,gaussian_noise,eligible,DRG,250625 to 250728::3A-L5m2_Raw.csv,3A-L5m2,True,target_segment_calibrated_absolute_nrmse,NRMSE,0.08448715011316331,0.08492564872422351,-1.5505743037810826e-05,0.08432601523918198,0.08486924061165045,-2.5913415283081165e-05,0.05972406451835334,0.060252248847797354,8.16821534266321e-05,,,,0.036987682173666894,0.0364151268588728,-0.0006870445578442252,0.9738711829209648,0.9735062468528086,-0.0004559564377488168,1.0,1.0,10
CWT_pyBOAT,pre_amplitude_trajectory,gaussian_noise,eligible,DRG,250625 to 250728::3B-T10m2_Raw.csv,3B-T10m2,True,target_segment_calibrated_absolute_nrmse,NRMSE,0.2250719350696434,0.2253776224008454,-0.0005598401074880799,0.20921455298802233,0.20952416821102066,-0.0004947524850098528,0.18077492022669017,0.1809571745922473,-0.000334799322911819,,,,0.16869486470963346,0.16890845850408795,-0.0008424389829814194,0.9555705298772816,0.9557510760321308,-7.473250627176853e-05,1.0,1.0,10
CWT_pyBOAT,pre_amplitude_trajectory,gaussian_noise,eligible,DRG,250625 to 250728::4C-T5m1_Raw.csv,4C-T5m1,True,target_segment_calibrated_absolute_nrmse,NRMSE,0.1527587027839673,0.15325303415743963,-0.0003087049687902216,0.14869638143226366,0.14909336541605045,-0.0003306571331165714,0.120294415958038,0.12061741443069209,-0.00022317467587452955,,,,0.08388375851933294,0.0857212340581884,-0.000834753051792328,0.9751429672499032,0.9752067577848603,0.00010008720084908607,1.0,1.0,10
CWT_pyBOAT,pre_amplitude_trajectory,gaussian_noise,eligible,DRG,250625 to 250728::4D-T7m1_Raw.csv,4D-T7m1,True,target_segment_calibrated_absolute_nrmse,NRMSE,0.22545119172516195,0.22440700428882826,-0.0012954831208405737,0.20860570224333141,0.20742889544261167,-0.0007666534285409449,0.18001102908218664,0.17897289460623,-0.000706695341710098,,,,0.17048141283670804,0.16916781481977367,-0.0017310053127247566,0.955403004687537,0.9559350452870004,6.077825218764321e-05,1.0,1.0,10
CWT_pyBOAT,pre_amplitude_trajectory,gaussian_noise,eligible,DRG,250625 to 250728::5B-T12m2_Raw.csv,5B-T12m2,True,target_segment_calibrated_absolute_nrmse,NRMSE,0.05380271839262479,0.05454424970267025,-9.495847559988155e-05,0.05365225729371721,0.054445107573148,-0.00017953609958617708,0.036738644723221164,0.037457722140321004,-0.00012780718490805476,,,,0.016420166764272454,0.013660530081638051,-0.00016317711801199127,0.34699840901031087,0.35278501829912295,-0.002526402643788561,1.0,1.0,10
CWT_pyBOAT,pre_amplitude_trajectory,gaussian_noise,eligible,DRG,250625 to 250728::5C-T12_Raw.csv,5C-T12,True,target_segment_calibrated_absolute_nrmse,NRMSE,0.6331281557933557,0.632830253784121,0.0006500872798141377,0.4454140972786152,0.4454277107042406,8.467494187996971e-05,0.5764071207115686,0.5768029398147456,-7.032574048559947e-05,,,,0.8724168295581336,0.872620742387589,0.00021808275008200484,0.9531832822050644,0.9531070189058204,-1.566026936217213e-05,1.0,1.0,10
CWT_pyBOAT,pre_amplitude_trajectory,gaussian_noise,eligible,DRG,250625 to 250728::5D-T10_Raw.csv,5D-T10,True,target_segment_calibrated_absolute_nrmse,NRMSE,0.15215351898228008,0.1516405199499562,0.00017179536212255653,0.15005825737191444,0.14921958471215147,0.00015201187343280576,0.12188488476955227,0.12048425829311486,0.0002752592677105342,,,,0.09827794677437122,0.09538532038054096,0.0011146896690659297,0.9800692831798221,0.980136024908714,5.534199556456176e-06,1.0,1.0,10
CWT_pyBOAT,pre_amplitude_trajectory,gaussian_noise,eligible,DRG,250625 to 250728::6A-T7_Raw.csv,6A-T7,True,target_segment_calibrated_absolute_nrmse,NRMSE,0.1678359010005502,0.16832092209046207,0.0006449309813784943,0.1623303091407158,0.1628932103321244,0.00029160131790768873,0.13950839916236196,0.13979232913861145,2.495543938030309e-05,,,,0.11961523185123746,0.1191474795598257,0.002197563787279158,0.9803730119998049,0.9804072276491359,-2.6414213518288765e-05,1.0,1.0,10
CWT_pyBOAT,pre_amplitude_trajectory,gaussian_noise,eligible,DRG,250625 to 250728::6B-T5_Raw.csv,6B-T5,True,target_segment_calibrated_absolute_nrmse,NRMSE,0.12664345369444885,0.12730720818718094,0.00028710170562802617,0.12455539148700216,0.1253041106901202,0.00019296664101577793,0.08886323545230607,0.089732450706592,2.119609899776248e-05,,,,0.066775820664526,0.0652175242199822,0.001059635168852168,0.9127006274308529,0.912013515512498,9.249638076636035e-05,1.0,1.0,10
CWT_pyBOAT,pre_amplitude_trajectory,gaussian_noise,eligible,DRG,250625 to 250728::7C-L1_Raw.csv,7C-L1,True,target_segment_calibrated_absolute_nrmse,NRMSE,0.2118569428960068,0.21166826171584868,0.0004970989491552141,0.1910628611420236,0.1908586584706738,0.0005870158531098985,0.18398358119854813,0.18434949961921435,0.0002803280804056507,,,,0.16368673131661,0.16262176631290848,0.0008796950444020513,0.9801123945342567,0.9800723383905088,2.232140453134468e-05,1.0,1.0,10
CWT_pyBOAT,pre_amplitude_trajectory,gaussian_noise,eligible,DRG,250625 to 250728::7D-L2_Raw.csv,7D-L2,True,target_segment_calibrated_absolute_nrmse,NRMSE,0.39534483058779224,0.39684830047374764,-0.00018160375984899169,0.3326757769681423,0.3334203214186748,4.229793906768142e-06,0.33388621316646633,0.3347072140035048,-0.00013948018362100467,,,,0.41204346244707957,0.41412461708872733,-6.82234100143897e-06,0.9398054731881773,0.9396463663821573,-0.00015485989772745512,1.0,1.0,10
CWT_pyBOAT,pre_amplitude_trajectory,gaussian_noise,eligible,DRG,250625 to 250728::8C-L3m1_Raw.csv,8C-L3m1,True,target_segment_calibrated_absolute_nrmse,NRMSE,0.1600587949772252,0.1590574927653517,0.00013621818211230485,0.15320891418248528,0.15178148534987979,0.0008269749434465234,0.12180282076261109,0.12046920948230816,0.0007062426124513355,,,,0.07094678383797881,0.07075886928241376,-0.0005521747437274294,0.9629313487418809,0.9631165634451055,0.0002871785644235625,1.0,1.0,10
CWT_pyBOAT,pre_amplitude_trajectory,gaussian_noise,eligible,DRG,250625 to 250728::8D-L4-1m1_Raw.csv,8D-L4-1m1,True,target_segment_calibrated_absolute_nrmse,NRMSE,0.1683229448086886,0.16750097268398306,3.73620414061554e-05,0.15770416269154464,0.15756629035473804,-0.00017182303947042843,0.13386805350874575,0.13335671096831161,-0.0002508196227955506,,,,0.09157164166106455,0.09120143958252765,0.00037020207853689924,0.9733526370987126,0.973457721111928,0.00010508401321546179,1.0,1.0,10
CWT_pyBOAT,pre_amplitude_trajectory,gaussian_noise,eligible,DRG,250811::2D-1FL2_Raw.csv,2D-1FL2,True,target_segment_calibrated_absolute_nrmse,NRMSE,0.1399424871938076,0.13893181866969184,-0.000130153346318454,0.13488271584776101,0.13428880272784183,-0.0005321623839352613,0.11350156226808635,0.11280975276565379,-0.0006380508112123623,,,,0.09875904883151732,0.09831270808327605,0.002149975250616505,0.9763302583735276,0.9760318501278737,-0.0002116653183438233,1.0,1.0,10
CWT_pyBOAT,pre_amplitude_trajectory,gaussian_noise,eligible,DRG,250811::3A-1FL4_Raw.csv,3A-1FL4,True,target_segment_calibrated_absolute_nrmse,NRMSE,0.09455170535481122,0.0941646138676311,0.00027882954318547704,0.08827332189146456,0.08751067266630055,9.772372354109257e-05,0.05958347456424437,0.058581427231903294,0.0003392624512725609,,,,0.04714994431899966,0.04647299498601045,0.00023189750963680325,0.9534333672176968,0.9526768491011244,-0.0006566351360403622,1.0,1.0,10
CWT_pyBOAT,pre_amplitude_trajectory,gaussian_noise,eligible,DRG,250811::3D-1FT10_Raw.csv,3D-1FT10,True,target_segment_calibrated_absolute_nrmse,NRMSE,0.185867492299226,0.18440721679275285,0.00013341667667622625,0.17295145138945284,0.17219486103556636,0.00019771501792421875,0.16464064793861447,0.1639822718734781,0.00012449357785965232,,,,0.2046594398352629,0.2016772231966266,-0.00010045842148996564,0.9865627036415712,0.9865678992947848,1.6240123140554008e-05,1.0,1.0,10
CWT_pyBOAT,pre_amplitude_trajectory,gaussian_noise,eligible,DRG,250811::4A-2MT10_Raw.csv,4A-2MT10,True,target_segment_calibrated_absolute_nrmse,NRMSE,0.12865114781888767,0.12824604726367378,0.0012653232988718843,0.1248072812027889,0.12444512566157165,0.0010450960809752496,0.10539466771204613,0.1050284792110136,0.00141606694792705,,,,0.09902195366779128,0.09923070188713759,0.0005124556130225652,0.9824255208284309,0.9825175797045396,-4.945513900367349e-05,1.0,1.0,10
CWT_pyBOAT,pre_amplitude_trajectory,gaussian_noise,eligible,DRG,250811::4C-2MT5_Raw.csv,4C-2MT5,True,target_segment_calibrated_absolute_nrmse,NRMSE,0.4986133311597696,0.4982685354366184,-0.0001461861534407527,0.42376265526782886,0.423873879777739,0.00025014795241784515,0.403471393296461,0.4035178913358174,0.00010580652083055919,,,,0.5562354961596438,0.5567849385973571,-0.0012277244424175326,0.8708309883353476,0.8703003859691084,0.00023463164663051206,1.0,1.0,10
CWT_pyBOAT,pre_amplitude_trajectory,gaussian_noise,eligible,DRG,250811::4D-1FL4_Raw.csv,4D-1FL4,True,target_segment_calibrated_absolute_nrmse,NRMSE,0.12179795446160824,0.12085325751709795,0.00046617564654000826,0.11968523307903037,0.1190763627394707,0.00039677481199321823,0.09859349617257757,0.09790286170505515,0.0006039167888781255,,,,0.08713376063764448,0.08797781218723615,7.423315549860698e-05,0.9802734185124207,0.9803532897246849,0.00010044596398872674,1.0,1.0,10
CWT_pyBOAT,pre_amplitude_trajectory,gaussian_noise,eligible,DRG,250811::5C-1FT7_Raw.csv,5C-1FT7,True,target_segment_calibrated_absolute_nrmse,NRMSE,0.12081319018748782,0.1202297677844252,-0.0007399404652408403,0.11553689140700346,0.11519864182728576,-0.0008898669058149053,0.09862719404073761,0.0986238676030175,-0.0006604822955588729,,,,0.10164353522754067,0.10330041428730805,-0.0023722836156856233,0.9860787123043957,0.9861142055371988,3.326598787334323e-05,1.0,1.0,10
CWT_pyBOAT,pre_amplitude_trajectory,gaussian_noise,eligible,DRG,250811::6A-1FL1_Raw.csv,6A-1FL1,True,target_segment_calibrated_absolute_nrmse,NRMSE,0.294636243922715,0.2947759266433366,-0.00022582842254179059,0.2483430873564742,0.24867392679362216,-1.7446398147116793e-05,0.2670305668355004,0.2672190712912924,-0.0002392248377540429,,,,0.3091068516329969,0.3101680618927584,0.0005489428835113164,0.9717475598996719,0.9715873482141804,-3.84273528902801e-05,1.0,1.0,10
CWT_pyBOAT,pre_amplitude_trajectory,gaussian_noise,eligible,DRG,250811::6B-2ML3_Raw.csv,6B-2ML3,True,target_segment_calibrated_absolute_nrmse,NRMSE,0.1276574251635218,0.12722191096916446,-0.000482349981346962,0.12489562754573932,0.12452280760635605,-0.00020975225680405774,0.10618227363798322,0.10579497615316014,-0.0005210939314005403,,,,0.10900636473592576,0.1069890209538686,0.0009017589366219284,0.9855271031555364,0.9855457243107858,8.659658095133693e-05,1.0,1.0,10
CWT_pyBOAT,pre_amplitude_trajectory,gaussian_noise,eligible,DRG,250811::7D-2MT12_Raw.csv,7D-2MT12,True,target_segment_calibrated_absolute_nrmse,NRMSE,0.1049620684198104,0.10494600596687935,-0.0003429395489077877,0.1045383590866055,0.10440170888310035,-0.0007465274932753965,0.08192103135313897,0.08174009504803975,-0.0005921699223810223,,,,0.07124755794298976,0.0710511300236086,-7.462835268460394e-05,0.9738749092972329,0.9738990280112909,4.224548356190905e-06,1.0,1.0,10
CWT_pyBOAT,pre_amplitude_trajectory,gaussian_noise,eligible,DRG,250811::8C-2ML4_Raw.csv,8C-2ML4,True,target_segment_calibrated_absolute_nrmse,NRMSE,0.14348858350235938,0.14298970815384,0.0010536620031521837,0.13659977872865411,0.13604587095326875,0.0005707953235448426,0.11806195663549299,0.11757912705409966,0.0006132037541495411,,,,0.10918047000706305,0.10942079549162435,2.725157083258156e-07,0.9775883028478536,0.9776431532203029,0.00012389508356541734,1.0,1.0,10
CWT_pyBOAT,pre_amplitude_trajectory,gaussian_noise,eligible,DRG,250811::8D-2MT7_Raw.csv,8D-2MT7,True,target_segment_calibrated_absolute_nrmse,NRMSE,0.11237659753799609,0.11211269696746105,0.00038474776941069266,0.11086444897138326,0.11006392861274944,0.00036009226020554397,0.08134477028416326,0.0807424794002049,0.0004723881604790023,,,,0.07904799208158603,0.0776613747821526,3.521012437850135e-05,0.8387259068383026,0.8377716781719552,-0.00011361386824726427,1.0,1.0,10
CWT_pyBOAT,pre_amplitude_trajectory,gaussian_noise,eligible,SCN,250625 to 250728::1C-SCN_Raw.csv,1C-SCN,True,target_segment_calibrated_absolute_nrmse,NRMSE,0.1240018004470225,0.12348233950054785,0.00036672213029240175,0.12059073439278128,0.12037733370018741,-0.00017728838437677807,0.09885947471855194,0.09860098680148432,-0.00028807737105812636,,,,0.08805365897172765,0.08771232018635239,0.000821397854921295,0.9882459923209164,0.9882887242909149,8.451256694974596e-05,1.0,1.0,10
CWT_pyBOAT,pre_amplitude_trajectory,gaussian_noise,eligible,SCN,250625 to 250728::6C-SCNmm1_Raw.csv,6C-SCNmm1,True,target_segment_calibrated_absolute_nrmse,NRMSE,0.1495657230256343,0.14967694798698739,-0.00011122496135308746,0.14564159551498607,0.1455631088449452,-8.329111667958189e-05,0.11844418728923922,0.11891911512532935,-8.754402822734597e-05,,,,0.08137600186330644,0.08203134758268066,-4.286432807763113e-05,0.9760655569441741,0.9757897845755314,-6.727760248381731e-05,1.0,1.0,10
CWT_pyBOAT,pre_amplitude_trajectory,gaussian_noise,eligible,SCN,250625 to 250728::7A-SCNmm2_Raw.csv,7A-SCNmm2,True,target_segment_calibrated_absolute_nrmse,NRMSE,0.18488368072688705,0.187396098711725,0.0009400994126936013,0.1736145470395038,0.17540528227775865,0.0005254930535135843,0.16503945437446327,0.16620075534188997,0.0010056858111856248,,,,0.15166603457292335,0.15496249553821245,0.0006497713088409879,0.9853485942170336,0.9853066096103242,-3.651358657835724e-05,1.0,1.0,10
CWT_pyBOAT,pre_amplitude_trajectory,gaussian_noise,eligible,SCN,250625 to 250728::7B-SCNcm2_Raw.csv,7B-SCNcm2,True,target_segment_calibrated_absolute_nrmse,NRMSE,0.13606991062609936,0.13742012200198145,-0.000596445531452397,0.13476030904459807,0.13594664503377313,-0.0007394882293098454,0.10762935558122023,0.10921232645440011,-0.0010204109835661446,,,,0.0850046300836613,0.08481596085631166,-0.0007183816750968644,0.9835143393057704,0.9831682748253789,-3.461041299213097e-05,1.0,1.0,10
CWT_pyBOAT,pre_amplitude_trajectory,gaussian_noise,eligible,SCN,250728::6A-SCNrM1_Raw.csv,6A-SCNrM1,True,target_segment_calibrated_absolute_nrmse,NRMSE,0.12684645260645228,0.1271945917349096,-0.00014020443703662705,0.1258421938381436,0.12602840835666218,-0.00011741883508554346,0.09940170277789308,0.09981437584865266,-7.635019517865382e-06,,,,0.08112135491897571,0.08026994265166755,-0.0007355951719859935,0.9844415768672652,0.9845568090868474,6.056878963711654e-06,1.0,1.0,10
CWT_pyBOAT,pre_amplitude_trajectory,gaussian_noise,eligible,SCN,250728::6B-SCNrM2_Raw.csv,6B-SCNrM2,True,target_segment_calibrated_absolute_nrmse,NRMSE,0.16532281856756723,0.1665403886161801,-0.0007598507809290916,0.15707748674488947,0.15829146221002582,-0.0005681460681146444,0.14237922729768993,0.14334279149817492,-0.001036976681237367,,,,0.13034619013251852,0.1319789301140134,-0.000795352358856069,0.9862781754822483,0.9862934025360826,-3.824849420946963e-05,1.0,1.0,10
CWT_pyBOAT,pre_amplitude_trajectory,gaussian_noise,eligible,SCN,250728::7A-SCNcM1_Raw.csv,7A-SCNcM1,True,target_segment_calibrated_absolute_nrmse,NRMSE,0.11550992550875361,0.11574130815216925,0.00013020530547349501,0.113453071371355,0.11387567684787635,-0.00018229959010890306,0.08946905137198234,0.09046625597539334,-0.00042188464383864643,,,,0.07610540877586765,0.07523850789352135,0.0013772467826974263,0.9874741537876082,0.9875983091744482,-1.4133677773808806e-05,1.0,1.0,10
CWT_pyBOAT,pre_amplitude_trajectory,gaussian_noise,eligible,SCN,250728::7B-SCNcM2_Raw.csv,7B-SCNcM2,True,target_segment_calibrated_absolute_nrmse,NRMSE,0.151469080731502,0.1520855078210998,-0.00019558092969571006,0.1477377777876633,0.14843840047591375,1.535330533142254e-05,0.12606634575412812,0.12653944051161187,0.0002197103589099969,,,,0.11075309761989702,0.1103166022478903,0.0004743837376845819,0.9853305381306279,0.9852973386095807,2.8347345231272136e-05,1.0,1.0,10
CWT_pyBOAT,pre_amplitude_trajectory,gaussian_noise,eligible,SCN,250811::1A-1FSCN_Raw.csv,1A-1FSCN,True,target_segment_calibrated_absolute_nrmse,NRMSE,0.12488802710916196,0.1246056267473128,-0.00024174301689983135,0.12232923524351327,0.1226292621364501,-0.000314495898040168,0.10347179351388655,0.10360062305118353,-0.000457587926215669,,,,0.12159111635966074,0.121155897912965,0.00029678898951997906,0.9885494120095353,0.9886269078638313,4.074835093237361e-07,1.0,1.0,10
CWT_pyBOAT,pre_amplitude_trajectory,gaussian_noise,eligible,SCN,250811::1B-2MSCN_Raw.csv,1B-2MSCN,True,target_segment_calibrated_absolute_nrmse,NRMSE,0.11363356615716338,0.1131630129513124,0.0003607242451526965,0.11280621790690191,0.1122825092986869,0.0003372373731503134,0.09183821880610268,0.09138400171462424,0.00025385418541470917,,,,0.09837801726689485,0.09723038263120196,-5.3422752168033605e-05,0.9861698217182087,0.9862067879627029,4.0142185425084964e-05,1.0,1.0,10
CWT_pyBOAT,pre_amplitude_trajectory,gaussian_noise,eligible,SCN,250811::1C-3FSCN_Raw.csv,1C-3FSCN,True,target_segment_calibrated_absolute_nrmse,NRMSE,0.08477546633417554,0.0849837983852667,-4.918721904144385e-05,0.08465811876810239,0.08492152986174761,-0.00015550471019021295,0.062704143869975,0.06304479163091335,3.135711682739073e-05,,,,0.060864575583709446,0.0604572339560061,-0.0019041429333412352,0.9763166887632198,0.976623657543503,0.00022693990688976706,1.0,1.0,10
CWT_pyBOAT,pre_amplitude_trajectory,gaussian_noise,eligible,SCN,250811::1D-4FSCN_Raw.csv,1D-4FSCN,True,target_segment_calibrated_absolute_nrmse,NRMSE,0.10529937357322443,0.10540443800846161,3.961286023800026e-05,0.10510969726450287,0.10529576762482515,-2.463750451854596e-05,0.08137311260746366,0.08178240577737995,-0.00013612844973479032,,,,0.07761537592872228,0.07605450999735561,0.000989645349778176,0.9766670047932647,0.9765433143314934,4.123467917432899e-05,1.0,1.0,10
CWT_pyBOAT,pre_amplitude_trajectory,gaussian_noise,eligible,SCN,251003::2A- M1SCn_Raw.csv,2A- M1SCn,True,target_segment_calibrated_absolute_nrmse,NRMSE,0.11814070237460984,0.1187030669688649,-0.0006932289193480948,0.1177619025957358,0.1183446059732492,-0.0005596139684951248,0.08879044563635244,0.0895484291215423,-0.0006330842672228748,,,,0.06534767829730426,0.06720659590345485,0.0001270898210810542,0.9814334078820588,0.9814287965813617,2.1537204254573616e-05,1.0,1.0,10
CWT_pyBOAT,pre_amplitude_trajectory,gaussian_noise,eligible,SCN,251003::4B-M3SCN_Raw.csv,4B-M3SCN,True,target_segment_calibrated_absolute_nrmse,NRMSE,0.1060738853797974,0.10622893764123026,-0.0004151975161717156,0.10597384660029538,0.10613364004858439,-0.0005359294763606082,0.07722277486696723,0.0776770582048243,-0.000486388313204994,,,,0.053330427709740585,0.05193616705055335,-0.00031028971202324077,0.9779965436649167,0.9782250055940436,0.0001795897605934016,1.0,1.0,10
CWT_pyBOAT,pre_amplitude_trajectory,gaussian_noise,ineligible,DRG,250625 to 250728::5A-T10m1_Raw.csv,5A-T10m1,True,target_segment_calibrated_absolute_nrmse,NRMSE,0.2518661066428905,0.2512943208178909,-0.0002489866717812067,0.2287528438671544,0.22832039658347408,0.00014338710397762688,0.20580613794314995,0.20522853411123543,2.047692990433947e-05,,,,0.22030072062726852,0.2209427983363128,-0.0005489801227612917,0.9420305490473329,0.9420471388674914,9.881547459816842e-05,1.0,1.0,10
CWT_pyBOAT,pre_amplitude_trajectory,missing_block_6h,difficult,DRG,250625 to 250728::1D-L2m2_Raw.csv,1D-L2m2,True,target_segment_calibrated_absolute_nrmse,NRMSE,0.39909651417175407,0.4009045835410633,-0.002201958972014334,0.35105352091068265,0.34833057639781695,-0.0010645768104626807,0.39453790975525127,0.3919281925110504,-0.0007116961652271492,,,,0.5234234892713835,0.5248964116850252,-0.0023087786777826746,0.9647308964878607,0.9648899131058286,0.00022049352736092098,1.0,1.0,10
CWT_pyBOAT,pre_amplitude_trajectory,missing_block_6h,difficult,DRG,250625 to 250728::4B-T12m2_Raw.csv,4B-T12m2,True,target_segment_calibrated_absolute_nrmse,NRMSE,0.2526795144910463,0.2545681019758069,-0.00035951700814178256,0.24628528614306533,0.24315944508516396,-9.847289524446412e-05,0.2110934905513491,0.20837359390172872,-6.407465161237247e-05,,,,0.20280251305741703,0.21196415718012315,-0.004899966875434161,0.9450431710399164,0.9466713877436749,0.0005107123716950879,1.0,1.0,10
CWT_pyBOAT,pre_amplitude_trajectory,missing_block_6h,difficult,DRG,250625 to 250728::8A-L3_Raw.csv,8A-L3,True,target_segment_calibrated_absolute_nrmse,NRMSE,0.3267047045193717,0.3304625194870038,-0.00448651497137309,0.2938857984416354,0.2874272454102606,0.0004691331995314574,0.3076029186457261,0.3015993132261321,-0.00029084803971446416,,,,0.3731074742117215,0.3745041424108003,-0.007118439096937407,0.9606675010564584,0.9612031022320304,0.0014710302685747578,1.0,1.0,10
CWT_pyBOAT,pre_amplitude_trajectory,missing_block_6h,difficult,DRG,250625 to 250728::8B-L2m1_Raw.csv,8B-L2m1,True,target_segment_calibrated_absolute_nrmse,NRMSE,1.041669843415191,1.0417250295271117,-0.0003019764790910262,0.5696492452833817,0.5652550916176956,0.00022893602028273285,0.8580353916499321,0.8578142062551126,0.0004001159963276102,,,,1.4509033197268646,1.451127356676154,-0.0007445757282315002,0.9511610337051234,0.9527234089636739,6.671351677040027e-05,1.0,1.0,10
CWT_pyBOAT,pre_amplitude_trajectory,missing_block_6h,difficult,DRG,250811::2C-2ML1_Raw.csv,2C-2ML1,True,target_segment_calibrated_absolute_nrmse,NRMSE,0.9648134012285692,0.9680182650622244,-0.0003283361365923332,0.6864772201750851,0.6858786121438165,0.005088000437148327,0.5203036582165177,0.521179876780457,0.003600297351756404,,,,0.6044348029016531,0.6090297765086992,-0.007710113374440913,0.25939414196110017,0.2577577999677291,0.010689086689981808,1.0,1.0,10
CWT_pyBOAT,pre_amplitude_trajectory,missing_block_6h,difficult,DRG,250811::5A-2ML2_Raw.csv,5A-2ML2,True,target_segment_calibrated_absolute_nrmse,NRMSE,0.6371620739947313,0.6368560321738259,-1.1387754852265619e-05,0.5348792212096167,0.5225412268148106,0.0020300266997734795,0.4231905821797738,0.4116741645322933,0.0004190977691437836,,,,0.5151530657777326,0.5143455618336118,-0.002396045947601705,0.5174291752897102,0.5343703467066302,0.0027078152760847546,1.0,1.0,10
CWT_pyBOAT,pre_amplitude_trajectory,missing_block_6h,difficult,DRG,250811::7C-1FT12_Raw.csv,7C-1FT12,True,target_segment_calibrated_absolute_nrmse,NRMSE,0.33912873039561475,0.35165850642747576,-0.004330282000340163,0.2672030651560049,0.2679977380785479,-0.0005869943241711417,0.32265850639805754,0.32421672074675034,0.0009783853098031814,,,,0.36626179569734374,0.36772525564158004,-0.0006725742373787924,0.9784464033017335,0.9786894845660289,5.374240060784796e-05,1.0,1.0,10
CWT_pyBOAT,pre_amplitude_trajectory,missing_block_6h,difficult,DRG,250811::8A-1FT5_Raw.csv,8A-1FT5,True,target_segment_calibrated_absolute_nrmse,NRMSE,0.190707036040015,0.1910962355834451,-0.0014435326783730773,0.17732280464427763,0.17277027669808465,0.0024263112635754397,0.11784225645863365,0.11513394660847048,-0.0004113626920296057,,,,0.06848860195070837,0.07292508571847925,-0.006580315217377834,-0.5500867955586672,-0.5575151314498213,-0.0035243484645436363,1.0,1.0,10
CWT_pyBOAT,pre_amplitude_trajectory,missing_block_6h,difficult,DRG,251003::2B- 1MT7_Raw.csv,2B- 1MT7,True,target_segment_calibrated_absolute_nrmse,NRMSE,0.08110303972117226,0.0839239060405726,0.0004961775673037253,0.07583173172095606,0.07598311832346474,0.004172177776565113,0.04535422818376875,0.046652151035893055,0.0016481219294643135,,,,0.01042657969918167,0.013054636307583651,-0.002422402290669195,0.9487210694190968,0.9517449158819884,0.0017206304000095818,1.0,1.0,10
CWT_pyBOAT,pre_amplitude_trajectory,missing_block_6h,difficult,DRG,251003::2C- M1L1_Raw.csv,2C- M1L1,True,target_segment_calibrated_absolute_nrmse,NRMSE,0.34531786664623254,0.34535499422587496,0.0001883305406212843,0.25696567429698913,0.25194390070178607,0.004139755988846264,0.13358760436987738,0.12825113765866897,0.0031035747699691835,,,,0.013140339668150855,0.01877625041565895,-0.00628358679369043,0.8221866662220951,0.8181481468505394,-0.007796651922912401,1.0,1.0,10
CWT_pyBOAT,pre_amplitude_trajectory,missing_block_6h,difficult,DRG,251003::2D- M1L4_Raw.csv,2D- M1L4,True,target_segment_calibrated_absolute_nrmse,NRMSE,1.0526071758615714,1.056118675105044,-0.00919739448259782,0.6951273580611981,0.6943145128193273,0.0004695951672418208,0.9284126308306266,0.9218998805513757,0.0007513320340363228,,,,1.4735187480317138,1.4835251438813448,-0.007313747284281469,0.9098821025888619,0.9113561575391114,0.0008972795842989711,1.0,1.0,10
CWT_pyBOAT,pre_amplitude_trajectory,missing_block_6h,eligible,DRG,250625 to 250728::1B-L1m2_Raw.csv,1B-L1m2,True,target_segment_calibrated_absolute_nrmse,NRMSE,0.12302881388800391,0.12158020955719609,-0.003666630424911027,0.12219974156586634,0.1190736318226712,-0.0027877493472157552,0.09800638216844801,0.0940506730605746,-0.0015320041492083158,,,,0.0642047738989982,0.07408356098780325,-0.011327499636976303,0.981439410302772,0.9828509337478356,0.0007509273860028531,1.0,1.0,10
CWT_pyBOAT,pre_amplitude_trajectory,missing_block_6h,eligible,DRG,250625 to 250728::2C-L3m2_Raw.csv,2C-L3m2,True,target_segment_calibrated_absolute_nrmse,NRMSE,0.16336061670704793,0.1646820475886872,-0.0021873163291843134,0.15919162667198172,0.15667332706177445,-0.0004509239344460403,0.1286617668045239,0.12737074367155485,-0.0004765113528131526,,,,0.07180377746112898,0.08239617251714426,-0.010489947569997847,0.9646058616194149,0.965672823392154,0.0007173764919946035,1.0,1.0,10
CWT_pyBOAT,pre_amplitude_trajectory,missing_block_6h,eligible,DRG,250625 to 250728::3A-L5m2_Raw.csv,3A-L5m2,True,target_segment_calibrated_absolute_nrmse,NRMSE,0.0846323346301848,0.08492564872422351,0.004426067658496589,0.0845801233140913,0.08486924061165045,0.004356448394494387,0.06009406517789124,0.060252248847797354,0.0030940840885577553,,,,0.033205651022817764,0.0364151268588728,-0.001224382843638936,0.9695069614595516,0.9735062468528086,0.002943313233064737,1.0,1.0,10
CWT_pyBOAT,pre_amplitude_trajectory,missing_block_6h,eligible,DRG,250625 to 250728::3B-T10m2_Raw.csv,3B-T10m2,True,target_segment_calibrated_absolute_nrmse,NRMSE,0.22015829264441678,0.2253776224008454,-0.00436336089844494,0.20624010836443651,0.20952416821102066,-1.5552680089889193e-05,0.17755650990845986,0.1809571745922473,0.00036729661078332976,,,,0.15885526365675687,0.16890845850408795,-0.011747972051003072,0.9533737905117038,0.9557510760321308,0.0021317120703478465,1.0,1.0,10
CWT_pyBOAT,pre_amplitude_trajectory,missing_block_6h,eligible,DRG,250625 to 250728::4C-T5m1_Raw.csv,4C-T5m1,True,target_segment_calibrated_absolute_nrmse,NRMSE,0.15744011570702646,0.15325303415743963,0.002525271595159348,0.15524791387156367,0.14909336541605045,0.005018297992430032,0.12650429649193054,0.12061741443069209,0.003952572181687597,,,,0.08006357000422817,0.0857212340581884,-0.005322264799300501,0.9747301439027722,0.9752067577848603,0.00032968095363394845,1.0,1.0,10
CWT_pyBOAT,pre_amplitude_trajectory,missing_block_6h,eligible,DRG,250625 to 250728::4D-T7m1_Raw.csv,4D-T7m1,True,target_segment_calibrated_absolute_nrmse,NRMSE,0.22407347044219653,0.22440700428882826,-0.0017220278292094798,0.2091982651919455,0.20742889544261167,-0.00036025616445042874,0.1806042891181372,0.17897289460623,-0.00038123023342798157,,,,0.1677339883849981,0.16916781481977367,-0.00408504708974107,0.9546933890734592,0.9559350452870004,0.0003107951937987852,1.0,1.0,10
CWT_pyBOAT,pre_amplitude_trajectory,missing_block_6h,eligible,DRG,250625 to 250728::5B-T12m2_Raw.csv,5B-T12m2,True,target_segment_calibrated_absolute_nrmse,NRMSE,0.06128096115565117,0.05454424970267025,0.003125142822489893,0.06114855965586792,0.054445107573148,0.0032097712210673868,0.04343561431957739,0.037457722140321004,0.002838792069310727,,,,0.011975496940042553,0.013660530081638051,-0.0034855358568267446,0.04382013766140912,0.35278501829912295,0.03842427691519523,1.0,1.0,10
CWT_pyBOAT,pre_amplitude_trajectory,missing_block_6h,eligible,DRG,250625 to 250728::5C-T12_Raw.csv,5C-T12,True,target_segment_calibrated_absolute_nrmse,NRMSE,0.6290198654664514,0.632830253784121,-0.00024371306195963838,0.45635170952769066,0.4454277107042406,0.0005367276298506862,0.5850882235136446,0.5768029398147456,0.0008447584472799363,,,,0.8677774313566093,0.872620742387589,-0.00071503166118847,0.9529940386352094,0.9531070189058204,0.00013940165240450275,1.0,1.0,10
CWT_pyBOAT,pre_amplitude_trajectory,missing_block_6h,eligible,DRG,250625 to 250728::5D-T10_Raw.csv,5D-T10,True,target_segment_calibrated_absolute_nrmse,NRMSE,0.15914583519875825,0.1516405199499562,0.007926650419144476,0.15901579212426137,0.14921958471215147,0.010294182648733288,0.12977367365736073,0.12048425829311486,0.009292514610899957,,,,0.08975097662883519,0.09538532038054096,-0.005164174977746919,0.9766897400196055,0.980136024908714,0.0021078986570667313,1.0,1.0,10
CWT_pyBOAT,pre_amplitude_trajectory,missing_block_6h,eligible,DRG,250625 to 250728::6A-T7_Raw.csv,6A-T7,True,target_segment_calibrated_absolute_nrmse,NRMSE,0.16703083555147732,0.16832092209046207,-0.003720629030573727,0.16396413780140476,0.1628932103321244,-0.0014588445541445783,0.1417460974983281,0.13979232913861145,0.0027313761407199433,,,,0.10559602148176132,0.1191474795598257,-0.012896492145347,0.9804170999865387,0.9804072276491359,-0.00017821698412517906,1.0,1.0,10
CWT_pyBOAT,pre_amplitude_trajectory,missing_block_6h,eligible,DRG,250625 to 250728::6B-T5_Raw.csv,6B-T5,True,target_segment_calibrated_absolute_nrmse,NRMSE,0.13355873232175797,0.12730720818718094,0.00446687434464367,0.13244117065983801,0.1253041106901202,0.0058718065670830405,0.09485446653506596,0.089732450706592,0.004425320489444516,,,,0.05267961820212346,0.0652175242199822,-0.005799115079731111,0.9083044003300641,0.912013515512498,0.006843512372552429,1.0,1.0,10
CWT_pyBOAT,pre_amplitude_trajectory,missing_block_6h,eligible,DRG,250625 to 250728::7C-L1_Raw.csv,7C-L1,True,target_segment_calibrated_absolute_nrmse,NRMSE,0.20704528834029284,0.21166826171584868,-0.0019986581984213214,0.18957019626577437,0.1908586584706738,-0.000585803351967118,0.1853296894232951,0.18434949961921435,-0.00038980245314926276,,,,0.15729305290605153,0.16262176631290848,-0.0029660704940479288,0.9795738842019099,0.9800723383905088,0.0003894389300758694,1.0,1.0,10
CWT_pyBOAT,pre_amplitude_trajectory,missing_block_6h,eligible,DRG,250625 to 250728::7D-L2_Raw.csv,7D-L2,True,target_segment_calibrated_absolute_nrmse,NRMSE,0.3938646018965527,0.39684830047374764,-0.0019443720496898353,0.3351514656547899,0.3334203214186748,0.0005345587229080573,0.33704423224744473,0.3347072140035048,0.00022841952638427698,,,,0.40924469787626827,0.41412461708872733,-0.003151577993092042,0.9386453378629692,0.9396463663821573,0.0010010285191880408,1.0,1.0,10
CWT_pyBOAT,pre_amplitude_trajectory,missing_block_6h,eligible,DRG,250625 to 250728::8C-L3m1_Raw.csv,8C-L3m1,True,target_segment_calibrated_absolute_nrmse,NRMSE,0.15699051904914252,0.1590574927653517,-0.0031339648768417827,0.1527552504623757,0.15178148534987979,-0.0004138637479663976,0.12148519555908532,0.12046920948230816,-0.00015454244630003222,,,,0.05513702859808599,0.07075886928241376,-0.01381270532405118,0.9602696808178655,0.9631165634451055,0.0024145716138742057,1.0,1.0,10
CWT_pyBOAT,pre_amplitude_trajectory,missing_block_6h,eligible,DRG,250625 to 250728::8D-L4-1m1_Raw.csv,8D-L4-1m1,True,target_segment_calibrated_absolute_nrmse,NRMSE,0.1696207260566231,0.16750097268398306,-0.0007448745577804117,0.16240799878433104,0.15756629035473804,0.0007618601631530775,0.13817332389342485,0.13335671096831161,0.0018107080746364856,,,,0.08579680190785191,0.09120143958252765,-0.005697295231751047,0.9725747247210088,0.973457721111928,0.0005746271512223622,1.0,1.0,10
CWT_pyBOAT,pre_amplitude_trajectory,missing_block_6h,eligible,DRG,250811::2D-1FL2_Raw.csv,2D-1FL2,True,target_segment_calibrated_absolute_nrmse,NRMSE,0.13474749739404557,0.13893181866969184,-0.0014734290742430822,0.13236704241401134,0.13428880272784183,1.4580584096618443e-05,0.11192913893876553,0.11280975276565379,0.00026308500412416946,,,,0.08891862845454138,0.09831270808327605,-0.009345941002863872,0.976362839721945,0.9760318501278737,0.00015905411460398478,1.0,1.0,10
CWT_pyBOAT,pre_amplitude_trajectory,missing_block_6h,eligible,DRG,250811::3A-1FL4_Raw.csv,3A-1FL4,True,target_segment_calibrated_absolute_nrmse,NRMSE,0.09427231531834775,0.0941646138676311,-0.0010715979522168823,0.09001919616605152,0.08751067266630055,-0.00034978943812271485,0.06253759249687968,0.058581427231903294,-0.0005119723168170373,,,,0.03854119758388637,0.04647299498601045,-0.0059785839575735335,0.9389471146223836,0.9526768491011244,-0.003511666638402966,1.0,1.0,10
CWT_pyBOAT,pre_amplitude_trajectory,missing_block_6h,eligible,DRG,250811::3D-1FT10_Raw.csv,3D-1FT10,True,target_segment_calibrated_absolute_nrmse,NRMSE,0.17973074216438695,0.18440721679275285,-0.003415527915510169,0.17024636321374823,0.17219486103556636,-0.0013675517220717165,0.16299561074182067,0.1639822718734781,-0.00017861513952580066,,,,0.17997098504188652,0.2016772231966266,-0.0192795772716452,0.9867335619857694,0.9865678992947848,-0.00010266366993244569,1.0,1.0,10
CWT_pyBOAT,pre_amplitude_trajectory,missing_block_6h,eligible,DRG,250811::4A-2MT10_Raw.csv,4A-2MT10,True,target_segment_calibrated_absolute_nrmse,NRMSE,0.127324605270079,0.12824604726367378,-0.002921491537154146,0.12396872843777151,0.12444512566157165,-0.00043197430597718967,0.10443001425302838,0.1050284792110136,0.0007195375144182364,,,,0.08819372264744674,0.09923070188713759,-0.006629522153021233,0.9819183439671741,0.9825175797045396,0.00029093447176836706,1.0,1.0,10
CWT_pyBOAT,pre_amplitude_trajectory,missing_block_6h,eligible,DRG,250811::4C-2MT5_Raw.csv,4C-2MT5,True,target_segment_calibrated_absolute_nrmse,NRMSE,0.4963838024234225,0.4982685354366184,-0.0016532631495354555,0.4232630475220568,0.423873879777739,0.0011806614884813937,0.4017254180395191,0.4035178913358174,0.0004153481567807371,,,,0.5539758938332301,0.5567849385973571,-0.002454395806191889,0.8692177842595687,0.8703003859691084,0.0014956465262928598,1.0,1.0,10
CWT_pyBOAT,pre_amplitude_trajectory,missing_block_6h,eligible,DRG,250811::4D-1FL4_Raw.csv,4D-1FL4,True,target_segment_calibrated_absolute_nrmse,NRMSE,0.1196488467891874,0.12085325751709795,-0.0009846189310782003,0.11819394839319786,0.1190763627394707,-0.0007331305289722811,0.09710362617298979,0.09790286170505515,-0.0007575688834431105,,,,0.08381906691330701,0.08797781218723615,-0.004452513947597991,0.9791879346046816,0.9803532897246849,0.00018476329220196153,1.0,1.0,10
CWT_pyBOAT,pre_amplitude_trajectory,missing_block_6h,eligible,DRG,250811::5C-1FT7_Raw.csv,5C-1FT7,True,target_segment_calibrated_absolute_nrmse,NRMSE,0.11921750015482774,0.1202297677844252,-0.00048118626888896815,0.1148643711923417,0.11519864182728576,2.2199274456333185e-05,0.09878711646512309,0.0986238676030175,0.00047725416637617313,,,,0.09947645819621515,0.10330041428730805,-0.004401230842131391,0.9859331149469764,0.9861142055371988,0.00013883709196466087,1.0,1.0,10
CWT_pyBOAT,pre_amplitude_trajectory,missing_block_6h,eligible,DRG,250811::6A-1FL1_Raw.csv,6A-1FL1,True,target_segment_calibrated_absolute_nrmse,NRMSE,0.2860984762163993,0.2947759266433366,-0.003227334732470541,0.2520636953118094,0.24867392679362216,-0.00022645395633619225,0.2711423548921696,0.2672190712912924,-0.00046165842105921895,,,,0.3076577278467501,0.3101680618927584,-0.001291361837507124,0.9706100213517204,0.9715873482141804,0.0012213950824505604,1.0,1.0,10
CWT_pyBOAT,pre_amplitude_trajectory,missing_block_6h,eligible,DRG,250811::6B-2ML3_Raw.csv,6B-2ML3,True,target_segment_calibrated_absolute_nrmse,NRMSE,0.13538896898354041,0.12722191096916446,0.003720793284648756,0.13500950989670438,0.12452280760635605,0.005129768327413069,0.11463054160261038,0.10579497615316014,0.0038409186289457276,,,,0.10393104735269525,0.1069890209538686,-0.00481427464766504,0.9854042322005112,0.9855457243107858,0.0004692339772609522,1.0,1.0,10
CWT_pyBOAT,pre_amplitude_trajectory,missing_block_6h,eligible,DRG,250811::7D-2MT12_Raw.csv,7D-2MT12,True,target_segment_calibrated_absolute_nrmse,NRMSE,0.10896499809099172,0.10494600596687935,0.000515020537191227,0.10860611488424238,0.10440170888310035,0.0007416669350492899,0.08560888343982419,0.08174009504803975,0.0011277503224112473,,,,0.0656158044856141,0.0710511300236086,-0.00887114618988464,0.9731104657623448,0.9738990280112909,0.0004462225817836174,1.0,1.0,10
CWT_pyBOAT,pre_amplitude_trajectory,missing_block_6h,eligible,DRG,250811::8C-2ML4_Raw.csv,8C-2ML4,True,target_segment_calibrated_absolute_nrmse,NRMSE,0.14000012146286767,0.14298970815384,-0.00304855146559109,0.13590022512164157,0.13604587095326875,-0.0012915893104190057,0.11618465172196546,0.11757912705409966,-0.00085352774529103,,,,0.09889293963113234,0.10942079549162435,-0.009793131932437485,0.9771334287774225,0.9776431532203029,0.0002551189013978439,1.0,1.0,10
CWT_pyBOAT,pre_amplitude_trajectory,missing_block_6h,eligible,DRG,250811::8D-2MT7_Raw.csv,8D-2MT7,True,target_segment_calibrated_absolute_nrmse,NRMSE,0.10598629865362394,0.11211269696746105,-0.001752736332662562,0.10589188297232505,0.11006392861274944,-0.0005153940565070375,0.0771954209525173,0.0807424794002049,-0.0013537874129162797,,,,0.07024992861959088,0.0776613747821526,-0.005745794194127837,0.8284630200872214,0.8377716781719552,0.004034598216269114,1.0,1.0,10
CWT_pyBOAT,pre_amplitude_trajectory,missing_block_6h,eligible,SCN,250625 to 250728::1C-SCN_Raw.csv,1C-SCN,True,target_segment_calibrated_absolute_nrmse,NRMSE,0.12075872045364304,0.12348233950054785,-0.0025005964288382296,0.11902093448539174,0.12037733370018741,-0.0007916428697388525,0.09966714505904045,0.09860098680148432,-0.0010367579944918215,,,,0.07720156154603183,0.08771232018635239,-0.0161377748005506,0.9879072454035264,0.9882887242909149,0.00022143377086003557,1.0,1.0,10
CWT_pyBOAT,pre_amplitude_trajectory,missing_block_6h,eligible,SCN,250625 to 250728::6C-SCNmm1_Raw.csv,6C-SCNmm1,True,target_segment_calibrated_absolute_nrmse,NRMSE,0.1525540706318125,0.14967694798698739,0.0023581868022353597,0.15134076429675672,0.1455631088449452,0.004199035791785169,0.12194966462958375,0.11891911512532935,0.005441317210290689,,,,0.07321112981366792,0.08203134758268066,-0.006222481078499549,0.9746601177044931,0.9757897845755314,0.000701172575262754,1.0,1.0,10
CWT_pyBOAT,pre_amplitude_trajectory,missing_block_6h,eligible,SCN,250625 to 250728::7A-SCNmm2_Raw.csv,7A-SCNmm2,True,target_segment_calibrated_absolute_nrmse,NRMSE,0.18112144563396018,0.187396098711725,-0.0023381563904021074,0.17038580189483532,0.17540528227775865,-0.0010527796348045876,0.1592012422361931,0.16620075534188997,-0.0006730182781843341,,,,0.14791057623643414,0.15496249553821245,-0.004879947894585221,0.985306931078322,0.9853066096103242,2.403683840856985e-06,1.0,1.0,10
CWT_pyBOAT,pre_amplitude_trajectory,missing_block_6h,eligible,SCN,250625 to 250728::7B-SCNcm2_Raw.csv,7B-SCNcm2,True,target_segment_calibrated_absolute_nrmse,NRMSE,0.13552252573189622,0.13742012200198145,-0.0016109215494983509,0.13511207465538355,0.13594664503377313,-0.0008480070096782977,0.10861368864272251,0.10921232645440011,0.00021603919540376382,,,,0.07761476291351639,0.08481596085631166,-0.009863841179169608,0.9827658212597783,0.9831682748253789,0.0003439520646663641,1.0,1.0,10
CWT_pyBOAT,pre_amplitude_trajectory,missing_block_6h,eligible,SCN,250728::6A-SCNrM1_Raw.csv,6A-SCNrM1,True,target_segment_calibrated_absolute_nrmse,NRMSE,0.12552441914379123,0.1271945917349096,-0.0005810322131104273,0.12457312175621704,0.12602840835666218,-0.0004251329083583555,0.09820820172390038,0.09981437584865266,-0.0004237835919316396,,,,0.07432120093490566,0.08026994265166755,-0.0029928829321996253,0.9843269538263686,0.9845568090868474,0.00011032674164357381,1.0,1.0,10
CWT_pyBOAT,pre_amplitude_trajectory,missing_block_6h,eligible,SCN,250728::6B-SCNrM2_Raw.csv,6B-SCNrM2,True,target_segment_calibrated_absolute_nrmse,NRMSE,0.16322203098539567,0.1665403886161801,-0.0028610294832787098,0.15649699594973504,0.15829146221002582,-0.0013693788692907133,0.1438730304180966,0.14334279149817492,0.0018392589192090247,,,,0.1206907935763612,0.1319789301140134,-0.008934341267566537,0.985734979486844,0.9862934025360826,0.000513124853353697,1.0,1.0,10
CWT_pyBOAT,pre_amplitude_trajectory,missing_block_6h,eligible,SCN,250728::7A-SCNcM1_Raw.csv,7A-SCNcM1,True,target_segment_calibrated_absolute_nrmse,NRMSE,0.11422019533766666,0.11574130815216925,-0.0001848439831671836,0.11252972021076454,0.11387567684787635,0.00020505628416137012,0.09005953655696088,0.09046625597539334,0.0007331685928737702,,,,0.0719325242273885,0.07523850789352135,-0.0032079019674744677,0.9867990810230205,0.9875983091744482,0.00012060401227259598,1.0,1.0,10
CWT_pyBOAT,pre_amplitude_trajectory,missing_block_6h,eligible,SCN,250728::7B-SCNcM2_Raw.csv,7B-SCNcM2,True,target_segment_calibrated_absolute_nrmse,NRMSE,0.15810597993763756,0.1520855078210998,0.0022175150237772473,0.1554418842854297,0.14843840047591375,0.004267525225157859,0.13336565497350442,0.12653944051161187,0.003988582874904001,,,,0.10603713642713297,0.1103166022478903,-0.0019859005503475094,0.9848052691965995,0.9852973386095807,0.00034229723607076545,1.0,1.0,10
CWT_pyBOAT,pre_amplitude_trajectory,missing_block_6h,eligible,SCN,250811::1A-1FSCN_Raw.csv,1A-1FSCN,True,target_segment_calibrated_absolute_nrmse,NRMSE,0.1234963008373994,0.1246056267473128,-0.0005152602857053795,0.12175342490207383,0.1226292621364501,-0.00019573084892746812,0.10284191757617092,0.10360062305118353,-9.77225178954988e-05,,,,0.11762239155926985,0.121155897912965,-0.0031614021816608606,0.9884835914147309,0.9886269078638313,3.624047661821006e-05,1.0,1.0,10
CWT_pyBOAT,pre_amplitude_trajectory,missing_block_6h,eligible,SCN,250811::1B-2MSCN_Raw.csv,1B-2MSCN,True,target_segment_calibrated_absolute_nrmse,NRMSE,0.1118163848570569,0.1131630129513124,-0.0014240298624525471,0.11120933654747606,0.1122825092986869,-0.001143721963283842,0.09108552448414557,0.09138400171462424,0.00022464238473574039,,,,0.09225926195566558,0.09723038263120196,-0.00530300283237909,0.9864395893717259,0.9862067879627029,-8.207802165133282e-05,1.0,1.0,10
CWT_pyBOAT,pre_amplitude_trajectory,missing_block_6h,eligible,SCN,250811::1C-3FSCN_Raw.csv,1C-3FSCN,True,target_segment_calibrated_absolute_nrmse,NRMSE,0.083442078684378,0.0849837983852667,-0.0011816466548299973,0.08286077243956998,0.08492152986174761,-0.0012448093222402132,0.0614592158034829,0.06304479163091335,-0.0013713159759185661,,,,0.05891290469922973,0.0604572339560061,-0.0022763353925806147,0.9767347330230973,0.976623657543503,6.157364470255056e-05,1.0,1.0,10
CWT_pyBOAT,pre_amplitude_trajectory,missing_block_6h,eligible,SCN,250811::1D-4FSCN_Raw.csv,1D-4FSCN,True,target_segment_calibrated_absolute_nrmse,NRMSE,0.10093258183398747,0.10540443800846161,-0.002049565859962986,0.10092691715634575,0.10529576762482515,-0.0019052037092121207,0.07693853684915491,0.08178240577737995,-0.0017296777885338344,,,,0.06995374050502884,0.07605450999735561,-0.004109765606531486,0.9750800602819627,0.9765433143314934,0.0001667272682125409,1.0,1.0,10
CWT_pyBOAT,pre_amplitude_trajectory,missing_block_6h,eligible,SCN,251003::2A- M1SCn_Raw.csv,2A- M1SCn,True,target_segment_calibrated_absolute_nrmse,NRMSE,0.11757604183943297,0.1187030669688649,-0.001700640367037702,0.11748897749879732,0.1183446059732492,-0.0015677508993224148,0.09042087942589908,0.0895484291215423,-0.0010633782172174422,,,,0.06092517233528272,0.06720659590345485,-0.003252351077683957,0.981117852559922,0.9814287965813617,0.0002904370668029843,1.0,1.0,10
CWT_pyBOAT,pre_amplitude_trajectory,missing_block_6h,eligible,SCN,251003::4B-M3SCN_Raw.csv,4B-M3SCN,True,target_segment_calibrated_absolute_nrmse,NRMSE,0.11010934379848497,0.10622893764123026,0.0021073068696229394,0.1100981045554274,0.10613364004858439,0.002208821213301654,0.08085787640845536,0.0776770582048243,0.0030322272579226123,,,,0.045462298697401204,0.05193616705055335,-0.005716376626112598,0.9790916264140885,0.9782250055940436,-0.0002739368016601573,1.0,1.0,10
CWT_pyBOAT,pre_amplitude_trajectory,missing_block_6h,ineligible,DRG,250625 to 250728::5A-T10m1_Raw.csv,5A-T10m1,True,target_segment_calibrated_absolute_nrmse,NRMSE,0.24798666122261087,0.2512943208178909,-0.003970065622717844,0.22540909499909678,0.22832039658347408,-0.0020633885840034977,0.2027423945881333,0.20522853411123543,-0.0034676714476513937,,,,0.21704194346543626,0.2209427983363128,-0.005832945861105485,0.9398675923402819,0.9420471388674914,0.0007797416482458464,1.0,1.0,10
CWT_pyBOAT,pre_amplitude_trajectory,transient_artifact,difficult,DRG,250625 to 250728::1D-L2m2_Raw.csv,1D-L2m2,True,target_segment_calibrated_absolute_nrmse,NRMSE,0.41942672844600326,0.4009045835410633,0.010245306365323587,0.3542944629210931,0.34833057639781695,0.01771337021203559,0.3965825967694946,0.3919281925110504,0.016855293397973342,,,,0.5378856088411467,0.5248964116850252,0.007795052392572777,0.967176895015162,0.9648899131058286,0.0011037622732691377,1.0,1.0,10
CWT_pyBOAT,pre_amplitude_trajectory,transient_artifact,difficult,DRG,250625 to 250728::4B-T12m2_Raw.csv,4B-T12m2,True,target_segment_calibrated_absolute_nrmse,NRMSE,0.25176815119564927,0.2545681019758069,-0.002822570267654173,0.2393506979928726,0.24315944508516396,-0.0026584963587505117,0.20522320583331774,0.20837359390172872,-0.002226748680884655,,,,0.2023683084819522,0.21196415718012315,0.0005818952384822468,0.9479509999481618,0.9466713877436749,-0.001156558174267297,1.0,1.0,10
CWT_pyBOAT,pre_amplitude_trajectory,transient_artifact,difficult,DRG,250625 to 250728::8A-L3_Raw.csv,8A-L3,True,target_segment_calibrated_absolute_nrmse,NRMSE,0.34091015711270695,0.3304625194870038,0.0011945665467276156,0.3025353317267046,0.2874272454102606,0.004444915984662234,0.30959786567747793,0.3015993132261321,0.002853724563092408,,,,0.38471102868888,0.3745041424108003,-0.00029857639047145557,0.959361993265286,0.9612031022320304,0.0001772508067564571,1.0,1.0,10
CWT_pyBOAT,pre_amplitude_trajectory,transient_artifact,difficult,DRG,250625 to 250728::8B-L2m1_Raw.csv,8B-L2m1,True,target_segment_calibrated_absolute_nrmse,NRMSE,1.0384143701622843,1.0417250295271117,0.0010189960659428565,0.5623648236745207,0.5652550916176956,0.0011505872771195857,0.8533422715611481,0.8578142062551126,0.004791354010021176,,,,1.4489209451919434,1.451127356676154,-1.8854680522206735e-05,0.9528624183776457,0.9527234089636739,-5.916523058174805e-05,1.0,1.0,10
CWT_pyBOAT,pre_amplitude_trajectory,transient_artifact,difficult,DRG,250811::2C-2ML1_Raw.csv,2C-2ML1,True,target_segment_calibrated_absolute_nrmse,NRMSE,0.9490372141182861,0.9680182650622244,0.00016412218224104436,0.7036213782220603,0.6858786121438165,0.007334016717229747,0.5214025036809845,0.521179876780457,0.0035783705860972237,,,,0.6216652242343907,0.6090297765086992,-0.0040578597591073295,0.2491046109445911,0.2577577999677291,0.008653189023137942,1.0,1.0,10
CWT_pyBOAT,pre_amplitude_trajectory,transient_artifact,difficult,DRG,250811::5A-2ML2_Raw.csv,5A-2ML2,True,target_segment_calibrated_absolute_nrmse,NRMSE,0.6375392219227316,0.6368560321738259,-0.0013396812744601583,0.5186708724764393,0.5225412268148106,-0.007424774391040306,0.4063135470805794,0.4116741645322933,-0.00565715508126069,,,,0.4944218744439888,0.5143455618336118,0.00025391129729129824,0.5442280136792642,0.5343703467066302,-0.006069531686610785,1.0,1.0,10
CWT_pyBOAT,pre_amplitude_trajectory,transient_artifact,difficult,DRG,250811::7C-1FT12_Raw.csv,7C-1FT12,True,target_segment_calibrated_absolute_nrmse,NRMSE,0.3332282175124809,0.35165850642747576,-0.017536938816781283,0.2592878059816107,0.2679977380785479,-0.003744692427449653,0.31118054165233233,0.32421672074675034,-0.0017344524108853787,,,,0.3753747237441345,0.36772525564158004,0.00913563330812378,0.978185672648159,0.9786894845660289,0.00033443364356267047,1.0,1.0,10
CWT_pyBOAT,pre_amplitude_trajectory,transient_artifact,difficult,DRG,250811::8A-1FT5_Raw.csv,8A-1FT5,True,target_segment_calibrated_absolute_nrmse,NRMSE,0.22408430309939253,0.1910962355834451,0.004204531989454446,0.19408727501035972,0.17277027669808465,0.00195781609916576,0.12022955996501783,0.11513394660847048,0.006049665739193785,,,,0.0885106884116636,0.07292508571847925,0.021869437497123948,-0.5886505843802009,-0.5575151314498213,0.03548162574366048,1.0,1.0,10
CWT_pyBOAT,pre_amplitude_trajectory,transient_artifact,difficult,DRG,251003::2B- 1MT7_Raw.csv,2B- 1MT7,True,target_segment_calibrated_absolute_nrmse,NRMSE,0.09516443739629682,0.0839239060405726,0.006320177752431086,0.06672317829852237,0.07598311832346474,-0.0008047253101230584,0.03839010743538945,0.046652151035893055,-0.002785511888540211,,,,0.02213824031860937,0.013054636307583651,0.007607072346472623,0.9089578401714571,0.9517449158819884,0.02461673382204732,1.0,1.0,10
CWT_pyBOAT,pre_amplitude_trajectory,transient_artifact,difficult,DRG,251003::2C- M1L1_Raw.csv,2C- M1L1,True,target_segment_calibrated_absolute_nrmse,NRMSE,0.35743923917698,0.34535499422587496,0.00730079354864252,0.25084162028661944,0.25194390070178607,0.0002329333721450555,0.11943458448051238,0.12825113765866897,0.002475489634428049,,,,0.03285318982436213,0.01877625041565895,0.013970955936856343,0.7722609865721527,0.8181481468505394,0.029078439448000926,1.0,1.0,10
CWT_pyBOAT,pre_amplitude_trajectory,transient_artifact,difficult,DRG,251003::2D- M1L4_Raw.csv,2D- M1L4,True,target_segment_calibrated_absolute_nrmse,NRMSE,1.0734209890128177,1.056118675105044,0.008403895445650511,0.6852784060171114,0.6943145128193273,5.747359042096445e-05,0.9208314368215491,0.9218998805513757,-0.0011304830598186655,,,,1.4899438210999971,1.4835251438813448,0.011058805042639341,0.9134786612219972,0.9113561575391114,-0.001163501409275458,1.0,1.0,10
CWT_pyBOAT,pre_amplitude_trajectory,transient_artifact,eligible,DRG,250625 to 250728::1B-L1m2_Raw.csv,1B-L1m2,True,target_segment_calibrated_absolute_nrmse,NRMSE,0.14073784932680605,0.12158020955719609,0.00277798466951297,0.1327629850097038,0.1190736318226712,-0.0020407542224943134,0.10224757971384997,0.0940506730605746,-0.0015163788085421348,,,,0.0973447463483007,0.07408356098780325,0.010488725466111723,0.9827995013696834,0.9828509337478356,-0.00019996831707719265,1.0,1.0,10
CWT_pyBOAT,pre_amplitude_trajectory,transient_artifact,eligible,DRG,250625 to 250728::2C-L3m2_Raw.csv,2C-L3m2,True,target_segment_calibrated_absolute_nrmse,NRMSE,0.17535026604948872,0.1646820475886872,0.007545118510404042,0.15137053059453343,0.15667332706177445,-0.002850950903428351,0.11833899501157719,0.12737074367155485,-0.004566319854631767,,,,0.0964769786019991,0.08239617251714426,0.013050161681223346,0.9674531524725343,0.965672823392154,-0.003312884263575122,1.0,1.0,10
CWT_pyBOAT,pre_amplitude_trajectory,transient_artifact,eligible,DRG,250625 to 250728::3A-L5m2_Raw.csv,3A-L5m2,True,target_segment_calibrated_absolute_nrmse,NRMSE,0.08992424109761149,0.08492564872422351,0.00895038342570785,0.08147019993463504,0.08486924061165045,-0.002775769238387772,0.05698359678825901,0.060252248847797354,-0.005792929819484885,,,,0.04949817829537985,0.0364151268588728,0.015068215785792798,0.9706600700988255,0.9735062468528086,0.001115266216337063,1.0,1.0,10
CWT_pyBOAT,pre_amplitude_trajectory,transient_artifact,eligible,DRG,250625 to 250728::3B-T10m2_Raw.csv,3B-T10m2,True,target_segment_calibrated_absolute_nrmse,NRMSE,0.22627920018437542,0.2253776224008454,0.0016836321218378636,0.2024648731328293,0.20952416821102066,-0.0037197625433948722,0.17411003142209658,0.1809571745922473,-0.0034605165200617405,,,,0.17228334414487795,0.16890845850408795,0.0024428950796419185,0.95655912251249,0.9557510760321308,-0.0007261446529437943,1.0,1.0,10
CWT_pyBOAT,pre_amplitude_trajectory,transient_artifact,eligible,DRG,250625 to 250728::4C-T5m1_Raw.csv,4C-T5m1,True,target_segment_calibrated_absolute_nrmse,NRMSE,0.1689621117729669,0.15325303415743963,0.019269898836968682,0.14416259116750127,0.14909336541605045,-0.0059709758599196805,0.11817599674604318,0.12061741443069209,-0.004502107592251961,,,,0.1317431778405119,0.0857212340581884,0.0417985284660699,0.9765499795757684,0.9752067577848603,-0.00013217563584877468,1.0,1.0,10
CWT_pyBOAT,pre_amplitude_trajectory,transient_artifact,eligible,DRG,250625 to 250728::4D-T7m1_Raw.csv,4D-T7m1,True,target_segment_calibrated_absolute_nrmse,NRMSE,0.23934479479016108,0.22440700428882826,0.012406900260421821,0.21437244754050427,0.20742889544261167,0.009385673067919917,0.18679345726227442,0.17897289460623,0.00894659669320963,,,,0.19137306600743592,0.16916781481977367,0.017296791730030292,0.9560099448795415,0.9559350452870004,0.0006266136329143857,1.0,1.0,10
CWT_pyBOAT,pre_amplitude_trajectory,transient_artifact,eligible,DRG,250625 to 250728::5B-T12m2_Raw.csv,5B-T12m2,True,target_segment_calibrated_absolute_nrmse,NRMSE,0.060735321299269965,0.05454424970267025,0.001858239082735677,0.056226244408852724,0.054445107573148,-0.007229649680637516,0.03653207361956927,0.037457722140321004,-0.0091878492826547,,,,0.026132630206426918,0.013660530081638051,0.013181310558850565,0.6918718620355283,0.35278501829912295,-0.02376321168964557,1.0,1.0,10
CWT_pyBOAT,pre_amplitude_trajectory,transient_artifact,eligible,DRG,250625 to 250728::5C-T12_Raw.csv,5C-T12,True,target_segment_calibrated_absolute_nrmse,NRMSE,0.6274056684950295,0.632830253784121,-0.0028358775240550638,0.4464372444742558,0.4454277107042406,-0.0006105588660234862,0.5813331459820483,0.5768029398147456,0.0021223741103794658,,,,0.8602543951248631,0.872620742387589,-0.0009624223279776634,0.9531388800390749,0.9531070189058204,6.364645364115296e-05,1.0,1.0,10
CWT_pyBOAT,pre_amplitude_trajectory,transient_artifact,eligible,DRG,250625 to 250728::5D-T10_Raw.csv,5D-T10,True,target_segment_calibrated_absolute_nrmse,NRMSE,0.1576627827267666,0.1516405199499562,0.002302410766931204,0.1531438177773366,0.14921958471215147,0.001632272059026288,0.12385592227134883,0.12048425829311486,0.0014172730186188254,,,,0.10840115782153466,0.09538532038054096,0.007935087990159274,0.9797734693935749,0.980136024908714,-0.0003432171609527579,1.0,1.0,10
CWT_pyBOAT,pre_amplitude_trajectory,transient_artifact,eligible,DRG,250625 to 250728::6A-T7_Raw.csv,6A-T7,True,target_segment_calibrated_absolute_nrmse,NRMSE,0.18003949406330916,0.16832092209046207,0.010280693607429392,0.17522579811639982,0.1628932103321244,0.01053823023125712,0.14656240124869646,0.13979232913861145,0.0031533155642560484,,,,0.12880523564596752,0.1191474795598257,0.011986249287826253,0.9808729618673082,0.9804072276491359,-0.0003244926619724864,1.0,1.0,10
CWT_pyBOAT,pre_amplitude_trajectory,transient_artifact,eligible,DRG,250625 to 250728::6B-T5_Raw.csv,6B-T5,True,target_segment_calibrated_absolute_nrmse,NRMSE,0.1266553906061687,0.12730720818718094,0.0067036087276069745,0.12344669157423609,0.1253041106901202,-0.0010940514537893659,0.08501451340852736,0.089732450706592,-0.0011543772298276342,,,,0.07388782526527274,0.0652175242199822,0.007487300175434326,0.9253542765031506,0.912013515512498,-0.007153583447748524,1.0,1.0,10
CWT_pyBOAT,pre_amplitude_trajectory,transient_artifact,eligible,DRG,250625 to 250728::7C-L1_Raw.csv,7C-L1,True,target_segment_calibrated_absolute_nrmse,NRMSE,0.2442057493256536,0.21166826171584868,0.019952243994539154,0.20632934042658013,0.1908586584706738,0.019653478413525743,0.19042359133343847,0.18434949961921435,0.006950900743663391,,,,0.20208562019383747,0.16262176631290848,0.02248696790357997,0.9759194206416573,0.9800723383905088,0.001374591799381708,1.0,1.0,10
CWT_pyBOAT,pre_amplitude_trajectory,transient_artifact,eligible,DRG,250625 to 250728::7D-L2_Raw.csv,7D-L2,True,target_segment_calibrated_absolute_nrmse,NRMSE,0.3895188346810773,0.39684830047374764,0.0011176699739307294,0.3233836129637502,0.3334203214186748,-0.0037514042221385713,0.32704159069495786,0.3347072140035048,-0.0016291443222597735,,,,0.4048025508898352,0.41412461708872733,0.00016265490420455664,0.9423787719815184,0.9396463663821573,-0.0013460246021717026,1.0,1.0,10
CWT_pyBOAT,pre_amplitude_trajectory,transient_artifact,eligible,DRG,250625 to 250728::8C-L3m1_Raw.csv,8C-L3m1,True,target_segment_calibrated_absolute_nrmse,NRMSE,0.1816251031054213,0.1590574927653517,0.021097355981768345,0.15465151717291115,0.15178148534987979,0.000962974621544127,0.12464265194457885,0.12046920948230816,0.002004700311822191,,,,0.08655256980369619,0.07075886928241376,0.0086315698602564,0.9583368740953816,0.9631165634451055,0.005022221457228138,1.0,1.0,10
CWT_pyBOAT,pre_amplitude_trajectory,transient_artifact,eligible,DRG,250625 to 250728::8D-L4-1m1_Raw.csv,8D-L4-1m1,True,target_segment_calibrated_absolute_nrmse,NRMSE,0.18253206744922262,0.16750097268398306,0.009415648379652725,0.16347766756818727,0.15756629035473804,0.002408805115706583,0.13653953307265787,0.13335671096831161,0.00039273164305504704,,,,0.10867021082757175,0.09120143958252765,0.015990461249083737,0.9746425059986881,0.973457721111928,-0.0022670012908999615,1.0,1.0,10
CWT_pyBOAT,pre_amplitude_trajectory,transient_artifact,eligible,DRG,250811::2D-1FL2_Raw.csv,2D-1FL2,True,target_segment_calibrated_absolute_nrmse,NRMSE,0.1472023671650788,0.13893181866969184,0.009564034009701919,0.12573761472667855,0.13428880272784183,-0.004374836304482946,0.10649430763436792,0.11280975276565379,-0.0033740184207859403,,,,0.07329649852375765,0.09831270808327605,-0.018103052437643364,0.9746849840759995,0.9760318501278737,0.001407416806549544,1.0,1.0,10
CWT_pyBOAT,pre_amplitude_trajectory,transient_artifact,eligible,DRG,250811::3A-1FL4_Raw.csv,3A-1FL4,True,target_segment_calibrated_absolute_nrmse,NRMSE,0.10281975941590449,0.0941646138676311,0.007457560088402697,0.0922164226771193,0.08751067266630055,0.009951331664542734,0.06700607481629947,0.058581427231903294,0.013168224791852645,,,,0.04542511212875612,0.04647299498601045,-0.0014128202956031448,0.9685597959095944,0.9526768491011244,-0.01430126643544044,1.0,1.0,10
CWT_pyBOAT,pre_amplitude_trajectory,transient_artifact,eligible,DRG,250811::3D-1FT10_Raw.csv,3D-1FT10,True,target_segment_calibrated_absolute_nrmse,NRMSE,0.20108718067877052,0.18440721679275285,0.0064821353768948625,0.1820402149762804,0.17219486103556636,0.0024333208417712388,0.17553661514315155,0.1639822718734781,0.006195454999194688,,,,0.2091816802781472,0.2016772231966266,0.008161756946388113,0.9862987023837936,0.9865678992947848,0.00023912480435961392,1.0,1.0,10
CWT_pyBOAT,pre_amplitude_trajectory,transient_artifact,eligible,DRG,250811::4A-2MT10_Raw.csv,4A-2MT10,True,target_segment_calibrated_absolute_nrmse,NRMSE,0.14078834214550917,0.12824604726367378,0.020896610896261443,0.1189956777057958,0.12444512566157165,-0.001302307892317063,0.09871585287091639,0.1050284792110136,-0.0059505800976442785,,,,0.13239613785335116,0.09923070188713759,0.03249493449382572,0.9787355152547949,0.9825175797045396,0.004293694254234148,1.0,1.0,10
CWT_pyBOAT,pre_amplitude_trajectory,transient_artifact,eligible,DRG,250811::4C-2MT5_Raw.csv,4C-2MT5,True,target_segment_calibrated_absolute_nrmse,NRMSE,0.4981881037917316,0.4982685354366184,-0.0005841821464479535,0.4286228362447595,0.423873879777739,-0.0006527050699147441,0.40676271064929725,0.4035178913358174,-0.0022925363406992305,,,,0.5216999271253073,0.5567849385973571,-0.001499048888116139,0.8671243626707548,0.8703003859691084,0.0007841381894793109,1.0,1.0,10
CWT_pyBOAT,pre_amplitude_trajectory,transient_artifact,eligible,DRG,250811::4D-1FL4_Raw.csv,4D-1FL4,True,target_segment_calibrated_absolute_nrmse,NRMSE,0.15352885612908368,0.12085325751709795,0.03063856891893508,0.13531809809403134,0.1190763627394707,0.018802736757583538,0.10721775059193861,0.09790286170505515,0.01122178723335826,,,,0.10409520512202786,0.08797781218723615,0.014285119233286313,0.9774142577997722,0.9803532897246849,0.0035553772790090643,1.0,1.0,10
CWT_pyBOAT,pre_amplitude_trajectory,transient_artifact,eligible,DRG,250811::5C-1FT7_Raw.csv,5C-1FT7,True,target_segment_calibrated_absolute_nrmse,NRMSE,0.12050095234135007,0.1202297677844252,0.0006836059922940285,0.11083591504438198,0.11519864182728576,-0.004998913508248916,0.09567034390410697,0.0986238676030175,-0.0036444080295668785,,,,0.10401302489167985,0.10330041428730805,0.0006065792755060376,0.9862362234153824,0.9861142055371988,0.000306215921873354,1.0,1.0,10
CWT_pyBOAT,pre_amplitude_trajectory,transient_artifact,eligible,DRG,250811::6A-1FL1_Raw.csv,6A-1FL1,True,target_segment_calibrated_absolute_nrmse,NRMSE,0.30400071389272443,0.2947759266433366,0.0015517930540829283,0.2472983825246538,0.24867392679362216,0.000698144444615828,0.262583852862486,0.2672190712912924,0.0010077549789877238,,,,0.321726556521811,0.3101680618927584,-0.001806142761796789,0.9719042970519687,0.9715873482141804,0.00027930418629640297,1.0,1.0,10
CWT_pyBOAT,pre_amplitude_trajectory,transient_artifact,eligible,DRG,250811::6B-2ML3_Raw.csv,6B-2ML3,True,target_segment_calibrated_absolute_nrmse,NRMSE,0.1396225817401715,0.12722191096916446,0.011885947795348815,0.12953634758375432,0.12452280760635605,0.0042430119511142755,0.11248082174362342,0.10579497615316014,0.005173107677010874,,,,0.138249249452056,0.1069890209538686,0.01700216161062136,0.9862939498851471,0.9855457243107858,-0.0007989312559557593,1.0,1.0,10
CWT_pyBOAT,pre_amplitude_trajectory,transient_artifact,eligible,DRG,250811::7D-2MT12_Raw.csv,7D-2MT12,True,target_segment_calibrated_absolute_nrmse,NRMSE,0.12153246364080442,0.10494600596687935,0.002810621605053701,0.12080215940397931,0.10440170888310035,-0.001474460876704442,0.09536691831345762,0.08174009504803975,-0.002013325107125513,,,,0.06676467667680096,0.0710511300236086,-0.0014103539037245982,0.9713787547504833,0.9738990280112909,0.001340136225341959,1.0,1.0,10
CWT_pyBOAT,pre_amplitude_trajectory,transient_artifact,eligible,DRG,250811::8C-2ML4_Raw.csv,8C-2ML4,True,target_segment_calibrated_absolute_nrmse,NRMSE,0.15213183143013384,0.14298970815384,0.00793082701975982,0.1323613479585276,0.13604587095326875,-0.0036845229947411323,0.10968474425490651,0.11757912705409966,-0.007789873533317976,,,,0.08322997897227521,0.10942079549162435,-0.030437454487918788,0.9741458623313088,0.9776431532203029,0.0033539151314179727,1.0,1.0,10
CWT_pyBOAT,pre_amplitude_trajectory,transient_artifact,eligible,DRG,250811::8D-2MT7_Raw.csv,8D-2MT7,True,target_segment_calibrated_absolute_nrmse,NRMSE,0.1155408225755469,0.11211269696746105,0.00394455298668385,0.1092844433318988,0.11006392861274944,2.782285774368537e-05,0.07933176532810905,0.0807424794002049,-0.0001273572002656112,,,,0.0676350272155484,0.0776613747821526,-0.008794087603268594,0.7632502904857563,0.8377716781719552,0.0035588060335038363,1.0,1.0,10
CWT_pyBOAT,pre_amplitude_trajectory,transient_artifact,eligible,SCN,250625 to 250728::1C-SCN_Raw.csv,1C-SCN,True,target_segment_calibrated_absolute_nrmse,NRMSE,0.13061940158417307,0.12348233950054785,0.003063526822063428,0.12647448996164298,0.12037733370018741,0.001787328126510744,0.10697190543280077,0.09860098680148432,0.00251913386723282,,,,0.1064601576597364,0.08771232018635239,0.015891754057592876,0.9877309610277076,0.9882887242909149,0.0007192129456672913,1.0,1.0,10
CWT_pyBOAT,pre_amplitude_trajectory,transient_artifact,eligible,SCN,250625 to 250728::6C-SCNmm1_Raw.csv,6C-SCNmm1,True,target_segment_calibrated_absolute_nrmse,NRMSE,0.14886665950356628,0.14967694798698739,-0.001575292477085613,0.13904182814393215,0.1455631088449452,-0.0095112916351318,0.10801160908026235,0.11891911512532935,-0.010907506045067003,,,,0.08620841225776145,0.08203134758268066,0.003832131543479611,0.973992965258059,0.9757897845755314,0.00045561476825844993,1.0,1.0,10
CWT_pyBOAT,pre_amplitude_trajectory,transient_artifact,eligible,SCN,250625 to 250728::7A-SCNmm2_Raw.csv,7A-SCNmm2,True,target_segment_calibrated_absolute_nrmse,NRMSE,0.19067062573477456,0.187396098711725,0.00461228632344797,0.17548364632826138,0.17540528227775865,0.005101107157540835,0.16523857646480192,0.16620075534188997,0.0014416413767439074,,,,0.1548093278000448,0.15496249553821245,-0.001434765635837637,0.9842740674873588,0.9853066096103242,0.0010673334995394135,1.0,1.0,10
CWT_pyBOAT,pre_amplitude_trajectory,transient_artifact,eligible,SCN,250625 to 250728::7B-SCNcm2_Raw.csv,7B-SCNcm2,True,target_segment_calibrated_absolute_nrmse,NRMSE,0.13317618285201327,0.13742012200198145,-0.005009278680497456,0.13074018480322558,0.13594664503377313,-0.007492631340213232,0.1035668606231715,0.10921232645440011,-0.005121636403255858,,,,0.08867553408030676,0.08481596085631166,0.0013585214133830653,0.9836682106889222,0.9831682748253789,-7.382747884221441e-05,1.0,1.0,10
CWT_pyBOAT,pre_amplitude_trajectory,transient_artifact,eligible,SCN,250728::6A-SCNrM1_Raw.csv,6A-SCNrM1,True,target_segment_calibrated_absolute_nrmse,NRMSE,0.1309954738188535,0.1271945917349096,0.0035988559215224397,0.12653619332725086,0.12602840835666218,0.00031781549567261314,0.09384617837505546,0.09981437584865266,-0.005262151946700863,,,,0.1082666902605984,0.08026994265166755,0.028001062195737794,0.9825098498856596,0.9845568090868474,0.002336779909659803,1.0,1.0,10
CWT_pyBOAT,pre_amplitude_trajectory,transient_artifact,eligible,SCN,250728::6B-SCNrM2_Raw.csv,6B-SCNrM2,True,target_segment_calibrated_absolute_nrmse,NRMSE,0.1908835651256941,0.1665403886161801,0.027774306144550884,0.18042979213627885,0.15829146221002582,0.02589438353838959,0.16795677789597038,0.14334279149817492,0.027772531887392454,,,,0.15087441116615546,0.1319789301140134,0.014445771838766497,0.9866783434903812,0.9862934025360826,-0.00016556758196206722,1.0,1.0,10
CWT_pyBOAT,pre_amplitude_trajectory,transient_artifact,eligible,SCN,250728::7A-SCNcM1_Raw.csv,7A-SCNcM1,True,target_segment_calibrated_absolute_nrmse,NRMSE,0.1301414591701706,0.11574130815216925,0.011641239519501335,0.11930239186849911,0.11387567684787635,0.004912344536691059,0.08645206734816456,0.09046625597539334,-0.002935217075891533,,,,0.07975840012333585,0.07523850789352135,0.005127491807186232,0.9861257460688991,0.9875983091744482,0.0015781093329494955,1.0,1.0,10
CWT_pyBOAT,pre_amplitude_trajectory,transient_artifact,eligible,SCN,250728::7B-SCNcM2_Raw.csv,7B-SCNcM2,True,target_segment_calibrated_absolute_nrmse,NRMSE,0.14726529619330164,0.1520855078210998,-0.002996530440153855,0.14250307753809338,0.14843840047591375,-0.005100759634596275,0.12167668325949793,0.12653944051161187,-0.006153706686737148,,,,0.1077201125056511,0.1103166022478903,0.0010644855224459376,0.9844812493802241,0.9852973386095807,0.0008595195039325376,1.0,1.0,10
CWT_pyBOAT,pre_amplitude_trajectory,transient_artifact,eligible,SCN,250811::1A-1FSCN_Raw.csv,1A-1FSCN,True,target_segment_calibrated_absolute_nrmse,NRMSE,0.13616240458649825,0.1246056267473128,0.013423931911144112,0.121977966757637,0.1226292621364501,0.0012517517529923028,0.10483149283757223,0.10360062305118353,0.0035123586153218422,,,,0.1437923808552403,0.121155897912965,0.01872306034360255,0.9881584146693949,0.9886269078638313,0.00040069849162871485,1.0,1.0,10
CWT_pyBOAT,pre_amplitude_trajectory,transient_artifact,eligible,SCN,250811::1B-2MSCN_Raw.csv,1B-2MSCN,True,target_segment_calibrated_absolute_nrmse,NRMSE,0.1117369890228336,0.1131630129513124,-0.0028233399381149896,0.10555454934141575,0.1122825092986869,-0.007625140796452851,0.08568110896741483,0.09138400171462424,-0.006659373467605811,,,,0.09974513521081918,0.09723038263120196,0.0023962402607836733,0.985924143510404,0.9862067879627029,0.00047729949965641394,1.0,1.0,10
CWT_pyBOAT,pre_amplitude_trajectory,transient_artifact,eligible,SCN,250811::1C-3FSCN_Raw.csv,1C-3FSCN,True,target_segment_calibrated_absolute_nrmse,NRMSE,0.08395568511026974,0.0849837983852667,0.00024387096843639378,0.07962915302029232,0.08492152986174761,-0.004288704405991689,0.05844398551512857,0.06304479163091335,-0.0036455061228574254,,,,0.05915083574878766,0.0604572339560061,-0.0047613545790764975,0.9743745251658396,0.976623657543503,0.0012957102176926472,1.0,1.0,10
CWT_pyBOAT,pre_amplitude_trajectory,transient_artifact,eligible,SCN,250811::1D-4FSCN_Raw.csv,1D-4FSCN,True,target_segment_calibrated_absolute_nrmse,NRMSE,0.11919136175675303,0.10540443800846161,0.011343015738329985,0.10563543340864595,0.10529576762482515,-0.0005453362900679562,0.07110355847749847,0.08178240577737995,-0.006416861182772585,,,,0.091739099848507,0.07605450999735561,0.014246361009334962,0.9716156964246554,0.9765433143314934,0.00614723140001483,1.0,1.0,10
CWT_pyBOAT,pre_amplitude_trajectory,transient_artifact,eligible,SCN,251003::2A- M1SCn_Raw.csv,2A- M1SCn,True,target_segment_calibrated_absolute_nrmse,NRMSE,0.11466071398139369,0.1187030669688649,-0.004260347381198452,0.11388775283266109,0.1183446059732492,-0.006842445565815855,0.08618400857870324,0.0895484291215423,-0.005683883270472007,,,,0.06628667873956624,0.06720659590345485,-0.003413764562777054,0.9783590358960341,0.9814287965813617,0.002727057409799949,1.0,1.0,10
CWT_pyBOAT,pre_amplitude_trajectory,transient_artifact,eligible,SCN,251003::4B-M3SCN_Raw.csv,4B-M3SCN,True,target_segment_calibrated_absolute_nrmse,NRMSE,0.10788355500143562,0.10622893764123026,0.0007011837328518844,0.10708619418871863,0.10613364004858439,0.0007139402171491907,0.07623963634808359,0.0776770582048243,-0.0016238740492542092,,,,0.05155984216589117,0.05193616705055335,-0.0006124212990239672,0.976728259863305,0.9782250055940436,0.001332976550342757,1.0,1.0,10
CWT_pyBOAT,pre_amplitude_trajectory,transient_artifact,ineligible,DRG,250625 to 250728::5A-T10m1_Raw.csv,5A-T10m1,True,target_segment_calibrated_absolute_nrmse,NRMSE,0.2812997974313774,0.2512943208178909,0.011309445282578809,0.2506636544735431,0.22832039658347408,0.01779055192531144,0.21033002518419514,0.20522853411123543,0.002113891246951022,,,,0.2516125845031771,0.2209427983363128,0.000858433085474522,0.9275416675996456,0.9420471388674914,0.013585544171210662,1.0,1.0,10
CWT_pyBOAT,pre_period_hours,gaussian_noise,difficult,DRG,250625 to 250728::1D-L2m2_Raw.csv,1D-L2m2,True,absolute_error_hours,hours,0.03708724089242921,0.03338351513628979,0.0,,,,,,,,,,0.01076623972753649,0.012257057110445651,-0.0015819997733897617,,,,1.0,1.0,10
CWT_pyBOAT,pre_period_hours,gaussian_noise,difficult,DRG,250625 to 250728::4B-T12m2_Raw.csv,4B-T12m2,True,absolute_error_hours,hours,0.08715952441554542,0.09074819339973317,0.0,,,,,,,,,,0.009570323683503234,0.01062381075124115,-0.0010534870677379165,,,,1.0,1.0,10
CWT_pyBOAT,pre_period_hours,gaussian_noise,difficult,DRG,250625 to 250728::5C-T12_Raw.csv,5C-T12,True,absolute_error_hours,hours,0.027087526882743518,0.02922829339992994,0.0,,,,,,,,,,0.011180022335845873,0.00990912070043095,0.0007896513762210462,,,,1.0,1.0,10
CWT_pyBOAT,pre_period_hours,gaussian_noise,difficult,DRG,250625 to 250728::8A-L3_Raw.csv,8A-L3,True,absolute_error_hours,hours,0.16532288875399637,0.16199841301430418,0.0027058368766894603,,,,,,,,,,0.009671888602098179,0.0119059544688828,7.03394906893277e-05,,,,1.0,1.0,10
CWT_pyBOAT,pre_period_hours,gaussian_noise,difficult,DRG,250811::2C-2ML1_Raw.csv,2C-2ML1,True,absolute_error_hours,hours,0.14132114143058416,0.15300347247726975,-0.0034437923885182187,,,,,,,,,,0.002268655105175657,0.00127258609924275,0.0011930663363248176,,,,1.0,1.0,10
CWT_pyBOAT,pre_period_hours,gaussian_noise,difficult,DRG,250811::5A-2ML2_Raw.csv,5A-2ML2,True,absolute_error_hours,hours,0.17260534244067927,0.17260534244068282,-3.552713678800501e-15,,,,,,,,,,0.006199892466134867,0.0049636794639319505,0.001636791283473483,,,,1.0,1.0,10
CWT_pyBOAT,pre_period_hours,gaussian_noise,difficult,DRG,250811::7C-1FT12_Raw.csv,7C-1FT12,True,absolute_error_hours,hours,0.018811328233356406,0.01881132823335463,0.0,,,,,,,,,,0.0049720672245622145,0.0030446357522591998,0.001430009724764519,,,,1.0,1.0,10
CWT_pyBOAT,pre_period_hours,gaussian_noise,difficult,DRG,250811::8A-1FT5_Raw.csv,8A-1FT5,True,absolute_error_hours,hours,0.01772838237477181,0.025880255950983866,0.0,,,,,,,,,,0.004845879300504436,0.00444092219109715,0.00021976039252779504,,,,1.0,1.0,10
CWT_pyBOAT,pre_period_hours,gaussian_noise,difficult,DRG,251003::2C- M1L1_Raw.csv,2C- M1L1,True,absolute_error_hours,hours,0.059865776655318115,0.06220214520967282,0.0,,,,,,,,,,0.002476802529735472,0.0004367367960325,0.0012708626681737017,,,,1.0,1.0,10
CWT_pyBOAT,pre_period_hours,gaussian_noise,difficult,DRG,251003::2D- M1L4_Raw.csv,2D- M1L4,True,absolute_error_hours,hours,0.03908255701641572,0.03908255701641572,0.0,,,,,,,,,,0.011957769738911977,0.01224243294524895,-0.0003064692666946735,,,,1.0,1.0,10
CWT_pyBOAT,pre_period_hours,gaussian_noise,eligible,DRG,250625 to 250728::1B-L1m2_Raw.csv,1B-L1m2,True,absolute_error_hours,hours,0.022583744476547096,0.022583744476547096,0.0,,,,,,,,,,0.001269925923673214,0.00036993896773725003,0.000787761837877052,,,,1.0,1.0,10
CWT_pyBOAT,pre_period_hours,gaussian_noise,eligible,DRG,250625 to 250728::2C-L3m2_Raw.csv,2C-L3m2,True,absolute_error_hours,hours,0.013519065808123898,0.013519065808123898,0.0,,,,,,,,,,0.0025320079178826507,0.00050880699633415,0.0020191771604866505,,,,1.0,1.0,10
CWT_pyBOAT,pre_period_hours,gaussian_noise,eligible,DRG,250625 to 250728::3A-L5m2_Raw.csv,3A-L5m2,True,absolute_error_hours,hours,0.011871966513785637,0.011871966513785637,0.0,,,,,,,,,,0.0018095771324351743,0.00032065754816169997,0.001591139951145132,,,,1.0,1.0,10
CWT_pyBOAT,pre_period_hours,gaussian_noise,eligible,DRG,250625 to 250728::3B-T10m2_Raw.csv,3B-T10m2,True,absolute_error_hours,hours,0.13839600254167728,0.14293322115752538,-0.0017218961942582212,,,,,,,,,,0.00814217549205832,0.0074318319255818,0.0012183118708183702,,,,1.0,1.0,10
CWT_pyBOAT,pre_period_hours,gaussian_noise,eligible,DRG,250625 to 250728::4C-T5m1_Raw.csv,4C-T5m1,True,absolute_error_hours,hours,0.01639360031146886,0.020560435471972838,0.0,,,,,,,,,,0.002731182512542908,0.0011247005823488,0.0016339127944700188,,,,1.0,1.0,10
CWT_pyBOAT,pre_period_hours,gaussian_noise,eligible,DRG,250625 to 250728::4D-T7m1_Raw.csv,4D-T7m1,True,absolute_error_hours,hours,0.13544130511892227,0.13810369421639734,-0.0002459851706113625,,,,,,,,,,0.011292680589681792,0.011700768287644249,5.7000460125643075e-05,,,,1.0,1.0,10
CWT_pyBOAT,pre_period_hours,gaussian_noise,eligible,DRG,250625 to 250728::5B-T12m2_Raw.csv,5B-T12m2,True,absolute_error_hours,hours,0.01824963107719313,0.01824963107719313,0.0,,,,,,,,,,0.0018062067303044318,0.00039663371662735,0.0016077678406189676,,,,1.0,1.0,10
CWT_pyBOAT,pre_period_hours,gaussian_noise,eligible,DRG,250625 to 250728::5D-T10_Raw.csv,5D-T10,True,absolute_error_hours,hours,0.016760034087480946,0.016760034087482722,0.0,,,,,,,,,,0.0016598349263619837,0.00033713626924945,0.0011792637365638768,,,,1.0,1.0,10
CWT_pyBOAT,pre_period_hours,gaussian_noise,eligible,DRG,250625 to 250728::6A-T7_Raw.csv,6A-T7,True,absolute_error_hours,hours,0.013210721321780028,0.013210721321781804,0.0,,,,,,,,,,0.0006144773545857603,0.00011837753579895724,0.0005163763257817974,,,,1.0,1.0,10
CWT_pyBOAT,pre_period_hours,gaussian_noise,eligible,DRG,250625 to 250728::6B-T5_Raw.csv,6B-T5,True,absolute_error_hours,hours,0.012022298038512957,0.012022298038512957,0.0,,,,,,,,,,0.0016828037807294725,0.00011295238377271558,0.0016464293451647198,,,,1.0,1.0,10
CWT_pyBOAT,pre_period_hours,gaussian_noise,eligible,DRG,250625 to 250728::7C-L1_Raw.csv,7C-L1,True,absolute_error_hours,hours,0.01620494319689847,0.01620494319689847,0.0,,,,,,,,,,0.0026481882049186546,0.000220300309847,0.002329550856124455,,,,1.0,1.0,10
CWT_pyBOAT,pre_period_hours,gaussian_noise,eligible,DRG,250625 to 250728::7D-L2_Raw.csv,7D-L2,True,absolute_error_hours,hours,0.08937746300943417,0.09004511469346355,-3.552713678800501e-15,,,,,,,,,,0.009058465485691863,0.0101822960823824,0.00026069603578483726,,,,1.0,1.0,10
CWT_pyBOAT,pre_period_hours,gaussian_noise,eligible,DRG,250625 to 250728::8B-L2m1_Raw.csv,8B-L2m1,True,absolute_error_hours,hours,0.018739345675557573,0.01662474121422619,0.0,,,,,,,,,,0.003007108527880811,0.0029749506605799003,0.00018077275301071134,,,,1.0,1.0,10
CWT_pyBOAT,pre_period_hours,gaussian_noise,eligible,DRG,250625 to 250728::8C-L3m1_Raw.csv,8C-L3m1,True,absolute_error_hours,hours,0.02009305228103031,0.01832875030541814,3.552713678800501e-15,,,,,,,,,,0.0018546978558271943,0.00024784513015824996,0.0014444262559819387,,,,1.0,1.0,10
CWT_pyBOAT,pre_period_hours,gaussian_noise,eligible,DRG,250625 to 250728::8D-L4-1m1_Raw.csv,8D-L4-1m1,True,absolute_error_hours,hours,0.050507693651161034,0.050552404404053064,0.0,,,,,,,,,,0.0021062500676367482,0.0007537681449455501,0.0012549867482032216,,,,1.0,1.0,10
CWT_pyBOAT,pre_period_hours,gaussian_noise,eligible,DRG,250811::2D-1FL2_Raw.csv,2D-1FL2,True,absolute_error_hours,hours,0.01894825711818804,0.01894825711818804,0.0,,,,,,,,,,0.005258414254831065,0.0052325137282080506,0.0009040570768323959,,,,1.0,1.0,10
CWT_pyBOAT,pre_period_hours,gaussian_noise,eligible,DRG,250811::3A-1FL4_Raw.csv,3A-1FL4,True,absolute_error_hours,hours,0.019916595834336803,0.019916595834336803,0.0,,,,,,,,,,0.003017517838311299,0.0055636388746418495,-0.0012406156944790136,,,,1.0,1.0,10
CWT_pyBOAT,pre_period_hours,gaussian_noise,eligible,DRG,250811::3D-1FT10_Raw.csv,3D-1FT10,True,absolute_error_hours,hours,0.015887643513254446,0.015887643513254446,0.0,,,,,,,,,,0.002999359386556073,0.003223185578175,-0.00044199470684312746,,,,1.0,1.0,10
CWT_pyBOAT,pre_period_hours,gaussian_noise,eligible,DRG,250811::4A-2MT10_Raw.csv,4A-2MT10,True,absolute_error_hours,hours,0.017424253004339363,0.017424253004339363,0.0,,,,,,,,,,0.0018538118115578983,0.00344601369301825,-0.001102705372899112,,,,1.0,1.0,10
CWT_pyBOAT,pre_period_hours,gaussian_noise,eligible,DRG,250811::4C-2MT5_Raw.csv,4C-2MT5,True,absolute_error_hours,hours,0.019076422384392444,0.019076422384392444,0.0,,,,,,,,,,0.0014664218186878468,0.0015472305149378,0.0005482125023381535,,,,1.0,1.0,10
CWT_pyBOAT,pre_period_hours,gaussian_noise,eligible,DRG,250811::4D-1FL4_Raw.csv,4D-1FL4,True,absolute_error_hours,hours,0.0179222221594042,0.022041319882296406,0.0,,,,,,,,,,0.0024124724112331948,0.0043165430941295505,-0.0009190629720309306,,,,1.0,1.0,10
CWT_pyBOAT,pre_period_hours,gaussian_noise,eligible,DRG,250811::5C-1FT7_Raw.csv,5C-1FT7,True,absolute_error_hours,hours,0.045144471621918925,0.048987246428529474,0.0,,,,,,,,,,0.0024848553477631093,0.0015079153539500501,0.0012498752157979092,,,,1.0,1.0,10
CWT_pyBOAT,pre_period_hours,gaussian_noise,eligible,DRG,250811::6A-1FL1_Raw.csv,6A-1FL1,True,absolute_error_hours,hours,0.02609339371631414,0.020249916760599618,0.0,,,,,,,,,,0.0018288078153337363,0.0011005846785564,0.0009264994716960864,,,,1.0,1.0,10
CWT_pyBOAT,pre_period_hours,gaussian_noise,eligible,DRG,250811::6B-2ML3_Raw.csv,6B-2ML3,True,absolute_error_hours,hours,0.021804532523553632,0.02180453252355541,0.0,,,,,,,,,,0.003437350096832199,0.005981076252541399,-0.0014681012062884938,,,,1.0,1.0,10
CWT_pyBOAT,pre_period_hours,gaussian_noise,eligible,DRG,250811::7D-2MT12_Raw.csv,7D-2MT12,True,absolute_error_hours,hours,0.014409796696757127,0.014409796696757127,0.0,,,,,,,,,,0.004722350479667032,0.00391252276767795,0.0011138411382895412,,,,1.0,1.0,10
CWT_pyBOAT,pre_period_hours,gaussian_noise,eligible,DRG,250811::8C-2ML4_Raw.csv,8C-2ML4,True,absolute_error_hours,hours,0.059526175586348984,0.05594776280504021,1.7763568394002505e-15,,,,,,,,,,0.0025154913482804842,0.0031294876197787997,-0.0004547749675344547,,,,1.0,1.0,10
CWT_pyBOAT,pre_period_hours,gaussian_noise,eligible,DRG,250811::8D-2MT7_Raw.csv,8D-2MT7,True,absolute_error_hours,hours,0.018390559315314192,0.018390559315314192,0.0,,,,,,,,,,0.003279316387894736,0.00388006167180155,-0.0009861063981013336,,,,1.0,1.0,10
CWT_pyBOAT,pre_period_hours,gaussian_noise,eligible,DRG,251003::2B- 1MT7_Raw.csv,2B- 1MT7,True,absolute_error_hours,hours,0.04081433688342173,0.03781126669029611,1.7763568394002505e-15,,,,,,,,,,0.001674889849837003,0.00019159046095830001,0.0014322009861394585,,,,1.0,1.0,10
CWT_pyBOAT,pre_period_hours,gaussian_noise,eligible,SCN,250625 to 250728::1C-SCN_Raw.csv,1C-SCN,True,absolute_error_hours,hours,0.017933162148230153,0.017933162148230153,0.0,,,,,,,,,,0.0022228922613044023,0.00026488479430855,0.0018288048209124477,,,,1.0,1.0,10
CWT_pyBOAT,pre_period_hours,gaussian_noise,eligible,SCN,250625 to 250728::6C-SCNmm1_Raw.csv,6C-SCNmm1,True,absolute_error_hours,hours,0.014466949054078526,0.014466949054078526,0.0,,,,,,,,,,0.0010657453839004066,0.00030529490561460003,0.0007917847102174409,,,,1.0,1.0,10
CWT_pyBOAT,pre_period_hours,gaussian_noise,eligible,SCN,250625 to 250728::7A-SCNmm2_Raw.csv,7A-SCNmm2,True,absolute_error_hours,hours,0.014062952159495268,0.013622297480136325,0.0,,,,,,,,,,0.0030660628813292427,0.00042049773364395,0.002869076872510393,,,,1.0,1.0,10
CWT_pyBOAT,pre_period_hours,gaussian_noise,eligible,SCN,250625 to 250728::7B-SCNcm2_Raw.csv,7B-SCNcm2,True,absolute_error_hours,hours,0.025085773670518563,0.021653247443406798,0.0,,,,,,,,,,0.0010008296786118253,0.00034772021657560005,0.0007420216169728589,,,,1.0,1.0,10
CWT_pyBOAT,pre_period_hours,gaussian_noise,eligible,SCN,250728::6A-SCNrM1_Raw.csv,6A-SCNrM1,True,absolute_error_hours,hours,0.024951219499556032,0.024951219499556032,0.0,,,,,,,,,,0.0017987822112476046,0.00034955166213745,0.0012776063285721046,,,,1.0,1.0,10
CWT_pyBOAT,pre_period_hours,gaussian_noise,eligible,SCN,250728::6B-SCNrM2_Raw.csv,6B-SCNrM2,True,absolute_error_hours,hours,0.015004712646502938,0.015004712646502938,0.0,,,,,,,,,,0.002045242693061977,0.0002416203403108,0.001832760019151336,,,,1.0,1.0,10
CWT_pyBOAT,pre_period_hours,gaussian_noise,eligible,SCN,250728::7A-SCNcM1_Raw.csv,7A-SCNcM1,True,absolute_error_hours,hours,0.010196256635227385,0.010196256635227385,0.0,,,,,,,,,,0.0024471304800043345,0.00015054604396899998,0.0021595296311586296,,,,1.0,1.0,10
CWT_pyBOAT,pre_period_hours,gaussian_noise,eligible,SCN,250728::7B-SCNcM2_Raw.csv,7B-SCNcM2,True,absolute_error_hours,hours,0.020397361922983137,0.020397361922983137,0.0,,,,,,,,,,0.00265018112269617,0.0002639565461239,0.002519903935457801,,,,1.0,1.0,10
CWT_pyBOAT,pre_period_hours,gaussian_noise,eligible,SCN,250811::1A-1FSCN_Raw.csv,1A-1FSCN,True,absolute_error_hours,hours,0.01153088135605529,0.01153088135605529,0.0,,,,,,,,,,0.0033469831248250726,0.00538792217426035,-0.002039005058231228,,,,1.0,1.0,10
CWT_pyBOAT,pre_period_hours,gaussian_noise,eligible,SCN,250811::1B-2MSCN_Raw.csv,1B-2MSCN,True,absolute_error_hours,hours,0.024492004427198566,0.024492004427198566,0.0,,,,,,,,,,0.00368063638220871,0.0061179077280738,-0.00252703706612544,,,,1.0,1.0,10
CWT_pyBOAT,pre_period_hours,gaussian_noise,eligible,SCN,250811::1C-3FSCN_Raw.csv,1C-3FSCN,True,absolute_error_hours,hours,0.016736853805840113,0.016736853805840113,0.0,,,,,,,,,,0.006269389539278836,0.00671508514775655,-0.0005510565420681636,,,,1.0,1.0,10
CWT_pyBOAT,pre_period_hours,gaussian_noise,eligible,SCN,250811::1D-4FSCN_Raw.csv,1D-4FSCN,True,absolute_error_hours,hours,0.015254569688057273,0.015254569688057273,0.0,,,,,,,,,,0.006590916601655197,0.006629693099952649,-4.933521966090336e-05,,,,1.0,1.0,10
CWT_pyBOAT,pre_period_hours,gaussian_noise,eligible,SCN,251003::2A- M1SCn_Raw.csv,2A- M1SCn,True,absolute_error_hours,hours,0.0221238381544282,0.0221238381544282,0.0,,,,,,,,,,0.0014180937886696277,0.00042114588586864997,0.0010666537320876278,,,,1.0,1.0,10
CWT_pyBOAT,pre_period_hours,gaussian_noise,eligible,SCN,251003::4B-M3SCN_Raw.csv,4B-M3SCN,True,absolute_error_hours,hours,0.014472576849328789,0.021063948921701936,0.0,,,,,,,,,,0.001542689746638012,0.0003245391234142,0.0012181506232238118,,,,1.0,1.0,10
CWT_pyBOAT,pre_period_hours,gaussian_noise,ineligible,DRG,250625 to 250728::5A-T10m1_Raw.csv,5A-T10m1,True,absolute_error_hours,hours,0.05180432562031001,0.050086358535713416,0.0,,,,,,,,,,0.008685952397409036,0.00913390337920655,0.00011710476737979278,,,,1.0,1.0,10
CWT_pyBOAT,pre_period_hours,missing_block_6h,difficult,DRG,250625 to 250728::1D-L2m2_Raw.csv,1D-L2m2,True,absolute_error_hours,hours,0.03645123070240075,0.03338351513628979,0.0,,,,,,,,,,0.015393461435115559,0.012257057110445651,0.003203223531347184,,,,1.0,1.0,10
CWT_pyBOAT,pre_period_hours,missing_block_6h,difficult,DRG,250625 to 250728::4B-T12m2_Raw.csv,4B-T12m2,True,absolute_error_hours,hours,0.07883847157489399,0.09074819339973317,0.0002459851706078098,,,,,,,,,,0.014065261446664389,0.01062381075124115,0.003856559013035766,,,,1.0,1.0,10
CWT_pyBOAT,pre_period_hours,missing_block_6h,difficult,DRG,250625 to 250728::5C-T12_Raw.csv,5C-T12,True,absolute_error_hours,hours,0.030821722363432613,0.02922829339992994,0.0,,,,,,,,,,0.013351212559342684,0.00990912070043095,0.0036458659057916855,,,,1.0,1.0,10
CWT_pyBOAT,pre_period_hours,missing_block_6h,difficult,DRG,250625 to 250728::8A-L3_Raw.csv,8A-L3,True,absolute_error_hours,hours,0.1629297522291182,0.16199841301430418,0.00159890360895254,,,,,,,,,,0.01832715049791974,0.0119059544688828,0.006423020892713038,,,,1.0,1.0,10
CWT_pyBOAT,pre_period_hours,missing_block_6h,difficult,DRG,250811::2C-2ML1_Raw.csv,2C-2ML1,True,absolute_error_hours,hours,0.14496989227145285,0.15300347247726975,-1.7763568394002505e-15,,,,,,,,,,0.002467189976891154,0.00127258609924275,0.001006985824174143,,,,1.0,1.0,10
CWT_pyBOAT,pre_period_hours,missing_block_6h,difficult,DRG,250811::5A-2ML2_Raw.csv,5A-2ML2,True,absolute_error_hours,hours,0.17050857000907627,0.17260534244068282,-3.552713678800501e-15,,,,,,,,,,0.009177493528561566,0.0049636794639319505,0.004427513810855231,,,,1.0,1.0,10
CWT_pyBOAT,pre_period_hours,missing_block_6h,difficult,DRG,250811::7C-1FT12_Raw.csv,7C-1FT12,True,absolute_error_hours,hours,0.02303779832757158,0.01881132823335463,0.0,,,,,,,,,,0.0021453128335089354,0.0030446357522591998,-0.0008993229187502644,,,,1.0,1.0,10
CWT_pyBOAT,pre_period_hours,missing_block_6h,difficult,DRG,250811::8A-1FT5_Raw.csv,8A-1FT5,True,absolute_error_hours,hours,0.02741137967677254,0.025880255950983866,0.0,,,,,,,,,,0.0026996141735802885,0.00444092219109715,-0.0005061378482760506,,,,1.0,1.0,10
CWT_pyBOAT,pre_period_hours,missing_block_6h,difficult,DRG,251003::2C- M1L1_Raw.csv,2C- M1L1,True,absolute_error_hours,hours,0.06640163492856033,0.06220214520967282,0.0013529184383447301,,,,,,,,,,0.01701485229065622,0.0004367367960325,0.016000590743748468,,,,1.0,1.0,10
CWT_pyBOAT,pre_period_hours,missing_block_6h,difficult,DRG,251003::2D- M1L4_Raw.csv,2D- M1L4,True,absolute_error_hours,hours,0.03908255701641572,0.03908255701641572,0.0,,,,,,,,,,0.014945318364300304,0.01224243294524895,0.0027045670530116035,,,,1.0,1.0,10
CWT_pyBOAT,pre_period_hours,missing_block_6h,eligible,DRG,250625 to 250728::1B-L1m2_Raw.csv,1B-L1m2,True,absolute_error_hours,hours,0.02354222897952951,0.022583744476547096,0.0,,,,,,,,,,0.005551572073447121,0.00036993896773725003,0.005071472057299571,,,,1.0,1.0,10
CWT_pyBOAT,pre_period_hours,missing_block_6h,eligible,DRG,250625 to 250728::2C-L3m2_Raw.csv,2C-L3m2,True,absolute_error_hours,hours,0.013813028370313063,0.013519065808123898,0.0,,,,,,,,,,0.007036446177291452,0.00050880699633415,0.006175476495946028,,,,1.0,1.0,10
CWT_pyBOAT,pre_period_hours,missing_block_6h,eligible,DRG,250625 to 250728::3A-L5m2_Raw.csv,3A-L5m2,True,absolute_error_hours,hours,0.011871966513785637,0.011871966513785637,0.0,,,,,,,,,,0.0031799638337184043,0.00032065754816169997,0.0025965115906272226,,,,1.0,1.0,10
CWT_pyBOAT,pre_period_hours,missing_block_6h,eligible,DRG,250625 to 250728::3B-T10m2_Raw.csv,3B-T10m2,True,absolute_error_hours,hours,0.14641076045009704,0.14293322115752538,0.004427733070949458,,,,,,,,,,0.008257614391491402,0.0074318319255818,0.0013757600081294292,,,,1.0,1.0,10
CWT_pyBOAT,pre_period_hours,missing_block_6h,eligible,DRG,250625 to 250728::4C-T5m1_Raw.csv,4C-T5m1,True,absolute_error_hours,hours,0.028203642447207855,0.020560435471972838,0.0,,,,,,,,,,0.002147856864011758,0.0011247005823488,0.0006773710147452329,,,,1.0,1.0,10
CWT_pyBOAT,pre_period_hours,missing_block_6h,eligible,DRG,250625 to 250728::4D-T7m1_Raw.csv,4D-T7m1,True,absolute_error_hours,hours,0.13880476015616416,0.13810369421639734,-1.7763568394002505e-15,,,,,,,,,,0.017501282628271397,0.011700768287644249,0.006866540045296414,,,,1.0,1.0,10
CWT_pyBOAT,pre_period_hours,missing_block_6h,eligible,DRG,250625 to 250728::5B-T12m2_Raw.csv,5B-T12m2,True,absolute_error_hours,hours,0.013764856558299954,0.01824963107719313,0.0,,,,,,,,,,0.007155277033937633,0.00039663371662735,0.006683113993187382,,,,1.0,1.0,10
CWT_pyBOAT,pre_period_hours,missing_block_6h,eligible,DRG,250625 to 250728::5D-T10_Raw.csv,5D-T10,True,absolute_error_hours,hours,0.019998695376241216,0.016760034087482722,0.0,,,,,,,,,,0.005725760312434274,0.00033713626924945,0.005473077794036423,,,,1.0,1.0,10
CWT_pyBOAT,pre_period_hours,missing_block_6h,eligible,DRG,250625 to 250728::6A-T7_Raw.csv,6A-T7,True,absolute_error_hours,hours,0.012964736151172218,0.013210721321781804,0.0,,,,,,,,,,0.024050867289994296,0.00011837753579895724,0.02371451880104594,,,,1.0,1.0,10
CWT_pyBOAT,pre_period_hours,missing_block_6h,eligible,DRG,250625 to 250728::6B-T5_Raw.csv,6B-T5,True,absolute_error_hours,hours,0.012022298038512957,0.012022298038512957,0.0,,,,,,,,,,0.009257822895164088,0.00011295238377271558,0.009151592635657202,,,,1.0,1.0,10
CWT_pyBOAT,pre_period_hours,missing_block_6h,eligible,DRG,250625 to 250728::7C-L1_Raw.csv,7C-L1,True,absolute_error_hours,hours,0.01264729080006255,0.01620494319689847,0.0,,,,,,,,,,0.006576501089555703,0.000220300309847,0.006363044050275362,,,,1.0,1.0,10
CWT_pyBOAT,pre_period_hours,missing_block_6h,eligible,DRG,250625 to 250728::7D-L2_Raw.csv,7D-L2,True,absolute_error_hours,hours,0.09004511469346,0.09004511469346355,-3.552713678800501e-15,,,,,,,,,,0.011096030584340616,0.0101822960823824,0.0022552517871655972,,,,1.0,1.0,10
CWT_pyBOAT,pre_period_hours,missing_block_6h,eligible,DRG,250625 to 250728::8B-L2m1_Raw.csv,8B-L2m1,True,absolute_error_hours,hours,0.0217862830475557,0.01662474121422619,1.7763568394002505e-15,,,,,,,,,,0.021464513805679552,0.0029749506605799003,0.0183201514758895,,,,1.0,1.0,10
CWT_pyBOAT,pre_period_hours,missing_block_6h,eligible,DRG,250625 to 250728::8C-L3m1_Raw.csv,8C-L3m1,True,absolute_error_hours,hours,0.03639713234248987,0.01832875030541814,0.0279193168640397,,,,,,,,,,0.01773690972589429,0.00024784513015824996,0.017392469443567468,,,,1.0,1.0,10
CWT_pyBOAT,pre_period_hours,missing_block_6h,eligible,DRG,250625 to 250728::8D-L4-1m1_Raw.csv,8D-L4-1m1,True,absolute_error_hours,hours,0.06252683300266604,0.050552404404053064,0.0027058368766912366,,,,,,,,,,0.013212439375825648,0.0007537681449455501,0.011598781161283598,,,,1.0,1.0,10
CWT_pyBOAT,pre_period_hours,missing_block_6h,eligible,DRG,250811::2D-1FL2_Raw.csv,2D-1FL2,True,absolute_error_hours,hours,0.01894825711818804,0.01894825711818804,0.0,,,,,,,,,,0.005150833536567232,0.0052325137282080506,-0.0002486712634418252,,,,1.0,1.0,10
CWT_pyBOAT,pre_period_hours,missing_block_6h,eligible,DRG,250811::3A-1FL4_Raw.csv,3A-1FL4,True,absolute_error_hours,hours,0.019916595834336803,0.019916595834336803,0.0,,,,,,,,,,0.004099179960766123,0.0055636388746418495,0.00014829311597589693,,,,1.0,1.0,10
CWT_pyBOAT,pre_period_hours,missing_block_6h,eligible,DRG,250811::3D-1FT10_Raw.csv,3D-1FT10,True,absolute_error_hours,hours,0.016728834386015023,0.015887643513254446,0.0,,,,,,,,,,0.0044103988537984844,0.003223185578175,0.0010426838027580844,,,,1.0,1.0,10
CWT_pyBOAT,pre_period_hours,missing_block_6h,eligible,DRG,250811::4A-2MT10_Raw.csv,4A-2MT10,True,absolute_error_hours,hours,0.017424253004339363,0.017424253004339363,0.0,,,,,,,,,,0.002571576367413257,0.00344601369301825,-0.00020401342669179698,,,,1.0,1.0,10
CWT_pyBOAT,pre_period_hours,missing_block_6h,eligible,DRG,250811::4C-2MT5_Raw.csv,4C-2MT5,True,absolute_error_hours,hours,0.02234649102052977,0.019076422384392444,0.0,,,,,,,,,,0.005522728122987569,0.0015472305149378,0.004343198026320927,,,,1.0,1.0,10
CWT_pyBOAT,pre_period_hours,missing_block_6h,eligible,DRG,250811::4D-1FL4_Raw.csv,4D-1FL4,True,absolute_error_hours,hours,0.022041319882296406,0.022041319882296406,0.0,,,,,,,,,,0.002862585523324941,0.0043165430941295505,-0.0017168763934875815,,,,1.0,1.0,10
CWT_pyBOAT,pre_period_hours,missing_block_6h,eligible,DRG,250811::5C-1FT7_Raw.csv,5C-1FT7,True,absolute_error_hours,hours,0.07235434440660704,0.048987246428529474,0.0,,,,,,,,,,0.002680032572223373,0.0015079153539500501,0.001158527703873873,,,,1.0,1.0,10
CWT_pyBOAT,pre_period_hours,missing_block_6h,eligible,DRG,250811::6A-1FL1_Raw.csv,6A-1FL1,True,absolute_error_hours,hours,0.023664154831228856,0.020249916760599618,0.0,,,,,,,,,,0.0018473602129771807,0.0011005846785564,-0.0001853746009934125,,,,1.0,1.0,10
CWT_pyBOAT,pre_period_hours,missing_block_6h,eligible,DRG,250811::6B-2ML3_Raw.csv,6B-2ML3,True,absolute_error_hours,hours,0.029530790524843198,0.02180453252355541,0.0,,,,,,,,,,0.006149636105386224,0.005981076252541399,0.0008583919208061744,,,,1.0,1.0,10
CWT_pyBOAT,pre_period_hours,missing_block_6h,eligible,DRG,250811::7D-2MT12_Raw.csv,7D-2MT12,True,absolute_error_hours,hours,0.014409796696757127,0.014409796696757127,0.0,,,,,,,,,,0.005380506585759911,0.00391252276767795,-0.00014614417210014378,,,,1.0,1.0,10
CWT_pyBOAT,pre_period_hours,missing_block_6h,eligible,DRG,250811::8C-2ML4_Raw.csv,8C-2ML4,True,absolute_error_hours,hours,0.047887923860916004,0.05594776280504021,0.0,,,,,,,,,,0.0021369683042283005,0.0031294876197787997,-0.0004170606172692221,,,,1.0,1.0,10
CWT_pyBOAT,pre_period_hours,missing_block_6h,eligible,DRG,250811::8D-2MT7_Raw.csv,8D-2MT7,True,absolute_error_hours,hours,0.0307851974602098,0.018390559315314192,1.7763568394002505e-15,,,,,,,,,,0.00679823252764997,0.00388006167180155,0.0030771125373539707,,,,1.0,1.0,10
CWT_pyBOAT,pre_period_hours,missing_block_6h,eligible,DRG,251003::2B- 1MT7_Raw.csv,2B- 1MT7,True,absolute_error_hours,hours,0.03486839345840842,0.03781126669029611,0.0,,,,,,,,,,0.004856154330883098,0.00019159046095830001,0.004766327101982911,,,,1.0,1.0,10
CWT_pyBOAT,pre_period_hours,missing_block_6h,eligible,SCN,250625 to 250728::1C-SCN_Raw.csv,1C-SCN,True,absolute_error_hours,hours,0.016813817985472213,0.017933162148230153,0.0,,,,,,,,,,0.01937369102452288,0.00026488479430855,0.019097851769497277,,,,1.0,1.0,10
CWT_pyBOAT,pre_period_hours,missing_block_6h,eligible,SCN,250625 to 250728::6C-SCNmm1_Raw.csv,6C-SCNmm1,True,absolute_error_hours,hours,0.021986552238900003,0.014466949054078526,0.0,,,,,,,,,,0.008410306230977806,0.00030529490561460003,0.008105011325363206,,,,1.0,1.0,10
CWT_pyBOAT,pre_period_hours,missing_block_6h,eligible,SCN,250625 to 250728::7A-SCNmm2_Raw.csv,7A-SCNmm2,True,absolute_error_hours,hours,0.023593251233007706,0.013622297480136325,0.0,,,,,,,,,,0.014587965049117569,0.00042049773364395,0.014019028981092418,,,,1.0,1.0,10
CWT_pyBOAT,pre_period_hours,missing_block_6h,eligible,SCN,250625 to 250728::7B-SCNcm2_Raw.csv,7B-SCNcm2,True,absolute_error_hours,hours,0.029642687494845887,0.021653247443406798,0.0,,,,,,,,,,0.007267184605363997,0.00034772021657560005,0.006670469906974297,,,,1.0,1.0,10
CWT_pyBOAT,pre_period_hours,missing_block_6h,eligible,SCN,250728::6A-SCNrM1_Raw.csv,6A-SCNrM1,True,absolute_error_hours,hours,0.028312634139240345,0.024951219499556032,0.0,,,,,,,,,,0.005036970502585535,0.00034955166213745,0.004515794619910035,,,,1.0,1.0,10
CWT_pyBOAT,pre_period_hours,missing_block_6h,eligible,SCN,250728::6B-SCNrM2_Raw.csv,6B-SCNrM2,True,absolute_error_hours,hours,0.021261282819409644,0.015004712646502938,0.0,,,,,,,,,,0.011216676750532971,0.0002416203403108,0.01089106444455077,,,,1.0,1.0,10
CWT_pyBOAT,pre_period_hours,missing_block_6h,eligible,SCN,250728::7A-SCNcM1_Raw.csv,7A-SCNcM1,True,absolute_error_hours,hours,0.008144064587384037,0.010196256635227385,0.0,,,,,,,,,,0.006095992018340657,0.00015054604396899998,0.005737781462890506,,,,1.0,1.0,10
CWT_pyBOAT,pre_period_hours,missing_block_6h,eligible,SCN,250728::7B-SCNcM2_Raw.csv,7B-SCNcM2,True,absolute_error_hours,hours,0.020397361922983137,0.020397361922983137,0.0,,,,,,,,,,0.018936229863077858,0.0002639565461239,0.01873913471759614,,,,1.0,1.0,10
CWT_pyBOAT,pre_period_hours,missing_block_6h,eligible,SCN,250811::1A-1FSCN_Raw.csv,1A-1FSCN,True,absolute_error_hours,hours,0.014427565383709151,0.01153088135605529,0.0,,,,,,,,,,0.0036305814832633078,0.00538792217426035,-0.0018558608745868918,,,,1.0,1.0,10
CWT_pyBOAT,pre_period_hours,missing_block_6h,eligible,SCN,250811::1B-2MSCN_Raw.csv,1B-2MSCN,True,absolute_error_hours,hours,0.024492004427198566,0.024492004427198566,0.0,,,,,,,,,,0.004764724095490608,0.0061179077280738,-0.0014457886406848914,,,,1.0,1.0,10
CWT_pyBOAT,pre_period_hours,missing_block_6h,eligible,SCN,250811::1C-3FSCN_Raw.csv,1C-3FSCN,True,absolute_error_hours,hours,0.016736853805840113,0.016736853805840113,0.0,,,,,,,,,,0.006383131251509853,0.00671508514775655,-9.554759897654683e-05,,,,1.0,1.0,10
CWT_pyBOAT,pre_period_hours,missing_block_6h,eligible,SCN,250811::1D-4FSCN_Raw.csv,1D-4FSCN,True,absolute_error_hours,hours,0.015254569688057273,0.015254569688057273,0.0,,,,,,,,,,0.007936518608116373,0.006629693099952649,0.0013049699306732238,,,,1.0,1.0,10
CWT_pyBOAT,pre_period_hours,missing_block_6h,eligible,SCN,251003::2A- M1SCn_Raw.csv,2A- M1SCn,True,absolute_error_hours,hours,0.022459918946537982,0.0221238381544282,0.0,,,,,,,,,,0.0030210390715883833,0.00042114588586864997,0.002668136518742683,,,,1.0,1.0,10
CWT_pyBOAT,pre_period_hours,missing_block_6h,eligible,SCN,251003::4B-M3SCN_Raw.csv,4B-M3SCN,True,absolute_error_hours,hours,0.021063948921701936,0.021063948921701936,0.0,,,,,,,,,,0.011500140807823831,0.0003245391234142,0.01136551423121224,,,,1.0,1.0,10
CWT_pyBOAT,pre_period_hours,missing_block_6h,ineligible,DRG,250625 to 250728::5A-T10m1_Raw.csv,5A-T10m1,True,absolute_error_hours,hours,0.05428262321044386,0.050086358535713416,0.0,,,,,,,,,,0.011013019308582176,0.00913390337920655,0.0038323222506170085,,,,1.0,1.0,10
CWT_pyBOAT,pre_period_hours,transient_artifact,difficult,DRG,250625 to 250728::1D-L2m2_Raw.csv,1D-L2m2,True,absolute_error_hours,hours,0.12306012435065128,0.03338351513628979,0.08590177102102992,,,,,,,,,,0.03193220496041674,0.012257057110445651,0.01967788600100969,,,,1.0,1.0,10
CWT_pyBOAT,pre_period_hours,transient_artifact,difficult,DRG,250625 to 250728::4B-T12m2_Raw.csv,4B-T12m2,True,absolute_error_hours,hours,0.06136580334920971,0.09074819339973317,-0.015866043504232152,,,,,,,,,,0.02217461333971009,0.01062381075124115,0.01155080258846894,,,,1.0,1.0,10
CWT_pyBOAT,pre_period_hours,transient_artifact,difficult,DRG,250625 to 250728::5C-T12_Raw.csv,5C-T12,True,absolute_error_hours,hours,0.12232381170078277,0.02922829339992994,0.0879396984924643,,,,,,,,,,0.03445003731105503,0.00990912070043095,0.02485728230198292,,,,1.0,1.0,10
CWT_pyBOAT,pre_period_hours,transient_artifact,difficult,DRG,250625 to 250728::8A-L3_Raw.csv,8A-L3,True,absolute_error_hours,hours,0.10579684215355378,0.16199841301430418,-0.05731454475173159,,,,,,,,,,0.061288344980511784,0.0119059544688828,0.04971017799649094,,,,1.0,1.0,10
CWT_pyBOAT,pre_period_hours,transient_artifact,difficult,DRG,250811::2C-2ML1_Raw.csv,2C-2ML1,True,absolute_error_hours,hours,0.11739336665828581,0.15300347247726975,-0.035667849738201696,,,,,,,,,,0.010259234854376223,0.00127258609924275,0.009563539844636725,,,,1.0,1.0,10
CWT_pyBOAT,pre_period_hours,transient_artifact,difficult,DRG,250811::5A-2ML2_Raw.csv,5A-2ML2,True,absolute_error_hours,hours,0.1068206629948456,0.17260534244068282,-0.03517587939698963,,,,,,,,,,0.01634275002883597,0.0049636794639319505,0.012837139420897065,,,,1.0,1.0,10
CWT_pyBOAT,pre_period_hours,transient_artifact,difficult,DRG,250811::7C-1FT12_Raw.csv,7C-1FT12,True,absolute_error_hours,hours,0.10997629502182527,0.01881132823335463,0.08835052376822006,,,,,,,,,,0.03058787718403517,0.0030446357522591998,0.027543241431775965,,,,1.0,1.0,10
CWT_pyBOAT,pre_period_hours,transient_artifact,difficult,DRG,250811::8A-1FT5_Raw.csv,8A-1FT5,True,absolute_error_hours,hours,0.07672255642122394,0.025880255950983866,0.05652695562278609,,,,,,,,,,0.038634429681672806,0.00444092219109715,0.033939230746808706,,,,1.0,1.0,10
CWT_pyBOAT,pre_period_hours,transient_artifact,difficult,DRG,251003::2C- M1L1_Raw.csv,2C- M1L1,True,absolute_error_hours,hours,0.04252367876542529,0.06220214520967282,0.004211056647344336,,,,,,,,,,0.034701019062290984,0.0004367367960325,0.03342656021602314,,,,1.0,1.0,10
CWT_pyBOAT,pre_period_hours,transient_artifact,difficult,DRG,251003::2D- M1L4_Raw.csv,2D- M1L4,True,absolute_error_hours,hours,0.05118315465622203,0.03908255701641572,0.013428775087101386,,,,,,,,,,0.04474763644868089,0.01224243294524895,0.03250485292684839,,,,1.0,1.0,10
CWT_pyBOAT,pre_period_hours,transient_artifact,eligible,DRG,250625 to 250728::1B-L1m2_Raw.csv,1B-L1m2,True,absolute_error_hours,hours,0.03432720266934375,0.022583744476547096,0.007062789487131127,,,,,,,,,,0.023017034293733717,0.00036993896773725003,0.022608357792865366,,,,1.0,1.0,10
CWT_pyBOAT,pre_period_hours,transient_artifact,eligible,DRG,250625 to 250728::2C-L3m2_Raw.csv,2C-L3m2,True,absolute_error_hours,hours,0.05824500734011018,0.013519065808123898,0.044154338124185344,,,,,,,,,,0.0037631617850829957,0.00050880699633415,0.002318391866132964,,,,1.0,1.0,10
CWT_pyBOAT,pre_period_hours,transient_artifact,eligible,DRG,250625 to 250728::3A-L5m2_Raw.csv,3A-L5m2,True,absolute_error_hours,hours,0.055014840491841355,0.011871966513785637,0.043968549927942746,,,,,,,,,,0.03580521240085763,0.00032065754816169997,0.03576621459294771,,,,1.0,1.0,10
CWT_pyBOAT,pre_period_hours,transient_artifact,eligible,DRG,250625 to 250728::3B-T10m2_Raw.csv,3B-T10m2,True,absolute_error_hours,hours,0.1440571794140908,0.14293322115752538,-0.0017218961942582212,,,,,,,,,,0.024553202889770167,0.0074318319255818,0.016832639661974867,,,,1.0,1.0,10
CWT_pyBOAT,pre_period_hours,transient_artifact,eligible,DRG,250625 to 250728::4C-T5m1_Raw.csv,4C-T5m1,True,absolute_error_hours,hours,0.04350599849594161,0.020560435471972838,0.022805422923088514,,,,,,,,,,0.04059640527721354,0.0011247005823488,0.03917886517795774,,,,1.0,1.0,10
CWT_pyBOAT,pre_period_hours,transient_artifact,eligible,DRG,250625 to 250728::4D-T7m1_Raw.csv,4D-T7m1,True,absolute_error_hours,hours,0.2258459066609415,0.13810369421639734,0.08916962434550335,,,,,,,,,,0.01793673564117086,0.011700768287644249,0.006966289916022978,,,,1.0,1.0,10
CWT_pyBOAT,pre_period_hours,transient_artifact,eligible,DRG,250625 to 250728::5B-T12m2_Raw.csv,5B-T12m2,True,absolute_error_hours,hours,0.05732740337304243,0.01824963107719313,0.04565087513936561,,,,,,,,,,0.029251641862082487,0.00039663371662735,0.02911329113483302,,,,1.0,1.0,10
CWT_pyBOAT,pre_period_hours,transient_artifact,eligible,DRG,250625 to 250728::5D-T10_Raw.csv,5D-T10,True,absolute_error_hours,hours,0.07614867460012853,0.016760034087482722,0.054203849264691684,,,,,,,,,,0.010868906874690921,0.00033713626924945,0.01046805548222357,,,,1.0,1.0,10
CWT_pyBOAT,pre_period_hours,transient_artifact,eligible,DRG,250625 to 250728::6A-T7_Raw.csv,6A-T7,True,absolute_error_hours,hours,0.032008352435404674,0.013210721321781804,0.013220767140195377,,,,,,,,,,0.020076331443557072,0.00011837753579895724,0.01998054523376826,,,,1.0,1.0,10
CWT_pyBOAT,pre_period_hours,transient_artifact,eligible,DRG,250625 to 250728::6B-T5_Raw.csv,6B-T5,True,absolute_error_hours,hours,0.04600542687738596,0.012022298038512957,0.03542186456759211,,,,,,,,,,0.042248022127485185,0.00011295238377271558,0.041941087001086286,,,,1.0,1.0,10
CWT_pyBOAT,pre_period_hours,transient_artifact,eligible,DRG,250625 to 250728::7C-L1_Raw.csv,7C-L1,True,absolute_error_hours,hours,0.08154500421463595,0.01620494319689847,0.0703517587939686,,,,,,,,,,0.033519905505411576,0.000220300309847,0.033362799507876524,,,,1.0,1.0,10
CWT_pyBOAT,pre_period_hours,transient_artifact,eligible,DRG,250625 to 250728::7D-L2_Raw.csv,7D-L2,True,absolute_error_hours,hours,0.08899729660040201,0.09004511469346355,-0.0035253214063519778,,,,,,,,,,0.00838814209377205,0.0101822960823824,0.0022152575862691864,,,,1.0,1.0,10
CWT_pyBOAT,pre_period_hours,transient_artifact,eligible,DRG,250625 to 250728::8B-L2m1_Raw.csv,8B-L2m1,True,absolute_error_hours,hours,0.04771021434362943,0.01662474121422619,0.029619395549543626,,,,,,,,,,0.027572322336399335,0.0029749506605799003,0.024783159966267135,,,,1.0,1.0,10
CWT_pyBOAT,pre_period_hours,transient_artifact,eligible,DRG,250625 to 250728::8C-L3m1_Raw.csv,8C-L3m1,True,absolute_error_hours,hours,0.09453005055242514,0.01832875030541814,0.07059774396457819,,,,,,,,,,0.025484553045493075,0.00024784513015824996,0.025264188968157707,,,,1.0,1.0,10
CWT_pyBOAT,pre_period_hours,transient_artifact,eligible,DRG,250625 to 250728::8D-L4-1m1_Raw.csv,8D-L4-1m1,True,absolute_error_hours,hours,0.1050825513184428,0.050552404404053064,0.05569639334107279,,,,,,,,,,0.03897840985928618,0.0007537681449455501,0.03680092606761128,,,,1.0,1.0,10
CWT_pyBOAT,pre_period_hours,transient_artifact,eligible,DRG,250811::2D-1FL2_Raw.csv,2D-1FL2,True,absolute_error_hours,hours,0.044104330949597426,0.01894825711818804,0.01785690310522625,,,,,,,,,,0.008446891712579455,0.0052325137282080506,0.003916434555665107,,,,1.0,1.0,10
CWT_pyBOAT,pre_period_hours,transient_artifact,eligible,DRG,250811::3A-1FL4_Raw.csv,3A-1FL4,True,absolute_error_hours,hours,0.03245425440070804,0.019916595834336803,0.0,,,,,,,,,,0.032188328679475214,0.0055636388746418495,0.02926315497355381,,,,1.0,1.0,10
CWT_pyBOAT,pre_period_hours,transient_artifact,eligible,DRG,250811::3D-1FT10_Raw.csv,3D-1FT10,True,absolute_error_hours,hours,0.05388653917538733,0.015887643513254446,0.03742131955680428,,,,,,,,,,0.026357945421233764,0.003223185578175,0.02311273978907111,,,,1.0,1.0,10
CWT_pyBOAT,pre_period_hours,transient_artifact,eligible,DRG,250811::4A-2MT10_Raw.csv,4A-2MT10,True,absolute_error_hours,hours,0.027331610335828316,0.017424253004339363,0.0027058368766912366,,,,,,,,,,0.028168418496795692,0.00344601369301825,0.02520297061857539,,,,1.0,1.0,10
CWT_pyBOAT,pre_period_hours,transient_artifact,eligible,DRG,250811::4C-2MT5_Raw.csv,4C-2MT5,True,absolute_error_hours,hours,0.045186579432899165,0.019076422384392444,0.02815922871563359,,,,,,,,,,0.035135511559893993,0.0015472305149378,0.03447932572690045,,,,1.0,1.0,10
CWT_pyBOAT,pre_period_hours,transient_artifact,eligible,DRG,250811::4D-1FL4_Raw.csv,4D-1FL4,True,absolute_error_hours,hours,0.04763793461261656,0.022041319882296406,0.025416080772478367,,,,,,,,,,0.04708356700094829,0.0043165430941295505,0.041898086980766344,,,,1.0,1.0,10
CWT_pyBOAT,pre_period_hours,transient_artifact,eligible,DRG,250811::5C-1FT7_Raw.csv,5C-1FT7,True,absolute_error_hours,hours,0.12808287868839408,0.048987246428529474,0.06690796640545571,,,,,,,,,,0.022692313391526525,0.0015079153539500501,0.02165418552872768,,,,1.0,1.0,10
CWT_pyBOAT,pre_period_hours,transient_artifact,eligible,DRG,250811::6A-1FL1_Raw.csv,6A-1FL1,True,absolute_error_hours,hours,0.12876962781611923,0.020249916760599618,0.11888652004020273,,,,,,,,,,0.020341874761074408,0.0011005846785564,0.018618028873837157,,,,1.0,1.0,10
CWT_pyBOAT,pre_period_hours,transient_artifact,eligible,DRG,250811::6B-2ML3_Raw.csv,6B-2ML3,True,absolute_error_hours,hours,0.10758501769217155,0.02180453252355541,0.07602015896463499,,,,,,,,,,0.014383462996112588,0.005981076252541399,0.009024189990297188,,,,1.0,1.0,10
CWT_pyBOAT,pre_period_hours,transient_artifact,eligible,DRG,250811::7D-2MT12_Raw.csv,7D-2MT12,True,absolute_error_hours,hours,0.06288994548931548,0.014409796696757127,0.05542813218465881,,,,,,,,,,0.013410002356092453,0.00391252276767795,0.010123591274499154,,,,1.0,1.0,10
CWT_pyBOAT,pre_period_hours,transient_artifact,eligible,DRG,250811::8C-2ML4_Raw.csv,8C-2ML4,True,absolute_error_hours,hours,0.041481500500454516,0.05594776280504021,0.0,,,,,,,,,,0.029030853882616527,0.0031294876197787997,0.024951805903495477,,,,1.0,1.0,10
CWT_pyBOAT,pre_period_hours,transient_artifact,eligible,DRG,250811::8D-2MT7_Raw.csv,8D-2MT7,True,absolute_error_hours,hours,0.07249805081352001,0.018390559315314192,0.06420212952876625,,,,,,,,,,0.031046701519484573,0.00388006167180155,0.027174362194710623,,,,1.0,1.0,10
CWT_pyBOAT,pre_period_hours,transient_artifact,eligible,DRG,251003::2B- 1MT7_Raw.csv,2B- 1MT7,True,absolute_error_hours,hours,0.03468829106243554,0.03781126669029611,0.0,,,,,,,,,,0.037589726366594994,0.00019159046095830001,0.037353228311126835,,,,1.0,1.0,10
CWT_pyBOAT,pre_period_hours,transient_artifact,eligible,SCN,250625 to 250728::1C-SCN_Raw.csv,1C-SCN,True,absolute_error_hours,hours,0.032694033767073805,0.017933162148230153,0.0026817067513142945,,,,,,,,,,0.016073898297339923,0.00026488479430855,0.015787424213537772,,,,1.0,1.0,10
CWT_pyBOAT,pre_period_hours,transient_artifact,eligible,SCN,250625 to 250728::6C-SCNmm1_Raw.csv,6C-SCNmm1,True,absolute_error_hours,hours,0.020433840482398935,0.014466949054078526,0.010304005973786445,,,,,,,,,,0.027210620000333637,0.00030529490561460003,0.02692685280227975,,,,1.0,1.0,10
CWT_pyBOAT,pre_period_hours,transient_artifact,eligible,SCN,250625 to 250728::7A-SCNmm2_Raw.csv,7A-SCNmm2,True,absolute_error_hours,hours,0.06079910856152182,0.013622297480136325,0.05385359572404802,,,,,,,,,,0.01127923049880872,0.00042049773364395,0.01101521691468017,,,,1.0,1.0,10
CWT_pyBOAT,pre_period_hours,transient_artifact,eligible,SCN,250625 to 250728::7B-SCNcm2_Raw.csv,7B-SCNcm2,True,absolute_error_hours,hours,0.06692504135238941,0.021653247443406798,0.041605643726672525,,,,,,,,,,0.005415080371947569,0.00034772021657560005,0.0049204843280124195,,,,1.0,1.0,10
CWT_pyBOAT,pre_period_hours,transient_artifact,eligible,SCN,250728::6A-SCNrM1_Raw.csv,6A-SCNrM1,True,absolute_error_hours,hours,0.058888077774943426,0.024951219499556032,0.04296049247100875,,,,,,,,,,0.05093197819401829,0.00034955166213745,0.05067467480055764,,,,1.0,1.0,10
CWT_pyBOAT,pre_period_hours,transient_artifact,eligible,SCN,250728::6B-SCNrM2_Raw.csv,6B-SCNrM2,True,absolute_error_hours,hours,0.061816770057603776,0.015004712646502938,0.03955549487815624,,,,,,,,,,0.019947802083291097,0.0002416203403108,0.019659409704969145,,,,1.0,1.0,10
CWT_pyBOAT,pre_period_hours,transient_artifact,eligible,SCN,250728::7A-SCNcM1_Raw.csv,7A-SCNcM1,True,absolute_error_hours,hours,0.05187805609696028,0.010196256635227385,0.03760461711227947,,,,,,,,,,0.05219319840018728,0.00015054604396899998,0.051961532505460484,,,,1.0,1.0,10
CWT_pyBOAT,pre_period_hours,transient_artifact,eligible,SCN,250728::7B-SCNcM2_Raw.csv,7B-SCNcM2,True,absolute_error_hours,hours,0.03139113912023994,0.020397361922983137,0.0,,,,,,,,,,0.03396137992595971,0.0002639565461239,0.03360532062048226,,,,1.0,1.0,10
CWT_pyBOAT,pre_period_hours,transient_artifact,eligible,SCN,250811::1A-1FSCN_Raw.csv,1A-1FSCN,True,absolute_error_hours,hours,0.0933461502647841,0.01153088135605529,0.07292361590427987,,,,,,,,,,0.030758973545485496,0.00538792217426035,0.025476160408637996,,,,1.0,1.0,10
CWT_pyBOAT,pre_period_hours,transient_artifact,eligible,SCN,250811::1B-2MSCN_Raw.csv,1B-2MSCN,True,absolute_error_hours,hours,0.06755553188226493,0.024492004427198566,0.05073815024588413,,,,,,,,,,0.01859832561842576,0.0061179077280738,0.012460672267964913,,,,1.0,1.0,10
CWT_pyBOAT,pre_period_hours,transient_artifact,eligible,SCN,250811::1C-3FSCN_Raw.csv,1C-3FSCN,True,absolute_error_hours,hours,0.048161086280751775,0.016736853805840113,0.032116461281358255,,,,,,,,,,0.013922285909469265,0.00671508514775655,0.006879654203687944,,,,1.0,1.0,10
CWT_pyBOAT,pre_period_hours,transient_artifact,eligible,SCN,250811::1D-4FSCN_Raw.csv,1D-4FSCN,True,absolute_error_hours,hours,0.04926906053903757,0.015254569688057273,0.030358743096799756,,,,,,,,,,0.01765516625825331,0.006629693099952649,0.010954012099612812,,,,1.0,1.0,10
CWT_pyBOAT,pre_period_hours,transient_artifact,eligible,SCN,251003::2A- M1SCn_Raw.csv,2A- M1SCn,True,absolute_error_hours,hours,0.04304963013404617,0.0221238381544282,0.023404604183863142,,,,,,,,,,0.03061356519623369,0.00042114588586864997,0.030132004417234244,,,,1.0,1.0,10
CWT_pyBOAT,pre_period_hours,transient_artifact,eligible,SCN,251003::4B-M3SCN_Raw.csv,4B-M3SCN,True,absolute_error_hours,hours,0.09811506522916247,0.021063948921701936,0.08303582598886905,,,,,,,,,,0.0441540677870058,0.0003245391234142,0.044114892903140135,,,,1.0,1.0,10
CWT_pyBOAT,pre_period_hours,transient_artifact,ineligible,DRG,250625 to 250728::5A-T10m1_Raw.csv,5A-T10m1,True,absolute_error_hours,hours,0.1753466297562678,0.050086358535713416,0.11460065190309976,,,,,,,,,,0.021099622255125537,0.00913390337920655,0.012842747298905739,,,,1.0,1.0,10
Hilbert,phase_shift_hours,gaussian_noise,difficult,DRG,250625 to 250728::1D-L2m2_Raw.csv,1D-L2m2,True,circular_absolute_error_radians,radians,0.2402902012929915,0.23949066021344656,0.0013806357329393393,,,,,,,0.9178409594958273,0.9147869375354767,0.005273640036158378,0.01913896050179784,0.0190647331856955,0.0007809472889342972,,,,1.0,1.0,10
Hilbert,phase_shift_hours,gaussian_noise,difficult,DRG,250625 to 250728::4B-T12m2_Raw.csv,4B-T12m2,True,circular_absolute_error_radians,radians,0.1722633093608772,0.16617246445955103,0.005748825449067851,,,,,,,0.6579973727556474,0.6347320589879963,0.021958895692599206,0.012977660807105343,0.01549767400877355,0.0016109867294479227,,,,1.0,1.0,10
Hilbert,phase_shift_hours,gaussian_noise,difficult,DRG,250625 to 250728::5C-T12_Raw.csv,5C-T12,True,circular_absolute_error_radians,radians,0.2230968458220688,0.22187991995182665,-0.0037306225125242065,,,,,,,0.852167179219025,0.8475188647960143,-0.014249928328275208,0.027040785847054473,0.03112343355275515,-0.0027752971906314632,,,,1.0,1.0,10
Hilbert,phase_shift_hours,gaussian_noise,difficult,DRG,250625 to 250728::8A-L3_Raw.csv,8A-L3,True,circular_absolute_error_radians,radians,0.3392987379370571,0.34693882810437193,-0.00556247520693276,,,,,,,1.2960257118605818,1.3252087066396843,-0.02124709020022708,0.024834259219580386,0.0254555766890594,2.3519804185087936e-05,,,,1.0,1.0,10
Hilbert,phase_shift_hours,gaussian_noise,difficult,DRG,250811::2C-2ML1_Raw.csv,2C-2ML1,True,circular_absolute_error_radians,radians,0.32912992897124793,0.3313754328459848,-0.0006206260007033393,,,,,,,1.2571837227662046,1.2657609157597176,-0.0023706166997590206,0.03205547137709977,0.0318159242161803,0.000564485365017969,,,,1.0,1.0,10
Hilbert,phase_shift_hours,gaussian_noise,difficult,DRG,250811::5A-2ML2_Raw.csv,5A-2ML2,True,circular_absolute_error_radians,radians,0.37337005615822916,0.3767375604694536,-0.003263426364042976,,,,,,,1.4261685609619374,1.4390314799302888,-0.012465370494092465,0.03609418446502555,0.034633414897078954,-0.00018342321334310213,,,,1.0,1.0,10
Hilbert,phase_shift_hours,gaussian_noise,difficult,DRG,250811::7C-1FT12_Raw.csv,7C-1FT12,True,circular_absolute_error_radians,radians,0.07946084557283717,0.0938720998238316,-0.0023931286379121897,,,,,,,0.3035180725242908,0.35856500892908727,-0.009141078052284035,0.04784197228397479,0.04753806814824725,-0.000512587341643278,,,,1.0,1.0,10
Hilbert,phase_shift_hours,gaussian_noise,difficult,DRG,250811::8A-1FT5_Raw.csv,8A-1FT5,True,circular_absolute_error_radians,radians,0.20520704238313048,0.20592286649004854,-0.006198233176213819,,,,,,,0.783833163661039,0.7865674103410473,-0.023675506762334597,0.06042168108534132,0.0576919448147217,0.0009300414463135551,,,,1.0,1.0,10
Hilbert,phase_shift_hours,gaussian_noise,difficult,DRG,251003::2C- M1L1_Raw.csv,2C- M1L1,True,circular_absolute_error_radians,radians,0.33233021980450816,0.3374543410536157,-0.0028485191628533357,,,,,,,1.2694079332968857,1.28898063471603,-0.01088054172624231,0.024306304903800688,0.02483804000314425,-0.00033256009576765853,,,,1.0,1.0,10
Hilbert,phase_shift_hours,gaussian_noise,difficult,DRG,251003::2D- M1L4_Raw.csv,2D- M1L4,True,circular_absolute_error_radians,radians,0.27224144287529217,0.26605868046735637,0.0016997954116177993,,,,,,,1.0398857123537426,1.0162692995732847,0.006492740208093539,0.017342754561563072,0.01670312146374945,0.0008452721167581719,,,,1.0,1.0,10
Hilbert,phase_shift_hours,gaussian_noise,difficult,SCN,250728::6A-SCNrM1_Raw.csv,6A-SCNrM1,True,circular_absolute_error_radians,radians,0.15446422669840532,0.15709263335806867,-0.00036531169628872817,,,,,,,0.5900098850380396,0.6000496589342256,-0.0013953878936072694,0.011582683106413461,0.01341853471708465,-0.0011817406789135765,,,,1.0,1.0,10
Hilbert,phase_shift_hours,gaussian_noise,eligible,DRG,250625 to 250728::1B-L1m2_Raw.csv,1B-L1m2,True,circular_absolute_error_radians,radians,0.36465003970131704,0.36658738501804766,-0.0004958189263677415,,,,,,,1.3928605516108918,1.4002606656180985,-0.0018938887922386183,0.011981443314195348,0.011972826715113901,-0.0005328583756896571,,,,1.0,1.0,10
Hilbert,phase_shift_hours,gaussian_noise,eligible,DRG,250625 to 250728::2C-L3m2_Raw.csv,2C-L3m2,True,circular_absolute_error_radians,radians,0.19581782927306257,0.1984691387782347,0.0002127617336815657,,,,,,,0.7479690113839861,0.7580962677059381,0.0008126899587893033,0.030932702707085237,0.0304596719709479,0.0015050498138754025,,,,1.0,1.0,10
Hilbert,phase_shift_hours,gaussian_noise,eligible,DRG,250625 to 250728::3A-L5m2_Raw.csv,3A-L5m2,True,circular_absolute_error_radians,radians,0.31969182598809853,0.32138876246553316,-0.004441686111810839,,,,,,,1.2211328249299183,1.2276146448138383,-0.01696599120857567,0.005349073898703562,0.0067146568321835,-0.0006767700090376761,,,,1.0,1.0,10
Hilbert,phase_shift_hours,gaussian_noise,eligible,DRG,250625 to 250728::3B-T10m2_Raw.csv,3B-T10m2,True,circular_absolute_error_radians,radians,0.20427487312545023,0.2035026942687399,0.0007156041167988292,,,,,,,0.7802725393772441,0.7773230334093282,0.002733406379650638,0.022378482621122416,0.0220422366066775,-0.00028124956664293474,,,,1.0,1.0,10
Hilbert,phase_shift_hours,gaussian_noise,eligible,DRG,250625 to 250728::4C-T5m1_Raw.csv,4C-T5m1,True,circular_absolute_error_radians,radians,0.09052422182035813,0.09112200742681709,-0.002070744769564925,,,,,,,0.345777056934173,0.3480604297544241,-0.007909662382990734,0.005516300701050015,0.0051579752588307,-5.390102851425278e-05,,,,1.0,1.0,10
Hilbert,phase_shift_hours,gaussian_noise,eligible,DRG,250625 to 250728::4D-T7m1_Raw.csv,4D-T7m1,True,circular_absolute_error_radians,radians,0.3799554731581245,0.38569423562612726,-0.0042970380476532455,,,,,,,1.4513230009904512,1.4732434589267607,-0.01641347630251111,0.021532096435279625,0.021559336648293848,0.0005474810856053464,,,,1.0,1.0,10
Hilbert,phase_shift_hours,gaussian_noise,eligible,DRG,250625 to 250728::5B-T12m2_Raw.csv,5B-T12m2,True,circular_absolute_error_radians,radians,0.22436061168907617,0.22439631902104384,4.3189848362601424e-05,,,,,,,0.856994409250506,0.8571308012118006,0.00016497306859913907,0.01503021487077201,0.01799885230771,-0.0025204304233509504,,,,1.0,1.0,10
Hilbert,phase_shift_hours,gaussian_noise,eligible,DRG,250625 to 250728::5D-T10_Raw.csv,5D-T10,True,circular_absolute_error_radians,radians,0.17219810209003583,0.1760121090520652,-0.0023029193501213907,,,,,,,0.657748299328129,0.672316732791982,-0.008796503954731083,0.028103529941880537,0.0287439940223278,0.0007875785794993692,,,,1.0,1.0,10
Hilbert,phase_shift_hours,gaussian_noise,eligible,DRG,250625 to 250728::6A-T7_Raw.csv,6A-T7,True,circular_absolute_error_radians,radians,0.2280250431781652,0.2286779687069056,-8.373455586863088e-05,,,,,,,0.8709915064931486,0.8734854983020268,-0.0003198424433784042,0.0357239603254878,0.03617258340842395,-0.00019664540160386004,,,,1.0,1.0,10
Hilbert,phase_shift_hours,gaussian_noise,eligible,DRG,250625 to 250728::6B-T5_Raw.csv,6B-T5,True,circular_absolute_error_radians,radians,0.3293649790421487,0.33289115117826773,0.001373456280219898,,,,,,,1.2580815479019956,1.2715505333177455,0.0052462165468225574,0.022810885434770285,0.02543013974027345,-0.0006322806742947392,,,,1.0,1.0,10
Hilbert,phase_shift_hours,gaussian_noise,eligible,DRG,250625 to 250728::7C-L1_Raw.csv,7C-L1,True,circular_absolute_error_radians,radians,0.2337295094552312,0.234354143520058,0.0013400840304993444,,,,,,,0.8927809626298544,0.8951668890068329,0.005118743942699566,0.023081945988910793,0.02176282340032425,0.0018995010139670771,,,,1.0,1.0,10
Hilbert,phase_shift_hours,gaussian_noise,eligible,DRG,250625 to 250728::7D-L2_Raw.csv,7D-L2,True,circular_absolute_error_radians,radians,0.3256616779976824,0.3355837131690371,-0.007116699616222633,,,,,,,1.243935979894375,1.2818353625276409,-0.02718379013812866,0.029127539144039347,0.032107537370946654,-0.0006495615619112223,,,,1.0,1.0,10
Hilbert,phase_shift_hours,gaussian_noise,eligible,DRG,250625 to 250728::8B-L2m1_Raw.csv,8B-L2m1,True,circular_absolute_error_radians,radians,0.1319829208927441,0.1310095955297823,-0.0005775726372547751,,,,,,,0.5041376223308836,0.5004197933048335,-0.0022061649651292925,0.004752396958224697,0.0052812854701745,-0.001153413131130854,,,,1.0,1.0,10
Hilbert,phase_shift_hours,gaussian_noise,eligible,DRG,250625 to 250728::8C-L3m1_Raw.csv,8C-L3m1,True,circular_absolute_error_radians,radians,0.31478238007669,0.31760720680091903,0.00029812355492353504,,,,,,,1.2023801228984872,1.2131701661754266,0.0011387480980370457,0.02377207132046108,0.026523787643879353,-0.001202363299469874,,,,1.0,1.0,10
Hilbert,phase_shift_hours,gaussian_noise,eligible,DRG,250625 to 250728::8D-L4-1m1_Raw.csv,8D-L4-1m1,True,circular_absolute_error_radians,radians,0.37470781200065906,0.38412732012961603,-0.002163717560964784,,,,,,,1.4312784118812845,1.4672582826065113,-0.008264792286774791,0.019366258556201554,0.018678013195861203,2.8851421314170927e-05,,,,1.0,1.0,10
Hilbert,phase_shift_hours,gaussian_noise,eligible,DRG,250811::2D-1FL2_Raw.csv,2D-1FL2,True,circular_absolute_error_radians,radians,0.303030092931287,0.3070115806116942,-0.003161534606668237,,,,,,,1.1574896926946578,1.1726978553793685,-0.012076172649776118,0.07019148201870781,0.07233226500322365,-0.0008841012123393735,,,,1.0,1.0,10
Hilbert,phase_shift_hours,gaussian_noise,eligible,DRG,250811::3A-1FL4_Raw.csv,3A-1FL4,True,circular_absolute_error_radians,radians,0.4188340586032204,0.41412638083427544,0.0036686189520407364,,,,,,,1.5998282582866346,1.5818462537887603,0.01401309217290947,0.05203544757454152,0.0531075231073406,-0.001361025687258724,,,,1.0,1.0,10
Hilbert,phase_shift_hours,gaussian_noise,eligible,DRG,250811::3D-1FT10_Raw.csv,3D-1FT10,True,circular_absolute_error_radians,radians,0.14328754683121026,0.14440376080652206,-0.002074482489902607,,,,,,,0.5473181126807654,0.5515817360020244,-0.007923939423013948,0.03321572759451742,0.03299707750054415,0.00028788789826617034,,,,1.0,1.0,10
Hilbert,phase_shift_hours,gaussian_noise,eligible,DRG,250811::4A-2MT10_Raw.csv,4A-2MT10,True,circular_absolute_error_radians,radians,0.10385893607080532,0.1060414853984406,-0.002182549327635286,,,,,,,0.3967119134384116,0.4050486377752528,-0.008336724336841156,0.03781889781453862,0.03812807604938985,0.000652190892841284,,,,1.0,1.0,10
Hilbert,phase_shift_hours,gaussian_noise,eligible,DRG,250811::4C-2MT5_Raw.csv,4C-2MT5,True,circular_absolute_error_radians,radians,0.38544656979832315,0.3853742013147716,-0.002092895942109152,,,,,,,1.4722974451492412,1.4720210179040905,-0.007994273629527315,0.05477896119730896,0.0555206576536713,-0.0009274065062535412,,,,1.0,1.0,10
Hilbert,phase_shift_hours,gaussian_noise,eligible,DRG,250811::4D-1FL4_Raw.csv,4D-1FL4,True,circular_absolute_error_radians,radians,0.2801865097292944,0.27617284312091517,-0.0026107431123132407,,,,,,,1.0702336322659831,1.0549025551304685,-0.009972304115226538,0.0770851775274449,0.07884623365013796,-0.0023540938734648784,,,,1.0,1.0,10
Hilbert,phase_shift_hours,gaussian_noise,eligible,DRG,250811::5C-1FT7_Raw.csv,5C-1FT7,True,circular_absolute_error_radians,radians,0.3428744047390171,0.3444720630813005,0.0019344555589668744,,,,,,,1.3096837529737382,1.3157863583148521,0.00738907594562821,0.037165928742319096,0.033306440050706196,0.0028510594257105774,,,,1.0,1.0,10
Hilbert,phase_shift_hours,gaussian_noise,eligible,DRG,250811::6A-1FL1_Raw.csv,6A-1FL1,True,circular_absolute_error_radians,radians,0.3489012141774608,0.3465875350994274,0.00589543151380667,,,,,,,1.332704469290567,1.3238668662026316,0.022518889609969506,0.04703176245469322,0.047243626508108996,-0.00025627739680862335,,,,1.0,1.0,10
Hilbert,phase_shift_hours,gaussian_noise,eligible,DRG,250811::6B-2ML3_Raw.csv,6B-2ML3,True,circular_absolute_error_radians,radians,0.27165757989991546,0.2749101653241499,0.002455423670848944,,,,,,,1.0376555200668733,1.0500794812211667,0.009379027550410979,0.08251936402899862,0.08366537483378414,-0.0007437490805907998,,,,1.0,1.0,10
Hilbert,phase_shift_hours,gaussian_noise,eligible,DRG,250811::7D-2MT12_Raw.csv,7D-2MT12,True,circular_absolute_error_radians,radians,0.3003797731634519,0.30249589120163645,-0.004821930046116307,,,,,,,1.1473662168908547,1.1554491923934869,-0.01841841604998573,0.06966632042886402,0.07079906960623686,0.0006959649453407851,,,,1.0,1.0,10
Hilbert,phase_shift_hours,gaussian_noise,eligible,DRG,250811::8C-2ML4_Raw.csv,8C-2ML4,True,circular_absolute_error_radians,radians,0.1487138726448285,0.14085692224125368,-0.00021785201555246658,,,,,,,0.5680451505063132,0.5380338106417502,-0.0008321334033049022,0.04865031487140897,0.0478468694287041,0.0029756203249948904,,,,1.0,1.0,10
Hilbert,phase_shift_hours,gaussian_noise,eligible,DRG,250811::8D-2MT7_Raw.csv,8D-2MT7,True,circular_absolute_error_radians,radians,0.2171448985490565,0.2145459701805812,0.00106569719666183,,,,,,,0.8294324153104914,0.819505240192461,0.004070663440509603,0.06816757369129449,0.06544251663520255,0.002992737655873344,,,,1.0,1.0,10
Hilbert,phase_shift_hours,gaussian_noise,eligible,DRG,251003::2B- 1MT7_Raw.csv,2B- 1MT7,True,circular_absolute_error_radians,radians,0.3437753131858341,0.3527956231469247,-0.001775463910192343,,,,,,,1.313124969755758,1.3475800158004452,-0.006781772582121093,0.021292742846104933,0.0220766569338173,-0.0017923806787341068,,,,1.0,1.0,10
Hilbert,phase_shift_hours,gaussian_noise,eligible,SCN,250625 to 250728::1C-SCN_Raw.csv,1C-SCN,True,circular_absolute_error_radians,radians,0.09578887434896322,0.09266259446381087,0.0033210680603232845,,,,,,,0.36588654830030287,0.3539450387672447,0.012685545555481542,0.00906016696098708,0.00734908983063835,0.0016561328578467787,,,,1.0,1.0,10
Hilbert,phase_shift_hours,gaussian_noise,eligible,SCN,250625 to 250728::6C-SCNmm1_Raw.csv,6C-SCNmm1,True,circular_absolute_error_radians,radians,0.0798540077261487,0.0730187670343816,0.004976326482836413,,,,,,,0.3050198413275592,0.2789111450879368,0.0190081669963805,0.002444212590384139,0.00069422407118705,0.0018272805155954489,,,,1.0,1.0,10
Hilbert,phase_shift_hours,gaussian_noise,eligible,SCN,250625 to 250728::7A-SCNmm2_Raw.csv,7A-SCNmm2,True,circular_absolute_error_radians,radians,0.0783907638255612,0.0755030037466804,9.193829680853582e-05,,,,,,,0.2994306613340976,0.2884002303496819,0.000351178425516685,0.001505676982581602,0.0008287589592938999,0.001260574021058935,,,,1.0,1.0,10
Hilbert,phase_shift_hours,gaussian_noise,eligible,SCN,250625 to 250728::7B-SCNcm2_Raw.csv,7B-SCNcm2,True,circular_absolute_error_radians,radians,0.07866793744736178,0.07392284877373578,0.0062072553528444985,,,,,,,0.30048938658219954,0.28236448295459293,0.02370996893853189,0.003269568691768588,0.0034321574349137,0.0002502222314261141,,,,1.0,1.0,10
Hilbert,phase_shift_hours,gaussian_noise,eligible,SCN,250728::6B-SCNrM2_Raw.csv,6B-SCNrM2,True,circular_absolute_error_radians,radians,0.10704739514313633,0.11564045931594502,-0.003319952965568751,,,,,,,0.40889092997139587,0.44171401731719684,-0.012681286207268744,0.008562563623024034,0.0065818103649746,0.0021783795091945344,,,,1.0,1.0,10
Hilbert,phase_shift_hours,gaussian_noise,eligible,SCN,250728::7A-SCNcM1_Raw.csv,7A-SCNcM1,True,circular_absolute_error_radians,radians,0.08306170109325084,0.08313668537453633,0.00014232790491064407,,,,,,,0.3172723274546966,0.3175587463111953,0.0005436525505546352,0.004345008116140464,0.004813539747678499,0.00019093524773796224,,,,1.0,1.0,10
Hilbert,phase_shift_hours,gaussian_noise,eligible,SCN,250728::7B-SCNcM2_Raw.csv,7B-SCNcM2,True,circular_absolute_error_radians,radians,0.060853307257066946,0.0661465761227813,-0.005911567298920284,,,,,,,0.23244251168285068,0.2526613094050796,-0.02258052376904561,0.004158966819219139,0.00346491351743865,0.0009957399180478908,,,,1.0,1.0,10
Hilbert,phase_shift_hours,gaussian_noise,eligible,SCN,250811::1A-1FSCN_Raw.csv,1A-1FSCN,True,circular_absolute_error_radians,radians,0.2184656832562648,0.21867462241812285,-0.00020937905394902145,,,,,,,0.8344774412683886,0.8352755300783531,-0.0007997690739813268,0.04127092785453111,0.040309571219830045,0.0010069537356967098,,,,1.0,1.0,10
Hilbert,phase_shift_hours,gaussian_noise,eligible,SCN,250811::1B-2MSCN_Raw.csv,1B-2MSCN,True,circular_absolute_error_radians,radians,0.20754005189943547,0.20643795089307537,0.0011021010063601011,,,,,,,0.7927446035842478,0.7885348878334775,0.004209715750770282,0.04044775292095318,0.03971026886355525,0.0011767621282396251,,,,1.0,1.0,10
Hilbert,phase_shift_hours,gaussian_noise,eligible,SCN,250811::1C-3FSCN_Raw.csv,1C-3FSCN,True,circular_absolute_error_radians,radians,0.16760443058976238,0.1704743223449321,-0.002377406910166968,,,,,,,0.6402017666991158,0.6511639457144902,-0.009081025475853655,0.04569437056986671,0.04278062026515295,0.002906980969801954,,,,1.0,1.0,10
Hilbert,phase_shift_hours,gaussian_noise,eligible,SCN,250811::1D-4FSCN_Raw.csv,1D-4FSCN,True,circular_absolute_error_radians,radians,0.1644789464761487,0.16119841422887582,0.0029129731045109963,,,,,,,0.6282632967894323,0.6157325866344121,0.011126737648240015,0.043477331630043026,0.0432417383567996,0.00022021578209892312,,,,1.0,1.0,10
Hilbert,phase_shift_hours,gaussian_noise,eligible,SCN,251003::2A- M1SCn_Raw.csv,2A- M1SCn,True,circular_absolute_error_radians,radians,0.05471821177917535,0.05448952846486188,-0.002214940963121137,,,,,,,0.20900817316331832,0.2081346672463033,-0.008460451270498853,0.0034338782032064135,0.004704840981686401,-0.00029943816134047116,,,,1.0,1.0,10
Hilbert,phase_shift_hours,gaussian_noise,eligible,SCN,251003::4B-M3SCN_Raw.csv,4B-M3SCN,True,circular_absolute_error_radians,radians,0.1964808974691563,0.19851955238274344,-0.0016925760870449835,,,,,,,0.7505017453283543,0.7582888334904976,-0.00646516441949635,0.017653534245784766,0.0169249037155714,-0.0002469145811793347,,,,1.0,1.0,10
Hilbert,phase_shift_hours,gaussian_noise,ineligible,DRG,250625 to 250728::5A-T10m1_Raw.csv,5A-T10m1,True,circular_absolute_error_radians,radians,0.30211157081488516,0.3021299844038692,-0.0032673323069829507,,,,,,,1.1539811966507076,1.1540515313796726,-0.012480290097124258,0.029857361327001238,0.029152005145262748,0.0012127309209755861,,,,1.0,1.0,10
Hilbert,phase_shift_hours,missing_block_6h,difficult,DRG,250625 to 250728::1D-L2m2_Raw.csv,1D-L2m2,True,circular_absolute_error_radians,radians,0.24522478656715796,0.23949066021344656,-0.0007709283574186543,,,,,,,0.9366896868196369,0.9147869375354767,-0.0029447294124694823,0.018688124928288044,0.0190647331856955,-0.0006474211082667354,,,,1.0,1.0,10
Hilbert,phase_shift_hours,missing_block_6h,difficult,DRG,250625 to 250728::4B-T12m2_Raw.csv,4B-T12m2,True,circular_absolute_error_radians,radians,0.16230738239219855,0.16617246445955103,0.005444553156038978,,,,,,,0.6199685329925966,0.6347320589879963,0.02079666114504436,0.013420158794563621,0.01549767400877355,0.0008790191549913667,,,,1.0,1.0,10
Hilbert,phase_shift_hours,missing_block_6h,difficult,DRG,250625 to 250728::5C-T12_Raw.csv,5C-T12,True,circular_absolute_error_radians,radians,0.22577684564936584,0.22187991995182665,0.0021877785929405036,,,,,,,0.862404024499019,0.8475188647960143,0.008356698658970763,0.030210998469964848,0.03112343355275515,-0.0006786117936476693,,,,1.0,1.0,10
Hilbert,phase_shift_hours,missing_block_6h,difficult,DRG,250625 to 250728::8A-L3_Raw.csv,8A-L3,True,circular_absolute_error_radians,radians,0.34229543451521693,0.34693882810437193,-0.0018718630679579462,,,,,,,1.3074722496212385,1.3252087066396843,-0.0071499902413599825,0.02440442263321183,0.0254555766890594,-0.0002257321050432269,,,,1.0,1.0,10
Hilbert,phase_shift_hours,missing_block_6h,difficult,DRG,250811::2C-2ML1_Raw.csv,2C-2ML1,True,circular_absolute_error_radians,radians,0.32097912233284687,0.3313754328459848,-0.010604914786565445,,,,,,,1.2260499347656983,1.2657609157597176,-0.04050779062440524,0.034015081804152345,0.0318159242161803,0.0024167777831754916,,,,1.0,1.0,10
Hilbert,phase_shift_hours,missing_block_6h,difficult,DRG,250811::5A-2ML2_Raw.csv,5A-2ML2,True,circular_absolute_error_radians,radians,0.38521469117399354,0.3767375604694536,-0.006597317633111999,,,,,,,1.4714117340470154,1.4390314799302888,-0.025199897098970303,0.03753942610700858,0.034633414897078954,0.0027008891324694986,,,,1.0,1.0,10
Hilbert,phase_shift_hours,missing_block_6h,difficult,DRG,250811::7C-1FT12_Raw.csv,7C-1FT12,True,circular_absolute_error_radians,radians,0.08389348008073694,0.0938720998238316,0.002278166357196909,,,,,,,0.32044948915273785,0.35856500892908727,0.008701954486405053,0.04489627452607766,0.04753806814824725,-0.0012786420600534101,,,,1.0,1.0,10
Hilbert,phase_shift_hours,missing_block_6h,difficult,DRG,250811::8A-1FT5_Raw.csv,8A-1FT5,True,circular_absolute_error_radians,radians,0.20995207703183483,0.20592286649004854,-0.001996488980264388,,,,,,,0.8019578609286455,0.7865674103410473,-0.007626026160901744,0.0689947040888495,0.0576919448147217,0.006059301094304796,,,,1.0,1.0,10
Hilbert,phase_shift_hours,missing_block_6h,difficult,DRG,251003::2C- M1L1_Raw.csv,2C- M1L1,True,circular_absolute_error_radians,radians,0.3399181815395318,0.3374543410536157,-0.002479161075161329,,,,,,,1.2983918121317934,1.28898063471603,-0.009469697755990603,0.023983035394417318,0.02483804000314425,-0.0006932686429058574,,,,1.0,1.0,10
Hilbert,phase_shift_hours,missing_block_6h,difficult,DRG,251003::2D- M1L4_Raw.csv,2D- M1L4,True,circular_absolute_error_radians,radians,0.26485303079401845,0.26605868046735637,0.008244652787659845,,,,,,,1.0116640570497122,1.0162692995732847,0.03149225388557847,0.017629338525837285,0.01670312146374945,-0.000241147492518674,,,,1.0,1.0,10
Hilbert,phase_shift_hours,missing_block_6h,difficult,SCN,250728::6A-SCNrM1_Raw.csv,6A-SCNrM1,True,circular_absolute_error_radians,radians,0.15191231403697047,0.15709263335806867,0.0030808048485830852,,,,,,,0.5802622966922921,0.6000496589342256,0.0117678076884834,0.014653427450167626,0.01341853471708465,0.0014723276747258757,,,,1.0,1.0,10
Hilbert,phase_shift_hours,missing_block_6h,eligible,DRG,250625 to 250728::1B-L1m2_Raw.csv,1B-L1m2,True,circular_absolute_error_radians,radians,0.3530287208864946,0.36658738501804766,-0.006443195030552573,,,,,,,1.3484703835798717,1.4002606656180985,-0.024611192122021897,0.009955294206787467,0.011972826715113901,0.0012905416843447546,,,,1.0,1.0,10
Hilbert,phase_shift_hours,missing_block_6h,eligible,DRG,250625 to 250728::2C-L3m2_Raw.csv,2C-L3m2,True,circular_absolute_error_radians,radians,0.1998318147570175,0.1984691387782347,0.004210429740208355,,,,,,,0.7633013065344789,0.7580962677059381,0.016082656936686812,0.023874720551355248,0.0304596719709479,-0.0026495841887246713,,,,1.0,1.0,10
Hilbert,phase_shift_hours,missing_block_6h,eligible,DRG,250625 to 250728::3A-L5m2_Raw.csv,3A-L5m2,True,circular_absolute_error_radians,radians,0.3200873265711217,0.32138876246553316,0.0008415526003133778,,,,,,,1.2226435258767312,1.2276146448138383,0.0032144941490811485,0.010208759266659876,0.0067146568321835,0.004127317135242689,,,,1.0,1.0,10
Hilbert,phase_shift_hours,missing_block_6h,eligible,DRG,250625 to 250728::3B-T10m2_Raw.csv,3B-T10m2,True,circular_absolute_error_radians,radians,0.21951436289309512,0.2035026942687399,0.0025109998905854525,,,,,,,0.8384831024185012,0.7773230334093282,0.009591313072557173,0.020485997399988375,0.0220422366066775,-0.0010551241286969274,,,,1.0,1.0,10
Hilbert,phase_shift_hours,missing_block_6h,eligible,DRG,250625 to 250728::4C-T5m1_Raw.csv,4C-T5m1,True,circular_absolute_error_radians,radians,0.08134601003446784,0.09112200742681709,-0.014735127207242016,,,,,,,0.31071887034692347,0.3480604297544241,-0.05628403997089061,0.010154343064358584,0.0051579752588307,0.001088004591248721,,,,1.0,1.0,10
Hilbert,phase_shift_hours,missing_block_6h,eligible,DRG,250625 to 250728::4D-T7m1_Raw.csv,4D-T7m1,True,circular_absolute_error_radians,radians,0.3850155519822893,0.38569423562612726,0.0038200786944315723,,,,,,,1.4706510783656623,1.4732434589267607,0.01459162577325157,0.01781385149617223,0.021559336648293848,-0.0026829525127530004,,,,1.0,1.0,10
Hilbert,phase_shift_hours,missing_block_6h,eligible,DRG,250625 to 250728::5B-T12m2_Raw.csv,5B-T12m2,True,circular_absolute_error_radians,radians,0.21865838356751355,0.22439631902104384,-0.0015331885610692098,,,,,,,0.8352135022380827,0.8571308012118006,-0.0058563489164668026,0.018730096348234623,0.01799885230771,0.0006799742138784252,,,,1.0,1.0,10
Hilbert,phase_shift_hours,missing_block_6h,eligible,DRG,250625 to 250728::5D-T10_Raw.csv,5D-T10,True,circular_absolute_error_radians,radians,0.16214731039479346,0.1760121090520652,-0.014617435833535808,,,,,,,0.6193571030012939,0.672316732791982,-0.05583449203765975,0.029316435654299908,0.0287439940223278,0.002614339530509182,,,,1.0,1.0,10
Hilbert,phase_shift_hours,missing_block_6h,eligible,DRG,250625 to 250728::6A-T7_Raw.csv,6A-T7,True,circular_absolute_error_radians,radians,0.24520050435766194,0.2286779687069056,0.008998403840401181,,,,,,,0.9365969356115453,0.8734854983020268,0.034371370827286585,0.03443564501142571,0.03617258340842395,0.00011551010644344703,,,,1.0,1.0,10
Hilbert,phase_shift_hours,missing_block_6h,eligible,DRG,250625 to 250728::6B-T5_Raw.csv,6B-T5,True,circular_absolute_error_radians,radians,0.3204845896717943,0.33289115117826773,0.0008220388528137335,,,,,,,1.2241609591450524,1.2715505333177455,0.0031399571241333968,0.02033569351234366,0.02543013974027345,6.224226951952877e-06,,,,1.0,1.0,10
Hilbert,phase_shift_hours,missing_block_6h,eligible,DRG,250625 to 250728::7C-L1_Raw.csv,7C-L1,True,circular_absolute_error_radians,radians,0.23488672792721088,0.234354143520058,0.004475645006458251,,,,,,,0.8972012115911221,0.8951668890068329,0.017095704631257314,0.026741669706635246,0.02176282340032425,0.005391871232337848,,,,1.0,1.0,10
Hilbert,phase_shift_hours,missing_block_6h,eligible,DRG,250625 to 250728::7D-L2_Raw.csv,7D-L2,True,circular_absolute_error_radians,radians,0.32468248049346515,0.3355837131690371,-0.0006442053875055365,,,,,,,1.2401957209409487,1.2818353625276409,-0.002460683322910495,0.0306824337725026,0.032107537370946654,-0.000712338555326774,,,,1.0,1.0,10
Hilbert,phase_shift_hours,missing_block_6h,eligible,DRG,250625 to 250728::8B-L2m1_Raw.csv,8B-L2m1,True,circular_absolute_error_radians,radians,0.12894638459792662,0.1310095955297823,0.002953553878569437,,,,,,,0.49253890806212786,0.5004197933048335,0.01128174478710156,0.018133708538949703,0.0052812854701745,0.013114329125505033,,,,1.0,1.0,10
Hilbert,phase_shift_hours,missing_block_6h,eligible,DRG,250625 to 250728::8C-L3m1_Raw.csv,8C-L3m1,True,circular_absolute_error_radians,radians,0.3259735080245434,0.31760720680091903,0.005408034671155804,,,,,,,1.2451270828586807,1.2131701661754266,0.02065717080784324,0.022752310905423047,0.026523787643879353,-0.0018852879141385195,,,,1.0,1.0,10
Hilbert,phase_shift_hours,missing_block_6h,eligible,DRG,250625 to 250728::8D-L4-1m1_Raw.csv,8D-L4-1m1,True,circular_absolute_error_radians,radians,0.3717485556470219,0.38412732012961603,-0.003905494545836774,,,,,,,1.4199748852439056,1.4672582826065113,-0.014917890292520664,0.01799374783852687,0.018678013195861203,-0.0008792716470129788,,,,1.0,1.0,10
Hilbert,phase_shift_hours,missing_block_6h,eligible,DRG,250811::2D-1FL2_Raw.csv,2D-1FL2,True,circular_absolute_error_radians,radians,0.32168036694334234,0.3070115806116942,0.014573700770206699,,,,,,,1.2287284918715438,1.1726978553793685,0.05566743640129346,0.0785055323509902,0.07233226500322365,0.004801008044613725,,,,1.0,1.0,10
Hilbert,phase_shift_hours,missing_block_6h,eligible,DRG,250811::3A-1FL4_Raw.csv,3A-1FL4,True,circular_absolute_error_radians,radians,0.40557168679567734,0.41412638083427544,-0.008200401154720538,,,,,,,1.5491697295596007,1.5818462537887603,-0.03132322509864627,0.05361562603468942,0.0531075231073406,0.00025133485859959656,,,,1.0,1.0,10
Hilbert,phase_shift_hours,missing_block_6h,eligible,DRG,250811::3D-1FT10_Raw.csv,3D-1FT10,True,circular_absolute_error_radians,radians,0.13737209870574074,0.14440376080652206,0.004436744442401164,,,,,,,0.5247227652462335,0.5515817360020244,0.016947115421847375,0.0232819705945516,0.03299707750054415,-0.009837471659509751,,,,1.0,1.0,10
Hilbert,phase_shift_hours,missing_block_6h,eligible,DRG,250811::4A-2MT10_Raw.csv,4A-2MT10,True,circular_absolute_error_radians,radians,0.13394826595838216,0.1060414853984406,0.015033592717813349,,,,,,,0.511644687500745,0.4050486377752528,0.05742409424328754,0.032411444401925484,0.03812807604938985,-0.006236800139497466,,,,1.0,1.0,10
Hilbert,phase_shift_hours,missing_block_6h,eligible,DRG,250811::4C-2MT5_Raw.csv,4C-2MT5,True,circular_absolute_error_radians,radians,0.38044720263403287,0.3853742013147716,-0.0024707893100028855,,,,,,,1.4532012692325667,1.4720210179040905,-0.009437719968613867,0.04897855672271944,0.0555206576536713,-0.004632329167477554,,,,1.0,1.0,10
Hilbert,phase_shift_hours,missing_block_6h,eligible,DRG,250811::4D-1FL4_Raw.csv,4D-1FL4,True,circular_absolute_error_radians,radians,0.2804313453439251,0.27617284312091517,0.001577490297770101,,,,,,,1.0711688354255051,1.0549025551304685,0.006025569085670757,0.07573348272096195,0.07884623365013796,-0.001355167406491456,,,,1.0,1.0,10
Hilbert,phase_shift_hours,missing_block_6h,eligible,DRG,250811::5C-1FT7_Raw.csv,5C-1FT7,True,circular_absolute_error_radians,radians,0.3447475892504799,0.3444720630813005,-0.001099732514330043,,,,,,,1.3168387907574777,1.3157863583148521,-0.004200668777628147,0.038265423775345524,0.033306440050706196,9.252819694774428e-05,,,,1.0,1.0,10
Hilbert,phase_shift_hours,missing_block_6h,eligible,DRG,250811::6A-1FL1_Raw.csv,6A-1FL1,True,circular_absolute_error_radians,radians,0.3482700147521849,0.3465875350994274,0.0015525816179149388,,,,,,,1.3302934650839409,1.3238668662026316,0.00593042493707463,0.04045048124619414,0.047243626508108996,-0.0017107159168849757,,,,1.0,1.0,10
Hilbert,phase_shift_hours,missing_block_6h,eligible,DRG,250811::6B-2ML3_Raw.csv,6B-2ML3,True,circular_absolute_error_radians,radians,0.27037693855522216,0.2749101653241499,-0.0006721609070259316,,,,,,,1.0327638304588143,1.0500794812211667,-0.002567465541751468,0.08523409100225343,0.08366537483378414,0.00045876692992963264,,,,1.0,1.0,10
Hilbert,phase_shift_hours,missing_block_6h,eligible,DRG,250811::7D-2MT12_Raw.csv,7D-2MT12,True,circular_absolute_error_radians,radians,0.3083874959104189,0.30249589120163645,-0.0022079479194268004,,,,,,,1.1779534646849958,1.1554491923934869,-0.008433739811189667,0.07439779140393374,0.07079906960623686,0.006616686481486479,,,,1.0,1.0,10
Hilbert,phase_shift_hours,missing_block_6h,eligible,DRG,250811::8C-2ML4_Raw.csv,8C-2ML4,True,circular_absolute_error_radians,radians,0.13762113104273443,0.14085692224125368,0.0017081444455158135,,,,,,,0.5256739987043682,0.5380338106417502,0.0065246311684514224,0.05271549861945856,0.0478468694287041,0.0009175730252701242,,,,1.0,1.0,10
Hilbert,phase_shift_hours,missing_block_6h,eligible,DRG,250811::8D-2MT7_Raw.csv,8D-2MT7,True,circular_absolute_error_radians,radians,0.226380820807228,0.2145459701805812,0.009409981495349218,,,,,,,0.8647110396641022,0.819505240192461,0.0359434816653143,0.06861676868054176,0.06544251663520255,0.0014481388995812375,,,,1.0,1.0,10
Hilbert,phase_shift_hours,missing_block_6h,eligible,DRG,251003::2B- 1MT7_Raw.csv,2B- 1MT7,True,circular_absolute_error_radians,radians,0.3646161819971323,0.3527956231469247,0.0086897370881438,,,,,,,1.392731224707306,1.3475800158004452,0.033192350681929494,0.022104641010957486,0.0220766569338173,0.0002512589203007721,,,,1.0,1.0,10
Hilbert,phase_shift_hours,missing_block_6h,eligible,SCN,250625 to 250728::1C-SCN_Raw.csv,1C-SCN,True,circular_absolute_error_radians,radians,0.09741883931663575,0.09266259446381087,0.004325221412511127,,,,,,,0.3721125558604238,0.3539450387672447,0.016521128826433307,0.009589183719773825,0.00734908983063835,0.0025426602994868706,,,,1.0,1.0,10
Hilbert,phase_shift_hours,missing_block_6h,eligible,SCN,250625 to 250728::6C-SCNmm1_Raw.csv,6C-SCNmm1,True,circular_absolute_error_radians,radians,0.07308896874893067,0.0730187670343816,-0.0006968279425088042,,,,,,,0.2791792958851531,0.2789111450879368,-0.002661686676835945,0.00840600546616702,0.00069422407118705,0.00697689081609532,,,,1.0,1.0,10
Hilbert,phase_shift_hours,missing_block_6h,eligible,SCN,250625 to 250728::7A-SCNmm2_Raw.csv,7A-SCNmm2,True,circular_absolute_error_radians,radians,0.06538945346943659,0.0755030037466804,-0.009666164746118255,,,,,,,0.24976931389771967,0.2884002303496819,-0.03692202960204806,0.005577279407973718,0.0008287589592938999,0.004506720292165018,,,,1.0,1.0,10
Hilbert,phase_shift_hours,missing_block_6h,eligible,SCN,250625 to 250728::7B-SCNcm2_Raw.csv,7B-SCNcm2,True,circular_absolute_error_radians,radians,0.06928362133033095,0.07392284877373578,0.0016983052947345811,,,,,,,0.26464393944070197,0.28236448295459293,0.0064870483808674995,0.011093835088546816,0.0034321574349137,0.008673436538256665,,,,1.0,1.0,10
Hilbert,phase_shift_hours,missing_block_6h,eligible,SCN,250728::6B-SCNrM2_Raw.csv,6B-SCNrM2,True,circular_absolute_error_radians,radians,0.11403476989242001,0.11564045931594502,-0.0025363291784650244,,,,,,,0.43558073550541165,0.44171401731719684,-0.009688063825461946,0.01130833155411174,0.0065818103649746,0.004523152257706423,,,,1.0,1.0,10
Hilbert,phase_shift_hours,missing_block_6h,eligible,SCN,250728::7A-SCNcM1_Raw.csv,7A-SCNcM1,True,circular_absolute_error_radians,radians,0.08946263596277126,0.08313668537453633,0.0022868818661265777,,,,,,,0.34172209765213946,0.3175587463111953,0.008735245278270354,0.005151413352660363,0.004813539747678499,0.001456831035747213,,,,1.0,1.0,10
Hilbert,phase_shift_hours,missing_block_6h,eligible,SCN,250728::7B-SCNcM2_Raw.csv,7B-SCNcM2,True,circular_absolute_error_radians,radians,0.05889138282548512,0.0661465761227813,-0.007985781665567737,,,,,,,0.22494851237263455,0.2526613094050796,-0.030503439036665636,0.006980844474646125,0.00346491351743865,0.003104198845287621,,,,1.0,1.0,10
Hilbert,phase_shift_hours,missing_block_6h,eligible,SCN,250811::1A-1FSCN_Raw.csv,1A-1FSCN,True,circular_absolute_error_radians,radians,0.2283208371267178,0.21867462241812285,0.0068478051089115866,,,,,,,0.8721213561503203,0.8352755300783531,0.026156688777917103,0.0406701631155453,0.040309571219830045,0.0003932775835989999,,,,1.0,1.0,10
Hilbert,phase_shift_hours,missing_block_6h,eligible,SCN,250811::1B-2MSCN_Raw.csv,1B-2MSCN,True,circular_absolute_error_radians,radians,0.2220187945249681,0.20643795089307537,0.015670614951329043,,,,,,,0.84804932659086,0.7885348878334775,0.05985733993905068,0.041371582200838225,0.03971026886355525,0.0014667982777859002,,,,1.0,1.0,10
Hilbert,phase_shift_hours,missing_block_6h,eligible,SCN,250811::1C-3FSCN_Raw.csv,1C-3FSCN,True,circular_absolute_error_radians,radians,0.172656929973094,0.1704743223449321,0.00018965948151716816,,,,,,,0.6595008927429393,0.6511639457144902,0.0007244458557048583,0.04397223111169357,0.04278062026515295,0.0001615011851136168,,,,1.0,1.0,10
Hilbert,phase_shift_hours,missing_block_6h,eligible,SCN,250811::1D-4FSCN_Raw.csv,1D-4FSCN,True,circular_absolute_error_radians,radians,0.1741090352753143,0.16119841422887582,0.010285969666202988,,,,,,,0.6650475264246587,0.6157325866344121,0.03928951000486797,0.043957285474347976,0.0432417383567996,0.00011212232852677792,,,,1.0,1.0,10
Hilbert,phase_shift_hours,missing_block_6h,eligible,SCN,251003::2A- M1SCn_Raw.csv,2A- M1SCn,True,circular_absolute_error_radians,radians,0.06361591271331202,0.05448952846486188,0.00862638990234288,,,,,,,0.24299488722302773,0.2081346672463033,0.032950382255901134,0.006084781708965364,0.004704840981686401,0.0013103756292554645,,,,1.0,1.0,10
Hilbert,phase_shift_hours,missing_block_6h,eligible,SCN,251003::4B-M3SCN_Raw.csv,4B-M3SCN,True,circular_absolute_error_radians,radians,0.1994822872038997,0.19851955238274344,0.009518380078802124,,,,,,,0.7619662096266668,0.7582888334904976,0.03635753375445072,0.019264799199870026,0.0169249037155714,0.0021257082253102483,,,,1.0,1.0,10
Hilbert,phase_shift_hours,missing_block_6h,ineligible,DRG,250625 to 250728::5A-T10m1_Raw.csv,5A-T10m1,True,circular_absolute_error_radians,radians,0.3143564793923712,0.3021299844038692,0.00830890841541887,,,,,,,1.2007533021182737,1.1540515313796726,0.03173769230428225,0.027707331523644102,0.029152005145262748,-0.0012857540665049995,,,,1.0,1.0,10
Hilbert,phase_shift_hours,transient_artifact,difficult,DRG,250625 to 250728::1D-L2m2_Raw.csv,1D-L2m2,True,circular_absolute_error_radians,radians,0.25511817151091476,0.23949066021344656,0.018010111215474467,,,,,,,0.9744796336446728,0.9147869375354767,0.06879355741386106,0.045975492039414145,0.0190647331856955,0.030601426451127248,,,,1.0,1.0,10
Hilbert,phase_shift_hours,transient_artifact,difficult,DRG,250625 to 250728::4B-T12m2_Raw.csv,4B-T12m2,True,circular_absolute_error_radians,radians,0.2211054541354669,0.16617246445955103,0.039270896913645714,,,,,,,0.8445606232857099,0.6347320589879963,0.1500037767230154,0.05485753647275185,0.01549767400877355,0.039359862463978296,,,,1.0,1.0,10
Hilbert,phase_shift_hours,transient_artifact,difficult,DRG,250625 to 250728::5C-T12_Raw.csv,5C-T12,True,circular_absolute_error_radians,radians,0.27789044853688893,0.22187991995182665,0.04409645027890008,,,,,,,1.0614633245440759,0.8475188647960143,0.16843603283263042,0.020215218323616932,0.03112343355275515,-0.008608965277078011,,,,1.0,1.0,10
Hilbert,phase_shift_hours,transient_artifact,difficult,DRG,250625 to 250728::8A-L3_Raw.csv,8A-L3,True,circular_absolute_error_radians,radians,0.3317102483710994,0.34693882810437193,-0.009488328601449325,,,,,,,1.2670398168600192,1.3252087066396843,-0.03624274556642093,0.02664647650071854,0.0254555766890594,0.0016440744278141857,,,,1.0,1.0,10
Hilbert,phase_shift_hours,transient_artifact,difficult,DRG,250811::2C-2ML1_Raw.csv,2C-2ML1,True,circular_absolute_error_radians,radians,0.33302539220732363,0.3313754328459848,-0.007932992609656964,,,,,,,1.2720632962779053,1.2657609157597176,-0.030301799696121123,0.03387565052351052,0.0318159242161803,0.0032476026778273746,,,,1.0,1.0,10
Hilbert,phase_shift_hours,transient_artifact,difficult,DRG,250811::5A-2ML2_Raw.csv,5A-2ML2,True,circular_absolute_error_radians,radians,0.38089725848582345,0.3767375604694536,-0.015051236934272794,,,,,,,1.4549203559560844,1.4390314799302888,-0.05749149018568378,0.05196852211351333,0.034633414897078954,0.0013853073298556312,,,,1.0,1.0,10
Hilbert,phase_shift_hours,transient_artifact,difficult,DRG,250811::7C-1FT12_Raw.csv,7C-1FT12,True,circular_absolute_error_radians,radians,0.15568374494176118,0.0938720998238316,0.05595960101141628,,,,,,,0.5946681015969396,0.35856500892908727,0.21374993074601106,0.06049955380437147,0.04753806814824725,0.006695365279442665,,,,1.0,1.0,10
Hilbert,phase_shift_hours,transient_artifact,difficult,DRG,250811::8A-1FT5_Raw.csv,8A-1FT5,True,circular_absolute_error_radians,radians,0.19883260275128922,0.20592286649004854,0.005852555352284128,,,,,,,0.7594845978166769,0.7865674103410473,0.022355114736838766,0.04994862170358061,0.0576919448147217,-0.006998751167807845,,,,1.0,1.0,10
Hilbert,phase_shift_hours,transient_artifact,difficult,DRG,251003::2C- M1L1_Raw.csv,2C- M1L1,True,circular_absolute_error_radians,radians,0.35606861436796855,0.3374543410536157,0.0173794100079796,,,,,,,1.3600819213570574,1.28898063471603,0.06638445625897704,0.033025431602205134,0.02483804000314425,0.008481142080459633,,,,1.0,1.0,10
Hilbert,phase_shift_hours,transient_artifact,difficult,DRG,251003::2D- M1L4_Raw.csv,2D- M1L4,True,circular_absolute_error_radians,radians,0.2688270656052243,0.26605868046735637,0.0019022127882983852,,,,,,,1.0268437518710565,1.0162692995732847,0.0072659176336873355,0.06002603484163976,0.01670312146374945,0.04165509937281796,,,,1.0,1.0,10
Hilbert,phase_shift_hours,transient_artifact,difficult,SCN,250728::6A-SCNrM1_Raw.csv,6A-SCNrM1,True,circular_absolute_error_radians,radians,0.15455134186842168,0.15709263335806867,0.010285572996785675,,,,,,,0.590342640476273,0.6000496589342256,0.039287994839303064,0.034946767856978894,0.01341853471708465,0.021425107711789543,,,,1.0,1.0,10
Hilbert,phase_shift_hours,transient_artifact,eligible,DRG,250625 to 250728::1B-L1m2_Raw.csv,1B-L1m2,True,circular_absolute_error_radians,radians,0.35337374786154996,0.36658738501804766,-0.014103848422173826,,,,,,,1.3497882895457942,1.4002606656180985,-0.05387273263218717,0.01710664238771588,0.011972826715113901,0.004776308308052105,,,,1.0,1.0,10
Hilbert,phase_shift_hours,transient_artifact,eligible,DRG,250625 to 250728::2C-L3m2_Raw.csv,2C-L3m2,True,circular_absolute_error_radians,radians,0.20144722946946714,0.1984691387782347,0.0038141644286362464,,,,,,,0.7694717362135925,0.7580962677059381,0.014569034941985581,0.03799638791183693,0.0304596719709479,0.007016559285060833,,,,1.0,1.0,10
Hilbert,phase_shift_hours,transient_artifact,eligible,DRG,250625 to 250728::3A-L5m2_Raw.csv,3A-L5m2,True,circular_absolute_error_radians,radians,0.2672598087959024,0.32138876246553316,-0.058660161245462916,,,,,,,1.0208572718319042,1.2276146448138383,-0.22406531099479338,0.022898730279947228,0.0067146568321835,0.017588748332664217,,,,1.0,1.0,10
Hilbert,phase_shift_hours,transient_artifact,eligible,DRG,250625 to 250728::3B-T10m2_Raw.csv,3B-T10m2,True,circular_absolute_error_radians,radians,0.22553723945776705,0.2035026942687399,-0.0023967230658108463,,,,,,,0.861488796264098,0.7773230334093282,-0.009154807755507866,0.027032540385721983,0.0220422366066775,0.001440634750782377,,,,1.0,1.0,10
Hilbert,phase_shift_hours,transient_artifact,eligible,DRG,250625 to 250728::4C-T5m1_Raw.csv,4C-T5m1,True,circular_absolute_error_radians,radians,0.1378447943815191,0.09112200742681709,0.039405570728337835,,,,,,,0.5265283297273124,0.3480604297544241,0.1505181928025344,0.022350047509258182,0.0051579752588307,0.01670083724567689,,,,1.0,1.0,10
Hilbert,phase_shift_hours,transient_artifact,eligible,DRG,250625 to 250728::4D-T7m1_Raw.csv,4D-T7m1,True,circular_absolute_error_radians,radians,0.41365991633605104,0.38569423562612726,0.03449788044797941,,,,,,,1.5800644906526973,1.4732434589267607,0.13177219678774021,0.04348601811047862,0.021559336648293848,0.021505803127046273,,,,1.0,1.0,10
Hilbert,phase_shift_hours,transient_artifact,eligible,DRG,250625 to 250728::5B-T12m2_Raw.csv,5B-T12m2,True,circular_absolute_error_radians,radians,0.26662007750317995,0.22439631902104384,0.03091352077864684,,,,,,,1.018413678292208,0.8571308012118006,0.1180809513670959,0.024771738845088757,0.01799885230771,0.007695666968843008,,,,1.0,1.0,10
Hilbert,phase_shift_hours,transient_artifact,eligible,DRG,250625 to 250728::5D-T10_Raw.csv,5D-T10,True,circular_absolute_error_radians,radians,0.1495038639973505,0.1760121090520652,-0.007273551219846297,,,,,,,0.5710626951964026,0.672316732791982,-0.027782919131294936,0.07220754014994495,0.0287439940223278,0.043294385597593896,,,,1.0,1.0,10
Hilbert,phase_shift_hours,transient_artifact,eligible,DRG,250625 to 250728::6A-T7_Raw.csv,6A-T7,True,circular_absolute_error_radians,radians,0.25102394964025354,0.2286779687069056,0.04200858158275622,,,,,,,0.9588408580727366,0.8734854983020268,0.16046096186819536,0.046759231462032515,0.03617258340842395,0.005609618625943363,,,,1.0,1.0,10
Hilbert,phase_shift_hours,transient_artifact,eligible,DRG,250625 to 250728::6B-T5_Raw.csv,6B-T5,True,circular_absolute_error_radians,radians,0.3107469602464459,0.33289115117826773,-0.024109914369397245,,,,,,,1.1869659545760616,1.2715505333177455,-0.09209308918588521,0.03901927022682702,0.02543013974027345,0.010195369638316317,,,,1.0,1.0,10
Hilbert,phase_shift_hours,transient_artifact,eligible,DRG,250625 to 250728::7C-L1_Raw.csv,7C-L1,True,circular_absolute_error_radians,radians,0.239040170825509,0.234354143520058,0.019974912146270896,,,,,,,0.9130661948258598,0.8951668890068329,0.07629854414172843,0.0468939156852502,0.02176282340032425,0.024520104639274152,,,,1.0,1.0,10
Hilbert,phase_shift_hours,transient_artifact,eligible,DRG,250625 to 250728::7D-L2_Raw.csv,7D-L2,True,circular_absolute_error_radians,radians,0.2998650283444264,0.3355837131690371,-0.04324016723168356,,,,,,,1.1454000365137624,1.2818353625276409,-0.1651652725210233,0.033383517592651825,0.032107537370946654,0.0032757218363929728,,,,1.0,1.0,10
Hilbert,phase_shift_hours,transient_artifact,eligible,DRG,250625 to 250728::8B-L2m1_Raw.csv,8B-L2m1,True,circular_absolute_error_radians,radians,0.1990859396228044,0.1310095955297823,0.0680763440930221,,,,,,,0.7604522733855348,0.5004197933048335,0.26003248008070123,0.023780655675918867,0.0052812854701745,0.01823124425644925,,,,1.0,1.0,10
Hilbert,phase_shift_hours,transient_artifact,eligible,DRG,250625 to 250728::8C-L3m1_Raw.csv,8C-L3m1,True,circular_absolute_error_radians,radians,0.27787042873107626,0.31760720680091903,-0.020810587154706184,,,,,,,1.06138685451876,1.2131701661754266,-0.07949058754358845,0.03628621511554764,0.026523787643879353,0.012985279780237158,,,,1.0,1.0,10
Hilbert,phase_shift_hours,transient_artifact,eligible,DRG,250625 to 250728::8D-L4-1m1_Raw.csv,8D-L4-1m1,True,circular_absolute_error_radians,radians,0.42365030066571574,0.38412732012961603,0.05099816315911809,,,,,,,1.6182249478395923,1.4672582826065113,0.19479863412913512,0.015151955301092564,0.018678013195861203,-0.00303299864364788,,,,1.0,1.0,10
Hilbert,phase_shift_hours,transient_artifact,eligible,DRG,250811::2D-1FL2_Raw.csv,2D-1FL2,True,circular_absolute_error_radians,radians,0.340755464405901,0.3070115806116942,0.033672998584276526,,,,,,,1.301589997098565,1.1726978553793685,0.12862138016193614,0.0802319868338285,0.07233226500322365,0.007329939266616771,,,,1.0,1.0,10
Hilbert,phase_shift_hours,transient_artifact,eligible,DRG,250811::3A-1FL4_Raw.csv,3A-1FL4,True,circular_absolute_error_radians,radians,0.3469397927341009,0.41412638083427544,-0.06949417559875548,,,,,,,1.3252123912538352,1.5818462537887603,-0.2654481975033146,0.049963847103146,0.0531075231073406,-0.0028317945857430846,,,,1.0,1.0,10
Hilbert,phase_shift_hours,transient_artifact,eligible,DRG,250811::3D-1FT10_Raw.csv,3D-1FT10,True,circular_absolute_error_radians,radians,0.18710623749587008,0.14440376080652206,0.0433935216828516,,,,,,,0.7146931819390525,0.5515817360020244,0.1657510433757881,0.042115738788928624,0.03299707750054415,0.006751045433819176,,,,1.0,1.0,10
Hilbert,phase_shift_hours,transient_artifact,eligible,DRG,250811::4A-2MT10_Raw.csv,4A-2MT10,True,circular_absolute_error_radians,radians,0.2855389019876464,0.1060414853984406,0.16706335371739556,,,,,,,1.0906782647127875,0.4050486377752528,0.6381350052871985,0.04238013578522519,0.03812807604938985,0.008543026045664336,,,,1.0,1.0,10
Hilbert,phase_shift_hours,transient_artifact,eligible,DRG,250811::4C-2MT5_Raw.csv,4C-2MT5,True,circular_absolute_error_radians,radians,0.3531629516367567,0.3853742013147716,-0.01847192013149268,,,,,,,1.3489831072779312,1.4720210179040905,-0.07055753753581806,0.05433410045257861,0.0555206576536713,-0.0008084278511500433,,,,1.0,1.0,10
Hilbert,phase_shift_hours,transient_artifact,eligible,DRG,250811::4D-1FL4_Raw.csv,4D-1FL4,True,circular_absolute_error_radians,radians,0.32897184549138814,0.27617284312091517,0.04766895621058964,,,,,,,1.256579888352424,1.0549025551304685,0.18208200031071486,0.08735144184340077,0.07884623365013796,0.008296553499692369,,,,1.0,1.0,10
Hilbert,phase_shift_hours,transient_artifact,eligible,DRG,250811::5C-1FT7_Raw.csv,5C-1FT7,True,circular_absolute_error_radians,radians,0.30445466222343587,0.3444720630813005,-0.03803947881521097,,,,,,,1.1629311465655956,1.3157863583148521,-0.14530010606592636,0.07266149127725754,0.033306440050706196,0.036012421259025436,,,,1.0,1.0,10
Hilbert,phase_shift_hours,transient_artifact,eligible,DRG,250811::6A-1FL1_Raw.csv,6A-1FL1,True,circular_absolute_error_radians,radians,0.36466969949774586,0.3465875350994274,0.027219135481509227,,,,,,,1.3929356465016556,1.3238668662026316,0.10396943900568456,0.05329927082619159,0.047243626508108996,0.006609283383598941,,,,1.0,1.0,10
Hilbert,phase_shift_hours,transient_artifact,eligible,DRG,250811::6B-2ML3_Raw.csv,6B-2ML3,True,circular_absolute_error_radians,radians,0.2706393828754985,0.2749101653241499,-0.006554450624431496,,,,,,,1.0337662939194152,1.0500794812211667,-0.025036157187120822,0.0840029684373539,0.08366537483378414,0.0032114873935323515,,,,1.0,1.0,10
Hilbert,phase_shift_hours,transient_artifact,eligible,DRG,250811::7D-2MT12_Raw.csv,7D-2MT12,True,circular_absolute_error_radians,radians,0.2874594793486194,0.30249589120163645,-0.023627329092949623,,,,,,,1.0980143298469291,1.1554491923934869,-0.09024974921284512,0.0759849264170472,0.07079906960623686,0.009649417415239538,,,,1.0,1.0,10
Hilbert,phase_shift_hours,transient_artifact,eligible,DRG,250811::8C-2ML4_Raw.csv,8C-2ML4,True,circular_absolute_error_radians,radians,0.2326134471102943,0.14085692224125368,0.028378506616924426,,,,,,,0.8885179184939639,0.5380338106417502,0.10839791053559,0.04543244528436624,0.0478468694287041,-0.002652666090939046,,,,1.0,1.0,10
Hilbert,phase_shift_hours,transient_artifact,eligible,DRG,250811::8D-2MT7_Raw.csv,8D-2MT7,True,circular_absolute_error_radians,radians,0.20512485256491408,0.2145459701805812,-0.014982192710167208,,,,,,,0.7835192216808557,0.819505240192461,-0.057227760676283324,0.060436671751639096,0.06544251663520255,-0.005269844522413299,,,,1.0,1.0,10
Hilbert,phase_shift_hours,transient_artifact,eligible,DRG,251003::2B- 1MT7_Raw.csv,2B- 1MT7,True,circular_absolute_error_radians,radians,0.36484980172345205,0.3527956231469247,0.02176133849837547,,,,,,,1.3936235863292474,1.3475800158004452,0.08312219016749811,0.04085139435498393,0.0220766569338173,0.01672092293321739,,,,1.0,1.0,10
Hilbert,phase_shift_hours,transient_artifact,eligible,SCN,250625 to 250728::1C-SCN_Raw.csv,1C-SCN,True,circular_absolute_error_radians,radians,0.09226855358666541,0.09266259446381087,-0.0021269780430479557,,,,,,,0.35243991348617354,0.3539450387672447,-0.008124457665576207,0.024644010621668246,0.00734908983063835,0.01743465199989805,,,,1.0,1.0,10
Hilbert,phase_shift_hours,transient_artifact,eligible,SCN,250625 to 250728::6C-SCNmm1_Raw.csv,6C-SCNmm1,True,circular_absolute_error_radians,radians,0.2073572361335787,0.0730187670343816,0.13299978855017214,,,,,,,0.7920462987967781,0.2789111450879368,0.5080217706704823,0.017044048622588216,0.00069422407118705,0.016653277992425466,,,,1.0,1.0,10
Hilbert,phase_shift_hours,transient_artifact,eligible,SCN,250625 to 250728::7A-SCNmm2_Raw.csv,7A-SCNmm2,True,circular_absolute_error_radians,radians,0.10371335414824157,0.0755030037466804,0.03010395796039589,,,,,,,0.39615583145599137,0.2884002303496819,0.11498864918466281,0.03558875228023878,0.0008287589592938999,0.03479891438652412,,,,1.0,1.0,10
Hilbert,phase_shift_hours,transient_artifact,eligible,SCN,250625 to 250728::7B-SCNcm2_Raw.csv,7B-SCNcm2,True,circular_absolute_error_radians,radians,0.04855117557586075,0.07392284877373578,-0.025371673197875033,,,,,,,0.18545183005969768,0.28236448295459293,-0.09691265289489523,0.02140562097787538,0.0034321574349137,0.020253947654091033,,,,1.0,1.0,10
Hilbert,phase_shift_hours,transient_artifact,eligible,SCN,250728::6B-SCNrM2_Raw.csv,6B-SCNrM2,True,circular_absolute_error_radians,radians,0.13284700426542506,0.11564045931594502,0.022838296130758273,,,,,,,0.5074381776910201,0.44171401731719684,0.08723586530416053,0.039500054257488995,0.0065818103649746,0.032918243892514396,,,,1.0,1.0,10
Hilbert,phase_shift_hours,transient_artifact,eligible,SCN,250728::7A-SCNcM1_Raw.csv,7A-SCNcM1,True,circular_absolute_error_radians,radians,0.07363342527951122,0.08313668537453633,-0.009503260095025112,,,,,,,0.28125896664052646,0.3175587463111953,-0.03629977967066883,0.03304946615414838,0.004813539747678499,0.02915875981733968,,,,1.0,1.0,10
Hilbert,phase_shift_hours,transient_artifact,eligible,SCN,250728::7B-SCNcM2_Raw.csv,7B-SCNcM2,True,circular_absolute_error_radians,radians,0.0904924566975358,0.0661465761227813,0.02406642638358303,,,,,,,0.3456557231026107,0.2526613094050796,0.09192697731610669,0.0502609569053465,0.00346491351743865,0.045756172982670804,,,,1.0,1.0,10
Hilbert,phase_shift_hours,transient_artifact,eligible,SCN,250811::1A-1FSCN_Raw.csv,1A-1FSCN,True,circular_absolute_error_radians,radians,0.24308418551133681,0.21867462241812285,0.02462174765320313,,,,,,,0.928513193078317,0.8352755300783531,0.09404814831764524,0.04147720773366367,0.040309571219830045,0.0011424540362670182,,,,1.0,1.0,10
Hilbert,phase_shift_hours,transient_artifact,eligible,SCN,250811::1B-2MSCN_Raw.csv,1B-2MSCN,True,circular_absolute_error_radians,radians,0.19244735850687444,0.20643795089307537,-0.01273476923454453,,,,,,,0.7350947613923324,0.7885348878334775,-0.04864323534749648,0.05327067726186299,0.03971026886355525,0.014235845193463648,,,,1.0,1.0,10
Hilbert,phase_shift_hours,transient_artifact,eligible,SCN,250811::1C-3FSCN_Raw.csv,1C-3FSCN,True,circular_absolute_error_radians,radians,0.18512761012126977,0.1704743223449321,0.01530181128359942,,,,,,,0.7071353820861427,0.6511639457144902,0.0584486136970605,0.0630612650657882,0.04278062026515295,0.0187026639188988,,,,1.0,1.0,10
Hilbert,phase_shift_hours,transient_artifact,eligible,SCN,250811::1D-4FSCN_Raw.csv,1D-4FSCN,True,circular_absolute_error_radians,radians,0.19846466386475115,0.16119841422887582,0.03465229589190599,,,,,,,0.7580791747955186,0.6157325866344121,0.1323620203363156,0.04998825607503436,0.0432417383567996,0.004718801547256766,,,,1.0,1.0,10
Hilbert,phase_shift_hours,transient_artifact,eligible,SCN,251003::2A- M1SCn_Raw.csv,2A- M1SCn,True,circular_absolute_error_radians,radians,0.06268779815266701,0.05448952846486188,0.0032966438346395677,,,,,,,0.23944975074105457,0.2081346672463033,0.012592251885511399,0.04521311879774313,0.004704840981686401,0.04179858581512358,,,,1.0,1.0,10
Hilbert,phase_shift_hours,transient_artifact,eligible,SCN,251003::4B-M3SCN_Raw.csv,4B-M3SCN,True,circular_absolute_error_radians,radians,0.2530593365119358,0.19851955238274344,0.05029619326148804,,,,,,,0.9666154632343185,0.7582888334904976,0.1921173066305064,0.017270663645444412,0.0169249037155714,0.0004498554932813592,,,,1.0,1.0,10
Hilbert,phase_shift_hours,transient_artifact,ineligible,DRG,250625 to 250728::5A-T10m1_Raw.csv,5A-T10m1,True,circular_absolute_error_radians,radians,0.25346744042628,0.3021299844038692,-0.017349170924568114,,,,,,,0.9681743053606312,1.1540515313796726,-0.0662689514685888,0.020252034531232657,0.029152005145262748,-0.005676972219837711,,,,1.0,1.0,10
Hilbert,post_amplitude_trajectory,gaussian_noise,difficult,DRG,250625 to 250728::1D-L2m2_Raw.csv,1D-L2m2,True,target_segment_calibrated_absolute_nrmse,NRMSE,0.07787032264792208,0.07773284532817425,-0.00043064633751150466,0.049544331794096244,0.04917641122787865,0.00022596228691879397,0.04872754157186546,0.04913508461262664,0.0005409388029314066,,,,0.0350165444162986,0.0362384755933726,-0.0012952567390824739,0.995099426124715,0.995088539020972,-1.0887103743029147e-05,1.0,1.0,10
Hilbert,post_amplitude_trajectory,gaussian_noise,difficult,DRG,250625 to 250728::8A-L3_Raw.csv,8A-L3,True,target_segment_calibrated_absolute_nrmse,NRMSE,0.06073820404248178,0.059796815859636004,0.0004316265760812149,0.04405624886581209,0.042838020627342446,-1.033800158611528e-05,0.0059014879391436625,0.005916195195379614,-0.0003141206879385128,,,,0.011028360617438875,0.01090098682321705,0.00027114062517820305,0.9904186244057387,0.9903023908723174,1.6758413033945985e-06,1.0,1.0,10
Hilbert,post_amplitude_trajectory,gaussian_noise,difficult,DRG,250811::3A-1FL4_Raw.csv,3A-1FL4,True,target_segment_calibrated_absolute_nrmse,NRMSE,0.4192413032600706,0.4189351413614635,-5.691229818260979e-05,0.2841246813873335,0.2838684887120331,0.00011237685604376102,0.33974300103487426,0.3398180393213916,0.0002059066533909859,,,,0.17359322468781535,0.17320581780661334,-3.1011833695845925e-05,0.9570931102417148,0.9571367394987023,3.5868499471347626e-05,1.0,1.0,10
Hilbert,post_amplitude_trajectory,gaussian_noise,difficult,DRG,250811::4C-2MT5_Raw.csv,4C-2MT5,True,target_segment_calibrated_absolute_nrmse,NRMSE,0.35093381294545206,0.351477841760447,-6.388496344880701e-05,0.09688085389106178,0.0967716386891448,0.00013040501467499743,0.3523411488791915,0.3518504231859139,0.0008063008830043739,,,,0.1324805846303041,0.13416539289920176,7.957102894334822e-06,0.995184551041002,0.9951651748080192,2.441291579391436e-06,1.0,1.0,10
Hilbert,post_amplitude_trajectory,gaussian_noise,difficult,DRG,250811::7D-2MT12_Raw.csv,7D-2MT12,True,target_segment_calibrated_absolute_nrmse,NRMSE,0.3895358441644082,0.3884495131426703,0.00020538665651015364,0.10078088160374746,0.10068174413548685,-0.0003220585790248906,0.4007898606791904,0.4000853953802672,-0.0032974130964245063,,,,0.13570919174036378,0.1350971820731458,0.0008086778665456068,0.9954601195828472,0.9954627432080813,-1.122354590321617e-06,1.0,1.0,10
Hilbert,post_amplitude_trajectory,gaussian_noise,difficult,SCN,250728::6A-SCNrM1_Raw.csv,6A-SCNrM1,True,target_segment_calibrated_absolute_nrmse,NRMSE,0.6000121869902237,0.6000430419654412,2.8401548991724423e-05,0.4942859536357983,0.49422499977165096,4.3321960828901496e-05,0.9400093016529958,0.9398827756299324,3.775524078247772e-05,,,,0.6414270415787795,0.6417480867355245,8.674071491378624e-05,0.9217978683833934,0.9218179312281274,1.3790104742394949e-05,1.0,1.0,10
Hilbert,post_amplitude_trajectory,gaussian_noise,difficult,SCN,250728::6B-SCNrM2_Raw.csv,6B-SCNrM2,True,target_segment_calibrated_absolute_nrmse,NRMSE,0.481527817540508,0.48135826173349944,0.00010430960875573714,0.37699263866304344,0.37707375744574423,-2.0705593612724282e-06,0.6551819167353213,0.6552677073622521,-0.0001839596964984258,,,,0.09278715734596102,0.0927398717188696,-0.0002950555266226576,0.9578033665582758,0.9577856841261467,-5.977447627092403e-06,1.0,1.0,10
Hilbert,post_amplitude_trajectory,gaussian_noise,difficult,SCN,250728::7B-SCNcM2_Raw.csv,7B-SCNcM2,True,target_segment_calibrated_absolute_nrmse,NRMSE,0.5938826272236843,0.5939310893316727,3.386178614805946e-05,0.5212377691199127,0.5214326119368077,-2.510067696442908e-06,0.9284649345812175,0.9283874294318628,-0.0002039858064331046,,,,0.6111646869097478,0.6107881888710971,-0.00011050625354619426,0.9126144001693091,0.9125460610970162,-6.012968442048461e-07,1.0,1.0,10
Hilbert,post_amplitude_trajectory,gaussian_noise,difficult,SCN,251003::2A- M1SCn_Raw.csv,2A- M1SCn,True,target_segment_calibrated_absolute_nrmse,NRMSE,0.7597813669538289,0.759748301196032,7.5432234288852484e-06,0.6566998579886676,0.6565857139734124,1.9239352337718785e-05,1.1357667245337602,1.135688720978977,-6.475054529331281e-06,,,,0.8715096158163335,0.8713819308402594,-0.0001228191451531635,0.859875337811564,0.8599522994191331,6.3458975754771e-06,1.0,1.0,10
Hilbert,post_amplitude_trajectory,gaussian_noise,difficult,SCN,251003::4B-M3SCN_Raw.csv,4B-M3SCN,True,target_segment_calibrated_absolute_nrmse,NRMSE,0.5939381800555048,0.5940041447966183,-8.690845128941915e-05,0.33215442859485533,0.3322400272904973,-5.69677927112211e-05,0.7662083572488624,0.7662779417592349,-5.918328130183337e-06,,,,0.1822313170983162,0.1839418709234483,-0.0008782197348589094,0.9664674912309178,0.9664528917440725,-1.2367794001821864e-05,1.0,1.0,10
Hilbert,post_amplitude_trajectory,gaussian_noise,eligible,DRG,250625 to 250728::1B-L1m2_Raw.csv,1B-L1m2,True,target_segment_calibrated_absolute_nrmse,NRMSE,0.08167429801117324,0.08168037355213564,-0.00042858035739629097,0.06055078173335257,0.06017511310726015,0.0002033817800481813,0.04081927314348706,0.04103576898225124,-0.0005377084539271021,,,,0.050457385637609736,0.049859948522034195,-3.492169836142797e-05,0.9708620524693956,0.9719649870892957,0.0003996328332984689,1.0,1.0,10
Hilbert,post_amplitude_trajectory,gaussian_noise,eligible,DRG,250625 to 250728::2C-L3m2_Raw.csv,2C-L3m2,True,target_segment_calibrated_absolute_nrmse,NRMSE,0.10820150551419969,0.10686552926830005,-0.0006367717081639662,0.052299436664734314,0.05217558969553685,-0.00027550148191675394,0.06663237467941549,0.06556058250577368,-0.00031196662978377754,,,,0.02226055741287001,0.023529022884202153,-0.00015369149474087768,0.9978283274377107,0.9978787779958698,5.045055815899868e-05,1.0,1.0,10
Hilbert,post_amplitude_trajectory,gaussian_noise,eligible,DRG,250625 to 250728::3A-L5m2_Raw.csv,3A-L5m2,True,target_segment_calibrated_absolute_nrmse,NRMSE,0.13065710091358768,0.13167722222364653,0.0002402409803051314,0.0541071616447403,0.0544613951084192,0.00033911886529694804,0.08011394484237022,0.08212395517658,-0.00024251259470936537,,,,0.026719976147612415,0.0271534557961984,-0.00046335840827933447,0.9991761693722202,0.9991776167510154,5.668732820762745e-06,1.0,1.0,10
Hilbert,post_amplitude_trajectory,gaussian_noise,eligible,DRG,250625 to 250728::3B-T10m2_Raw.csv,3B-T10m2,True,target_segment_calibrated_absolute_nrmse,NRMSE,0.1439299713509936,0.14277564490872147,0.0005340662715493105,0.056045963764339624,0.0561390559960042,0.00021606422009213047,0.06743678860185437,0.06639995962557521,0.0010554440634830131,,,,0.014464266145845485,0.0158824425772425,-0.001327946292449404,0.9993626333454214,0.9993475200732401,-2.6394128954609908e-05,1.0,1.0,10
Hilbert,post_amplitude_trajectory,gaussian_noise,eligible,DRG,250625 to 250728::4B-T12m2_Raw.csv,4B-T12m2,True,target_segment_calibrated_absolute_nrmse,NRMSE,0.12875237894226077,0.1290847350276078,0.0011717209153604066,0.05238115736920454,0.052165862990532455,0.000586193526221343,0.07670188393255642,0.07563453700283901,0.0007544416708025747,,,,0.02950512409661271,0.02791470594138595,0.00030988467949263736,0.9991412078281489,0.999143574404848,-4.5942394799602937e-07,1.0,1.0,10
Hilbert,post_amplitude_trajectory,gaussian_noise,eligible,DRG,250625 to 250728::4C-T5m1_Raw.csv,4C-T5m1,True,target_segment_calibrated_absolute_nrmse,NRMSE,0.08603586051445211,0.08573433561850324,0.0008124157639854551,0.05291823856998767,0.05193994048930555,0.0004994141804257439,0.054501185249157424,0.0523445859516129,0.0011029815227160955,,,,0.050997710151100134,0.0512805847423943,7.954309483122757e-05,0.9921627735503873,0.9922274468492853,-2.6148209472887096e-05,1.0,1.0,10
Hilbert,post_amplitude_trajectory,gaussian_noise,eligible,DRG,250625 to 250728::4D-T7m1_Raw.csv,4D-T7m1,True,target_segment_calibrated_absolute_nrmse,NRMSE,0.08901701117861612,0.08846283412043965,0.0005094756683603346,0.032791587970072755,0.033505554125650996,0.00019053828938889183,0.03906798397527189,0.0400918810708642,0.0006473051375062155,,,,0.009060994313196086,0.0093735669230515,0.0009170605950643259,0.9994534406300755,0.9994712626094048,-5.219729128091988e-06,1.0,1.0,10
Hilbert,post_amplitude_trajectory,gaussian_noise,eligible,DRG,250625 to 250728::5B-T12m2_Raw.csv,5B-T12m2,True,target_segment_calibrated_absolute_nrmse,NRMSE,0.12297794208204677,0.12336628933979454,-0.0003883472577477856,0.0519838564348646,0.05263743138916715,-0.00035721153174428713,0.07850534604880832,0.07900814945236007,-0.0009866128624407833,,,,0.033722679026895824,0.03380235387579485,0.00012592958773947546,0.9990262766182277,0.9990373536193451,-8.064044579925156e-06,1.0,1.0,10
Hilbert,post_amplitude_trajectory,gaussian_noise,eligible,DRG,250625 to 250728::5C-T12_Raw.csv,5C-T12,True,target_segment_calibrated_absolute_nrmse,NRMSE,0.08581833805998207,0.0857170333430693,0.00031360702322155015,0.04492623522982444,0.04463826353873375,2.3870053670816543e-05,0.04335749376898776,0.04367659659075905,0.00012031442723051122,,,,0.03927587266209828,0.038255037622243346,0.0025705880305103186,0.9932609483297482,0.9933674531053065,0.0002604651698736027,1.0,1.0,10
Hilbert,post_amplitude_trajectory,gaussian_noise,eligible,DRG,250625 to 250728::5D-T10_Raw.csv,5D-T10,True,target_segment_calibrated_absolute_nrmse,NRMSE,0.0909917499054993,0.09176135393305015,-0.0007999747669935955,0.047097001367751495,0.04685499492012765,0.00017167563550268133,0.05725973751716584,0.056215595244813815,0.00043376489069305024,,,,0.045299086441138794,0.0485457533231246,-0.0016164636643616094,0.9966485526108728,0.9964967946977574,-4.96269702147667e-05,1.0,1.0,10
Hilbert,post_amplitude_trajectory,gaussian_noise,eligible,DRG,250625 to 250728::6A-T7_Raw.csv,6A-T7,True,target_segment_calibrated_absolute_nrmse,NRMSE,0.06555398108968463,0.0647569024368703,-0.0006877949163302671,0.04567272438058324,0.0459352138594821,-0.0002545996799954986,0.029109628151444772,0.029975478091637225,-0.0001478087979714937,,,,0.031697713255342055,0.03129242962111225,-0.0005814233672438787,0.9938145198864323,0.9938835374458534,-0.00012561375834563293,1.0,1.0,10
Hilbert,post_amplitude_trajectory,gaussian_noise,eligible,DRG,250625 to 250728::6B-T5_Raw.csv,6B-T5,True,target_segment_calibrated_absolute_nrmse,NRMSE,0.0834442116783281,0.08308528188930064,-0.0003869181916104983,0.04849597135618902,0.0483727536950911,0.0001750545254722187,0.047795529728074465,0.04757865396176511,-0.0002426767117273687,,,,0.04818323165878524,0.0462953506958339,0.0010194228199321802,0.9936207995019132,0.9934401286851706,4.576996628219421e-05,1.0,1.0,10
Hilbert,post_amplitude_trajectory,gaussian_noise,eligible,DRG,250625 to 250728::7C-L1_Raw.csv,7C-L1,True,target_segment_calibrated_absolute_nrmse,NRMSE,0.08134656488933954,0.0810561416145158,-0.0005988002434578754,0.030521708215009845,0.030357956970103503,8.362976218521771e-05,0.035382337635991246,0.03536297665084054,0.0002643622827362413,,,,0.013226456900869817,0.0123299015722632,0.0004733010423375733,0.9990018758604723,0.9990436409793594,2.3511152888455733e-05,1.0,1.0,10
Hilbert,post_amplitude_trajectory,gaussian_noise,eligible,DRG,250625 to 250728::7D-L2_Raw.csv,7D-L2,True,target_segment_calibrated_absolute_nrmse,NRMSE,0.06775462376410567,0.06650106669796549,3.09988687005186e-05,0.029867157943715566,0.029641511794334302,9.693850690521526e-05,0.017728541265035327,0.018286269630201094,-0.0003334093939069138,,,,0.021224628254133873,0.0212447178226071,0.00023946363103390794,0.9946820140654085,0.9947270419365587,0.0001263041001319798,1.0,1.0,10
Hilbert,post_amplitude_trajectory,gaussian_noise,eligible,DRG,250625 to 250728::8B-L2m1_Raw.csv,8B-L2m1,True,target_segment_calibrated_absolute_nrmse,NRMSE,0.10617270013807409,0.1058422776584485,0.00010810444450099627,0.051074328937664115,0.05136940515986735,0.00011509282839070045,0.06766908670855168,0.06720436102668442,-8.130678495044119e-05,,,,0.03344027148344095,0.0324201969514479,-0.00038323180735399046,0.9980368225436984,0.9980454749275973,-5.527508213537535e-05,1.0,1.0,10
Hilbert,post_amplitude_trajectory,gaussian_noise,eligible,DRG,250625 to 250728::8C-L3m1_Raw.csv,8C-L3m1,True,target_segment_calibrated_absolute_nrmse,NRMSE,0.05955313289390458,0.059643751481087,-0.00046549401011117264,0.05592091420227485,0.055970517671974154,-0.00010962847918985844,0.013629482831782724,0.016075792883148143,-0.0006165069239553178,,,,0.05906345199556308,0.058499231461102155,0.0008125702535585373,0.9962238619542318,0.9962186628459992,1.8453616094482594e-05,1.0,1.0,10
Hilbert,post_amplitude_trajectory,gaussian_noise,eligible,DRG,250625 to 250728::8D-L4-1m1_Raw.csv,8D-L4-1m1,True,target_segment_calibrated_absolute_nrmse,NRMSE,0.1290320495598743,0.12879871326767806,6.141269004863309e-05,0.050521991951053724,0.0505088129008514,-5.73040404172262e-06,0.057954524694950105,0.05834218058561352,-0.0004547289534336807,,,,0.0271110755436354,0.025984637998700003,0.0005750153416789906,0.9994378969309001,0.9994915791959624,2.2714364619313976e-05,1.0,1.0,10
Hilbert,post_amplitude_trajectory,gaussian_noise,eligible,DRG,250811::2C-2ML1_Raw.csv,2C-2ML1,True,target_segment_calibrated_absolute_nrmse,NRMSE,0.18850878876524194,0.18933819948787026,-0.00021664119482972533,0.07303477451592191,0.07327572221978325,-0.00030821655382477775,0.15175090367397737,0.15151030821149375,-0.0007689146817009274,,,,0.10050087252971435,0.09766709014004525,0.0024660024746490927,0.996097264122829,0.9961153616287434,1.6831514462467556e-05,1.0,1.0,10
Hilbert,post_amplitude_trajectory,gaussian_noise,eligible,DRG,250811::2D-1FL2_Raw.csv,2D-1FL2,True,target_segment_calibrated_absolute_nrmse,NRMSE,0.12307872709490214,0.12334727279274979,-0.0009204498005143946,0.06257592819749404,0.0629327012309135,-7.929320027674769e-06,0.09086654557900051,0.09008563025769767,-0.0005291618855507441,,,,0.06785336060233209,0.07207304955510224,-0.004208578601375912,0.9885010122081209,0.9887015026473306,1.9356462204911384e-05,1.0,1.0,10
Hilbert,post_amplitude_trajectory,gaussian_noise,eligible,DRG,250811::3D-1FT10_Raw.csv,3D-1FT10,True,target_segment_calibrated_absolute_nrmse,NRMSE,0.11270698739283329,0.11400979087308605,-0.0016023276876848333,0.06990747426990265,0.0696259777645344,0.00011811479533054003,0.08675488513560431,0.08568387196374216,0.0009447372653222652,,,,0.07509511554234492,0.07842096562684155,-0.0034745677971797784,0.9765524651911879,0.9758672407301068,-0.00036465747342939725,1.0,1.0,10
Hilbert,post_amplitude_trajectory,gaussian_noise,eligible,DRG,250811::4A-2MT10_Raw.csv,4A-2MT10,True,target_segment_calibrated_absolute_nrmse,NRMSE,0.11527188689151574,0.1161796606877733,-0.0005963679037022454,0.05717378216491663,0.05698663808191935,0.0002248110810900289,0.10540837240773532,0.10454226574049003,0.0002604793800314309,,,,0.04206673374865938,0.042258467102592304,-0.0007065216773517735,0.9962276179944498,0.9963019054634785,-1.274077091983905e-05,1.0,1.0,10
Hilbert,post_amplitude_trajectory,gaussian_noise,eligible,DRG,250811::4D-1FL4_Raw.csv,4D-1FL4,True,target_segment_calibrated_absolute_nrmse,NRMSE,0.13920997280433356,0.1385410459418566,0.0007265662901194819,0.06762930027488738,0.06808030244470295,-5.454943067735585e-05,0.10368391329698998,0.10374224467699086,-0.0005063958221256937,,,,0.07738451775778626,0.07860626789008116,-0.0011308032643958868,0.9893023923800883,0.9893568373174746,5.392579554608368e-05,1.0,1.0,10
Hilbert,post_amplitude_trajectory,gaussian_noise,eligible,DRG,250811::5A-2ML2_Raw.csv,5A-2ML2,True,target_segment_calibrated_absolute_nrmse,NRMSE,0.11463049298847633,0.1142951526088108,1.6295809069297174e-05,0.07536710748433095,0.0753568676697958,-0.00011113359585449012,0.11542440290440639,0.11674689844403643,-0.0001659376973554838,,,,0.06949492199573601,0.0694385277150486,0.0002555106442522874,0.9896319475271202,0.9892887574689602,-2.059433516499176e-06,1.0,1.0,10
Hilbert,post_amplitude_trajectory,gaussian_noise,eligible,DRG,250811::5C-1FT7_Raw.csv,5C-1FT7,True,target_segment_calibrated_absolute_nrmse,NRMSE,0.1595636350073074,0.15988343060950028,0.00012322987040976063,0.06301188959461262,0.0632092793290733,6.626623893516564e-05,0.12601047868819282,0.1258374870028765,-0.0001249871476352582,,,,0.07197537340946722,0.0731223383281294,0.0007321871881967382,0.9963780100893189,0.9963195896748246,-1.8706097430543078e-05,1.0,1.0,10
Hilbert,post_amplitude_trajectory,gaussian_noise,eligible,DRG,250811::6A-1FL1_Raw.csv,6A-1FL1,True,target_segment_calibrated_absolute_nrmse,NRMSE,0.12747708592927126,0.12740079890096917,-0.00022255906846150447,0.06760570014596141,0.0676041434400355,0.00026272540701554464,0.08773685020861394,0.08726732613191784,0.0003725905629569093,,,,0.07565737295152306,0.075552740599616,7.242873928539617e-05,0.9818957866465078,0.9819883708838123,0.00017673462192890899,1.0,1.0,10
Hilbert,post_amplitude_trajectory,gaussian_noise,eligible,DRG,250811::6B-2ML3_Raw.csv,6B-2ML3,True,target_segment_calibrated_absolute_nrmse,NRMSE,0.11102822286432165,0.1110474361024426,-0.0009528085384213278,0.07623037682565872,0.07630197352317741,6.716802380162673e-05,0.08145221973141141,0.0815352103835273,-0.0002642475673969441,,,,0.08060071863045208,0.077777353877479,0.002096556036962932,0.9467021454114422,0.9455142725786162,-6.650002926533727e-05,1.0,1.0,10
Hilbert,post_amplitude_trajectory,gaussian_noise,eligible,DRG,250811::7C-1FT12_Raw.csv,7C-1FT12,True,target_segment_calibrated_absolute_nrmse,NRMSE,0.1348750499871365,0.13526704018107544,0.0011040672937684542,0.10347400152768318,0.10338756733064974,0.0001735890322191319,0.067053964139329,0.06702885635314071,-0.0003507852520147209,,,,0.04501419563326847,0.046840095140949195,0.0035413008687313827,0.12077664188267236,0.12511723420018545,-0.00023951775395497643,1.0,1.0,10
Hilbert,post_amplitude_trajectory,gaussian_noise,eligible,DRG,250811::8A-1FT5_Raw.csv,8A-1FT5,True,target_segment_calibrated_absolute_nrmse,NRMSE,0.11206825256982905,0.11167229609877091,-1.4205030796195228e-05,0.06875554918360752,0.0682524637193376,-0.00017259897991874634,0.11824617047161007,0.11954367570048646,-0.0002515905572783028,,,,0.05134518796899185,0.0510268833708902,0.0003287370651339737,0.9949036338433682,0.9947794905593039,1.974525330056265e-05,1.0,1.0,10
Hilbert,post_amplitude_trajectory,gaussian_noise,eligible,DRG,250811::8C-2ML4_Raw.csv,8C-2ML4,True,target_segment_calibrated_absolute_nrmse,NRMSE,0.13814315622106493,0.1383685523325559,-3.877670414592638e-05,0.0640214684308387,0.06396220875008715,0.0003855724877101438,0.11329741835700902,0.11117990879344963,0.0008563938893592637,,,,0.07876995477677187,0.07971045489709841,-0.0009653974162114262,0.9948329745837295,0.9948680449391825,-2.124893728494559e-05,1.0,1.0,10
Hilbert,post_amplitude_trajectory,gaussian_noise,eligible,DRG,250811::8D-2MT7_Raw.csv,8D-2MT7,True,target_segment_calibrated_absolute_nrmse,NRMSE,0.14531990564860495,0.14637392971091395,0.0003311385019053037,0.06810848092640528,0.06826181350535175,-0.00015189358838498673,0.1396970047928629,0.14301698076078678,-0.00044654333119220624,,,,0.07330858951527139,0.0728557894791234,0.0006755744811167766,0.9969921850241366,0.9969918549804162,5.566984514204787e-06,1.0,1.0,10
Hilbert,post_amplitude_trajectory,gaussian_noise,eligible,DRG,251003::2B- 1MT7_Raw.csv,2B- 1MT7,True,target_segment_calibrated_absolute_nrmse,NRMSE,0.06507604074854632,0.06530410045160305,-0.0006081738124906338,0.033885396681204064,0.033783761098822404,0.00010788734023075772,0.028015083097955057,0.02776380374729892,0.00017653896925351464,,,,0.00826506871366708,0.0084033164003943,-0.00038853306654368196,0.9960185901670414,0.9959466182928274,-1.2096167119168832e-05,1.0,1.0,10
Hilbert,post_amplitude_trajectory,gaussian_noise,eligible,DRG,251003::2C- M1L1_Raw.csv,2C- M1L1,True,target_segment_calibrated_absolute_nrmse,NRMSE,0.47588307907932503,0.47592639574343354,-7.016614578125857e-05,0.2863087601991718,0.28635256709493945,1.614242134452548e-05,0.3940431666543488,0.3939169371808983,0.00011125960780072885,,,,0.18591468277815398,0.18676991247370522,0.000594359709994239,0.9766107867116541,0.9766348526967068,-2.28068341168175e-06,1.0,1.0,10
Hilbert,post_amplitude_trajectory,gaussian_noise,eligible,DRG,251003::2D- M1L4_Raw.csv,2D- M1L4,True,target_segment_calibrated_absolute_nrmse,NRMSE,0.09196036902641709,0.09165006080186895,2.5035702620704314e-05,0.09190603630831348,0.09159060646301995,0.00021228928595854596,0.01190974051653082,0.013403220841522456,5.242763188717525e-05,,,,0.027325776787821686,0.02803787504458535,-0.00016669138286146503,0.9789150407134509,0.9790682976749812,8.481126491932667e-05,1.0,1.0,10
Hilbert,post_amplitude_trajectory,gaussian_noise,eligible,SCN,250625 to 250728::1C-SCN_Raw.csv,1C-SCN,True,target_segment_calibrated_absolute_nrmse,NRMSE,0.07610111537253597,0.07595489498921575,2.4763069318284314e-05,0.07554514330820487,0.07526339494853855,9.056064871718061e-05,0.015358773234933315,0.013261190800126055,-7.376218780022481e-05,,,,0.031014763939244457,0.0312633457804751,-0.0005602023371622418,0.9909747694793438,0.9910911954669814,-1.4515236272327758e-05,1.0,1.0,10
Hilbert,post_amplitude_trajectory,gaussian_noise,eligible,SCN,250625 to 250728::6C-SCNmm1_Raw.csv,6C-SCNmm1,True,target_segment_calibrated_absolute_nrmse,NRMSE,0.15394054752695685,0.15426628471152853,-0.00012028622003715239,0.15230451707383963,0.15269906202215675,-0.00011884580870487327,0.0501394608808598,0.048762202162610235,0.0007248619092922737,,,,0.11289101983531732,0.11230336802085035,0.0008749021195843254,0.983259839562584,0.9832167202454221,-3.361507000704256e-05,1.0,1.0,10
Hilbert,post_amplitude_trajectory,gaussian_noise,eligible,SCN,250625 to 250728::7A-SCNmm2_Raw.csv,7A-SCNmm2,True,target_segment_calibrated_absolute_nrmse,NRMSE,0.2810495404498871,0.2811649983062878,-0.00010940660599054186,0.21460583395646016,0.21500277008508223,-0.00036698595495947284,0.18981132217017993,0.1896911781072701,0.00037028287545604055,,,,0.3292666971893321,0.33165162877261095,-0.001483713206995474,0.9832575860300717,0.9832170872774704,-1.8162852807035446e-05,1.0,1.0,10
Hilbert,post_amplitude_trajectory,gaussian_noise,eligible,SCN,250625 to 250728::7B-SCNcm2_Raw.csv,7B-SCNcm2,True,target_segment_calibrated_absolute_nrmse,NRMSE,0.5558984566368473,0.5558478543017902,1.6477275753656873e-05,0.44707082478787585,0.4468432455397733,5.018439973833444e-05,0.8788779666984932,0.878720010427003,-3.1151946522423035e-05,,,,0.5668150660392834,0.5673973713003544,0.00013830837194842016,0.9347024762032532,0.9347698806821413,1.7738251032795027e-05,1.0,1.0,10
Hilbert,post_amplitude_trajectory,gaussian_noise,eligible,SCN,250728::7A-SCNcM1_Raw.csv,7A-SCNcM1,True,target_segment_calibrated_absolute_nrmse,NRMSE,0.10240076880634388,0.10399348198885164,7.978113488494448e-05,0.1022257371087156,0.10329725643708335,-0.0002557301901222678,0.03560181650442596,0.03750804700026684,-0.00043408550422323333,,,,0.008142173855504017,0.007642837400663,0.0006436385122420236,0.8548300189127386,0.8500136413215216,-0.00036505405713921357,1.0,1.0,10
Hilbert,post_amplitude_trajectory,gaussian_noise,eligible,SCN,250811::1A-1FSCN_Raw.csv,1A-1FSCN,True,target_segment_calibrated_absolute_nrmse,NRMSE,0.0672993135333199,0.06679890657461396,1.866824514094173e-05,0.0656598504053014,0.0653178684436925,0.00010109324163949662,0.04165357967683578,0.04089128299982972,8.40038458835013e-05,,,,0.04366020224524054,0.04436117566269135,-0.00029191734548716583,0.9870654747087387,0.9870641932336031,-8.293873552728259e-05,1.0,1.0,10
Hilbert,post_amplitude_trajectory,gaussian_noise,eligible,SCN,250811::1B-2MSCN_Raw.csv,1B-2MSCN,True,target_segment_calibrated_absolute_nrmse,NRMSE,0.09223297824266698,0.0929048677833368,-0.0007028170055963165,0.060175383014959505,0.0593303034282757,9.212592672395298e-06,0.10088190421442206,0.10082514001638887,-0.00011392071334120901,,,,0.03137813700423139,0.0318895385610255,-0.0010256264831230433,0.9955939957364466,0.9954882447529599,-4.7694664074671156e-05,1.0,1.0,10
Hilbert,post_amplitude_trajectory,gaussian_noise,eligible,SCN,250811::1C-3FSCN_Raw.csv,1C-3FSCN,True,target_segment_calibrated_absolute_nrmse,NRMSE,0.15296377302431163,0.1532776417978928,-0.0001856646517212207,0.1510341513289027,0.15125927701753925,-0.00026970584026748956,0.08492617279153786,0.08612457391959333,-0.0008950693092260598,,,,0.09166197008752032,0.092516388143499,-0.0011814123054730008,0.9759867259575086,0.9759763471457088,-3.965891669266419e-05,1.0,1.0,10
Hilbert,post_amplitude_trajectory,gaussian_noise,eligible,SCN,250811::1D-4FSCN_Raw.csv,1D-4FSCN,True,target_segment_calibrated_absolute_nrmse,NRMSE,0.3478063293216076,0.34803267262569876,0.00011211625333870656,0.18447122775440483,0.18430720140500578,6.447477389892597e-05,0.057184673968440514,0.057237586714548816,-5.291274610830232e-05,,,,0.11606225105808715,0.1152833031457312,-0.00018822070448346745,0.9871399831011801,0.9871139013659183,3.6739379645767123e-06,1.0,1.0,10
Hilbert,post_amplitude_trajectory,gaussian_noise,ineligible,DRG,250625 to 250728::5A-T10m1_Raw.csv,5A-T10m1,True,target_segment_calibrated_absolute_nrmse,NRMSE,0.49212357943593416,0.49236434875238355,7.807263674322606e-05,0.3058168901022574,0.30586412328495305,-4.7497242766203485e-05,0.3727996774126155,0.3729863760425734,-0.0002948610425331788,,,,0.4202981665314193,0.41862210611289474,0.00019129933527073373,0.9770469514884578,0.9770285981055278,-1.249109231415968e-05,1.0,1.0,10
Hilbert,post_amplitude_trajectory,missing_block_6h,difficult,DRG,250625 to 250728::1D-L2m2_Raw.csv,1D-L2m2,True,target_segment_calibrated_absolute_nrmse,NRMSE,0.07687807880204495,0.07773284532817425,-6.141454952239556e-05,0.05067398672512864,0.04917641122787865,0.000831451707517087,0.051973411827011484,0.04913508461262664,0.001975364177873251,,,,0.03444332072979845,0.0362384755933726,-0.0014136564192114807,0.9949469596909968,0.995088539020972,1.8031906031223954e-05,1.0,1.0,10
Hilbert,post_amplitude_trajectory,missing_block_6h,difficult,DRG,250625 to 250728::8A-L3_Raw.csv,8A-L3,True,target_segment_calibrated_absolute_nrmse,NRMSE,0.05627436844773655,0.059796815859636004,-0.0035675974975279343,0.042902790678086306,0.042838020627342446,0.0003888885921730957,0.012051435189491727,0.005916195195379614,0.0010731922791409054,,,,0.006436496273617408,0.01090098682321705,-0.004200269778520843,0.9905304793266021,0.9903023908723174,-7.19625206779817e-05,1.0,1.0,10
Hilbert,post_amplitude_trajectory,missing_block_6h,difficult,DRG,250811::3A-1FL4_Raw.csv,3A-1FL4,True,target_segment_calibrated_absolute_nrmse,NRMSE,0.4114759927098727,0.4189351413614635,0.00010921420872264664,0.28914426795939296,0.2838684887120331,0.00015555423391647172,0.35232542614889545,0.3398180393213916,0.00017495429274738683,,,,0.187009539441327,0.17320581780661334,0.007500883034178327,0.9571440600810934,0.9571367394987023,-8.093399152420133e-06,1.0,1.0,10
Hilbert,post_amplitude_trajectory,missing_block_6h,difficult,DRG,250811::4C-2MT5_Raw.csv,4C-2MT5,True,target_segment_calibrated_absolute_nrmse,NRMSE,0.3412241057243355,0.351477841760447,5.9625456232753615e-05,0.09788061321761549,0.0967716386891448,0.0006755950618559312,0.36812042162481,0.3518504231859139,0.00451553038197805,,,,0.12669146593012026,0.13416539289920176,-0.0024154081249065304,0.9953454425172196,0.9951651748080192,6.084804231032415e-06,1.0,1.0,10
Hilbert,post_amplitude_trajectory,missing_block_6h,difficult,DRG,250811::7D-2MT12_Raw.csv,7D-2MT12,True,target_segment_calibrated_absolute_nrmse,NRMSE,0.3821954772162285,0.3884495131426703,-0.0025472697722422055,0.10043707593892462,0.10068174413548685,0.00011189559223069578,0.39564910784243035,0.4000853953802672,0.0015283176456528658,,,,0.1233776334571981,0.1350971820731458,-0.004153430866872886,0.9956714182490443,0.9954627432080813,-7.729872532286075e-05,1.0,1.0,10
Hilbert,post_amplitude_trajectory,missing_block_6h,difficult,SCN,250728::6A-SCNrM1_Raw.csv,6A-SCNrM1,True,target_segment_calibrated_absolute_nrmse,NRMSE,0.5981766336797081,0.6000430419654412,-0.00010571473411605248,0.4964802508645628,0.49422499977165096,-2.8938747483192584e-05,0.9426081361362351,0.9398827756299324,1.899326645421473e-05,,,,0.623990707508985,0.6417480867355245,0.0005024711789858392,0.9210589778573525,0.9218179312281274,-9.933820619478784e-06,1.0,1.0,10
Hilbert,post_amplitude_trajectory,missing_block_6h,difficult,SCN,250728::6B-SCNrM2_Raw.csv,6B-SCNrM2,True,target_segment_calibrated_absolute_nrmse,NRMSE,0.4747837437031188,0.48135826173349944,-3.494668338785423e-05,0.38001188425295557,0.37707375744574423,-3.1427432293507085e-05,0.6555667095578928,0.6552677073622521,-7.952642567909951e-05,,,,0.17850545772340676,0.0927398717188696,3.836384360501183e-05,0.9573842303562257,0.9577856841261467,-9.723094898994589e-06,1.0,1.0,10
Hilbert,post_amplitude_trajectory,missing_block_6h,difficult,SCN,250728::7B-SCNcM2_Raw.csv,7B-SCNcM2,True,target_segment_calibrated_absolute_nrmse,NRMSE,0.5930117755695403,0.5939310893316727,-0.00017087178271463221,0.5208566131914021,0.5214326119368077,-4.7909708367877e-05,0.9292410530136661,0.9283874294318628,0.0008166810963297633,,,,0.6169173475342042,0.6107881888710971,0.002480012031046197,0.9124584666591897,0.9125460610970162,-4.033557771687679e-05,1.0,1.0,10
Hilbert,post_amplitude_trajectory,missing_block_6h,difficult,SCN,251003::2A- M1SCn_Raw.csv,2A- M1SCn,True,target_segment_calibrated_absolute_nrmse,NRMSE,0.758664024009747,0.759748301196032,-8.72025979257729e-05,0.6554983188489519,0.6565857139734124,-2.6014044444133688e-05,1.134427162610601,1.135688720978977,-0.00013998438468154628,,,,0.8743517729148956,0.8713819308402594,0.00018505255127582165,0.8606263163171961,0.8599522994191331,-4.0896650144950364e-05,1.0,1.0,10
Hilbert,post_amplitude_trajectory,missing_block_6h,difficult,SCN,251003::4B-M3SCN_Raw.csv,4B-M3SCN,True,target_segment_calibrated_absolute_nrmse,NRMSE,0.5937091246558424,0.5940041447966183,-0.00013759423020948125,0.33171701279432164,0.3322400272904973,-3.0081065436615706e-05,0.7617111755508548,0.7662779417592349,7.437855029102103e-06,,,,0.19154575334409105,0.1839418709234483,0.0001522312628891992,0.9665525356494642,0.9664528917440725,-6.911350731608756e-06,1.0,1.0,10
Hilbert,post_amplitude_trajectory,missing_block_6h,eligible,DRG,250625 to 250728::1B-L1m2_Raw.csv,1B-L1m2,True,target_segment_calibrated_absolute_nrmse,NRMSE,0.07192431022044204,0.08168037355213564,-0.009924715087425998,0.060920700781082616,0.06017511310726015,-4.037063937156055e-06,0.03326425545934436,0.04103576898225124,-0.00952634766189743,,,,0.029444762050678166,0.049859948522034195,-0.02138737447674473,0.9720099657746177,0.9719649870892957,0.0005860939068537685,1.0,1.0,10
Hilbert,post_amplitude_trajectory,missing_block_6h,eligible,DRG,250625 to 250728::2C-L3m2_Raw.csv,2C-L3m2,True,target_segment_calibrated_absolute_nrmse,NRMSE,0.10581710768085051,0.10686552926830005,-0.0020517172711002965,0.05510579531008626,0.05217558969553685,0.0024756899076531086,0.0717481491311871,0.06556058250577368,0.0038308175191316407,,,,0.02020925146726009,0.023529022884202153,-0.002293582690667935,0.9981371026027174,0.9978787779958698,-0.00013488597932548307,1.0,1.0,10
Hilbert,post_amplitude_trajectory,missing_block_6h,eligible,DRG,250625 to 250728::3A-L5m2_Raw.csv,3A-L5m2,True,target_segment_calibrated_absolute_nrmse,NRMSE,0.12156255534126488,0.13167722222364653,-0.004470377228447675,0.05772349631192743,0.0544613951084192,0.0037080160581927507,0.07800138475596224,0.08212395517658,0.00044229380709243094,,,,0.026380069890729205,0.0271534557961984,-0.0006403664711668589,0.9989509816921438,0.9991776167510154,0.00020235626733011713,1.0,1.0,10
Hilbert,post_amplitude_trajectory,missing_block_6h,eligible,DRG,250625 to 250728::3B-T10m2_Raw.csv,3B-T10m2,True,target_segment_calibrated_absolute_nrmse,NRMSE,0.13398964953523707,0.14277564490872147,-0.008252477440373857,0.05900427307392714,0.0561390559960042,0.0016307868354794273,0.06415195254620532,0.06639995962557521,-0.002009763969692935,,,,0.02415015297705262,0.0158824425772425,0.007062201100465673,0.9993755385207974,0.9993475200732401,-3.409077587485099e-05,1.0,1.0,10
Hilbert,post_amplitude_trajectory,missing_block_6h,eligible,DRG,250625 to 250728::4B-T12m2_Raw.csv,4B-T12m2,True,target_segment_calibrated_absolute_nrmse,NRMSE,0.12770249578101345,0.1290847350276078,-0.0005042513637755347,0.053994662559273175,0.052165862990532455,0.0005623902654277382,0.07604687991005896,0.07563453700283901,0.00047992802910462595,,,,0.024484413281664577,0.02791470594138595,-0.0006689123276866389,0.9991206945906492,0.999143574404848,2.5876664836443908e-06,1.0,1.0,10
Hilbert,post_amplitude_trajectory,missing_block_6h,eligible,DRG,250625 to 250728::4C-T5m1_Raw.csv,4C-T5m1,True,target_segment_calibrated_absolute_nrmse,NRMSE,0.07910990675332569,0.08573433561850324,-0.00722108855138872,0.05330952411366144,0.05193994048930555,1.0895152984503886e-05,0.05044514115818026,0.0523445859516129,-0.0005085224750431827,,,,0.042578618501447056,0.0512805847423943,-0.007027321699559594,0.9908975777063144,0.9922274468492853,6.1768921328198e-05,1.0,1.0,10
Hilbert,post_amplitude_trajectory,missing_block_6h,eligible,DRG,250625 to 250728::4D-T7m1_Raw.csv,4D-T7m1,True,target_segment_calibrated_absolute_nrmse,NRMSE,0.07592691776028976,0.08846283412043965,-0.0033425734972385365,0.03695628461039477,0.033505554125650996,0.0040561697937495055,0.04157539066879121,0.0400918810708642,0.002421081125207891,,,,0.02724879146744063,0.0093735669230515,0.015429214285422379,0.9991501974271813,0.9994712626094048,8.992545182007206e-05,1.0,1.0,10
Hilbert,post_amplitude_trajectory,missing_block_6h,eligible,DRG,250625 to 250728::5B-T12m2_Raw.csv,5B-T12m2,True,target_segment_calibrated_absolute_nrmse,NRMSE,0.11910959375501039,0.12336628933979454,-0.0029832728422251598,0.05593604291176933,0.05263743138916715,0.003137739530197737,0.0809052642375376,0.07900814945236007,0.0022035523750218444,,,,0.02287008934941826,0.03380235387579485,-0.010317739080315988,0.9989990051086048,0.9990373536193451,-2.913533340198615e-06,1.0,1.0,10
Hilbert,post_amplitude_trajectory,missing_block_6h,eligible,DRG,250625 to 250728::5C-T12_Raw.csv,5C-T12,True,target_segment_calibrated_absolute_nrmse,NRMSE,0.08608419320850619,0.0857170333430693,-6.951441926652396e-05,0.04826114735008284,0.04463826353873375,0.0020984226681504785,0.046891790474290346,0.04367659659075905,0.0034060136368871813,,,,0.03495843228660422,0.038255037622243346,-0.0017095217333543966,0.9932638679773603,0.9933674531053065,0.00020244030607169394,1.0,1.0,10
Hilbert,post_amplitude_trajectory,missing_block_6h,eligible,DRG,250625 to 250728::5D-T10_Raw.csv,5D-T10,True,target_segment_calibrated_absolute_nrmse,NRMSE,0.08608086521450978,0.09176135393305015,-0.0025477524264038015,0.047894275935956736,0.04685499492012765,0.0014932721578874847,0.05796399988070561,0.056215595244813815,0.001377773287321915,,,,0.04127648152421912,0.0485457533231246,-0.007717855651628233,0.9964846699552322,0.9964967946977574,-8.174714795317062e-05,1.0,1.0,10
Hilbert,post_amplitude_trajectory,missing_block_6h,eligible,DRG,250625 to 250728::6A-T7_Raw.csv,6A-T7,True,target_segment_calibrated_absolute_nrmse,NRMSE,0.060183027474497636,0.0647569024368703,-0.0021015225928594297,0.04820002565063369,0.0459352138594821,0.0012732049023813224,0.033303323544814856,0.029975478091637225,0.0005280274472388713,,,,0.028204853118915695,0.03129242962111225,-0.0038932560607128994,0.9935770904043328,0.9938835374458534,0.00016429844986426412,1.0,1.0,10
Hilbert,post_amplitude_trajectory,missing_block_6h,eligible,DRG,250625 to 250728::6B-T5_Raw.csv,6B-T5,True,target_segment_calibrated_absolute_nrmse,NRMSE,0.08090186447867423,0.08308528188930064,-0.004720765419875025,0.049647405966727204,0.0483727536950911,0.0005778770536948065,0.04826429721719666,0.04757865396176511,0.0014985732687151643,,,,0.03453306924910071,0.0462953506958339,-0.009937414965913336,0.9936029593214957,0.9934401286851706,-0.0006245682104162875,1.0,1.0,10
Hilbert,post_amplitude_trajectory,missing_block_6h,eligible,DRG,250625 to 250728::7C-L1_Raw.csv,7C-L1,True,target_segment_calibrated_absolute_nrmse,NRMSE,0.08042945245826166,0.0810561416145158,-4.7618120372121264e-05,0.03388791694379052,0.030357956970103503,0.0031413319958762745,0.04074044530441315,0.03536297665084054,0.003148007135133052,,,,0.013299899496988732,0.0123299015722632,0.0003012638011235221,0.9990077940290562,0.9990436409793594,8.579689401100321e-06,1.0,1.0,10
Hilbert,post_amplitude_trajectory,missing_block_6h,eligible,DRG,250625 to 250728::7D-L2_Raw.csv,7D-L2,True,target_segment_calibrated_absolute_nrmse,NRMSE,0.06495079426368025,0.06650106669796549,-0.0018183771193879886,0.035924424075082756,0.029641511794334302,0.006019453401228668,0.02986565649680395,0.018286269630201094,0.006792268401979745,,,,0.016123051263236685,0.0212447178226071,-0.0039022547265197783,0.9947411115911544,0.9947270419365587,6.986207577930337e-05,1.0,1.0,10
Hilbert,post_amplitude_trajectory,missing_block_6h,eligible,DRG,250625 to 250728::8B-L2m1_Raw.csv,8B-L2m1,True,target_segment_calibrated_absolute_nrmse,NRMSE,0.1042178627359536,0.1058422776584485,-9.560384779439685e-05,0.05493641826807524,0.05136940515986735,0.0006588392370634917,0.06698809257314797,0.06720436102668442,0.001152013568398308,,,,0.03194145519486202,0.0324201969514479,-0.0031743981089362126,0.9982446181818755,0.9980454749275973,-9.661810625188894e-05,1.0,1.0,10
Hilbert,post_amplitude_trajectory,missing_block_6h,eligible,DRG,250625 to 250728::8C-L3m1_Raw.csv,8C-L3m1,True,target_segment_calibrated_absolute_nrmse,NRMSE,0.06801444787215155,0.059643751481087,-0.00021292760166393213,0.05861846007796484,0.055970517671974154,-0.00015642739795420496,0.023353767713069906,0.016075792883148143,-0.00022041266805156168,,,,0.06496367815208717,0.058499231461102155,0.0031644646251238646,0.995418329984026,0.9962186628459992,-1.424574473468665e-05,1.0,1.0,10
Hilbert,post_amplitude_trajectory,missing_block_6h,eligible,DRG,250625 to 250728::8D-L4-1m1_Raw.csv,8D-L4-1m1,True,target_segment_calibrated_absolute_nrmse,NRMSE,0.125279802555628,0.12879871326767806,-0.004134698609635126,0.05865601509388026,0.0505088129008514,0.004964316875345407,0.06128663001877621,0.05834218058561352,0.00232290537866503,,,,0.048649603957890766,0.025984637998700003,0.01898199795044592,0.9991679197781516,0.9994915791959624,0.00020417844960873843,1.0,1.0,10
Hilbert,post_amplitude_trajectory,missing_block_6h,eligible,DRG,250811::2C-2ML1_Raw.csv,2C-2ML1,True,target_segment_calibrated_absolute_nrmse,NRMSE,0.18169019801724473,0.18933819948787026,-0.0033126181093335316,0.07417840009499134,0.07327572221978325,0.0004793868003068816,0.15343492807367815,0.15151030821149375,0.0012809180330601855,,,,0.08884263356900153,0.09766709014004525,-0.006534299654675675,0.9961993773323834,0.9961153616287434,-0.00010152637730398428,1.0,1.0,10
Hilbert,post_amplitude_trajectory,missing_block_6h,eligible,DRG,250811::2D-1FL2_Raw.csv,2D-1FL2,True,target_segment_calibrated_absolute_nrmse,NRMSE,0.12022470191773782,0.12334727279274979,-0.002803702306576644,0.06358840120631225,0.0629327012309135,0.0005417089019075956,0.09371146379741285,0.09008563025769767,0.001852858727543788,,,,0.06785415255134426,0.07207304955510224,-0.0033854753574943386,0.9901741160535762,0.9887015026473306,-0.0005411574651101314,1.0,1.0,10
Hilbert,post_amplitude_trajectory,missing_block_6h,eligible,DRG,250811::3D-1FT10_Raw.csv,3D-1FT10,True,target_segment_calibrated_absolute_nrmse,NRMSE,0.11407094121706782,0.11400979087308605,-8.025167322859433e-05,0.07141657121650838,0.0696259777645344,0.0022515284727397805,0.09257613567083514,0.08568387196374216,0.0049186559000262975,,,,0.07521542547863574,0.07842096562684155,-0.002777412105078196,0.9763472142422172,0.9758672407301068,-6.733060758651321e-05,1.0,1.0,10
Hilbert,post_amplitude_trajectory,missing_block_6h,eligible,DRG,250811::4A-2MT10_Raw.csv,4A-2MT10,True,target_segment_calibrated_absolute_nrmse,NRMSE,0.1077041869908647,0.1161796606877733,-0.008498222259035904,0.05724995263822591,0.05698663808191935,0.0001843107425155109,0.10809506856764223,0.10454226574049003,0.0004223219200161221,,,,0.022867997299305356,0.042258467102592304,-0.024742537763890966,0.9962656030584829,0.9963019054634785,-3.420946345283893e-05,1.0,1.0,10
Hilbert,post_amplitude_trajectory,missing_block_6h,eligible,DRG,250811::4D-1FL4_Raw.csv,4D-1FL4,True,target_segment_calibrated_absolute_nrmse,NRMSE,0.13332776671484736,0.1385410459418566,-0.007604994715787863,0.06688032721711562,0.06808030244470295,-0.0011274282048559306,0.10531898788621635,0.10374224467699086,0.0005460142905571452,,,,0.06335256722844101,0.07860626789008116,-0.015833241345443182,0.9897670181547626,0.9893568373174746,-0.00015865382070101575,1.0,1.0,10
Hilbert,post_amplitude_trajectory,missing_block_6h,eligible,DRG,250811::5A-2ML2_Raw.csv,5A-2ML2,True,target_segment_calibrated_absolute_nrmse,NRMSE,0.11283112834976057,0.1142951526088108,-0.0024515687892709692,0.07690496216884016,0.0753568676697958,0.002988998506118494,0.12382748197527033,0.11674689844403643,0.006387129550848081,,,,0.059396701392462906,0.0694385277150486,-0.006399052111521728,0.9898586530657432,0.9892887574689602,-2.4356567461247813e-05,1.0,1.0,10
Hilbert,post_amplitude_trajectory,missing_block_6h,eligible,DRG,250811::5C-1FT7_Raw.csv,5C-1FT7,True,target_segment_calibrated_absolute_nrmse,NRMSE,0.15287982936339184,0.15988343060950028,-0.0033521859776611818,0.06519125150777819,0.0632092793290733,0.0017891060072622623,0.1314041455537895,0.1258374870028765,0.004712460567421584,,,,0.06285141390737935,0.0731223383281294,-0.00788115433212895,0.9963996007115448,0.9963195896748246,1.4171491506842493e-05,1.0,1.0,10
Hilbert,post_amplitude_trajectory,missing_block_6h,eligible,DRG,250811::6A-1FL1_Raw.csv,6A-1FL1,True,target_segment_calibrated_absolute_nrmse,NRMSE,0.12214692293260024,0.12740079890096917,-0.00507388547617002,0.06781407294572045,0.0676041434400355,0.0002099295056849429,0.0884858260238369,0.08726732613191784,0.0012478060113950418,,,,0.0633449532602468,0.075552740599616,-0.012016699806652688,0.9836193758033074,0.9819883708838123,-0.0011929097245452769,1.0,1.0,10
Hilbert,post_amplitude_trajectory,missing_block_6h,eligible,DRG,250811::6B-2ML3_Raw.csv,6B-2ML3,True,target_segment_calibrated_absolute_nrmse,NRMSE,0.10944939007393424,0.1110474361024426,-0.0005203931588140601,0.07729813545567916,0.07630197352317741,0.0011031393296140196,0.08594483027139736,0.0815352103835273,0.004727154378589615,,,,0.06992062058756625,0.077777353877479,-0.007303411359630904,0.9528124512838702,0.9455142725786162,-0.002666577562440653,1.0,1.0,10
Hilbert,post_amplitude_trajectory,missing_block_6h,eligible,DRG,250811::7C-1FT12_Raw.csv,7C-1FT12,True,target_segment_calibrated_absolute_nrmse,NRMSE,0.12849456567187628,0.13526704018107544,-0.007643281397953491,0.10170865433492679,0.10338756733064974,0.00013470605562663357,0.072326720793403,0.06702885635314071,0.004959677153083007,,,,0.033225979070477446,0.046840095140949195,-0.008897476179889636,0.1334922335571519,0.12511723420018545,0.03521857947797391,1.0,1.0,10
Hilbert,post_amplitude_trajectory,missing_block_6h,eligible,DRG,250811::8A-1FT5_Raw.csv,8A-1FT5,True,target_segment_calibrated_absolute_nrmse,NRMSE,0.10963165221614435,0.11167229609877091,-0.003112394028502677,0.07180478087368239,0.0682524637193376,0.0022149387831431055,0.12248610678390512,0.11954367570048646,0.0039329816317885125,,,,0.04736234527500412,0.0510268833708902,-0.004439497200954642,0.9950010385652248,0.9947794905593039,-0.00010180356475947283,1.0,1.0,10
Hilbert,post_amplitude_trajectory,missing_block_6h,eligible,DRG,250811::8C-2ML4_Raw.csv,8C-2ML4,True,target_segment_calibrated_absolute_nrmse,NRMSE,0.13342145587988927,0.1383685523325559,-0.00202501485571481,0.06531871907840289,0.06396220875008715,0.0018311929416715833,0.11714656694936196,0.11117990879344963,0.004373143292912718,,,,0.06784025538465646,0.07971045489709841,-0.009665614430534535,0.9950167671199993,0.9948680449391825,-0.0001785625765811094,1.0,1.0,10
Hilbert,post_amplitude_trajectory,missing_block_6h,eligible,DRG,250811::8D-2MT7_Raw.csv,8D-2MT7,True,target_segment_calibrated_absolute_nrmse,NRMSE,0.14255422310113133,0.14637392971091395,-0.001197811899888171,0.06918201500235378,0.06826181350535175,0.0011260311288157354,0.14104267868389148,0.14301698076078678,0.0020664737706551084,,,,0.060398589375415666,0.0728557894791234,-0.014476499811697977,0.9971152098197931,0.9969918549804162,-0.00014790260485819662,1.0,1.0,10
Hilbert,post_amplitude_trajectory,missing_block_6h,eligible,DRG,251003::2B- 1MT7_Raw.csv,2B- 1MT7,True,target_segment_calibrated_absolute_nrmse,NRMSE,0.04836917284690288,0.06530410045160305,-0.018352235106022723,0.03520156048997751,0.033783761098822404,0.0018324601205658795,0.019619694318244785,0.02776380374729892,-0.011378367997651184,,,,0.014171033377695562,0.0084033164003943,0.006190831586183991,0.99610223413041,0.9959466182928274,0.0008842128398002247,1.0,1.0,10
Hilbert,post_amplitude_trajectory,missing_block_6h,eligible,DRG,251003::2C- M1L1_Raw.csv,2C- M1L1,True,target_segment_calibrated_absolute_nrmse,NRMSE,0.4762770374105061,0.47592639574343354,-1.5004513197663938e-05,0.28630981723508225,0.28635256709493945,-4.441587298231742e-06,0.39381863322078503,0.3939169371808983,-4.175180668142264e-06,,,,0.18794492544455382,0.18676991247370522,-6.8879959619928e-05,0.9766460990942043,0.9766348526967068,-7.21545740600682e-07,1.0,1.0,10
Hilbert,post_amplitude_trajectory,missing_block_6h,eligible,DRG,251003::2D- M1L4_Raw.csv,2D- M1L4,True,target_segment_calibrated_absolute_nrmse,NRMSE,0.08887022754708236,0.09165006080186895,0.00028446139468150944,0.08744247173394085,0.09159060646301995,0.00045848998381502193,0.01958984271765765,0.013403220841522456,0.006344142560194749,,,,0.015047560977947204,0.02803787504458535,-0.00977919749354253,0.9809878059224106,0.9790682976749812,-0.0003886351322441306,1.0,1.0,10
Hilbert,post_amplitude_trajectory,missing_block_6h,eligible,SCN,250625 to 250728::1C-SCN_Raw.csv,1C-SCN,True,target_segment_calibrated_absolute_nrmse,NRMSE,0.07562560176211752,0.07595489498921575,-6.899719122937381e-05,0.07487572098173506,0.07526339494853855,-7.509029984866661e-05,0.015221610572443922,0.013261190800126055,-0.000759145321639898,,,,0.037553119921731035,0.0312633457804751,0.0006797907011150198,0.9902827448131034,0.9910911954669814,2.3097920021697416e-05,1.0,1.0,10
Hilbert,post_amplitude_trajectory,missing_block_6h,eligible,SCN,250625 to 250728::6C-SCNmm1_Raw.csv,6C-SCNmm1,True,target_segment_calibrated_absolute_nrmse,NRMSE,0.15432592041564425,0.15426628471152853,-0.0002676844450089505,0.15293681990687036,0.15269906202215675,-0.0002631105978947862,0.05556706293675656,0.048762202162610235,0.0006769228490904888,,,,0.12308532629587318,0.11230336802085035,0.0013741365366582992,0.9833083462653831,0.9832167202454221,-7.6749741817983e-05,1.0,1.0,10
Hilbert,post_amplitude_trajectory,missing_block_6h,eligible,SCN,250625 to 250728::7A-SCNmm2_Raw.csv,7A-SCNmm2,True,target_segment_calibrated_absolute_nrmse,NRMSE,0.2789503528408417,0.2811649983062878,-1.0134449900944809e-05,0.2263010703519292,0.21500277008508223,0.00038523923020226947,0.19372933660567498,0.1896911781072701,-0.0005247367646874501,,,,0.3495515105318697,0.33165162877261095,0.008697455744688443,0.9806850313538747,0.9832170872774704,-4.429805259670294e-05,1.0,1.0,10
Hilbert,post_amplitude_trajectory,missing_block_6h,eligible,SCN,250625 to 250728::7B-SCNcm2_Raw.csv,7B-SCNcm2,True,target_segment_calibrated_absolute_nrmse,NRMSE,0.5536282231464922,0.5558478543017902,-0.00028466805397825423,0.4453569593633565,0.4468432455397733,-0.00022512312601843942,0.8774359281650768,0.878720010427003,4.1892121765640944e-05,,,,0.5612753004208717,0.5673973713003544,4.812172213108923e-05,0.9345364830394026,0.9347698806821413,-7.139050768312227e-05,1.0,1.0,10
Hilbert,post_amplitude_trajectory,missing_block_6h,eligible,SCN,250728::7A-SCNcM1_Raw.csv,7A-SCNcM1,True,target_segment_calibrated_absolute_nrmse,NRMSE,0.10356486287727228,0.10399348198885164,-0.00040319562654785035,0.10228675885317855,0.10329725643708335,-0.0004510192144431685,0.03421438484614811,0.03750804700026684,-0.002649824443566283,,,,0.011300552578311867,0.007642837400663,0.0012417874816292524,0.856103271446091,0.8500136413215216,5.4276366079353267e-05,1.0,1.0,10
Hilbert,post_amplitude_trajectory,missing_block_6h,eligible,SCN,250811::1A-1FSCN_Raw.csv,1A-1FSCN,True,target_segment_calibrated_absolute_nrmse,NRMSE,0.07925574615044778,0.06679890657461396,0.012456839575833836,0.07062640097867035,0.0653178684436925,0.0038291735677036254,0.042352715160361154,0.04089128299982972,0.003989101244246007,,,,0.07730186856007873,0.04436117566269135,0.032341546706502126,0.9872079998734964,0.9870641932336031,0.0003846626977256351,1.0,1.0,10
Hilbert,post_amplitude_trajectory,missing_block_6h,eligible,SCN,250811::1B-2MSCN_Raw.csv,1B-2MSCN,True,target_segment_calibrated_absolute_nrmse,NRMSE,0.08535542662426736,0.0929048677833368,-0.0023629996264899963,0.06059800116417155,0.0593303034282757,0.0009477278477518676,0.10196541650122617,0.10082514001638887,0.001970383672332876,,,,0.02210684005751367,0.0318895385610255,-0.004532198616135139,0.9955068641782022,0.9954882447529599,-0.0001854366696455445,1.0,1.0,10
Hilbert,post_amplitude_trajectory,missing_block_6h,eligible,SCN,250811::1C-3FSCN_Raw.csv,1C-3FSCN,True,target_segment_calibrated_absolute_nrmse,NRMSE,0.15764081063325036,0.1532776417978928,0.0036257496044385246,0.15605993416335953,0.15125927701753925,0.004960303823158804,0.09121716310944239,0.08612457391959333,0.007608811480556865,,,,0.11033495207886043,0.092516388143499,0.018818081909530222,0.9759716727183156,0.9759763471457088,-3.689937470635618e-05,1.0,1.0,10
Hilbert,post_amplitude_trajectory,missing_block_6h,eligible,SCN,250811::1D-4FSCN_Raw.csv,1D-4FSCN,True,target_segment_calibrated_absolute_nrmse,NRMSE,0.34856510676019603,0.34803267262569876,5.206200408269801e-05,0.18767492938349853,0.18430720140500578,0.001511203279168996,0.06100373261864067,0.057237586714548816,0.0005451332317851776,,,,0.12348603531478233,0.1152833031457312,0.005088143347248671,0.9869750397428776,0.9871139013659183,8.403862386513472e-05,1.0,1.0,10
Hilbert,post_amplitude_trajectory,missing_block_6h,ineligible,DRG,250625 to 250728::5A-T10m1_Raw.csv,5A-T10m1,True,target_segment_calibrated_absolute_nrmse,NRMSE,0.4919474580961415,0.49236434875238355,-3.98762765444205e-05,0.3016040501343925,0.30586412328495305,-7.87794630406069e-05,0.3769743891060106,0.3729863760425734,-0.00042592512806227667,,,,0.4271785523820941,0.41862210611289474,0.000754005342824382,0.9775202008732604,0.9770285981055278,-2.1350714618728617e-05,1.0,1.0,10
Hilbert,post_amplitude_trajectory,transient_artifact,difficult,DRG,250625 to 250728::1D-L2m2_Raw.csv,1D-L2m2,True,target_segment_calibrated_absolute_nrmse,NRMSE,0.08986246597275029,0.07773284532817425,0.011114024964029488,0.06759494011429605,0.04917641122787865,0.019569538333996852,0.06367129541625258,0.04913508461262664,0.015032514388153423,,,,0.03859257080211247,0.0362384755933726,0.00033990747949019795,0.9946399189665838,0.995088539020972,0.0004547669953950395,1.0,1.0,10
Hilbert,post_amplitude_trajectory,transient_artifact,difficult,DRG,250625 to 250728::8A-L3_Raw.csv,8A-L3,True,target_segment_calibrated_absolute_nrmse,NRMSE,0.06341874237351441,0.059796815859636004,0.00453809038272026,0.05144110689374337,0.042838020627342446,0.00764651604617702,0.03127347732038116,0.005916195195379614,0.026329416499926983,,,,0.018161175992213355,0.01090098682321705,0.007863795403274303,0.9927850887005685,0.9903023908723174,-0.0010226827593347587,1.0,1.0,10
Hilbert,post_amplitude_trajectory,transient_artifact,difficult,DRG,250811::3A-1FL4_Raw.csv,3A-1FL4,True,target_segment_calibrated_absolute_nrmse,NRMSE,0.420436870975194,0.4189351413614635,-0.00011658303847386642,0.2853394972566806,0.2838684887120331,-0.0069331012013935656,0.33887574399467435,0.3398180393213916,-0.0015840350217143362,,,,0.15849344915130792,0.17320581780661334,-0.005827863804073824,0.9565483233924996,0.9571367394987023,-0.0005661082237743975,1.0,1.0,10
Hilbert,post_amplitude_trajectory,transient_artifact,difficult,DRG,250811::4C-2MT5_Raw.csv,4C-2MT5,True,target_segment_calibrated_absolute_nrmse,NRMSE,0.3425276846934314,0.351477841760447,0.0011411434530576026,0.10181612956906719,0.0967716386891448,0.003731848602927468,0.3772810580358012,0.3518504231859139,0.004294529241869349,,,,0.12553681056097285,0.13416539289920176,-0.012157875509503091,0.9951686946841265,0.9951651748080192,-3.519876107138664e-06,1.0,1.0,10
Hilbert,post_amplitude_trajectory,transient_artifact,difficult,DRG,250811::7D-2MT12_Raw.csv,7D-2MT12,True,target_segment_calibrated_absolute_nrmse,NRMSE,0.3799773856741995,0.3884495131426703,-0.0015567553272884394,0.09757740772664249,0.10068174413548685,-0.001945623573078259,0.3763840437770867,0.4000853953802672,-0.014274652574491009,,,,0.12999849494604915,0.1350971820731458,-0.0007589337713432148,0.9955930987861374,0.9954627432080813,-7.78738269985868e-05,1.0,1.0,10
Hilbert,post_amplitude_trajectory,transient_artifact,difficult,SCN,250728::6A-SCNrM1_Raw.csv,6A-SCNrM1,True,target_segment_calibrated_absolute_nrmse,NRMSE,0.6029694948999291,0.6000430419654412,0.00010857135038044863,0.4962381451185799,0.49422499977165096,-0.0001081590513395958,0.9419175104837189,0.9398827756299324,0.0006604945275966445,,,,0.6139216326172924,0.6417480867355245,-0.00013927893173332206,0.9211607213022736,0.9218179312281274,-3.987565595503506e-05,1.0,1.0,10
Hilbert,post_amplitude_trajectory,transient_artifact,difficult,SCN,250728::6B-SCNrM2_Raw.csv,6B-SCNrM2,True,target_segment_calibrated_absolute_nrmse,NRMSE,0.4812546117108275,0.48135826173349944,-0.001024616382822613,0.3765457083878816,0.37707375744574423,-0.0015240695793841408,0.6491160693619474,0.6552677073622521,-0.004749558148991362,,,,0.08333278208475234,0.0927398717188696,-0.004224436052310288,0.9579035711161747,0.9577856841261467,-0.00031305632025008245,1.0,1.0,10
Hilbert,post_amplitude_trajectory,transient_artifact,difficult,SCN,250728::7B-SCNcM2_Raw.csv,7B-SCNcM2,True,target_segment_calibrated_absolute_nrmse,NRMSE,0.5935108919372707,0.5939310893316727,-0.00033144906163634635,0.5185514003809165,0.5214326119368077,-0.00014042322271662355,0.935659719834071,0.9283874294318628,0.0031552878945624863,,,,0.6145646943666891,0.6107881888710971,-0.004635274524951272,0.9135583593466208,0.9125460610970162,-5.0596310772643704e-05,1.0,1.0,10
Hilbert,post_amplitude_trajectory,transient_artifact,difficult,SCN,251003::2A- M1SCn_Raw.csv,2A- M1SCn,True,target_segment_calibrated_absolute_nrmse,NRMSE,0.757987325329747,0.759748301196032,0.002282337333922968,0.6555353968556947,0.6565857139734124,0.002330008754257429,1.1353606716334168,1.135688720978977,-0.00020614142414521197,,,,0.8725724360887218,0.8713819308402594,-0.0010610171052569672,0.8604203921706437,0.8599522994191331,0.0011637032768263,1.0,1.0,10
Hilbert,post_amplitude_trajectory,transient_artifact,difficult,SCN,251003::4B-M3SCN_Raw.csv,4B-M3SCN,True,target_segment_calibrated_absolute_nrmse,NRMSE,0.5961734904194851,0.5940041447966183,0.0006308626777231652,0.3291195361049739,0.3322400272904973,0.001572486391824418,0.7610116229798961,0.7662779417592349,0.0028672289060275302,,,,0.22524050061636886,0.1839418709234483,-0.0050095059077410325,0.9663019715440786,0.9664528917440725,0.0003638060278384758,1.0,1.0,10
Hilbert,post_amplitude_trajectory,transient_artifact,eligible,DRG,250625 to 250728::1B-L1m2_Raw.csv,1B-L1m2,True,target_segment_calibrated_absolute_nrmse,NRMSE,0.0868650324788657,0.08168037355213564,0.004798791314622006,0.06503560400262001,0.06017511310726015,0.005635258003583707,0.05305511826676487,0.04103576898225124,0.011919074709985378,,,,0.05358353559698717,0.049859948522034195,0.0031955895749237705,0.9731394500598773,0.9719649870892957,0.0012837348553276784,1.0,1.0,10
Hilbert,post_amplitude_trajectory,transient_artifact,eligible,DRG,250625 to 250728::2C-L3m2_Raw.csv,2C-L3m2,True,target_segment_calibrated_absolute_nrmse,NRMSE,0.11335583976575636,0.10686552926830005,0.00527372468004373,0.07121893248707585,0.05217558969553685,0.01842092223678175,0.07579022802766472,0.06556058250577368,0.006219138676291064,,,,0.012107430868076828,0.023529022884202153,-0.00904940055830912,0.9972607092732663,0.9978787779958698,0.0007595507276246805,1.0,1.0,10
Hilbert,post_amplitude_trajectory,transient_artifact,eligible,DRG,250625 to 250728::3A-L5m2_Raw.csv,3A-L5m2,True,target_segment_calibrated_absolute_nrmse,NRMSE,0.12023972095722893,0.13167722222364653,-0.010315263845959897,0.062253835866096494,0.0544613951084192,0.007849024447460634,0.06951694488769294,0.08212395517658,-0.010735900246089447,,,,0.025299262765343708,0.0271534557961984,0.0017131586455801477,0.9986182823325549,0.9991776167510154,0.0004971880486784874,1.0,1.0,10
Hilbert,post_amplitude_trajectory,transient_artifact,eligible,DRG,250625 to 250728::3B-T10m2_Raw.csv,3B-T10m2,True,target_segment_calibrated_absolute_nrmse,NRMSE,0.14799662254385038,0.14277564490872147,0.0003654214849221349,0.05450838690823791,0.0561390559960042,-0.0009317794033496876,0.05745810148892905,0.06639995962557521,-0.010305489674067525,,,,0.020656385150099304,0.0158824425772425,0.0033430027020581532,0.9988710218286017,0.9993475200732401,0.0004590216895452026,1.0,1.0,10
Hilbert,post_amplitude_trajectory,transient_artifact,eligible,DRG,250625 to 250728::4B-T12m2_Raw.csv,4B-T12m2,True,target_segment_calibrated_absolute_nrmse,NRMSE,0.13149403671497462,0.1290847350276078,0.0016489890425678416,0.048781507882998856,0.052165862990532455,-0.0033999387115192375,0.06651753585273867,0.07563453700283901,-0.010011045953579378,,,,0.032734569541629864,0.02791470594138595,0.004794446990174563,0.9988541603297723,0.999143574404848,0.0001950316112951378,1.0,1.0,10
Hilbert,post_amplitude_trajectory,transient_artifact,eligible,DRG,250625 to 250728::4C-T5m1_Raw.csv,4C-T5m1,True,target_segment_calibrated_absolute_nrmse,NRMSE,0.1059432243153912,0.08573433561850324,0.0209323583066629,0.06393850771880012,0.05193994048930555,0.009599326976832821,0.036166862787655046,0.0523445859516129,-0.016926396289134282,,,,0.05720586902659047,0.0512805847423943,0.007604085419967273,0.9890575055773277,0.9922274468492853,0.002389100376281983,1.0,1.0,10
Hilbert,post_amplitude_trajectory,transient_artifact,eligible,DRG,250625 to 250728::4D-T7m1_Raw.csv,4D-T7m1,True,target_segment_calibrated_absolute_nrmse,NRMSE,0.11591428694792126,0.08846283412043965,0.028614943775681502,0.04717750393925864,0.033505554125650996,0.012995735039735643,0.05589223238863911,0.0400918810708642,0.015236195399035146,,,,0.019573944413148345,0.0093735669230515,0.014503238204593538,0.9991162454515972,0.9994712626094048,0.00036867526843065157,1.0,1.0,10
Hilbert,post_amplitude_trajectory,transient_artifact,eligible,DRG,250625 to 250728::5B-T12m2_Raw.csv,5B-T12m2,True,target_segment_calibrated_absolute_nrmse,NRMSE,0.1217676204418089,0.12336628933979454,-0.002794004634198398,0.052151301780588744,0.05263743138916715,0.0006440251026134138,0.06322341573375612,0.07900814945236007,-0.015395040456634784,,,,0.037352244867480136,0.03380235387579485,0.002370517228368188,0.9985016054270831,0.9990373536193451,0.0004199519930551676,1.0,1.0,10
Hilbert,post_amplitude_trajectory,transient_artifact,eligible,DRG,250625 to 250728::5C-T12_Raw.csv,5C-T12,True,target_segment_calibrated_absolute_nrmse,NRMSE,0.09354113150388872,0.0857170333430693,0.006608123990687796,0.05334070042449843,0.04463826353873375,0.008780762463851295,0.04175478274800219,0.04367659659075905,-0.0038364348317655034,,,,0.05778668574042685,0.038255037622243346,0.016525189296206447,0.9923035071642652,0.9933674531053065,0.003372360928767859,1.0,1.0,10
Hilbert,post_amplitude_trajectory,transient_artifact,eligible,DRG,250625 to 250728::5D-T10_Raw.csv,5D-T10,True,target_segment_calibrated_absolute_nrmse,NRMSE,0.09817056684991046,0.09176135393305015,0.010242725613673072,0.05403427015392703,0.04685499492012765,0.007300182607259637,0.051543751406458366,0.056215595244813815,-0.005926506416831984,,,,0.04686857531170787,0.0485457533231246,-0.0022096887408766773,0.9942142200262976,0.9964967946977574,0.0023122799480898015,1.0,1.0,10
Hilbert,post_amplitude_trajectory,transient_artifact,eligible,DRG,250625 to 250728::6A-T7_Raw.csv,6A-T7,True,target_segment_calibrated_absolute_nrmse,NRMSE,0.09232405660615707,0.0647569024368703,0.028498015641771637,0.06262579149154784,0.0459352138594821,0.016855921786490986,0.04417351432927735,0.029975478091637225,0.018798651142234918,,,,0.037790362981404285,0.03129242962111225,0.007495319073186934,0.9946719466065796,0.9938835374458534,-0.0002651325579889341,1.0,1.0,10
Hilbert,post_amplitude_trajectory,transient_artifact,eligible,DRG,250625 to 250728::6B-T5_Raw.csv,6B-T5,True,target_segment_calibrated_absolute_nrmse,NRMSE,0.0837870123060786,0.08308528188930064,0.0005699287144643322,0.05355686448557738,0.0483727536950911,0.002359689417036584,0.04272692237739234,0.04757865396176511,-0.004112558384047421,,,,0.05531419216053941,0.0462953506958339,0.008199549007477363,0.9909540116681124,0.9934401286851706,0.0025169881973644004,1.0,1.0,10
Hilbert,post_amplitude_trajectory,transient_artifact,eligible,DRG,250625 to 250728::7C-L1_Raw.csv,7C-L1,True,target_segment_calibrated_absolute_nrmse,NRMSE,0.09214093214930283,0.0810561416145158,0.012202439593632944,0.045006641094679986,0.030357956970103503,0.01493747675701709,0.051722759392602596,0.03536297665084054,0.01425857948825937,,,,0.018189217720020197,0.0123299015722632,0.0069792896389536474,0.9980118470496554,0.9990436409793594,0.0011649573327610074,1.0,1.0,10
Hilbert,post_amplitude_trajectory,transient_artifact,eligible,DRG,250625 to 250728::7D-L2_Raw.csv,7D-L2,True,target_segment_calibrated_absolute_nrmse,NRMSE,0.09247600710022501,0.06650106669796549,0.026009307153019308,0.06305980635348009,0.029641511794334302,0.03390674855082439,0.043141709576401205,0.018286269630201094,0.019332304182212726,,,,0.017473625431732417,0.0212447178226071,-0.003658814856106884,0.9931692097168126,0.9947270419365587,0.0005977136835717545,1.0,1.0,10
Hilbert,post_amplitude_trajectory,transient_artifact,eligible,DRG,250625 to 250728::8B-L2m1_Raw.csv,8B-L2m1,True,target_segment_calibrated_absolute_nrmse,NRMSE,0.10444388631688895,0.1058422776584485,-2.915038703286965e-05,0.049872216720205684,0.05136940515986735,-0.002379671154181133,0.04757250784430386,0.06720436102668442,-0.01601063510500597,,,,0.05710679541768969,0.0324201969514479,0.01194345020919959,0.9945254650784913,0.9980454749275973,0.0023038093557056216,1.0,1.0,10
Hilbert,post_amplitude_trajectory,transient_artifact,eligible,DRG,250625 to 250728::8C-L3m1_Raw.csv,8C-L3m1,True,target_segment_calibrated_absolute_nrmse,NRMSE,0.08214716733749611,0.059643751481087,0.01148442468743685,0.07123922377307515,0.055970517671974154,0.014012381846766016,0.02724695774331365,0.016075792883148143,0.01552656746041492,,,,0.08655286040148286,0.058499231461102155,0.0366886125896461,0.9948904242229595,0.9962186628459992,0.0013175444810428205,1.0,1.0,10
Hilbert,post_amplitude_trajectory,transient_artifact,eligible,DRG,250625 to 250728::8D-L4-1m1_Raw.csv,8D-L4-1m1,True,target_segment_calibrated_absolute_nrmse,NRMSE,0.12639291602120917,0.12879871326767806,0.00033198007527587836,0.053751085110845295,0.0505088129008514,0.001098618946857595,0.06371846984256502,0.05834218058561352,0.006646410638302014,,,,0.03843198648309725,0.025984637998700003,0.010914691633321682,0.9994573398029354,0.9994915791959624,5.0979175750309746e-05,1.0,1.0,10
Hilbert,post_amplitude_trajectory,transient_artifact,eligible,DRG,250811::2C-2ML1_Raw.csv,2C-2ML1,True,target_segment_calibrated_absolute_nrmse,NRMSE,0.18029324118086865,0.18933819948787026,-0.005317731350384533,0.07301407892038532,0.07327572221978325,-0.0014285121318969168,0.14897666342761584,0.15151030821149375,-0.0028190164727004974,,,,0.06447280344120568,0.09766709014004525,-0.035519985762128316,0.9971176630883815,0.9961153616287434,-0.0010328368983063552,1.0,1.0,10
Hilbert,post_amplitude_trajectory,transient_artifact,eligible,DRG,250811::2D-1FL2_Raw.csv,2D-1FL2,True,target_segment_calibrated_absolute_nrmse,NRMSE,0.12748508803431072,0.12334727279274979,0.005071293809905272,0.05627594512165799,0.0629327012309135,-0.005851050415407708,0.07147669757756817,0.09008563025769767,-0.019585811024890154,,,,0.06654762473624956,0.07207304955510224,-0.005609078116741939,0.9899476064505088,0.9887015026473306,-0.0011412631628774927,1.0,1.0,10
Hilbert,post_amplitude_trajectory,transient_artifact,eligible,DRG,250811::3D-1FT10_Raw.csv,3D-1FT10,True,target_segment_calibrated_absolute_nrmse,NRMSE,0.12316972110744089,0.11400979087308605,0.010979632070415586,0.0766877677265343,0.0696259777645344,0.007739843298900949,0.06295314947991279,0.08568387196374216,-0.024704330290896054,,,,0.10078169536039458,0.07842096562684155,0.022812684824465086,0.9774008445289655,0.9758672407301068,-0.0022810919254057094,1.0,1.0,10
Hilbert,post_amplitude_trajectory,transient_artifact,eligible,DRG,250811::4A-2MT10_Raw.csv,4A-2MT10,True,target_segment_calibrated_absolute_nrmse,NRMSE,0.13268163004707675,0.1161796606877733,0.015476672648425276,0.07003696480034155,0.05698663808191935,0.013015794218136444,0.11808760892967363,0.10454226574049003,0.011638987076645901,,,,0.05480990339453552,0.042258467102592304,0.011430680219654026,0.9954632220902371,0.9963019054634785,0.0008787865047217291,1.0,1.0,10
Hilbert,post_amplitude_trajectory,transient_artifact,eligible,DRG,250811::4D-1FL4_Raw.csv,4D-1FL4,True,target_segment_calibrated_absolute_nrmse,NRMSE,0.133973109380073,0.1385410459418566,-0.0033170391002762395,0.06486814474693481,0.06808030244470295,-0.0025752586234209993,0.09924258156068658,0.10374224467699086,-0.007862283498747263,,,,0.08418376147024098,0.07860626789008116,0.005393102783465227,0.991589445042273,0.9893568373174746,-0.002674395696558529,1.0,1.0,10
Hilbert,post_amplitude_trajectory,transient_artifact,eligible,DRG,250811::5A-2ML2_Raw.csv,5A-2ML2,True,target_segment_calibrated_absolute_nrmse,NRMSE,0.11063079375156706,0.1142951526088108,-0.0028204110705264407,0.07348324190314388,0.0753568676697958,-0.002282908240680011,0.11580733149444344,0.11674689844403643,-0.004646982337549621,,,,0.03895461174241167,0.0694385277150486,-0.030193174422219332,0.9915093033161502,0.9892887574689602,-0.0008919457280353038,1.0,1.0,10
Hilbert,post_amplitude_trajectory,transient_artifact,eligible,DRG,250811::5C-1FT7_Raw.csv,5C-1FT7,True,target_segment_calibrated_absolute_nrmse,NRMSE,0.1653545243659376,0.15988343060950028,0.0030493220482685907,0.06782992271643147,0.0632092793290733,0.004704882928060053,0.12502132571671998,0.1258374870028765,0.002665180833184677,,,,0.07175704721955758,0.0731223383281294,-0.001986658453211866,0.9964349134184036,0.9963195896748246,-6.534033792537919e-05,1.0,1.0,10
Hilbert,post_amplitude_trajectory,transient_artifact,eligible,DRG,250811::6A-1FL1_Raw.csv,6A-1FL1,True,target_segment_calibrated_absolute_nrmse,NRMSE,0.14406665992011064,0.12740079890096917,0.01666005436194619,0.08882329560891222,0.0676041434400355,0.02108416601413618,0.11394723532311685,0.08726732613191784,0.026473045844196325,,,,0.10347464111583302,0.075552740599616,0.027977576299332924,0.980028472253899,0.9819883708838123,0.0014293009971518833,1.0,1.0,10
Hilbert,post_amplitude_trajectory,transient_artifact,eligible,DRG,250811::6B-2ML3_Raw.csv,6B-2ML3,True,target_segment_calibrated_absolute_nrmse,NRMSE,0.1291468152003986,0.1110474361024426,0.01811929699013025,0.08174818625871341,0.07630197352317741,0.006476950803303169,0.08904824199274697,0.0815352103835273,0.00793824021251531,,,,0.1075062909502287,0.077777353877479,0.03090967907038425,0.9394264566941954,0.9455142725786162,0.013825883729535249,1.0,1.0,10
Hilbert,post_amplitude_trajectory,transient_artifact,eligible,DRG,250811::7C-1FT12_Raw.csv,7C-1FT12,True,target_segment_calibrated_absolute_nrmse,NRMSE,0.13245051238907268,0.13526704018107544,-0.0019257815832081082,0.11541956705143913,0.10338756733064974,0.008160970682702613,0.0740115788346308,0.06702885635314071,0.007290623438855205,,,,0.04114153998130944,0.046840095140949195,-0.005939023188496258,0.24269894511221857,0.12511723420018545,0.0989120854368701,1.0,1.0,10
Hilbert,post_amplitude_trajectory,transient_artifact,eligible,DRG,250811::8A-1FT5_Raw.csv,8A-1FT5,True,target_segment_calibrated_absolute_nrmse,NRMSE,0.12053506824920178,0.11167229609877091,0.005433080994739201,0.07677541982767916,0.0682524637193376,0.00811200240139296,0.1299187574398905,0.11954367570048646,0.008435292703396713,,,,0.05417720177650866,0.0510268833708902,-0.0018172623552050807,0.9960548304196,0.9947794905593039,-0.0004536092240777778,1.0,1.0,10
Hilbert,post_amplitude_trajectory,transient_artifact,eligible,DRG,250811::8C-2ML4_Raw.csv,8C-2ML4,True,target_segment_calibrated_absolute_nrmse,NRMSE,0.14226232868037147,0.1383685523325559,-0.001188509354104167,0.059286905689616407,0.06396220875008715,-0.00454162342937689,0.10500204242086297,0.11117990879344963,-0.007516260856266166,,,,0.0829230223016067,0.07971045489709841,0.0018936587639120997,0.9953994287570676,0.9948680449391825,-0.0004201215923334001,1.0,1.0,10
Hilbert,post_amplitude_trajectory,transient_artifact,eligible,DRG,250811::8D-2MT7_Raw.csv,8D-2MT7,True,target_segment_calibrated_absolute_nrmse,NRMSE,0.15509440136371194,0.14637392971091395,0.007426037056808693,0.06890658735324377,0.06826181350535175,0.00030436255299631787,0.13921278859846198,0.14301698076078678,-0.006645349688584878,,,,0.0917109179629231,0.0728557894791234,0.017758039501687438,0.9964187931203452,0.9969918549804162,0.0004722807495965431,1.0,1.0,10
Hilbert,post_amplitude_trajectory,transient_artifact,eligible,DRG,251003::2B- 1MT7_Raw.csv,2B- 1MT7,True,target_segment_calibrated_absolute_nrmse,NRMSE,0.07854400448097258,0.06530410045160305,0.007979146550002869,0.04667557761243993,0.033783761098822404,0.012845166143067584,0.04231063742938465,0.02776380374729892,0.014320954127801544,,,,0.01289000167532444,0.0084033164003943,0.006458269027753937,0.9965941695604851,0.9959466182928274,-4.639185144689195e-05,1.0,1.0,10
Hilbert,post_amplitude_trajectory,transient_artifact,eligible,DRG,251003::2C- M1L1_Raw.csv,2C- M1L1,True,target_segment_calibrated_absolute_nrmse,NRMSE,0.47564756895988936,0.47592639574343354,-0.00024092646133566653,0.28578408631495295,0.28635256709493945,-0.0005299327314298857,0.393915495325414,0.3939169371808983,-0.000162763449883363,,,,0.22390697858737751,0.18676991247370522,0.0013384531566352355,0.9769766696945323,0.9766348526967068,-3.514988829134147e-05,1.0,1.0,10
Hilbert,post_amplitude_trajectory,transient_artifact,eligible,DRG,251003::2D- M1L4_Raw.csv,2D- M1L4,True,target_segment_calibrated_absolute_nrmse,NRMSE,0.10170295288560843,0.09165006080186895,0.002962086783276807,0.09176280602319495,0.09159060646301995,-0.002640407665162159,0.024099156333371424,0.013403220841522456,0.0010370712910713065,,,,0.042901479230317965,0.02803787504458535,0.011671456352226845,0.9789365671999524,0.9790682976749812,-0.0008716077093381958,1.0,1.0,10
Hilbert,post_amplitude_trajectory,transient_artifact,eligible,SCN,250625 to 250728::1C-SCN_Raw.csv,1C-SCN,True,target_segment_calibrated_absolute_nrmse,NRMSE,0.07819382933442176,0.07595489498921575,0.00029979705108532095,0.07748767836618715,0.07526339494853855,-0.00041625434361164393,0.020981636468168807,0.013261190800126055,0.00843948925534943,,,,0.03624490431705626,0.0312633457804751,0.0036277023115260515,0.9906241763999433,0.9910911954669814,0.0001063334108183378,1.0,1.0,10
Hilbert,post_amplitude_trajectory,transient_artifact,eligible,SCN,250625 to 250728::6C-SCNmm1_Raw.csv,6C-SCNmm1,True,target_segment_calibrated_absolute_nrmse,NRMSE,0.1524707464759744,0.15426628471152853,0.0005374136096564369,0.15144360981883148,0.15269906202215675,0.0007252078510776166,0.05276502431847446,0.048762202162610235,0.0008332954056209929,,,,0.11649424539144027,0.11230336802085035,-0.005570751225138629,0.9848102578694282,0.9832167202454221,-0.0003915757766497774,1.0,1.0,10
Hilbert,post_amplitude_trajectory,transient_artifact,eligible,SCN,250625 to 250728::7A-SCNmm2_Raw.csv,7A-SCNmm2,True,target_segment_calibrated_absolute_nrmse,NRMSE,0.285104519303701,0.2811649983062878,0.003593209239154571,0.21982488879526835,0.21500277008508223,0.003853434201895087,0.18491804543550044,0.1896911781072701,-0.0008856471569530511,,,,0.31459418501687936,0.33165162877261095,0.0014248687200448668,0.9820539504422676,0.9832170872774704,0.0004976061347194416,1.0,1.0,10
Hilbert,post_amplitude_trajectory,transient_artifact,eligible,SCN,250625 to 250728::7B-SCNcm2_Raw.csv,7B-SCNcm2,True,target_segment_calibrated_absolute_nrmse,NRMSE,0.551418276244463,0.5558478543017902,-0.0010127390844275608,0.44242988784759707,0.4468432455397733,-0.0007640429706017304,0.8784437750124887,0.878720010427003,0.0010174466279410654,,,,0.5557284671660332,0.5673973713003544,-0.011153692032099094,0.9360072413912139,0.9347698806821413,-0.00024966799959968977,1.0,1.0,10
Hilbert,post_amplitude_trajectory,transient_artifact,eligible,SCN,250728::7A-SCNcM1_Raw.csv,7A-SCNcM1,True,target_segment_calibrated_absolute_nrmse,NRMSE,0.10526834230717476,0.10399348198885164,0.0016044589098986387,0.10456192817119192,0.10329725643708335,0.0008492046371718423,0.027789448674543776,0.03750804700026684,0.0016287995069999284,,,,0.013331415013750295,0.007642837400663,-0.000650927667837752,0.926421115551352,0.8500136413215216,-0.00022950704185559223,1.0,1.0,10
Hilbert,post_amplitude_trajectory,transient_artifact,eligible,SCN,250811::1A-1FSCN_Raw.csv,1A-1FSCN,True,target_segment_calibrated_absolute_nrmse,NRMSE,0.08805133143818994,0.06679890657461396,0.0216448711583997,0.07777391557299937,0.0653178684436925,0.011410291017358132,0.04778759016461992,0.04089128299982972,-0.0007852463505424179,,,,0.05733614579584499,0.04436117566269135,0.018455888666913618,0.983402229509841,0.9870641932336031,0.0048687383060785905,1.0,1.0,10
Hilbert,post_amplitude_trajectory,transient_artifact,eligible,SCN,250811::1B-2MSCN_Raw.csv,1B-2MSCN,True,target_segment_calibrated_absolute_nrmse,NRMSE,0.08923917679079901,0.0929048677833368,-0.0010514427059501313,0.04707897773263764,0.0593303034282757,-0.011758111117992763,0.06462576920441876,0.10082514001638887,-0.031076238243407356,,,,0.0527963445379764,0.0318895385610255,0.015676383847201478,0.9965872421077753,0.9954882447529599,0.00014032646330192078,1.0,1.0,10
Hilbert,post_amplitude_trajectory,transient_artifact,eligible,SCN,250811::1C-3FSCN_Raw.csv,1C-3FSCN,True,target_segment_calibrated_absolute_nrmse,NRMSE,0.15924796531309646,0.1532776417978928,0.00937276063279871,0.15775735030064278,0.15125927701753925,0.009126295086375233,0.06423689731016868,0.08612457391959333,-0.017835229044357748,,,,0.11332497649084441,0.092516388143499,0.021273875292415756,0.9749775135500184,0.9759763471457088,0.001632746761620063,1.0,1.0,10
Hilbert,post_amplitude_trajectory,transient_artifact,eligible,SCN,250811::1D-4FSCN_Raw.csv,1D-4FSCN,True,target_segment_calibrated_absolute_nrmse,NRMSE,0.349101674640685,0.34803267262569876,-0.00011430632743417157,0.18576259188984645,0.18430720140500578,-0.00014260520060817294,0.0624764504427725,0.057237586714548816,-0.005724466995585598,,,,0.10774081001485561,0.1152833031457312,-0.003444292080894272,0.986460557319413,0.9871139013659183,0.0004277159433809241,1.0,1.0,10
Hilbert,post_amplitude_trajectory,transient_artifact,ineligible,DRG,250625 to 250728::5A-T10m1_Raw.csv,5A-T10m1,True,target_segment_calibrated_absolute_nrmse,NRMSE,0.4880855291147874,0.49236434875238355,0.000978612697078135,0.30417824765932644,0.30586412328495305,-0.001144359480710011,0.3907458011267979,0.3729863760425734,-0.004114786109908897,,,,0.39462840351764017,0.41862210611289474,-0.01507640925628076,0.977023029458482,0.9770285981055278,-0.00018747242438410527,1.0,1.0,10
Hilbert,post_period_hours,gaussian_noise,difficult,DRG,250625 to 250728::1D-L2m2_Raw.csv,1D-L2m2,True,absolute_error_hours,hours,0.16179321337254038,0.16217995621904713,0.0033575217482280095,,,,,,,,,,0.021022628936533644,0.0228527654522825,-0.0008004818406777432,,,,1.0,1.0,10
Hilbert,post_period_hours,gaussian_noise,difficult,DRG,250625 to 250728::8A-L3_Raw.csv,8A-L3,True,absolute_error_hours,hours,0.06755025572569551,0.05837036804609674,-0.0004978414643019846,,,,,,,,,,0.01725365662678352,0.01407618309442785,0.0016531851995748382,,,,1.0,1.0,10
Hilbert,post_period_hours,gaussian_noise,difficult,SCN,250728::6A-SCNrM1_Raw.csv,6A-SCNrM1,True,absolute_error_hours,hours,0.35469853319372113,0.3745380396546132,-0.005799863106931369,,,,,,,,,,0.3588348388101166,0.3619287457498581,0.0006596528929838641,,,,1.0,1.0,10
Hilbert,post_period_hours,gaussian_noise,eligible,DRG,250625 to 250728::1B-L1m2_Raw.csv,1B-L1m2,True,absolute_error_hours,hours,0.19722753517578973,0.1952381188201997,0.00322127228923641,,,,,,,,,,0.03418850624903187,0.0338739921820041,0.000751999882344076,,,,1.0,1.0,10
Hilbert,post_period_hours,gaussian_noise,eligible,DRG,250625 to 250728::2C-L3m2_Raw.csv,2C-L3m2,True,absolute_error_hours,hours,0.14240054278051595,0.1365091235187137,-0.005570662670464799,,,,,,,,,,0.026052424801726252,0.0237583114969828,0.0002481929619948253,,,,1.0,1.0,10
Hilbert,post_period_hours,gaussian_noise,eligible,DRG,250625 to 250728::3A-L5m2_Raw.csv,3A-L5m2,True,absolute_error_hours,hours,0.09891176038773963,0.0961759252136023,0.001979350822004733,,,,,,,,,,0.016392698084609615,0.01660982615595945,0.0009627329508359837,,,,1.0,1.0,10
Hilbert,post_period_hours,gaussian_noise,eligible,DRG,250625 to 250728::3B-T10m2_Raw.csv,3B-T10m2,True,absolute_error_hours,hours,0.07877942688950057,0.08046362805995422,-0.0050912998573231505,,,,,,,,,,0.017698774082199702,0.0168283142340232,-2.2359447592682977e-05,,,,1.0,1.0,10
Hilbert,post_period_hours,gaussian_noise,eligible,DRG,250625 to 250728::4B-T12m2_Raw.csv,4B-T12m2,True,absolute_error_hours,hours,0.12040260046209283,0.11820284182127772,0.0013182260110671251,,,,,,,,,,0.0216538316211212,0.0224954164101192,-0.0008384843059828636,,,,1.0,1.0,10
Hilbert,post_period_hours,gaussian_noise,eligible,DRG,250625 to 250728::4C-T5m1_Raw.csv,4C-T5m1,True,absolute_error_hours,hours,0.2171623830681817,0.21386498139732701,0.005150132571298371,,,,,,,,,,0.02558849984524684,0.02712594017292545,-0.0002339710400563258,,,,1.0,1.0,10
Hilbert,post_period_hours,gaussian_noise,eligible,DRG,250625 to 250728::4D-T7m1_Raw.csv,4D-T7m1,True,absolute_error_hours,hours,0.08885162353934106,0.09888968294450251,-0.011473867702575191,,,,,,,,,,0.020175648489401787,0.02168438979865795,-0.0005279103759340369,,,,1.0,1.0,10
Hilbert,post_period_hours,gaussian_noise,eligible,DRG,250625 to 250728::5B-T12m2_Raw.csv,5B-T12m2,True,absolute_error_hours,hours,0.06911486627366159,0.062196452052990736,0.008140432586609236,,,,,,,,,,0.006028586249029279,0.0097219541685484,-0.0032021235421562317,,,,1.0,1.0,10
Hilbert,post_period_hours,gaussian_noise,eligible,DRG,250625 to 250728::5C-T12_Raw.csv,5C-T12,True,absolute_error_hours,hours,0.2145500334358328,0.2197196381721671,-0.0034943242800729024,,,,,,,,,,0.027277942592103137,0.0294220983317438,-0.0009354464349002247,,,,1.0,1.0,10
Hilbert,post_period_hours,gaussian_noise,eligible,DRG,250625 to 250728::5D-T10_Raw.csv,5D-T10,True,absolute_error_hours,hours,0.172319789580353,0.17356684223105212,-0.0016917511625464954,,,,,,,,,,0.03118235803079823,0.0277738958738093,0.00146101666799894,,,,1.0,1.0,10
Hilbert,post_period_hours,gaussian_noise,eligible,DRG,250625 to 250728::6A-T7_Raw.csv,6A-T7,True,absolute_error_hours,hours,0.21068268219491948,0.20193839121440327,0.006572799724986922,,,,,,,,,,0.03208767595512667,0.029900618097809452,0.00016127013944550184,,,,1.0,1.0,10
Hilbert,post_period_hours,gaussian_noise,eligible,DRG,250625 to 250728::6B-T5_Raw.csv,6B-T5,True,absolute_error_hours,hours,0.10478677234510592,0.1014960426730962,0.002680157104272496,,,,,,,,,,0.011857134609421005,0.01490132019862225,-0.002472322637311475,,,,1.0,1.0,10
Hilbert,post_period_hours,gaussian_noise,eligible,DRG,250625 to 250728::7C-L1_Raw.csv,7C-L1,True,absolute_error_hours,hours,0.05001298179673874,0.055533439345587965,0.009109836048430964,,,,,,,,,,0.010732016198716153,0.01255800369209485,-0.0013677361312220064,,,,1.0,1.0,10
Hilbert,post_period_hours,gaussian_noise,eligible,DRG,250625 to 250728::7D-L2_Raw.csv,7D-L2,True,absolute_error_hours,hours,0.19355882054453666,0.20164813131941095,0.00178358976985038,,,,,,,,,,0.0262110593421057,0.0259580963166102,-0.00017814141882520167,,,,1.0,1.0,10
Hilbert,post_period_hours,gaussian_noise,eligible,DRG,250625 to 250728::8B-L2m1_Raw.csv,8B-L2m1,True,absolute_error_hours,hours,0.16316696511291617,0.16612866580482866,0.0005293935003169992,,,,,,,,,,0.029559363470290624,0.02969723690097105,0.0010293579534481987,,,,1.0,1.0,10
Hilbert,post_period_hours,gaussian_noise,eligible,DRG,250625 to 250728::8C-L3m1_Raw.csv,8C-L3m1,True,absolute_error_hours,hours,0.10214693878390158,0.09912200227035761,0.002168976331127226,,,,,,,,,,0.017663408661927664,0.01552755085776235,0.002500317726422404,,,,1.0,1.0,10
Hilbert,post_period_hours,gaussian_noise,eligible,DRG,250625 to 250728::8D-L4-1m1_Raw.csv,8D-L4-1m1,True,absolute_error_hours,hours,0.22841723725551866,0.23522094525137938,-0.006678704871944774,,,,,,,,,,0.030343871199525488,0.031412193706805,-0.001186229920844814,,,,1.0,1.0,10
Hilbert,post_period_hours,gaussian_noise,eligible,DRG,250811::2C-2ML1_Raw.csv,2C-2ML1,True,absolute_error_hours,hours,0.2403309930067632,0.23599852323282633,0.0011340055476747324,,,,,,,,,,0.024882945994135333,0.02299784865893815,-6.433660094265839e-06,,,,1.0,1.0,10
Hilbert,post_period_hours,gaussian_noise,eligible,DRG,250811::2D-1FL2_Raw.csv,2D-1FL2,True,absolute_error_hours,hours,0.3142062395527585,0.3132671124636346,0.004163593252675568,,,,,,,,,,0.033747234523352626,0.03280962222127285,0.0009481500946579915,,,,1.0,1.0,10
Hilbert,post_period_hours,gaussian_noise,eligible,DRG,250811::3A-1FL4_Raw.csv,3A-1FL4,True,absolute_error_hours,hours,0.09244305187034385,0.08826045009115546,-0.0002623329125022167,,,,,,,,,,0.018567445203738694,0.0244572232646295,-0.0022318928787426057,,,,1.0,1.0,10
Hilbert,post_period_hours,gaussian_noise,eligible,DRG,250811::3D-1FT10_Raw.csv,3D-1FT10,True,absolute_error_hours,hours,0.3012613340784238,0.3166504871928204,-0.007883471088289795,,,,,,,,,,0.010227729759245682,0.00778954307526535,-0.0005414303284987542,,,,1.0,1.0,10
Hilbert,post_period_hours,gaussian_noise,eligible,DRG,250811::4A-2MT10_Raw.csv,4A-2MT10,True,absolute_error_hours,hours,0.22531007097052758,0.2237630152376724,0.003673630299436681,,,,,,,,,,0.03438387425669116,0.032906002271824095,0.0005706172636421245,,,,1.0,1.0,10
Hilbert,post_period_hours,gaussian_noise,eligible,DRG,250811::4C-2MT5_Raw.csv,4C-2MT5,True,absolute_error_hours,hours,0.33324470506331316,0.34866560061228746,-0.008972062025918603,,,,,,,,,,0.03342820736813287,0.036994167368880004,-0.0025205589235268097,,,,1.0,1.0,10
Hilbert,post_period_hours,gaussian_noise,eligible,DRG,250811::4D-1FL4_Raw.csv,4D-1FL4,True,absolute_error_hours,hours,0.2983138591897756,0.31180843310010076,-0.01060155120129913,,,,,,,,,,0.03957245707300032,0.0409132863086817,-0.0005615048178726836,,,,1.0,1.0,10
Hilbert,post_period_hours,gaussian_noise,eligible,DRG,250811::5A-2ML2_Raw.csv,5A-2ML2,True,absolute_error_hours,hours,0.36872658214500653,0.35638904570329544,0.007558453520694286,,,,,,,,,,0.050388884117753927,0.04889449319930335,0.0007603289949277246,,,,1.0,1.0,10
Hilbert,post_period_hours,gaussian_noise,eligible,DRG,250811::5C-1FT7_Raw.csv,5C-1FT7,True,absolute_error_hours,hours,0.2625589417570371,0.26799363460479775,-0.009905796282124513,,,,,,,,,,0.026000731091798818,0.02056708371002755,0.003515789618277875,,,,1.0,1.0,10
Hilbert,post_period_hours,gaussian_noise,eligible,DRG,250811::6A-1FL1_Raw.csv,6A-1FL1,True,absolute_error_hours,hours,0.20129561920575867,0.20883174693803852,-0.00659529061043429,,,,,,,,,,0.03546612445144785,0.038057334322549846,-0.002502199686527845,,,,1.0,1.0,10
Hilbert,post_period_hours,gaussian_noise,eligible,DRG,250811::6B-2ML3_Raw.csv,6B-2ML3,True,absolute_error_hours,hours,0.335581828126859,0.3430265710180329,0.0007867257581093412,,,,,,,,,,0.014385842033982195,0.0214223636801077,-0.0021898480379772683,,,,1.0,1.0,10
Hilbert,post_period_hours,gaussian_noise,eligible,DRG,250811::7C-1FT12_Raw.csv,7C-1FT12,True,absolute_error_hours,hours,0.33086425699163335,0.3254006340253781,0.00028971091460761045,,,,,,,,,,0.026337454435523218,0.0271070463801983,-0.0008246746551049296,,,,1.0,1.0,10
Hilbert,post_period_hours,gaussian_noise,eligible,DRG,250811::7D-2MT12_Raw.csv,7D-2MT12,True,absolute_error_hours,hours,0.323974112248008,0.30864600532396835,0.012443822859578901,,,,,,,,,,0.04204803136824478,0.0418727175516736,-0.00040219400223267046,,,,1.0,1.0,10
Hilbert,post_period_hours,gaussian_noise,eligible,DRG,250811::8A-1FT5_Raw.csv,8A-1FT5,True,absolute_error_hours,hours,0.3020181170631435,0.28921259017549517,0.008777916701088628,,,,,,,,,,0.03451927608079035,0.03540429890229945,-0.002978118236673641,,,,1.0,1.0,10
Hilbert,post_period_hours,gaussian_noise,eligible,DRG,250811::8C-2ML4_Raw.csv,8C-2ML4,True,absolute_error_hours,hours,0.26976768495402403,0.26636272738092437,0.0009646840652148825,,,,,,,,,,0.03796972057820869,0.03783050167705315,-0.0013733715196916803,,,,1.0,1.0,10
Hilbert,post_period_hours,gaussian_noise,eligible,DRG,250811::8D-2MT7_Raw.csv,8D-2MT7,True,absolute_error_hours,hours,0.3683566471869639,0.3708715488883598,-0.0037649182779748713,,,,,,,,,,0.046283689335562525,0.0419262893533391,0.0041434387704182805,,,,1.0,1.0,10
Hilbert,post_period_hours,gaussian_noise,eligible,DRG,251003::2B- 1MT7_Raw.csv,2B- 1MT7,True,absolute_error_hours,hours,0.07226843797343108,0.07723825060016054,-0.00596749206181002,,,,,,,,,,0.018374546232262277,0.0167041637898597,0.00181037892343942,,,,1.0,1.0,10
Hilbert,post_period_hours,gaussian_noise,eligible,DRG,251003::2C- M1L1_Raw.csv,2C- M1L1,True,absolute_error_hours,hours,0.18356327572655395,0.19974442087867494,-0.0022267055959090953,,,,,,,,,,0.24511071106705307,0.2420457466563607,0.0027061343304886354,,,,1.0,1.0,10
Hilbert,post_period_hours,gaussian_noise,eligible,DRG,251003::2D- M1L4_Raw.csv,2D- M1L4,True,absolute_error_hours,hours,0.08975074349739565,0.1024176385435478,-0.0059875052765665515,,,,,,,,,,0.01685494867599812,0.01648308656744565,0.0023217123380350185,,,,1.0,1.0,10
Hilbert,post_period_hours,gaussian_noise,eligible,SCN,250625 to 250728::1C-SCN_Raw.csv,1C-SCN,True,absolute_error_hours,hours,0.12294588142852447,0.1262284585801421,-0.0054136590042084265,,,,,,,,,,0.022651966292994853,0.0221609756558273,0.00040094348564261896,,,,1.0,1.0,10
Hilbert,post_period_hours,gaussian_noise,eligible,SCN,250625 to 250728::6C-SCNmm1_Raw.csv,6C-SCNmm1,True,absolute_error_hours,hours,0.11579449080957893,0.10856862517944066,0.0013852446973654509,,,,,,,,,,0.013856791267591744,0.01552451950777755,-0.0010698957630619664,,,,1.0,1.0,10
Hilbert,post_period_hours,gaussian_noise,eligible,SCN,250625 to 250728::7A-SCNmm2_Raw.csv,7A-SCNmm2,True,absolute_error_hours,hours,0.14689228506951046,0.13606467432398084,0.009759545758111443,,,,,,,,,,0.018261582625920276,0.0185083951752959,0.0007267978238792022,,,,1.0,1.0,10
Hilbert,post_period_hours,gaussian_noise,eligible,SCN,250625 to 250728::7B-SCNcm2_Raw.csv,7B-SCNcm2,True,absolute_error_hours,hours,0.1661432236651592,0.16536082376012828,0.0016501735166016829,,,,,,,,,,0.0121812335363279,0.008405341854359549,0.0015854190497592434,,,,1.0,1.0,10
Hilbert,post_period_hours,gaussian_noise,eligible,SCN,250728::6B-SCNrM2_Raw.csv,6B-SCNrM2,True,absolute_error_hours,hours,0.15514643918257498,0.15342120793219927,0.01255500541458332,,,,,,,,,,0.015024143153582154,0.018626137827285602,-0.001346429097466096,,,,1.0,1.0,10
Hilbert,post_period_hours,gaussian_noise,eligible,SCN,250728::7A-SCNcM1_Raw.csv,7A-SCNcM1,True,absolute_error_hours,hours,0.12493896522402359,0.12637402349662885,0.010665476922502748,,,,,,,,,,0.02341678730406316,0.02034781369917775,0.003270472076476065,,,,1.0,1.0,10
Hilbert,post_period_hours,gaussian_noise,eligible,SCN,250728::7B-SCNcM2_Raw.csv,7B-SCNcM2,True,absolute_error_hours,hours,0.2789604520338429,0.304339768237222,-0.019629330060087824,,,,,,,,,,0.3297501858809222,0.32609537810362726,0.00352725515013938,,,,1.0,1.0,10
Hilbert,post_period_hours,gaussian_noise,eligible,SCN,250811::1A-1FSCN_Raw.csv,1A-1FSCN,True,absolute_error_hours,hours,0.35344428837255215,0.3438667337655996,0.008915057536116322,,,,,,,,,,0.042738367420336945,0.043189093916559354,-0.0017947250766798609,,,,1.0,1.0,10
Hilbert,post_period_hours,gaussian_noise,eligible,SCN,250811::1B-2MSCN_Raw.csv,1B-2MSCN,True,absolute_error_hours,hours,0.3457553226692269,0.3486070277432134,-0.002403372404398141,,,,,,,,,,0.029902686420899154,0.0272807899129144,-0.0008863887448533076,,,,1.0,1.0,10
Hilbert,post_period_hours,gaussian_noise,eligible,SCN,250811::1C-3FSCN_Raw.csv,1C-3FSCN,True,absolute_error_hours,hours,0.3780355333651393,0.37560718831249496,-0.0011592795016834856,,,,,,,,,,0.04919420660304448,0.0490793161123539,0.0010474314337615767,,,,1.0,1.0,10
Hilbert,post_period_hours,gaussian_noise,eligible,SCN,250811::1D-4FSCN_Raw.csv,1D-4FSCN,True,absolute_error_hours,hours,0.2516570752981053,0.2409793491340828,0.0029167524761462005,,,,,,,,,,0.013953322096160643,0.0169695587569959,-0.002384555810210662,,,,1.0,1.0,10
Hilbert,post_period_hours,gaussian_noise,eligible,SCN,251003::2A- M1SCn_Raw.csv,2A- M1SCn,True,absolute_error_hours,hours,0.391040696103369,0.3708944370454166,0.003922290368544523,,,,,,,,,,0.3617641791465066,0.3617179782728115,-0.00022998934812731853,,,,1.0,1.0,10
Hilbert,post_period_hours,gaussian_noise,eligible,SCN,251003::4B-M3SCN_Raw.csv,4B-M3SCN,True,absolute_error_hours,hours,0.17866500831431864,0.1887336661069554,-0.00759297491192612,,,,,,,,,,0.009163487091737931,0.00829200909964675,0.0016928717942043354,,,,1.0,1.0,10
Hilbert,post_period_hours,gaussian_noise,ineligible,DRG,250625 to 250728::5A-T10m1_Raw.csv,5A-T10m1,True,absolute_error_hours,hours,0.07222843438182025,0.07755540938646988,-0.008188005169278867,,,,,,,,,,0.07220808926120768,0.07079546129155775,-0.0007215856630075658,,,,1.0,1.0,10
Hilbert,post_period_hours,missing_block_6h,difficult,DRG,250625 to 250728::1D-L2m2_Raw.csv,1D-L2m2,True,absolute_error_hours,hours,0.1578825970259139,0.16217995621904713,-0.0027159947104955506,,,,,,,,,,0.017587353993779947,0.0228527654522825,-0.0049160604687110455,,,,1.0,1.0,10
Hilbert,post_period_hours,missing_block_6h,difficult,DRG,250625 to 250728::8A-L3_Raw.csv,8A-L3,True,absolute_error_hours,hours,0.0756493439952397,0.05837036804609674,-0.0007399118600979193,,,,,,,,,,0.015312558128683436,0.01407618309442785,0.00030711395019930674,,,,1.0,1.0,10
Hilbert,post_period_hours,missing_block_6h,difficult,SCN,250728::6A-SCNrM1_Raw.csv,6A-SCNrM1,True,absolute_error_hours,hours,0.32075821225993373,0.3745380396546132,-0.0028297470719955697,,,,,,,,,,0.3659047941656263,0.3619287457498581,0.0016809003325305577,,,,1.0,1.0,10
Hilbert,post_period_hours,missing_block_6h,eligible,DRG,250625 to 250728::1B-L1m2_Raw.csv,1B-L1m2,True,absolute_error_hours,hours,0.1998836835389497,0.1952381188201997,0.003959034794212002,,,,,,,,,,0.018413838239569234,0.0338739921820041,-0.015498764990182814,,,,1.0,1.0,10
Hilbert,post_period_hours,missing_block_6h,eligible,DRG,250625 to 250728::2C-L3m2_Raw.csv,2C-L3m2,True,absolute_error_hours,hours,0.1607465705172153,0.1365091235187137,0.01623808086013412,,,,,,,,,,0.017091508844114162,0.0237583114969828,-0.011597541886001698,,,,1.0,1.0,10
Hilbert,post_period_hours,missing_block_6h,eligible,DRG,250625 to 250728::3A-L5m2_Raw.csv,3A-L5m2,True,absolute_error_hours,hours,0.09593876360677989,0.0961759252136023,0.009445271637218866,,,,,,,,,,0.014898973541947786,0.01660982615595945,-0.0007564458736346842,,,,1.0,1.0,10
Hilbert,post_period_hours,missing_block_6h,eligible,DRG,250625 to 250728::3B-T10m2_Raw.csv,3B-T10m2,True,absolute_error_hours,hours,0.10054601027855803,0.08046362805995422,0.005748627112737381,,,,,,,,,,0.01454196017538138,0.0168283142340232,-0.002668312018333289,,,,1.0,1.0,10
Hilbert,post_period_hours,missing_block_6h,eligible,DRG,250625 to 250728::4B-T12m2_Raw.csv,4B-T12m2,True,absolute_error_hours,hours,0.14442884039069703,0.11820284182127772,0.03671363032197128,,,,,,,,,,0.022429757754855437,0.0224954164101192,-0.0008019927742428084,,,,1.0,1.0,10
Hilbert,post_period_hours,missing_block_6h,eligible,DRG,250625 to 250728::4C-T5m1_Raw.csv,4C-T5m1,True,absolute_error_hours,hours,0.1997203229446871,0.21386498139732701,-0.0025439427004183557,,,,,,,,,,0.014471021536814066,0.02712594017292545,-0.01235464399348191,,,,1.0,1.0,10
Hilbert,post_period_hours,missing_block_6h,eligible,DRG,250625 to 250728::4D-T7m1_Raw.csv,4D-T7m1,True,absolute_error_hours,hours,0.11491654817512043,0.09888968294450251,0.024660265158969352,,,,,,,,,,0.016053440057464764,0.02168438979865795,-0.0055139486770486405,,,,1.0,1.0,10
Hilbert,post_period_hours,missing_block_6h,eligible,DRG,250625 to 250728::5B-T12m2_Raw.csv,5B-T12m2,True,absolute_error_hours,hours,0.06367739240403125,0.062196452052990736,0.0024246933202736187,,,,,,,,,,0.008729333991412017,0.0097219541685484,-0.0004246387343883025,,,,1.0,1.0,10
Hilbert,post_period_hours,missing_block_6h,eligible,DRG,250625 to 250728::5C-T12_Raw.csv,5C-T12,True,absolute_error_hours,hours,0.22149667978596987,0.2197196381721671,0.0014229304715041025,,,,,,,,,,0.02386963156328519,0.0294220983317438,-0.0015537303338500445,,,,1.0,1.0,10
Hilbert,post_period_hours,missing_block_6h,eligible,DRG,250625 to 250728::5D-T10_Raw.csv,5D-T10,True,absolute_error_hours,hours,0.17194317175598428,0.17356684223105212,-0.0022251340100520878,,,,,,,,,,0.019165123699794097,0.0277738958738093,-0.011981250232627152,,,,1.0,1.0,10
Hilbert,post_period_hours,missing_block_6h,eligible,DRG,250625 to 250728::6A-T7_Raw.csv,6A-T7,True,absolute_error_hours,hours,0.20213327079539312,0.20193839121440327,0.002825022096194729,,,,,,,,,,0.026683128048906383,0.029900618097809452,-0.002397121316762967,,,,1.0,1.0,10
Hilbert,post_period_hours,missing_block_6h,eligible,DRG,250625 to 250728::6B-T5_Raw.csv,6B-T5,True,absolute_error_hours,hours,0.12410444547873745,0.1014960426730962,0.00783428332667846,,,,,,,,,,0.013712929716161521,0.01490132019862225,-0.0008583071248103712,,,,1.0,1.0,10
Hilbert,post_period_hours,missing_block_6h,eligible,DRG,250625 to 250728::7C-L1_Raw.csv,7C-L1,True,absolute_error_hours,hours,0.08385791361186712,0.055533439345587965,0.0022300603767302363,,,,,,,,,,0.01731972194352978,0.01255800369209485,0.003731396070815024,,,,1.0,1.0,10
Hilbert,post_period_hours,missing_block_6h,eligible,DRG,250625 to 250728::7D-L2_Raw.csv,7D-L2,True,absolute_error_hours,hours,0.2035780615801297,0.20164813131941095,0.008803352440850176,,,,,,,,,,0.015587567796675385,0.0259580963166102,-0.009119140294966865,,,,1.0,1.0,10
Hilbert,post_period_hours,missing_block_6h,eligible,DRG,250625 to 250728::8B-L2m1_Raw.csv,8B-L2m1,True,absolute_error_hours,hours,0.15910064466948803,0.16612866580482866,0.0026777853513930694,,,,,,,,,,0.019331123527331236,0.02969723690097105,-0.007288452266126325,,,,1.0,1.0,10
Hilbert,post_period_hours,missing_block_6h,eligible,DRG,250625 to 250728::8C-L3m1_Raw.csv,8C-L3m1,True,absolute_error_hours,hours,0.11031347671379699,0.09912200227035761,0.008907682493003222,,,,,,,,,,0.013518455684499692,0.01552755085776235,-0.0005144394243313897,,,,1.0,1.0,10
Hilbert,post_period_hours,missing_block_6h,eligible,DRG,250625 to 250728::8D-L4-1m1_Raw.csv,8D-L4-1m1,True,absolute_error_hours,hours,0.2286871384717024,0.23522094525137938,-0.005163983592655796,,,,,,,,,,0.026603418417079534,0.031412193706805,-0.006074584682057165,,,,1.0,1.0,10
Hilbert,post_period_hours,missing_block_6h,eligible,DRG,250811::2C-2ML1_Raw.csv,2C-2ML1,True,absolute_error_hours,hours,0.30788955122361195,0.23599852323282633,0.014417522562848006,,,,,,,,,,0.019733869786810174,0.02299784865893815,-0.005643192335925619,,,,1.0,1.0,10
Hilbert,post_period_hours,missing_block_6h,eligible,DRG,250811::2D-1FL2_Raw.csv,2D-1FL2,True,absolute_error_hours,hours,0.3172784273221314,0.3132671124636346,0.0012954490459549106,,,,,,,,,,0.02155752100521107,0.03280962222127285,-0.01122008503330113,,,,1.0,1.0,10
Hilbert,post_period_hours,missing_block_6h,eligible,DRG,250811::3A-1FL4_Raw.csv,3A-1FL4,True,absolute_error_hours,hours,0.0890077935128879,0.08826045009115546,0.005015000538573844,,,,,,,,,,0.02536764809778458,0.0244572232646295,-0.002124517733682962,,,,1.0,1.0,10
Hilbert,post_period_hours,missing_block_6h,eligible,DRG,250811::3D-1FT10_Raw.csv,3D-1FT10,True,absolute_error_hours,hours,0.29161377741156436,0.3166504871928204,-0.020298938587437476,,,,,,,,,,0.012994149336862094,0.00778954307526535,0.006591321537111115,,,,1.0,1.0,10
Hilbert,post_period_hours,missing_block_6h,eligible,DRG,250811::4A-2MT10_Raw.csv,4A-2MT10,True,absolute_error_hours,hours,0.21024053453441027,0.2237630152376724,-0.012373250025857985,,,,,,,,,,0.029995193672119988,0.032906002271824095,-0.0029750416616839623,,,,1.0,1.0,10
Hilbert,post_period_hours,missing_block_6h,eligible,DRG,250811::4C-2MT5_Raw.csv,4C-2MT5,True,absolute_error_hours,hours,0.3469447671354118,0.34866560061228746,-0.0023710021463649866,,,,,,,,,,0.00987544530693843,0.036994167368880004,-0.02493767198697947,,,,1.0,1.0,10
Hilbert,post_period_hours,missing_block_6h,eligible,DRG,250811::4D-1FL4_Raw.csv,4D-1FL4,True,absolute_error_hours,hours,0.3319988252510271,0.31180843310010076,0.01671767580835315,,,,,,,,,,0.02452514186392672,0.0409132863086817,-0.01644623860739873,,,,1.0,1.0,10
Hilbert,post_period_hours,missing_block_6h,eligible,DRG,250811::5A-2ML2_Raw.csv,5A-2ML2,True,absolute_error_hours,hours,0.38978484997456775,0.35638904570329544,0.016834131228742777,,,,,,,,,,0.04012651130435319,0.04889449319930335,-0.008767981894950157,,,,1.0,1.0,10
Hilbert,post_period_hours,missing_block_6h,eligible,DRG,250811::5C-1FT7_Raw.csv,5C-1FT7,True,absolute_error_hours,hours,0.2240718986043504,0.26799363460479775,-0.03916890366264525,,,,,,,,,,0.008507848635284615,0.02056708371002755,-0.012123371697578517,,,,1.0,1.0,10
Hilbert,post_period_hours,missing_block_6h,eligible,DRG,250811::6A-1FL1_Raw.csv,6A-1FL1,True,absolute_error_hours,hours,0.2125617815820231,0.20883174693803852,0.0016788448630045139,,,,,,,,,,0.028383557438231483,0.038057334322549846,-0.003610177322691673,,,,1.0,1.0,10
Hilbert,post_period_hours,missing_block_6h,eligible,DRG,250811::6B-2ML3_Raw.csv,6B-2ML3,True,absolute_error_hours,hours,0.3627852992741243,0.3430265710180329,0.016611842021671208,,,,,,,,,,0.021950679666405685,0.0214223636801077,-0.004280222729312031,,,,1.0,1.0,10
Hilbert,post_period_hours,missing_block_6h,eligible,DRG,250811::7C-1FT12_Raw.csv,7C-1FT12,True,absolute_error_hours,hours,0.3360730460604735,0.3254006340253781,-0.0038482065907476937,,,,,,,,,,0.019339708189242463,0.0271070463801983,-0.007930067794950986,,,,1.0,1.0,10
Hilbert,post_period_hours,missing_block_6h,eligible,DRG,250811::7D-2MT12_Raw.csv,7D-2MT12,True,absolute_error_hours,hours,0.3334438937253932,0.30864600532396835,0.017736372590766436,,,,,,,,,,0.04017695809290167,0.0418727175516736,-0.0019323340787737765,,,,1.0,1.0,10
Hilbert,post_period_hours,missing_block_6h,eligible,DRG,250811::8A-1FT5_Raw.csv,8A-1FT5,True,absolute_error_hours,hours,0.3200364332321559,0.28921259017549517,0.031982004305382006,,,,,,,,,,0.03273657873532206,0.03540429890229945,-0.0037230060713615287,,,,1.0,1.0,10
Hilbert,post_period_hours,missing_block_6h,eligible,DRG,250811::8C-2ML4_Raw.csv,8C-2ML4,True,absolute_error_hours,hours,0.2811998314018762,0.26636272738092437,-0.0005855496463258447,,,,,,,,,,0.03621354975862348,0.03783050167705315,-0.0026253683195706784,,,,1.0,1.0,10
Hilbert,post_period_hours,missing_block_6h,eligible,DRG,250811::8D-2MT7_Raw.csv,8D-2MT7,True,absolute_error_hours,hours,0.3540948229898877,0.3708715488883598,-0.009922960893087307,,,,,,,,,,0.03957479694735144,0.0419262893533391,-0.0022869280118299057,,,,1.0,1.0,10
Hilbert,post_period_hours,missing_block_6h,eligible,DRG,251003::2B- 1MT7_Raw.csv,2B- 1MT7,True,absolute_error_hours,hours,0.1184777024030712,0.07723825060016054,0.033283977882872406,,,,,,,,,,0.013277499901870885,0.0167041637898597,-0.0028135713537820652,,,,1.0,1.0,10
Hilbert,post_period_hours,missing_block_6h,eligible,DRG,251003::2C- M1L1_Raw.csv,2C- M1L1,True,absolute_error_hours,hours,0.22512948159890556,0.19974442087867494,-0.002140324149738859,,,,,,,,,,0.24082410555055261,0.2420457466563607,-0.0004851741146902483,,,,1.0,1.0,10
Hilbert,post_period_hours,missing_block_6h,eligible,DRG,251003::2D- M1L4_Raw.csv,2D- M1L4,True,absolute_error_hours,hours,0.09953875560102432,0.1024176385435478,0.0034072603019499326,,,,,,,,,,0.014732947414813891,0.01648308656744565,-0.0006374254615456433,,,,1.0,1.0,10
Hilbert,post_period_hours,missing_block_6h,eligible,SCN,250625 to 250728::1C-SCN_Raw.csv,1C-SCN,True,absolute_error_hours,hours,0.129492897032911,0.1262284585801421,0.0009491495931435168,,,,,,,,,,0.018546325859913664,0.0221609756558273,-0.004450649644564738,,,,1.0,1.0,10
Hilbert,post_period_hours,missing_block_6h,eligible,SCN,250625 to 250728::6C-SCNmm1_Raw.csv,6C-SCNmm1,True,absolute_error_hours,hours,0.09258294612302898,0.10856862517944066,-0.01122564439612006,,,,,,,,,,0.010965568557741532,0.01552451950777755,-0.002113508798810601,,,,1.0,1.0,10
Hilbert,post_period_hours,missing_block_6h,eligible,SCN,250625 to 250728::7A-SCNmm2_Raw.csv,7A-SCNmm2,True,absolute_error_hours,hours,0.19426953783169587,0.13606467432398084,0.062264571986183626,,,,,,,,,,0.008369827153576193,0.0185083951752959,-0.010297692977722758,,,,1.0,1.0,10
Hilbert,post_period_hours,missing_block_6h,eligible,SCN,250625 to 250728::7B-SCNcm2_Raw.csv,7B-SCNcm2,True,absolute_error_hours,hours,0.16376128477052454,0.16536082376012828,0.00017997615920251064,,,,,,,,,,0.01876454005066621,0.008405341854359549,0.0057774222844312545,,,,1.0,1.0,10
Hilbert,post_period_hours,missing_block_6h,eligible,SCN,250728::6B-SCNrM2_Raw.csv,6B-SCNrM2,True,absolute_error_hours,hours,0.15189682511264735,0.15342120793219927,-0.0009103755478214737,,,,,,,,,,0.016846764806949206,0.018626137827285602,0.00032483241677455296,,,,1.0,1.0,10
Hilbert,post_period_hours,missing_block_6h,eligible,SCN,250728::7A-SCNcM1_Raw.csv,7A-SCNcM1,True,absolute_error_hours,hours,0.14016381674810496,0.12637402349662885,0.016512150351090327,,,,,,,,,,0.01293700282160647,0.02034781369917775,-0.007343581174677681,,,,1.0,1.0,10
Hilbert,post_period_hours,missing_block_6h,eligible,SCN,250728::7B-SCNcM2_Raw.csv,7B-SCNcM2,True,absolute_error_hours,hours,0.2928099709107599,0.304339768237222,-0.003220477510019748,,,,,,,,,,0.3400871983558107,0.32609537810362726,0.001954846478452704,,,,1.0,1.0,10
Hilbert,post_period_hours,missing_block_6h,eligible,SCN,250811::1A-1FSCN_Raw.csv,1A-1FSCN,True,absolute_error_hours,hours,0.33427851643958384,0.3438667337655996,-0.007351566716337743,,,,,,,,,,0.034095814674460816,0.043189093916559354,-0.009005587054500889,,,,1.0,1.0,10
Hilbert,post_period_hours,missing_block_6h,eligible,SCN,250811::1B-2MSCN_Raw.csv,1B-2MSCN,True,absolute_error_hours,hours,0.34438228570683194,0.3486070277432134,-0.0039012780547533765,,,,,,,,,,0.01986814402226695,0.0272807899129144,-0.012517722751609813,,,,1.0,1.0,10
Hilbert,post_period_hours,missing_block_6h,eligible,SCN,250811::1C-3FSCN_Raw.csv,1C-3FSCN,True,absolute_error_hours,hours,0.3677589504091614,0.37560718831249496,0.0014104159252550375,,,,,,,,,,0.03928024256710761,0.0490793161123539,-0.005868130601727528,,,,1.0,1.0,10
Hilbert,post_period_hours,missing_block_6h,eligible,SCN,250811::1D-4FSCN_Raw.csv,1D-4FSCN,True,absolute_error_hours,hours,0.19798596352200626,0.2409793491340828,-0.024153433387660073,,,,,,,,,,0.017325253184428138,0.0169695587569959,-7.520407703982129e-06,,,,1.0,1.0,10
Hilbert,post_period_hours,missing_block_6h,eligible,SCN,251003::2A- M1SCn_Raw.csv,2A- M1SCn,True,absolute_error_hours,hours,0.2966491909783695,0.3708944370454166,-0.00029112457014512927,,,,,,,,,,0.35277593100123406,0.3617179782728115,0.000571775437309685,,,,1.0,1.0,10
Hilbert,post_period_hours,missing_block_6h,eligible,SCN,251003::4B-M3SCN_Raw.csv,4B-M3SCN,True,absolute_error_hours,hours,0.19225916349664374,0.1887336661069554,0.001657328758453147,,,,,,,,,,0.00890020731892467,0.00829200909964675,-0.00021924262689635354,,,,1.0,1.0,10
Hilbert,post_period_hours,missing_block_6h,ineligible,DRG,250625 to 250728::5A-T10m1_Raw.csv,5A-T10m1,True,absolute_error_hours,hours,0.08514001787252568,0.07755540938646988,0.0005838722557900411,,,,,,,,,,0.08039652739539128,0.07079546129155775,0.002286767249472483,,,,1.0,1.0,10
Hilbert,post_period_hours,transient_artifact,difficult,DRG,250625 to 250728::1D-L2m2_Raw.csv,1D-L2m2,True,absolute_error_hours,hours,0.16085559480497658,0.16217995621904713,0.005640119251680176,,,,,,,,,,0.05030895163441294,0.0228527654522825,0.03203512512356835,,,,1.0,1.0,10
Hilbert,post_period_hours,transient_artifact,difficult,DRG,250625 to 250728::8A-L3_Raw.csv,8A-L3,True,absolute_error_hours,hours,0.20039214822923235,0.05837036804609674,0.12715097715116208,,,,,,,,,,0.026362587338457602,0.01407618309442785,0.012132397231945168,,,,1.0,1.0,10
Hilbert,post_period_hours,transient_artifact,difficult,SCN,250728::6A-SCNrM1_Raw.csv,6A-SCNrM1,True,absolute_error_hours,hours,0.4153857584035965,0.3745380396546132,0.082019772340308,,,,,,,,,,0.3328981751425242,0.3619287457498581,-0.01279266433174131,,,,1.0,1.0,10
Hilbert,post_period_hours,transient_artifact,eligible,DRG,250625 to 250728::1B-L1m2_Raw.csv,1B-L1m2,True,absolute_error_hours,hours,0.1847729620676386,0.1952381188201997,-0.005537760858272733,,,,,,,,,,0.055750537923772575,0.0338739921820041,0.022012455752144326,,,,1.0,1.0,10
Hilbert,post_period_hours,transient_artifact,eligible,DRG,250625 to 250728::2C-L3m2_Raw.csv,2C-L3m2,True,absolute_error_hours,hours,0.1353688615566906,0.1365091235187137,-0.011397830283222277,,,,,,,,,,0.03657232671010405,0.0237583114969828,0.009981150990054314,,,,1.0,1.0,10
Hilbert,post_period_hours,transient_artifact,eligible,DRG,250625 to 250728::3A-L5m2_Raw.csv,3A-L5m2,True,absolute_error_hours,hours,0.11432749210498372,0.0961759252136023,0.02396810682215289,,,,,,,,,,0.031108400652157274,0.01660982615595945,0.016007488977257726,,,,1.0,1.0,10
Hilbert,post_period_hours,transient_artifact,eligible,DRG,250625 to 250728::3B-T10m2_Raw.csv,3B-T10m2,True,absolute_error_hours,hours,0.13947277938881975,0.08046362805995422,0.059557889048125645,,,,,,,,,,0.03795099154860583,0.0168283142340232,0.02060266284156763,,,,1.0,1.0,10
Hilbert,post_period_hours,transient_artifact,eligible,DRG,250625 to 250728::4B-T12m2_Raw.csv,4B-T12m2,True,absolute_error_hours,hours,0.1280473279495027,0.11820284182127772,0.011531896736860503,,,,,,,,,,0.02637226351005828,0.0224954164101192,0.0029836569331111312,,,,1.0,1.0,10
Hilbert,post_period_hours,transient_artifact,eligible,DRG,250625 to 250728::4C-T5m1_Raw.csv,4C-T5m1,True,absolute_error_hours,hours,0.12901534205604293,0.21386498139732701,-0.06855886017777735,,,,,,,,,,0.0460568236632337,0.02712594017292545,0.019973861652402503,,,,1.0,1.0,10
Hilbert,post_period_hours,transient_artifact,eligible,DRG,250625 to 250728::4D-T7m1_Raw.csv,4D-T7m1,True,absolute_error_hours,hours,0.11638801292909307,0.09888968294450251,0.01401354255368048,,,,,,,,,,0.024938259479629,0.02168438979865795,0.004341461874109503,,,,1.0,1.0,10
Hilbert,post_period_hours,transient_artifact,eligible,DRG,250625 to 250728::5B-T12m2_Raw.csv,5B-T12m2,True,absolute_error_hours,hours,0.1045600450948303,0.062196452052990736,0.042363593041839565,,,,,,,,,,0.02711537840705415,0.0097219541685484,0.01701426350387785,,,,1.0,1.0,10
Hilbert,post_period_hours,transient_artifact,eligible,DRG,250625 to 250728::5C-T12_Raw.csv,5C-T12,True,absolute_error_hours,hours,0.21411717185609014,0.2197196381721671,-0.007289011270920298,,,,,,,,,,0.031122941705854987,0.0294220983317438,0.004804125734277966,,,,1.0,1.0,10
Hilbert,post_period_hours,transient_artifact,eligible,DRG,250625 to 250728::5D-T10_Raw.csv,5D-T10,True,absolute_error_hours,hours,0.08272559171867755,0.17356684223105212,-0.09058955050578099,,,,,,,,,,0.04835214528058793,0.0277738958738093,0.022426736290951627,,,,1.0,1.0,10
Hilbert,post_period_hours,transient_artifact,eligible,DRG,250625 to 250728::6A-T7_Raw.csv,6A-T7,True,absolute_error_hours,hours,0.15867730234605304,0.20193839121440327,-0.04317869361991633,,,,,,,,,,0.03718633312112066,0.029900618097809452,0.007345280971193153,,,,1.0,1.0,10
Hilbert,post_period_hours,transient_artifact,eligible,DRG,250625 to 250728::6B-T5_Raw.csv,6B-T5,True,absolute_error_hours,hours,0.07090910505776726,0.1014960426730962,-0.04907350583880721,,,,,,,,,,0.04790344263658068,0.01490132019862225,0.03308231038525393,,,,1.0,1.0,10
Hilbert,post_period_hours,transient_artifact,eligible,DRG,250625 to 250728::7C-L1_Raw.csv,7C-L1,True,absolute_error_hours,hours,0.09906549925497465,0.055533439345587965,0.07179240257532093,,,,,,,,,,0.021019276604029396,0.01255800369209485,0.004236334311282712,,,,1.0,1.0,10
Hilbert,post_period_hours,transient_artifact,eligible,DRG,250625 to 250728::7D-L2_Raw.csv,7D-L2,True,absolute_error_hours,hours,0.08887693227402416,0.20164813131941095,-0.11482304156105805,,,,,,,,,,0.06742122338081133,0.0259580963166102,0.042216786398839884,,,,1.0,1.0,10
Hilbert,post_period_hours,transient_artifact,eligible,DRG,250625 to 250728::8B-L2m1_Raw.csv,8B-L2m1,True,absolute_error_hours,hours,0.1573905380277285,0.16612866580482866,0.0023477214119402845,,,,,,,,,,0.03491400732366995,0.02969723690097105,0.003444158541832446,,,,1.0,1.0,10
Hilbert,post_period_hours,transient_artifact,eligible,DRG,250625 to 250728::8C-L3m1_Raw.csv,8C-L3m1,True,absolute_error_hours,hours,0.08470126187158655,0.09912200227035761,-0.021904948632897714,,,,,,,,,,0.04092675214727253,0.01552755085776235,0.02600949358573268,,,,1.0,1.0,10
Hilbert,post_period_hours,transient_artifact,eligible,DRG,250625 to 250728::8D-L4-1m1_Raw.csv,8D-L4-1m1,True,absolute_error_hours,hours,0.18919539254568285,0.23522094525137938,-0.04494682001893224,,,,,,,,,,0.022689442748259993,0.031412193706805,-0.007611966821820134,,,,1.0,1.0,10
Hilbert,post_period_hours,transient_artifact,eligible,DRG,250811::2C-2ML1_Raw.csv,2C-2ML1,True,absolute_error_hours,hours,0.25523664891363573,0.23599852323282633,-0.07676342391863322,,,,,,,,,,0.014613627454842763,0.02299784865893815,-0.007104086943268472,,,,1.0,1.0,10
Hilbert,post_period_hours,transient_artifact,eligible,DRG,250811::2D-1FL2_Raw.csv,2D-1FL2,True,absolute_error_hours,hours,0.3596198507796977,0.3132671124636346,0.04476827021616714,,,,,,,,,,0.049696164709602836,0.03280962222127285,0.01688681442380764,,,,1.0,1.0,10
Hilbert,post_period_hours,transient_artifact,eligible,DRG,250811::3A-1FL4_Raw.csv,3A-1FL4,True,absolute_error_hours,hours,0.11094147506177698,0.08826045009115546,0.018565265321367264,,,,,,,,,,0.030391729243068915,0.0244572232646295,-8.184825445781791e-05,,,,1.0,1.0,10
Hilbert,post_period_hours,transient_artifact,eligible,DRG,250811::3D-1FT10_Raw.csv,3D-1FT10,True,absolute_error_hours,hours,0.32468104955826504,0.3166504871928204,0.010275228626408506,,,,,,,,,,0.038019312006401094,0.00778954307526535,0.014455531859688958,,,,1.0,1.0,10
Hilbert,post_period_hours,transient_artifact,eligible,DRG,250811::4A-2MT10_Raw.csv,4A-2MT10,True,absolute_error_hours,hours,0.2623233147090449,0.2237630152376724,0.04696364404865783,,,,,,,,,,0.04872714717143281,0.032906002271824095,0.01571040257154236,,,,1.0,1.0,10
Hilbert,post_period_hours,transient_artifact,eligible,DRG,250811::4C-2MT5_Raw.csv,4C-2MT5,True,absolute_error_hours,hours,0.3882528565134642,0.34866560061228746,0.03963421831680414,,,,,,,,,,0.04328082672094004,0.036994167368880004,0.0059817983937771775,,,,1.0,1.0,10
Hilbert,post_period_hours,transient_artifact,eligible,DRG,250811::4D-1FL4_Raw.csv,4D-1FL4,True,absolute_error_hours,hours,0.3528631149106882,0.31180843310010076,0.06134678225839352,,,,,,,,,,0.05381861075956956,0.0409132863086817,0.012975136705473463,,,,1.0,1.0,10
Hilbert,post_period_hours,transient_artifact,eligible,DRG,250811::5A-2ML2_Raw.csv,5A-2ML2,True,absolute_error_hours,hours,0.29414633721641614,0.35638904570329544,-0.06582629834416309,,,,,,,,,,0.041083523176284255,0.04889449319930335,-0.007694804559975645,,,,1.0,1.0,10
Hilbert,post_period_hours,transient_artifact,eligible,DRG,250811::5C-1FT7_Raw.csv,5C-1FT7,True,absolute_error_hours,hours,0.2235633476206189,0.26799363460479775,-0.03806039846266174,,,,,,,,,,0.02506219848742125,0.02056708371002755,0.0042366136202697975,,,,1.0,1.0,10
Hilbert,post_period_hours,transient_artifact,eligible,DRG,250811::6A-1FL1_Raw.csv,6A-1FL1,True,absolute_error_hours,hours,0.2042142571722536,0.20883174693803852,-0.004812174228380428,,,,,,,,,,0.038729033149588164,0.038057334322549846,-4.060044982245013e-05,,,,1.0,1.0,10
Hilbert,post_period_hours,transient_artifact,eligible,DRG,250811::6B-2ML3_Raw.csv,6B-2ML3,True,absolute_error_hours,hours,0.4273600849867609,0.3430265710180329,0.08433351396872801,,,,,,,,,,0.02800751126890963,0.0214223636801077,0.01234021551318333,,,,1.0,1.0,10
Hilbert,post_period_hours,transient_artifact,eligible,DRG,250811::7C-1FT12_Raw.csv,7C-1FT12,True,absolute_error_hours,hours,0.2471668237837772,0.3254006340253781,-0.06789909829393892,,,,,,,,,,0.02893246668857119,0.0271070463801983,0.001726772747232739,,,,1.0,1.0,10
Hilbert,post_period_hours,transient_artifact,eligible,DRG,250811::7D-2MT12_Raw.csv,7D-2MT12,True,absolute_error_hours,hours,0.29287560630849185,0.30864600532396835,-0.024943454897913497,,,,,,,,,,0.04162217455506172,0.0418727175516736,-0.000506274222521131,,,,1.0,1.0,10
Hilbert,post_period_hours,transient_artifact,eligible,DRG,250811::8A-1FT5_Raw.csv,8A-1FT5,True,absolute_error_hours,hours,0.18916749737632976,0.28921259017549517,-0.09804154703176415,,,,,,,,,,0.04147551010150059,0.03540429890229945,0.0073511485911265904,,,,1.0,1.0,10
Hilbert,post_period_hours,transient_artifact,eligible,DRG,250811::8C-2ML4_Raw.csv,8C-2ML4,True,absolute_error_hours,hours,0.23558686858982725,0.26636272738092437,-0.02543294988557676,,,,,,,,,,0.05051986850640125,0.03783050167705315,0.008237332536001903,,,,1.0,1.0,10
Hilbert,post_period_hours,transient_artifact,eligible,DRG,250811::8D-2MT7_Raw.csv,8D-2MT7,True,absolute_error_hours,hours,0.31506598720154955,0.3708715488883598,-0.05297950531518936,,,,,,,,,,0.04082315678406746,0.0419262893533391,-0.001164970340346086,,,,1.0,1.0,10
Hilbert,post_period_hours,transient_artifact,eligible,DRG,251003::2B- 1MT7_Raw.csv,2B- 1MT7,True,absolute_error_hours,hours,0.11504065423053866,0.07723825060016054,0.016948545345293553,,,,,,,,,,0.03253479136589727,0.0167041637898597,0.015799023225838572,,,,1.0,1.0,10
Hilbert,post_period_hours,transient_artifact,eligible,DRG,251003::2C- M1L1_Raw.csv,2C- M1L1,True,absolute_error_hours,hours,0.48044961594675684,0.19974442087867494,0.2005523094445909,,,,,,,,,,0.23058973029413826,0.2420457466563607,-0.01921220260715445,,,,1.0,1.0,10
Hilbert,post_period_hours,transient_artifact,eligible,DRG,251003::2D- M1L4_Raw.csv,2D- M1L4,True,absolute_error_hours,hours,0.07013588633351198,0.1024176385435478,-0.020404114136974627,,,,,,,,,,0.019261160282263212,0.01648308656744565,0.0019326095692794483,,,,1.0,1.0,10
Hilbert,post_period_hours,transient_artifact,eligible,SCN,250625 to 250728::1C-SCN_Raw.csv,1C-SCN,True,absolute_error_hours,hours,0.13145385270710364,0.1262284585801421,0.0012830617846866232,,,,,,,,,,0.025401478760700404,0.0221609756558273,0.0014601740568899561,,,,1.0,1.0,10
Hilbert,post_period_hours,transient_artifact,eligible,SCN,250625 to 250728::6C-SCNmm1_Raw.csv,6C-SCNmm1,True,absolute_error_hours,hours,0.10906254902727675,0.10856862517944066,-0.01837858116217106,,,,,,,,,,0.049679468724897896,0.01552451950777755,0.029929127277163493,,,,1.0,1.0,10
Hilbert,post_period_hours,transient_artifact,eligible,SCN,250625 to 250728::7A-SCNmm2_Raw.csv,7A-SCNmm2,True,absolute_error_hours,hours,0.15482211533888446,0.13606467432398084,0.01875744101490362,,,,,,,,,,0.022072128101531783,0.0185083951752959,0.0034560276795746834,,,,1.0,1.0,10
Hilbert,post_period_hours,transient_artifact,eligible,SCN,250625 to 250728::7B-SCNcm2_Raw.csv,7B-SCNcm2,True,absolute_error_hours,hours,0.12220882103206421,0.16536082376012828,-0.0421469081778838,,,,,,,,,,0.025417729272783064,0.008405341854359549,0.008399360203578558,,,,1.0,1.0,10
Hilbert,post_period_hours,transient_artifact,eligible,SCN,250728::6B-SCNrM2_Raw.csv,6B-SCNrM2,True,absolute_error_hours,hours,0.0608741755488289,0.15342120793219927,-0.08341977481684637,,,,,,,,,,0.019899261354079514,0.018626137827285602,-0.0025278364887742367,,,,1.0,1.0,10
Hilbert,post_period_hours,transient_artifact,eligible,SCN,250728::7A-SCNcM1_Raw.csv,7A-SCNcM1,True,absolute_error_hours,hours,0.0936712217629605,0.12637402349662885,-0.033320963468488785,,,,,,,,,,0.038910538338405756,0.02034781369917775,0.018648895886660202,,,,1.0,1.0,10
Hilbert,post_period_hours,transient_artifact,eligible,SCN,250728::7B-SCNcM2_Raw.csv,7B-SCNcM2,True,absolute_error_hours,hours,0.45262518077834457,0.304339768237222,0.16085160478609772,,,,,,,,,,0.3082802334589634,0.32609537810362726,-0.014683062634982286,,,,1.0,1.0,10
Hilbert,post_period_hours,transient_artifact,eligible,SCN,250811::1A-1FSCN_Raw.csv,1A-1FSCN,True,absolute_error_hours,hours,0.47930778235661187,0.3438667337655996,0.1357940189804161,,,,,,,,,,0.0656133765320857,0.043189093916559354,0.021831668837486745,,,,1.0,1.0,10
Hilbert,post_period_hours,transient_artifact,eligible,SCN,250811::1B-2MSCN_Raw.csv,1B-2MSCN,True,absolute_error_hours,hours,0.33247632175148745,0.3486070277432134,-0.015494434796842427,,,,,,,,,,0.026601915791821654,0.0272807899129144,0.002159538505059006,,,,1.0,1.0,10
Hilbert,post_period_hours,transient_artifact,eligible,SCN,250811::1C-3FSCN_Raw.csv,1C-3FSCN,True,absolute_error_hours,hours,0.4813395906423459,0.37560718831249496,0.13967315566234362,,,,,,,,,,0.037710831727808466,0.0490793161123539,-0.00840139412377958,,,,1.0,1.0,10
Hilbert,post_period_hours,transient_artifact,eligible,SCN,250811::1D-4FSCN_Raw.csv,1D-4FSCN,True,absolute_error_hours,hours,0.18160076471174058,0.2409793491340828,-0.03316719065795226,,,,,,,,,,0.036006097050199685,0.0169695587569959,0.020451594608563804,,,,1.0,1.0,10
Hilbert,post_period_hours,transient_artifact,eligible,SCN,251003::2A- M1SCn_Raw.csv,2A- M1SCn,True,absolute_error_hours,hours,0.31361503839068305,0.3708944370454166,0.038592736373384895,,,,,,,,,,0.3089116538688125,0.3617179782728115,-0.014145141546094059,,,,1.0,1.0,10
Hilbert,post_period_hours,transient_artifact,eligible,SCN,251003::4B-M3SCN_Raw.csv,4B-M3SCN,True,absolute_error_hours,hours,0.10715529866194728,0.1887336661069554,-0.06860122919016298,,,,,,,,,,0.07199841435274806,0.00829200909964675,0.039097307214954934,,,,1.0,1.0,10
Hilbert,post_period_hours,transient_artifact,ineligible,DRG,250625 to 250728::5A-T10m1_Raw.csv,5A-T10m1,True,absolute_error_hours,hours,0.11663743497144985,0.07755540938646988,0.029440781606748345,,,,,,,,,,0.09434097787816201,0.07079546129155775,0.022504922198769678,,,,1.0,1.0,10
Hilbert,pre_amplitude_trajectory,gaussian_noise,difficult,DRG,250625 to 250728::1D-L2m2_Raw.csv,1D-L2m2,True,target_segment_calibrated_absolute_nrmse,NRMSE,0.5337131422167778,0.5351818184513053,-0.00041594231761823974,0.1813573634654488,0.1812258257043875,0.0002842706860545635,0.12089986479696002,0.12154477222770027,-0.00029611913079702346,,,,0.07913200516903404,0.07903056211298926,-0.0010298912399186524,0.9833830822703694,0.983350848547488,-5.484725763005294e-07,1.0,1.0,10
Hilbert,pre_amplitude_trajectory,gaussian_noise,difficult,DRG,250625 to 250728::4B-T12m2_Raw.csv,4B-T12m2,True,target_segment_calibrated_absolute_nrmse,NRMSE,0.2698137143174601,0.2694938583640974,-0.00021973795699342658,0.15087497824322535,0.15117451751162508,1.3063844220784215e-05,0.1913309179078081,0.19058660405728345,0.0016726097468415246,,,,0.050471804967871466,0.0523704895870758,-0.0014570592216350577,0.9954975951431302,0.9953760844172712,-9.370960760490821e-05,1.0,1.0,10
Hilbert,pre_amplitude_trajectory,gaussian_noise,difficult,DRG,250625 to 250728::8A-L3_Raw.csv,8A-L3,True,target_segment_calibrated_absolute_nrmse,NRMSE,0.4291621479645784,0.42888785300820653,0.00027429495637193435,0.17424056461943357,0.1744891434061012,0.00013393221854543502,0.027779541613577874,0.02841022281803307,0.0003432579453300222,,,,0.026168470403148243,0.02697015133353885,0.0014533470451319683,0.9787225968911902,0.9786628646740562,-0.00010219950135875733,1.0,1.0,10
Hilbert,pre_amplitude_trajectory,gaussian_noise,difficult,DRG,250625 to 250728::8B-L2m1_Raw.csv,8B-L2m1,True,target_segment_calibrated_absolute_nrmse,NRMSE,1.1557886884871547,1.15622767311126,-0.0001628045802710698,0.296856033481803,0.29702716678909885,-0.00024501865517839727,0.8137205368543404,0.8140750607427003,-0.0002929888826596061,,,,0.9931601876397813,0.9938708959976141,-0.000300573469872778,0.9830420760634844,0.983010171286065,-2.962929092126254e-05,1.0,1.0,10
Hilbert,pre_amplitude_trajectory,gaussian_noise,difficult,DRG,250811::2C-2ML1_Raw.csv,2C-2ML1,True,target_segment_calibrated_absolute_nrmse,NRMSE,0.672734288835775,0.6720825022354491,-0.00025081560345213694,0.37177458722078305,0.37130830554293615,0.0003220901219577743,0.2681050330526824,0.26784142030792923,0.0003943957000108189,,,,0.5215346829274452,0.5235845398994834,-0.0003947227766592787,0.8312398377959866,0.8320432651633136,0.0002319906655418036,1.0,1.0,10
Hilbert,pre_amplitude_trajectory,gaussian_noise,difficult,DRG,250811::5A-2ML2_Raw.csv,5A-2ML2,True,target_segment_calibrated_absolute_nrmse,NRMSE,0.4887963733268209,0.4905332958027744,-0.0001457151401538792,0.2486805739544445,0.24850348075163342,0.00041778049810527185,0.10792654988767192,0.1043260805079902,0.0004690849717951806,,,,0.20918904490629425,0.20649991207590668,0.0028477516981071484,0.9159726443957327,0.9161838241559463,0.0002588855738474005,1.0,1.0,10
Hilbert,pre_amplitude_trajectory,gaussian_noise,difficult,DRG,250811::7C-1FT12_Raw.csv,7C-1FT12,True,target_segment_calibrated_absolute_nrmse,NRMSE,0.4074872323034523,0.40743197925964036,6.209382393673746e-05,0.14062559888962728,0.14051588313819746,-0.0003571685598812366,0.02609894137256208,0.027736961246035585,-0.0007162914250492536,,,,0.010088808712240854,0.0051656481108373,0.004352856988860803,0.9882297377546413,0.9882595869678932,-7.328967571940126e-06,1.0,1.0,10
Hilbert,pre_amplitude_trajectory,gaussian_noise,difficult,DRG,250811::8A-1FT5_Raw.csv,8A-1FT5,True,target_segment_calibrated_absolute_nrmse,NRMSE,0.20137970520506543,0.1992414133743273,-0.00012025520263150846,0.1948243970478108,0.19283840743891345,0.00022105732598290406,0.17953215549219312,0.1799426341046102,0.00042707203841688135,,,,0.02529164400422668,0.0227066131035157,0.001448587898116919,0.9505095160316271,0.9482319427206887,-0.0020608961371494927,1.0,1.0,10
Hilbert,pre_amplitude_trajectory,gaussian_noise,difficult,DRG,251003::2B- 1MT7_Raw.csv,2B- 1MT7,True,target_segment_calibrated_absolute_nrmse,NRMSE,0.08691478734157002,0.0863160836996685,-0.0001693031316947688,0.07924756332214822,0.07972881972528756,-0.0005169265072817661,0.05115084293430623,0.0511358101136985,-0.00040743457486875495,,,,0.024718482071859123,0.02494562711543845,0.0005222620434981191,0.8250493386963498,0.8177600469821842,-0.0005649007850825893,1.0,1.0,10
Hilbert,pre_amplitude_trajectory,gaussian_noise,difficult,DRG,251003::2C- M1L1_Raw.csv,2C- M1L1,True,target_segment_calibrated_absolute_nrmse,NRMSE,0.23865660047175344,0.23919657914431808,0.0005729926563119436,0.2278867453293142,0.22657888748214366,0.0002512458670806267,0.15936235797624876,0.159753748317187,0.0001091068609301582,,,,0.040221861578628906,0.0395851177527512,0.0006219491848518666,-0.6711543361733403,-0.6727395076913293,-0.0007327609953766689,1.0,1.0,10
Hilbert,pre_amplitude_trajectory,gaussian_noise,difficult,DRG,251003::2D- M1L4_Raw.csv,2D- M1L4,True,target_segment_calibrated_absolute_nrmse,NRMSE,1.4555405846418927,1.4542248529708013,-5.203928672559144e-05,0.3638495722846564,0.36410815759524695,-0.00033069121563647497,0.8388485263006756,0.8388520429216282,-0.000450857614432032,,,,1.234519749477189,1.2343375319044942,-0.00015915443115044337,0.9758524329900673,0.9758003896492407,-8.234581827593068e-05,1.0,1.0,10
Hilbert,pre_amplitude_trajectory,gaussian_noise,eligible,DRG,250625 to 250728::1B-L1m2_Raw.csv,1B-L1m2,True,target_segment_calibrated_absolute_nrmse,NRMSE,0.15275436094138983,0.1530255630733057,-0.0009716495012383752,0.1073926355340846,0.10695872454147845,-0.0008097155027646102,0.12171846344606668,0.12184399013300054,-0.0013262347536466823,,,,0.03506789456850903,0.0330449217923882,0.0024902216355325336,0.9977677066111732,0.9976960176439644,-9.98129077927068e-05,1.0,1.0,10
Hilbert,pre_amplitude_trajectory,gaussian_noise,eligible,DRG,250625 to 250728::2C-L3m2_Raw.csv,2C-L3m2,True,target_segment_calibrated_absolute_nrmse,NRMSE,0.18329979865853419,0.184159760021182,-0.0005286858685000922,0.13939171535868056,0.1392437053649344,-0.0004891921096464302,0.1735147909288653,0.1750306751720172,-0.0008473544151981482,,,,0.009468888866844266,0.0105864377266137,0.0006608936943462164,0.9921309375014259,0.9920534176194931,-0.00012953206842725162,1.0,1.0,10
Hilbert,pre_amplitude_trajectory,gaussian_noise,eligible,DRG,250625 to 250728::3A-L5m2_Raw.csv,3A-L5m2,True,target_segment_calibrated_absolute_nrmse,NRMSE,0.113086350814349,0.11120555291601834,-0.00011790022552725377,0.08177609124630694,0.08098781807863405,-0.0001855108611980988,0.07119388518013868,0.07023446753353123,-0.000523273920669004,,,,0.041613084050617255,0.041092095442371704,0.0011884769838003476,0.9983390696785558,0.9983422213717377,-1.0193469915265041e-05,1.0,1.0,10
Hilbert,pre_amplitude_trajectory,gaussian_noise,eligible,DRG,250625 to 250728::3B-T10m2_Raw.csv,3B-T10m2,True,target_segment_calibrated_absolute_nrmse,NRMSE,0.25942903823243535,0.25984201287487996,-5.5364932407792056e-05,0.16596552272460374,0.1657498100603412,0.00015867733244968873,0.1950265685222516,0.19638551462076456,0.0004199704761184697,,,,0.021685983212372396,0.0224882552560176,-3.404238741390453e-05,0.9853101495717203,0.985420475080619,7.902039241336478e-06,1.0,1.0,10
Hilbert,pre_amplitude_trajectory,gaussian_noise,eligible,DRG,250625 to 250728::4C-T5m1_Raw.csv,4C-T5m1,True,target_segment_calibrated_absolute_nrmse,NRMSE,0.18253079943254086,0.18149705809902617,-0.00043306430275621977,0.13081191541760084,0.13106552076707925,0.00041776223182260486,0.16849033352948548,0.16741871258691832,0.0006305647523350832,,,,0.03221896997472103,0.0307274987038012,0.0010768600147305907,0.9973227573396142,0.9972959480355497,-8.384805575839538e-05,1.0,1.0,10
Hilbert,pre_amplitude_trajectory,gaussian_noise,eligible,DRG,250625 to 250728::4D-T7m1_Raw.csv,4D-T7m1,True,target_segment_calibrated_absolute_nrmse,NRMSE,0.25316272831398384,0.25280786444495906,-0.00019877720134149623,0.166229822130623,0.165184351914387,0.00129243262922428,0.19845321580243042,0.19573984237741865,0.0027823546924443665,,,,0.01571940829775338,0.0144220158177795,0.0027495326663134357,0.9846036043108775,0.9845005373176199,2.0102430231039303e-05,1.0,1.0,10
Hilbert,pre_amplitude_trajectory,gaussian_noise,eligible,DRG,250625 to 250728::5B-T12m2_Raw.csv,5B-T12m2,True,target_segment_calibrated_absolute_nrmse,NRMSE,0.07544930034366065,0.0735774448684674,0.00042005336224448797,0.05557955952987433,0.0544816319358609,0.0003603962292712433,0.041867779944919574,0.04105237552099495,0.0002073629208162002,,,,0.034655479105256085,0.035274123698498555,-0.0007629616217375464,0.9854316826080385,0.9858177744713523,0.00047164423017387325,1.0,1.0,10
Hilbert,pre_amplitude_trajectory,gaussian_noise,eligible,DRG,250625 to 250728::5C-T12_Raw.csv,5C-T12,True,target_segment_calibrated_absolute_nrmse,NRMSE,0.6593642091277063,0.6578851432903345,0.0006436262855998298,0.2249308841325104,0.22441067370894255,-0.00021381105472859097,0.41971294119525815,0.41888068217147495,-0.00047870009469747066,,,,0.35614279810249433,0.35370750198097045,0.0007910862090730331,0.9815434800392742,0.9814533088927826,-7.060456421181804e-07,1.0,1.0,10
Hilbert,pre_amplitude_trajectory,gaussian_noise,eligible,DRG,250625 to 250728::5D-T10_Raw.csv,5D-T10,True,target_segment_calibrated_absolute_nrmse,NRMSE,0.19789731892483498,0.1977180889340599,-0.0005394509891098187,0.13289208028154756,0.13404218234234921,-0.0007115447352995935,0.17247256132860891,0.1742672144092969,-4.4420187297611324e-05,,,,0.04584644540457915,0.04938927096038255,-0.003578404914018781,0.9982227452380439,0.9982749235377009,1.5796697835024354e-05,1.0,1.0,10
Hilbert,pre_amplitude_trajectory,gaussian_noise,eligible,DRG,250625 to 250728::6A-T7_Raw.csv,6A-T7,True,target_segment_calibrated_absolute_nrmse,NRMSE,0.21225720013180413,0.21224904846011516,0.00021940410636554775,0.13392095858772934,0.13520355445726506,-0.0011378946639580279,0.19266837266554168,0.1948442636275425,-0.0008370917209583051,,,,0.03270269477185604,0.0364543746973881,-0.0038116392664482995,0.9975603396136874,0.9975515471276574,3.356034139767594e-05,1.0,1.0,10
Hilbert,pre_amplitude_trajectory,gaussian_noise,eligible,DRG,250625 to 250728::6B-T5_Raw.csv,6B-T5,True,target_segment_calibrated_absolute_nrmse,NRMSE,0.15396181522923097,0.15466453999945584,0.0016491961068237498,0.13121972854471162,0.12942049113850004,0.00020882543335891401,0.12445248443488982,0.12535390137802116,0.0005673397519713463,,,,0.030273494016764844,0.030833658602746047,-0.0014476948181266058,0.9941085458797286,0.9945237653576968,-4.29258797353671e-05,1.0,1.0,10
Hilbert,pre_amplitude_trajectory,gaussian_noise,eligible,DRG,250625 to 250728::7C-L1_Raw.csv,7C-L1,True,target_segment_calibrated_absolute_nrmse,NRMSE,0.24567206684744272,0.24710006434357068,-0.0003275790578952664,0.1355949399007883,0.1364609858525277,-0.0012195571548187095,0.17745224091888007,0.17867942722808922,-5.5162910617301275e-05,,,,0.0041608947370443935,0.0020804849601023002,0.0027027441320183468,0.9913932973435575,0.991271296256715,-4.746061903326826e-05,1.0,1.0,10
Hilbert,pre_amplitude_trajectory,gaussian_noise,eligible,DRG,250625 to 250728::7D-L2_Raw.csv,7D-L2,True,target_segment_calibrated_absolute_nrmse,NRMSE,0.3751061417074616,0.375519981954058,0.00018702130379663617,0.17553107553765346,0.17492579161150457,3.0599696198257975e-05,0.06202601025578813,0.06044236343886383,0.00038897174676860713,,,,0.04949468007563688,0.05191046122318265,0.0002102355678383211,0.9756813800036515,0.9758676429599367,3.3040291426200685e-05,1.0,1.0,10
Hilbert,pre_amplitude_trajectory,gaussian_noise,eligible,DRG,250625 to 250728::8C-L3m1_Raw.csv,8C-L3m1,True,target_segment_calibrated_absolute_nrmse,NRMSE,0.19406665117440952,0.1966872841433676,-0.0020414143421806225,0.1438345764079946,0.14430265064266523,-0.0010897623233615816,0.14692548465753363,0.14789684074645093,-0.0014617261679249482,,,,0.02277027075805014,0.0226816024268627,0.00032484313083305967,0.9864798844152427,0.9864275295453251,-2.1328807255971416e-05,1.0,1.0,10
Hilbert,pre_amplitude_trajectory,gaussian_noise,eligible,DRG,250625 to 250728::8D-L4-1m1_Raw.csv,8D-L4-1m1,True,target_segment_calibrated_absolute_nrmse,NRMSE,0.21039507156291287,0.20929213563765536,0.0010940362284362626,0.14536681674393603,0.1454210028237216,0.00020116174840410783,0.1705829283577178,0.16962716458396168,-4.7724729219322803e-05,,,,0.017940914701430877,0.01817623165711165,-0.00028848901694861033,0.9879047791757061,0.9878157371666304,-0.00010111528984757534,1.0,1.0,10
Hilbert,pre_amplitude_trajectory,gaussian_noise,eligible,DRG,250811::2D-1FL2_Raw.csv,2D-1FL2,True,target_segment_calibrated_absolute_nrmse,NRMSE,0.18882576898382009,0.18902502111120015,0.0006742122091569352,0.14535157618806038,0.1450218246679229,0.00033207901457751876,0.2179536893466488,0.2187201755454311,-0.00021359551470739868,,,,0.021037091615934013,0.02460265616365925,-0.0034881695913117506,0.9917515646137343,0.99195750262262,6.28157490377701e-05,1.0,1.0,10
Hilbert,pre_amplitude_trajectory,gaussian_noise,eligible,DRG,250811::3A-1FL4_Raw.csv,3A-1FL4,True,target_segment_calibrated_absolute_nrmse,NRMSE,0.10929376392540469,0.1084297770670572,-0.0005928476490110746,0.10269346885872101,0.1043167819521699,-0.0012026328078684756,0.07981538717189579,0.07978895569900275,-0.001136645571534936,,,,0.05187409127373213,0.053493751022764754,-0.001597951567260867,0.25317192886588047,0.29277649388231103,0.000996247251153437,1.0,1.0,10
Hilbert,pre_amplitude_trajectory,gaussian_noise,eligible,DRG,250811::3D-1FT10_Raw.csv,3D-1FT10,True,target_segment_calibrated_absolute_nrmse,NRMSE,0.26456834186600875,0.26306889720750015,0.0004259448201703042,0.1270709303528529,0.12726076382194246,0.0007107652531366387,0.23138212501233515,0.22747149018981244,0.00231128669873093,,,,0.07938496518157942,0.0798476244433318,0.0012023288998159326,0.9985369589381528,0.9985136445653323,-8.73121128203147e-06,1.0,1.0,10
Hilbert,pre_amplitude_trajectory,gaussian_noise,eligible,DRG,250811::4A-2MT10_Raw.csv,4A-2MT10,True,target_segment_calibrated_absolute_nrmse,NRMSE,0.1806476865934497,0.1804516742849842,-0.000454112024083686,0.13213715492146547,0.13383596325662578,-0.002343896456301814,0.19831844736962795,0.1984597307369729,-0.003857380836605251,,,,0.034418836457308644,0.033890258091453504,-0.0016668511027605575,0.9943219861017021,0.9941424441085843,-6.283926359612613e-05,1.0,1.0,10
Hilbert,pre_amplitude_trajectory,gaussian_noise,eligible,DRG,250811::4C-2MT5_Raw.csv,4C-2MT5,True,target_segment_calibrated_absolute_nrmse,NRMSE,0.45938826714673586,0.4586000133102356,-0.0006766252992141675,0.23979184587360053,0.23998544364682375,0.00021897484893904084,0.1090862590096161,0.11053750214138747,-0.00016987407360652407,,,,0.2331729786941838,0.23021066143477686,-0.0019252206807010008,0.9505584795043633,0.9504562714955864,9.474117844965324e-05,1.0,1.0,10
Hilbert,pre_amplitude_trajectory,gaussian_noise,eligible,DRG,250811::4D-1FL4_Raw.csv,4D-1FL4,True,target_segment_calibrated_absolute_nrmse,NRMSE,0.16465372311486193,0.16583245863837687,-0.0012591758597112757,0.1227222174669568,0.1225269985078686,-0.0011173243313278985,0.16121497775095983,0.16256114432115318,-0.0022193166414940513,,,,0.039808360970579985,0.040769692155971204,-0.0007344914093405028,0.996451408440683,0.9963955509607749,7.941189127097514e-05,1.0,1.0,10
Hilbert,pre_amplitude_trajectory,gaussian_noise,eligible,DRG,250811::5C-1FT7_Raw.csv,5C-1FT7,True,target_segment_calibrated_absolute_nrmse,NRMSE,0.19117314428778387,0.18845031025805575,0.0006484593154028884,0.13598627446157016,0.1355873917897144,0.0009641794350973287,0.18924496240772964,0.18829353079148817,0.0008091256873140606,,,,0.031247747298553112,0.0289222229321678,0.003311309098371181,0.9897398135210201,0.9895791183046937,-0.00019353148721762414,1.0,1.0,10
Hilbert,pre_amplitude_trajectory,gaussian_noise,eligible,DRG,250811::6A-1FL1_Raw.csv,6A-1FL1,True,target_segment_calibrated_absolute_nrmse,NRMSE,0.3201653970786797,0.3199497634931055,0.0005058067803626332,0.1347339702055198,0.13482815082962618,0.000313275607713312,0.07742536211500922,0.07677027523379742,-0.0008522286552268277,,,,0.0290559365837035,0.026502081364909252,0.0013668029195222624,0.9864693323029599,0.9864310686734168,0.00011500050401996864,1.0,1.0,10
Hilbert,pre_amplitude_trajectory,gaussian_noise,eligible,DRG,250811::6B-2ML3_Raw.csv,6B-2ML3,True,target_segment_calibrated_absolute_nrmse,NRMSE,0.17982995444372823,0.17896289698425205,0.0009225465796096483,0.12209411600801112,0.1217960944210496,0.0010522954175652757,0.18267690179500834,0.18182458170485089,0.0025690099150568746,,,,0.043672898884143455,0.0459502849887394,-0.0017248105958189291,0.9974377936974186,0.9974972525092103,0.00013744032680207408,1.0,1.0,10
Hilbert,pre_amplitude_trajectory,gaussian_noise,eligible,DRG,250811::7D-2MT12_Raw.csv,7D-2MT12,True,target_segment_calibrated_absolute_nrmse,NRMSE,0.14682021979336363,0.1454115903301807,7.231199589162463e-05,0.11154029523686278,0.11068806952479646,0.0001257763792789704,0.12578880547643173,0.12464491756975009,-0.0006030523499284124,,,,0.04299731801697164,0.04651614308798925,-0.00032877586821728963,0.9961990796893989,0.9962653461224242,-1.5461366109414953e-05,1.0,1.0,10
Hilbert,pre_amplitude_trajectory,gaussian_noise,eligible,DRG,250811::8C-2ML4_Raw.csv,8C-2ML4,True,target_segment_calibrated_absolute_nrmse,NRMSE,0.2151892676869751,0.21609078383760374,-0.0007666997602283898,0.15962539115852098,0.16058907305835202,-0.000698377996493818,0.22561052411669857,0.22640138704198004,-0.002578581869585206,,,,0.013440272569351413,0.0131422933548006,-2.4125836949086266e-05,0.984673441268867,0.9845977039066902,-2.789402659875151e-05,1.0,1.0,10
Hilbert,pre_amplitude_trajectory,gaussian_noise,eligible,DRG,250811::8D-2MT7_Raw.csv,8D-2MT7,True,target_segment_calibrated_absolute_nrmse,NRMSE,0.1382578110801397,0.13898189733972435,-0.0002570552312236296,0.11963445027558472,0.1206296945877322,-0.0007896815432524018,0.11319662640727166,0.11375091622019314,-0.000852865543303355,,,,0.043786296076012414,0.0456553598793962,-0.0005524285608634362,0.9917184835406924,0.992153644274688,0.00013600729751728213,1.0,1.0,10
Hilbert,pre_amplitude_trajectory,gaussian_noise,eligible,SCN,250625 to 250728::1C-SCN_Raw.csv,1C-SCN,True,target_segment_calibrated_absolute_nrmse,NRMSE,0.20890215916757016,0.20761380436590782,0.0003826414353555324,0.12480004576595813,0.12489946105974785,0.0003158832757267291,0.12585492020136665,0.12688370354277936,-0.0001639063249059547,,,,0.05328186730975804,0.053115397759771504,-0.0009071101185268993,0.9913593819712507,0.9914171843333948,4.941999769542127e-05,1.0,1.0,10
Hilbert,pre_amplitude_trajectory,gaussian_noise,eligible,SCN,250625 to 250728::6C-SCNmm1_Raw.csv,6C-SCNmm1,True,target_segment_calibrated_absolute_nrmse,NRMSE,0.21593432829911546,0.21443927840260518,0.0005691658703166208,0.13802369287858857,0.1368626396045453,-0.00029417433891844313,0.13944214574730793,0.13833508434603534,0.00012061597887930153,,,,0.05151194524388457,0.0508632691852912,0.0003174895850628495,0.9908497391045772,0.9907289628336584,-4.2735156108864025e-05,1.0,1.0,10
Hilbert,pre_amplitude_trajectory,gaussian_noise,eligible,SCN,250625 to 250728::7A-SCNmm2_Raw.csv,7A-SCNmm2,True,target_segment_calibrated_absolute_nrmse,NRMSE,0.3008036778803701,0.3015186554942018,-0.00013552187266613336,0.15254664184992334,0.15359164887308369,-0.0011808333782208774,0.1876464060420629,0.18945306218172026,-0.001716704611981923,,,,0.07634714013456152,0.07831065540238666,-0.00011869691532705173,0.9905882574136022,0.9905178794236318,-3.477411180036194e-05,1.0,1.0,10
Hilbert,pre_amplitude_trajectory,gaussian_noise,eligible,SCN,250625 to 250728::7B-SCNcm2_Raw.csv,7B-SCNcm2,True,target_segment_calibrated_absolute_nrmse,NRMSE,0.20949972038153575,0.2087255057472282,0.0001734240648954416,0.12717439056620283,0.12676339317957158,0.0007944583524126039,0.12980264945668912,0.1281937631358183,0.002371079593028874,,,,0.07178600437776603,0.07180431000092985,-0.0008111184048174361,0.9950354647598663,0.9949695186221076,-6.92877074378595e-05,1.0,1.0,10
Hilbert,pre_amplitude_trajectory,gaussian_noise,eligible,SCN,250728::6A-SCNrM1_Raw.csv,6A-SCNrM1,True,target_segment_calibrated_absolute_nrmse,NRMSE,0.2052382977339017,0.20375022060098136,0.0008972181930347184,0.12391376727526668,0.12356823497500685,0.0005870020164863571,0.1260173444523966,0.12472278233842732,0.0009324742203934422,,,,0.06714822462309973,0.0660982471866028,0.0007460861042741102,0.9945972031854198,0.9946024496360678,-1.4655126444607092e-05,1.0,1.0,10
Hilbert,pre_amplitude_trajectory,gaussian_noise,eligible,SCN,250728::6B-SCNrM2_Raw.csv,6B-SCNrM2,True,target_segment_calibrated_absolute_nrmse,NRMSE,0.27069024649695955,0.2715278155865871,0.00013069184091840658,0.14667906380771678,0.1464673075402696,0.0005776087455880152,0.179892252999889,0.17956138613313963,0.0006524106713808875,,,,0.06923852411202377,0.06840224016492186,0.0010260566011134134,0.9912775468656894,0.9912385716452936,-8.229271306725572e-06,1.0,1.0,10
Hilbert,pre_amplitude_trajectory,gaussian_noise,eligible,SCN,250728::7A-SCNcM1_Raw.csv,7A-SCNcM1,True,target_segment_calibrated_absolute_nrmse,NRMSE,0.1920494555750272,0.19260205046559514,0.00023392870934618726,0.1184094673718222,0.11900985306537884,-0.00010125227622307525,0.11118936096383006,0.11263342152993322,-0.0002340031051417668,,,,0.05090670890102584,0.0533615096848092,-0.002138536253990412,0.9916389935173621,0.991709457999278,2.320887993456644e-06,1.0,1.0,10
Hilbert,pre_amplitude_trajectory,gaussian_noise,eligible,SCN,250728::7B-SCNcM2_Raw.csv,7B-SCNcM2,True,target_segment_calibrated_absolute_nrmse,NRMSE,0.2491547460068093,0.24761963379693597,0.0004930519452108068,0.1385757946358478,0.13833911913670785,0.0003161940240034855,0.16174173474523879,0.1604221368387642,-0.000437479898997839,,,,0.07525403103652557,0.07552622567692824,0.0007241997861871796,0.9936837633206741,0.993745291233747,5.591350763500813e-05,1.0,1.0,10
Hilbert,pre_amplitude_trajectory,gaussian_noise,eligible,SCN,250811::1A-1FSCN_Raw.csv,1A-1FSCN,True,target_segment_calibrated_absolute_nrmse,NRMSE,0.23349099773489976,0.2317264718642168,0.0020101148954463355,0.1359917005359879,0.13492344303805237,0.00033936832055371513,0.1664767413044912,0.16543999302427634,0.0018478757522533695,,,,0.09785272273439669,0.0985291316929297,-0.00034783658986956706,0.9923967476306801,0.9923355746872828,-1.6607833769499702e-05,1.0,1.0,10
Hilbert,pre_amplitude_trajectory,gaussian_noise,eligible,SCN,250811::1B-2MSCN_Raw.csv,1B-2MSCN,True,target_segment_calibrated_absolute_nrmse,NRMSE,0.20085961052549073,0.199405329863828,-0.000845326787081907,0.12516594993804053,0.1262183888541322,-0.0009476184838259627,0.1393323988260875,0.13959143847931563,-0.0007721845700095487,,,,0.09000205200284676,0.08837928326439864,0.0004379404245209509,0.9928539927920024,0.9927804787215458,3.203206036145323e-05,1.0,1.0,10
Hilbert,pre_amplitude_trajectory,gaussian_noise,eligible,SCN,250811::1C-3FSCN_Raw.csv,1C-3FSCN,True,target_segment_calibrated_absolute_nrmse,NRMSE,0.13881304830020103,0.1393212836920639,0.0003077668404583289,0.09268719265702371,0.09340412391846134,-0.000296156906209738,0.08257717586851855,0.08298440690312943,-0.0004541483821171449,,,,0.08458418743615646,0.0840629221701852,0.00044240595791627396,0.9953623622860459,0.995360965781733,5.663398016941823e-05,1.0,1.0,10
Hilbert,pre_amplitude_trajectory,gaussian_noise,eligible,SCN,250811::1D-4FSCN_Raw.csv,1D-4FSCN,True,target_segment_calibrated_absolute_nrmse,NRMSE,0.16245707009500512,0.16204566129362713,0.0013437851788214161,0.11228033269447761,0.11169538359741005,-0.00032522082317398837,0.11253376454441215,0.11221243074641,0.0006871910764326139,,,,0.08421357683175143,0.0843477235324305,-0.0009945408622587595,0.996279857542776,0.9963565878056806,6.518066411509427e-05,1.0,1.0,10
Hilbert,pre_amplitude_trajectory,gaussian_noise,eligible,SCN,251003::2A- M1SCn_Raw.csv,2A- M1SCn,True,target_segment_calibrated_absolute_nrmse,NRMSE,0.16309434695802982,0.1622476618333962,2.5927185233268202e-05,0.1064449885329545,0.10519023211484049,0.0009032459193660941,0.10161015837858203,0.0988412927653528,0.0008702318107028373,,,,0.06189548671996806,0.062451960587167954,-0.00015161634633029109,0.9980565776360193,0.9980744755811364,1.4270571375207819e-05,1.0,1.0,10
Hilbert,pre_amplitude_trajectory,gaussian_noise,eligible,SCN,251003::4B-M3SCN_Raw.csv,4B-M3SCN,True,target_segment_calibrated_absolute_nrmse,NRMSE,0.14614127901076324,0.14489255228128478,0.00011066896056768916,0.0993553303989375,0.09821724331309276,0.0002779339934274386,0.08857248551541043,0.08680679101886526,0.0006586189810501852,,,,0.058269639921144374,0.05713315933966685,0.00022985118910093943,0.9978707224149914,0.9978470998870802,7.3878224443046925e-06,1.0,1.0,10
Hilbert,pre_amplitude_trajectory,gaussian_noise,ineligible,DRG,250625 to 250728::5A-T10m1_Raw.csv,5A-T10m1,True,target_segment_calibrated_absolute_nrmse,NRMSE,0.2572812410061467,0.260002183661168,3.783314246132152e-05,0.16329206797589738,0.16403828967123607,-0.0006083732101263006,0.16104330265586586,0.16242527519669264,0.0004422688880448,,,,0.01667203141316922,0.01759647338167565,-0.002176912946550526,0.9816183352758523,0.9817885954104146,-0.00011682445849203749,1.0,1.0,10
Hilbert,pre_amplitude_trajectory,missing_block_6h,difficult,DRG,250625 to 250728::1D-L2m2_Raw.csv,1D-L2m2,True,target_segment_calibrated_absolute_nrmse,NRMSE,0.5223678509895247,0.5351818184513053,-0.00023112546808373713,0.18073636952591246,0.1812258257043875,0.0004898528456938611,0.11810539713019452,0.12154477222770027,-0.0006323445771221903,,,,0.06842833008060659,0.07903056211298926,0.0026388763255545088,0.9834578056020185,0.983350848547488,9.213892010556668e-05,1.0,1.0,10
Hilbert,pre_amplitude_trajectory,missing_block_6h,difficult,DRG,250625 to 250728::4B-T12m2_Raw.csv,4B-T12m2,True,target_segment_calibrated_absolute_nrmse,NRMSE,0.26422152803153687,0.2694938583640974,-0.00038579795748841517,0.1513206363019307,0.15117451751162508,0.000650504412617478,0.1885376355813162,0.19058660405728345,-0.0008805454616064856,,,,0.055311955276248326,0.0523704895870758,0.003160324993679183,0.9951171329684501,0.9953760844172712,5.236840659139652e-05,1.0,1.0,10
Hilbert,pre_amplitude_trajectory,missing_block_6h,difficult,DRG,250625 to 250728::8A-L3_Raw.csv,8A-L3,True,target_segment_calibrated_absolute_nrmse,NRMSE,0.41120665704360804,0.42888785300820653,-0.0032767763924579085,0.1765876156261998,0.1744891434061012,-0.0012560052335166827,0.02651232237966855,0.02841022281803307,0.0005936792360238252,,,,0.028668346794797694,0.02697015133353885,0.0013943613964914926,0.9782444581819452,0.9786628646740562,6.501615189935528e-05,1.0,1.0,10
Hilbert,pre_amplitude_trajectory,missing_block_6h,difficult,DRG,250625 to 250728::8B-L2m1_Raw.csv,8B-L2m1,True,target_segment_calibrated_absolute_nrmse,NRMSE,1.1566623581013746,1.15622767311126,0.0002863376107613558,0.3047880723765741,0.29702716678909885,0.0005832662977209302,0.8149336200387554,0.8140750607427003,0.0010331083400517138,,,,0.9938856740692958,0.9938708959976141,0.00026032151734994846,0.9828561863549452,0.983010171286065,2.7167086380452954e-05,1.0,1.0,10
Hilbert,pre_amplitude_trajectory,missing_block_6h,difficult,DRG,250811::2C-2ML1_Raw.csv,2C-2ML1,True,target_segment_calibrated_absolute_nrmse,NRMSE,0.6688276246449473,0.6720825022354491,-0.010758369903217074,0.3713820801751408,0.37130830554293615,0.0008191697018821165,0.27043111707727713,0.26784142030792923,0.004817857635965234,,,,0.5152521721826985,0.5235845398994834,-0.003761728212086868,0.8319619283899364,0.8320432651633136,0.0016934339078753524,1.0,1.0,10
Hilbert,pre_amplitude_trajectory,missing_block_6h,difficult,DRG,250811::5A-2ML2_Raw.csv,5A-2ML2,True,target_segment_calibrated_absolute_nrmse,NRMSE,0.47309051658485957,0.4905332958027744,-0.005981739873896996,0.2510056603843835,0.24850348075163342,0.0032982259086338783,0.10933030661366494,0.1043260805079902,0.0018271710846042843,,,,0.20164291718882982,0.20649991207590668,-0.002053814434718901,0.9143451922610479,0.9161838241559463,0.0024626487741984393,1.0,1.0,10
Hilbert,pre_amplitude_trajectory,missing_block_6h,difficult,DRG,250811::7C-1FT12_Raw.csv,7C-1FT12,True,target_segment_calibrated_absolute_nrmse,NRMSE,0.3893998339177701,0.40743197925964036,-0.006290629818089144,0.13990091118037454,0.14051588313819746,0.0001315414111743088,0.03259849558707367,0.027736961246035585,0.0003821599538049725,,,,0.010425546458706069,0.0051656481108373,0.0024859409970410086,0.988404401628807,0.9882595869678932,0.00010249597454692339,1.0,1.0,10
Hilbert,pre_amplitude_trajectory,missing_block_6h,difficult,DRG,250811::8A-1FT5_Raw.csv,8A-1FT5,True,target_segment_calibrated_absolute_nrmse,NRMSE,0.20335257709382593,0.1992414133743273,-0.001398660042162242,0.19765162569050815,0.19283840743891345,0.0005150129395249947,0.18191915887577778,0.1799426341046102,0.0003464265091831509,,,,0.019483060539946903,0.0227066131035157,-0.0008658697548218387,0.9418213146636414,0.9482319427206887,0.00028663296405284644,1.0,1.0,10
Hilbert,pre_amplitude_trajectory,missing_block_6h,difficult,DRG,251003::2B- 1MT7_Raw.csv,2B- 1MT7,True,target_segment_calibrated_absolute_nrmse,NRMSE,0.08560728469471138,0.0863160836996685,-0.0026633092705345557,0.08008583388866583,0.07972881972528756,-0.0016462425362003333,0.05057274008290184,0.0511358101136985,-0.0022135354352643306,,,,0.037032700222771976,0.02494562711543845,0.008253991969119653,0.8044454729905932,0.8177600469821842,0.0026734486530570756,1.0,1.0,10
Hilbert,pre_amplitude_trajectory,missing_block_6h,difficult,DRG,251003::2C- M1L1_Raw.csv,2C- M1L1,True,target_segment_calibrated_absolute_nrmse,NRMSE,0.22439490304770332,0.23919657914431808,-0.004805262869020971,0.21837421268663368,0.22657888748214366,-0.004923515508971188,0.15375126020300173,0.159753748317187,-0.005503016728826547,,,,0.048103832092244656,0.0395851177527512,0.007346025927404576,-0.633095405120083,-0.6727395076913293,-0.003983791641766765,1.0,1.0,10
Hilbert,pre_amplitude_trajectory,missing_block_6h,difficult,DRG,251003::2D- M1L4_Raw.csv,2D- M1L4,True,target_segment_calibrated_absolute_nrmse,NRMSE,1.4306454723496111,1.4542248529708013,-0.008994866545466995,0.3647385679279984,0.36410815759524695,0.0012708085522273593,0.8422381447784134,0.8388520429216282,0.00268313590122371,,,,1.2192025038657517,1.2343375319044942,-0.006852545116438957,0.9747879317677755,0.9758003896492407,0.00048362623563086293,1.0,1.0,10
Hilbert,pre_amplitude_trajectory,missing_block_6h,eligible,DRG,250625 to 250728::1B-L1m2_Raw.csv,1B-L1m2,True,target_segment_calibrated_absolute_nrmse,NRMSE,0.15176751612725548,0.1530255630733057,-0.000796261516728694,0.11424880258481432,0.10695872454147845,0.003912249806043086,0.12560580898006918,0.12184399013300054,0.0017058956724391172,,,,0.03947405202217184,0.0330449217923882,0.006850565546415695,0.9975313317549754,0.9976960176439644,3.521218560265105e-05,1.0,1.0,10
Hilbert,pre_amplitude_trajectory,missing_block_6h,eligible,DRG,250625 to 250728::2C-L3m2_Raw.csv,2C-L3m2,True,target_segment_calibrated_absolute_nrmse,NRMSE,0.18289647305626383,0.184159760021182,-0.0001522247227741108,0.14277634142925089,0.1392437053649344,0.000640413249749408,0.176693243507841,0.1750306751720172,0.0006703926398402282,,,,0.017174401376483628,0.0105864377266137,0.007336423724644879,0.99169270222549,0.9920534176194931,4.660933235756115e-06,1.0,1.0,10
Hilbert,pre_amplitude_trajectory,missing_block_6h,eligible,DRG,250625 to 250728::3A-L5m2_Raw.csv,3A-L5m2,True,target_segment_calibrated_absolute_nrmse,NRMSE,0.10329267793876434,0.11120555291601834,-0.0057492037677550414,0.0801799022163246,0.08098781807863405,-0.003518289919048588,0.06932391587563506,0.07023446753353123,-0.0023471070862307736,,,,0.04109736334309051,0.041092095442371704,-2.7429896313383578e-05,0.9971207970271245,0.9983422213717377,0.0011557015732698295,1.0,1.0,10
Hilbert,pre_amplitude_trajectory,missing_block_6h,eligible,DRG,250625 to 250728::3B-T10m2_Raw.csv,3B-T10m2,True,target_segment_calibrated_absolute_nrmse,NRMSE,0.24967583009252742,0.25984201287487996,-0.007543184810477263,0.16606860370768545,0.1657498100603412,-0.00037867121443235785,0.19167687059434133,0.19638551462076456,-0.0032000686631583064,,,,0.0436039403998751,0.0224882552560176,0.021115685143857497,0.985333275659404,0.985420475080619,-0.00017800555173125288,1.0,1.0,10
Hilbert,pre_amplitude_trajectory,missing_block_6h,eligible,DRG,250625 to 250728::4C-T5m1_Raw.csv,4C-T5m1,True,target_segment_calibrated_absolute_nrmse,NRMSE,0.17332862653872838,0.18149705809902617,-0.011291479180570038,0.12635460070102855,0.13106552076707925,-0.004003746702519795,0.1618178041239255,0.16741871258691832,-0.003747040234686083,,,,0.0342865428132839,0.0307274987038012,0.003309163719970757,0.9970840817179407,0.9972959480355497,0.0003407405757795967,1.0,1.0,10
Hilbert,pre_amplitude_trajectory,missing_block_6h,eligible,DRG,250625 to 250728::4D-T7m1_Raw.csv,4D-T7m1,True,target_segment_calibrated_absolute_nrmse,NRMSE,0.25048661586689336,0.25280786444495906,0.0007135608993457526,0.16629949789959153,0.165184351914387,0.0010041516892781988,0.19652753968902276,0.19573984237741865,0.000939795296473922,,,,0.01580191331807819,0.0144220158177795,0.0014287224845351242,0.9840394137913824,0.9845005373176199,0.0001212441730734648,1.0,1.0,10
Hilbert,pre_amplitude_trajectory,missing_block_6h,eligible,DRG,250625 to 250728::5B-T12m2_Raw.csv,5B-T12m2,True,target_segment_calibrated_absolute_nrmse,NRMSE,0.0667495706545865,0.0735774448684674,-0.00543572950983922,0.052119297705676804,0.0544816319358609,-0.004127747731319881,0.03888828109234405,0.04105237552099495,-0.003222699213076243,,,,0.03532772754342457,0.035274123698498555,0.0001970431074252918,0.9767028431253224,0.9858177744713523,0.00284016964972017,1.0,1.0,10
Hilbert,pre_amplitude_trajectory,missing_block_6h,eligible,DRG,250625 to 250728::5C-T12_Raw.csv,5C-T12,True,target_segment_calibrated_absolute_nrmse,NRMSE,0.6563343598410928,0.6578851432903345,-3.187783172148295e-05,0.23114530588943305,0.22441067370894255,0.00034584508969337513,0.42353740320595484,0.41888068217147495,0.00221816319789242,,,,0.3551770870859423,0.35370750198097045,-0.001056631602214475,0.9814660929027847,0.9814533088927826,-1.0391155795264062e-06,1.0,1.0,10
Hilbert,pre_amplitude_trajectory,missing_block_6h,eligible,DRG,250625 to 250728::5D-T10_Raw.csv,5D-T10,True,target_segment_calibrated_absolute_nrmse,NRMSE,0.173627365109848,0.1977180889340599,-0.024040150540641306,0.12580054251330608,0.13404218234234921,-0.00814656485073257,0.16898091808370683,0.1742672144092969,-0.0065928962978641925,,,,0.04987678811078285,0.04938927096038255,0.0014572478768628168,0.997739616589325,0.9982749235377009,0.0004922265277071958,1.0,1.0,10
Hilbert,pre_amplitude_trajectory,missing_block_6h,eligible,DRG,250625 to 250728::6A-T7_Raw.csv,6A-T7,True,target_segment_calibrated_absolute_nrmse,NRMSE,0.20078384634939397,0.21224904846011516,-0.015532156077224496,0.1361962239393985,0.13520355445726506,0.0030091850524457953,0.1914912906299613,0.1948442636275425,-0.004718126961387237,,,,0.05267236794487452,0.0364543746973881,0.01826547783031387,0.997725736611647,0.9975515471276574,-0.00015559661544900516,1.0,1.0,10
Hilbert,pre_amplitude_trajectory,missing_block_6h,eligible,DRG,250625 to 250728::6B-T5_Raw.csv,6B-T5,True,target_segment_calibrated_absolute_nrmse,NRMSE,0.14370569970496933,0.15466453999945584,-0.008679214339194968,0.12485317880980397,0.12942049113850004,-0.004567312328696074,0.11732929679052446,0.12535390137802116,-0.004075811920104727,,,,0.03604439783791947,0.030833658602746047,0.0035756583151224895,0.994054166902363,0.9945237653576968,0.0014542061792147676,1.0,1.0,10
Hilbert,pre_amplitude_trajectory,missing_block_6h,eligible,DRG,250625 to 250728::7C-L1_Raw.csv,7C-L1,True,target_segment_calibrated_absolute_nrmse,NRMSE,0.24578935577593192,0.24710006434357068,0.00042172188922309783,0.1382005152974367,0.1364609858525277,0.001473823045023942,0.1831046700102642,0.17867942722808922,-0.0002017178663589192,,,,0.006615724607798761,0.0020804849601023002,0.003534430873904997,0.9910421717147273,0.991271296256715,0.00017082652666294829,1.0,1.0,10
Hilbert,pre_amplitude_trajectory,missing_block_6h,eligible,DRG,250625 to 250728::7D-L2_Raw.csv,7D-L2,True,target_segment_calibrated_absolute_nrmse,NRMSE,0.36144452917487935,0.375519981954058,-0.004269757668556168,0.17341555012275028,0.17492579161150457,0.00019926637057493535,0.061662802039868625,0.06044236343886383,0.0007510312206722713,,,,0.03740393758810959,0.05191046122318265,-9.773517485517011e-05,0.9762528696200393,0.9758676429599367,-6.964635084616422e-05,1.0,1.0,10
Hilbert,pre_amplitude_trajectory,missing_block_6h,eligible,DRG,250625 to 250728::8C-L3m1_Raw.csv,8C-L3m1,True,target_segment_calibrated_absolute_nrmse,NRMSE,0.18977506645064848,0.1966872841433676,0.00020791572814952974,0.14659282143197386,0.14430265064266523,0.0031699131070961756,0.14452722206857155,0.14789684074645093,0.001548142273306824,,,,0.042197788171588715,0.0226816024268627,0.020198076055200104,0.9864156840554774,0.9864275295453251,8.885605469133306e-06,1.0,1.0,10
Hilbert,pre_amplitude_trajectory,missing_block_6h,eligible,DRG,250625 to 250728::8D-L4-1m1_Raw.csv,8D-L4-1m1,True,target_segment_calibrated_absolute_nrmse,NRMSE,0.19984346801404676,0.20929213563765536,-0.010036396976152995,0.14437488489583666,0.1454210028237216,-0.001749237011233043,0.16586452658225861,0.16962716458396168,-0.0042417649969588855,,,,0.022585533874646267,0.01817623165711165,0.003812300030908709,0.9876927898132951,0.9878157371666304,-0.00029813936496514426,1.0,1.0,10
Hilbert,pre_amplitude_trajectory,missing_block_6h,eligible,DRG,250811::2D-1FL2_Raw.csv,2D-1FL2,True,target_segment_calibrated_absolute_nrmse,NRMSE,0.18386973693719205,0.18902502111120015,-0.0023195695885772083,0.14470826944476833,0.1450218246679229,0.0013475449248487592,0.21441587788620037,0.2187201755454311,-0.00041128779263377435,,,,0.027869966249748114,0.02460265616365925,0.0024122021102900796,0.9912897617645912,0.99195750262262,0.0002639761220836201,1.0,1.0,10
Hilbert,pre_amplitude_trajectory,missing_block_6h,eligible,DRG,250811::3A-1FL4_Raw.csv,3A-1FL4,True,target_segment_calibrated_absolute_nrmse,NRMSE,0.11245819080129195,0.1084297770670572,0.0002941041023112115,0.10535672519072765,0.1043167819521699,0.0009120661050970105,0.08509959548174971,0.07978895569900275,0.0014287742304512213,,,,0.07138728176068872,0.053493751022764754,0.004169607006847046,0.18952718670891983,0.29277649388231103,-0.0012915591238912838,1.0,1.0,10
Hilbert,pre_amplitude_trajectory,missing_block_6h,eligible,DRG,250811::3D-1FT10_Raw.csv,3D-1FT10,True,target_segment_calibrated_absolute_nrmse,NRMSE,0.2423202134775128,0.26306889720750015,-0.007309104143050554,0.12984991870706997,0.12726076382194246,0.0009468529107236334,0.22402287101880594,0.22747149018981244,-0.0034598070605295073,,,,0.08726496873468978,0.0798476244433318,0.009145559728401927,0.9985833724160137,0.9985136445653323,-1.9049712030039245e-08,1.0,1.0,10
Hilbert,pre_amplitude_trajectory,missing_block_6h,eligible,DRG,250811::4A-2MT10_Raw.csv,4A-2MT10,True,target_segment_calibrated_absolute_nrmse,NRMSE,0.16949133478184436,0.1804516742849842,-0.0071938147055166934,0.13229397082869834,0.13383596325662578,-0.00028382077035733755,0.19603409737415778,0.1984597307369729,-0.0017091863623981407,,,,0.0391554935308537,0.033890258091453504,-0.0013065806932518707,0.9938598905639249,0.9941424441085843,0.0006552859609625927,1.0,1.0,10
Hilbert,pre_amplitude_trajectory,missing_block_6h,eligible,DRG,250811::4C-2MT5_Raw.csv,4C-2MT5,True,target_segment_calibrated_absolute_nrmse,NRMSE,0.4603364151178846,0.4586000133102356,-0.0013355206154704313,0.24248515951247906,0.23998544364682375,0.002154279934467637,0.12777119240386248,0.11053750214138747,0.00802993557071005,,,,0.22695545973921377,0.23021066143477686,-0.0018012307827848066,0.9493975166570048,0.9504562714955864,0.0008647105345564454,1.0,1.0,10
Hilbert,pre_amplitude_trajectory,missing_block_6h,eligible,DRG,250811::4D-1FL4_Raw.csv,4D-1FL4,True,target_segment_calibrated_absolute_nrmse,NRMSE,0.16623949843622376,0.16583245863837687,0.0004070397978468976,0.12451559101950191,0.1225269985078686,0.0016281279147675118,0.1651559318736267,0.16256114432115318,0.0019177283765700603,,,,0.04245661030411914,0.040769692155971204,0.0026662490681717416,0.9956692829230867,0.9963955509607749,0.0003537749755643804,1.0,1.0,10
Hilbert,pre_amplitude_trajectory,missing_block_6h,eligible,DRG,250811::5C-1FT7_Raw.csv,5C-1FT7,True,target_segment_calibrated_absolute_nrmse,NRMSE,0.18584594609123783,0.18845031025805575,-0.0028016534029475376,0.13493631344000143,0.1355873917897144,-0.0006567540740556876,0.18777040176063367,0.18829353079148817,-0.0011448016169331443,,,,0.030839755582204864,0.0289222229321678,0.0019175326500370654,0.989104691467924,0.9895791183046937,0.0002270717967274294,1.0,1.0,10
Hilbert,pre_amplitude_trajectory,missing_block_6h,eligible,DRG,250811::6A-1FL1_Raw.csv,6A-1FL1,True,target_segment_calibrated_absolute_nrmse,NRMSE,0.30583870369810995,0.3199497634931055,-0.006175788360494344,0.13672743476620952,0.13482815082962618,0.000509088709808328,0.0668079414550648,0.07677027523379742,-0.0037882277889979554,,,,0.019310881932634357,0.026502081364909252,-0.003002873304528102,0.9860236682600158,0.9864310686734168,0.0005154887723243795,1.0,1.0,10
Hilbert,pre_amplitude_trajectory,missing_block_6h,eligible,DRG,250811::6B-2ML3_Raw.csv,6B-2ML3,True,target_segment_calibrated_absolute_nrmse,NRMSE,0.17194018026239483,0.17896289698425205,-0.006263502814291777,0.12084675601341739,0.1217960944210496,-0.0008544796637211596,0.17994438627492282,0.18182458170485089,-0.001495163698235491,,,,0.0481038142481413,0.0459502849887394,-0.00020310107851525053,0.9969552414615375,0.9974972525092103,0.0007624102510683239,1.0,1.0,10
Hilbert,pre_amplitude_trajectory,missing_block_6h,eligible,DRG,250811::7D-2MT12_Raw.csv,7D-2MT12,True,target_segment_calibrated_absolute_nrmse,NRMSE,0.15611753974233766,0.1454115903301807,-0.0025101933053459646,0.1288252635825068,0.11068806952479646,-0.0008230064045771368,0.14772590704245375,0.12464491756975009,-0.00024951074568041465,,,,0.051343073664435836,0.04651614308798925,0.00529002666988267,0.9956801269945943,0.9962653461224242,0.0005006118230134193,1.0,1.0,10
Hilbert,pre_amplitude_trajectory,missing_block_6h,eligible,DRG,250811::8C-2ML4_Raw.csv,8C-2ML4,True,target_segment_calibrated_absolute_nrmse,NRMSE,0.21551964088230782,0.21609078383760374,-1.886897600723858e-05,0.16294338814842663,0.16058907305835202,0.0021344048624995088,0.23385756496835702,0.22640138704198004,0.0006848475051590697,,,,0.016927718820632265,0.0131422933548006,0.0033919768700732293,0.9846731913145312,0.9845977039066902,0.00010672891678936702,1.0,1.0,10
Hilbert,pre_amplitude_trajectory,missing_block_6h,eligible,DRG,250811::8D-2MT7_Raw.csv,8D-2MT7,True,target_segment_calibrated_absolute_nrmse,NRMSE,0.14058724622797641,0.13898189733972435,-0.00047314845387985693,0.1266863856548935,0.1206296945877322,0.003969542618807373,0.11878412535666272,0.11375091622019314,0.0028407401858930037,,,,0.05891084484878866,0.0456553598793962,0.006083506861745899,0.9924565127568673,0.992153644274688,0.00047539633651239033,1.0,1.0,10
Hilbert,pre_amplitude_trajectory,missing_block_6h,eligible,SCN,250625 to 250728::1C-SCN_Raw.csv,1C-SCN,True,target_segment_calibrated_absolute_nrmse,NRMSE,0.2088228231827104,0.20761380436590782,-0.0036533600341825817,0.12648287441915723,0.12489946105974785,0.0008790934159831759,0.1309366143133063,0.12688370354277936,0.0003259373027453272,,,,0.06948801776968162,0.053115397759771504,0.016240071885186225,0.9915000844158728,0.9914171843333948,-0.00015573447328603995,1.0,1.0,10
Hilbert,pre_amplitude_trajectory,missing_block_6h,eligible,SCN,250625 to 250728::6C-SCNmm1_Raw.csv,6C-SCNmm1,True,target_segment_calibrated_absolute_nrmse,NRMSE,0.19744557751300834,0.21443927840260518,-0.012804964504581809,0.13349088113351848,0.1368626396045453,-0.0033717584710268172,0.13384545046661195,0.13833508434603534,-0.004821249263669475,,,,0.05563556025707175,0.0508632691852912,0.004213052124388023,0.9902166245604686,0.9907289628336584,0.0008650372351300395,1.0,1.0,10
Hilbert,pre_amplitude_trajectory,missing_block_6h,eligible,SCN,250625 to 250728::7A-SCNmm2_Raw.csv,7A-SCNmm2,True,target_segment_calibrated_absolute_nrmse,NRMSE,0.2979573296949467,0.3015186554942018,-0.00017152380201329587,0.15384685153366134,0.15359164887308369,0.002153977213158173,0.19223853055157508,0.18945306218172026,0.002786554772409411,,,,0.08727081211973395,0.07831065540238666,0.006468280253596699,0.990672586753938,0.9905178794236318,7.048900401152025e-06,1.0,1.0,10
Hilbert,pre_amplitude_trajectory,missing_block_6h,eligible,SCN,250625 to 250728::7B-SCNcm2_Raw.csv,7B-SCNcm2,True,target_segment_calibrated_absolute_nrmse,NRMSE,0.20380704303447322,0.2087255057472282,-0.0051319981990436,0.13008884603822451,0.12676339317957158,0.0025475690256447706,0.12896981871173044,0.1281937631358183,-0.001498762082281696,,,,0.08171967953607955,0.07180431000092985,0.007773607946006948,0.9947394571251063,0.9949695186221076,0.00021749250071056991,1.0,1.0,10
Hilbert,pre_amplitude_trajectory,missing_block_6h,eligible,SCN,250728::6A-SCNrM1_Raw.csv,6A-SCNrM1,True,target_segment_calibrated_absolute_nrmse,NRMSE,0.20291771528849034,0.20375022060098136,-0.00027853894865467743,0.12384873992361714,0.12356823497500685,0.0008088269141361196,0.12546513153635092,0.12472278233842732,0.0004878487102734086,,,,0.06895755974647783,0.0660982471866028,0.0029159729290085465,0.9945481545686763,0.9946024496360678,3.9931946679061525e-05,1.0,1.0,10
Hilbert,pre_amplitude_trajectory,missing_block_6h,eligible,SCN,250728::6B-SCNrM2_Raw.csv,6B-SCNrM2,True,target_segment_calibrated_absolute_nrmse,NRMSE,0.26030927152354577,0.2715278155865871,-0.0042152766205995895,0.14570316484009022,0.1464673075402696,-3.0244199316992182e-05,0.1767723816947651,0.17956138613313963,-0.0008641963616506931,,,,0.07752660290025487,0.06840224016492186,0.008400743312385925,0.9907953446332481,0.9912385716452936,0.0004510684970476797,1.0,1.0,10
Hilbert,pre_amplitude_trajectory,missing_block_6h,eligible,SCN,250728::7A-SCNcM1_Raw.csv,7A-SCNcM1,True,target_segment_calibrated_absolute_nrmse,NRMSE,0.18699859037246513,0.19260205046559514,-0.004416252814391772,0.1174697736487276,0.11900985306537884,-0.0012867125636405949,0.10938777782122422,0.11263342152993322,-0.0017440222416354734,,,,0.054727000343473275,0.0533615096848092,0.0019125376156138817,0.9916392001036113,0.991709457999278,-3.04951629565009e-05,1.0,1.0,10
Hilbert,pre_amplitude_trajectory,missing_block_6h,eligible,SCN,250728::7B-SCNcM2_Raw.csv,7B-SCNcM2,True,target_segment_calibrated_absolute_nrmse,NRMSE,0.23248128146259545,0.24761963379693597,-0.013787300482473785,0.13471472126136513,0.13833911913670785,-0.0027926326105183197,0.15600890539588458,0.1604221368387642,-0.0028052438366216736,,,,0.06969024910225327,0.07552622567692824,-0.0025933882112558204,0.9934903090324929,0.993745291233747,0.00023999063112117858,1.0,1.0,10
Hilbert,pre_amplitude_trajectory,missing_block_6h,eligible,SCN,250811::1A-1FSCN_Raw.csv,1A-1FSCN,True,target_segment_calibrated_absolute_nrmse,NRMSE,0.22934409775629666,0.2317264718642168,-0.001187091298119336,0.13557748730163716,0.13492344303805237,-2.723517342882731e-05,0.16886414914229306,0.16543999302427634,-6.57966514933106e-05,,,,0.09905888005130586,0.0985291316929297,0.000959971666065193,0.9921943719047284,0.9923355746872828,0.00011034679986970941,1.0,1.0,10
Hilbert,pre_amplitude_trajectory,missing_block_6h,eligible,SCN,250811::1B-2MSCN_Raw.csv,1B-2MSCN,True,target_segment_calibrated_absolute_nrmse,NRMSE,0.195839653319626,0.199405329863828,-0.0018470058754165852,0.12870988503996686,0.1262183888541322,0.0020289531898975074,0.13798473554748483,0.13959143847931563,-0.0007816752550525718,,,,0.0948779302503198,0.08837928326439864,0.006284394616146355,0.9929533602898809,0.9927804787215458,-0.00014765534893229626,1.0,1.0,10
Hilbert,pre_amplitude_trajectory,missing_block_6h,eligible,SCN,250811::1C-3FSCN_Raw.csv,1C-3FSCN,True,target_segment_calibrated_absolute_nrmse,NRMSE,0.13847139360033656,0.1393212836920639,0.0007172202869804578,0.09744623746654675,0.09340412391846134,0.0028189803948531905,0.08775642663149541,0.08298440690312943,0.0026881814432743456,,,,0.08911816048685753,0.0840629221701852,0.0027191332292481676,0.9951201616752068,0.995360965781733,7.418030049310964e-05,1.0,1.0,10
Hilbert,pre_amplitude_trajectory,missing_block_6h,eligible,SCN,250811::1D-4FSCN_Raw.csv,1D-4FSCN,True,target_segment_calibrated_absolute_nrmse,NRMSE,0.16338231201858763,0.16204566129362713,0.0007798556752657282,0.11560956651950881,0.11169538359741005,0.003973671411116521,0.11597983336566528,0.11221243074641,0.0030025652016269777,,,,0.08769014070874814,0.0843477235324305,0.004006224630439099,0.9959580464587767,0.9963565878056806,0.0002498519151914458,1.0,1.0,10
Hilbert,pre_amplitude_trajectory,missing_block_6h,eligible,SCN,251003::2A- M1SCn_Raw.csv,2A- M1SCn,True,target_segment_calibrated_absolute_nrmse,NRMSE,0.16209831213706904,0.1622476618333962,-0.00027673495838631545,0.11057174969116515,0.10519023211484049,0.0037223658595361697,0.1046210061620946,0.0988412927653528,0.0005719565795337112,,,,0.0658078808861648,0.062451960587167954,0.003101370033459557,0.9980267231735456,0.9980744755811364,5.9959131481768235e-05,1.0,1.0,10
Hilbert,pre_amplitude_trajectory,missing_block_6h,eligible,SCN,251003::4B-M3SCN_Raw.csv,4B-M3SCN,True,target_segment_calibrated_absolute_nrmse,NRMSE,0.13769510285612976,0.14489255228128478,-0.008812382344400405,0.0975046066456896,0.09821724331309276,-0.0028030094838761427,0.08479407364172568,0.08680679101886526,-0.00290666153840749,,,,0.06081507778652624,0.05713315933966685,0.00487329128131489,0.9976424410131148,0.9978470998870802,0.00019388773952239147,1.0,1.0,10
Hilbert,pre_amplitude_trajectory,missing_block_6h,ineligible,DRG,250625 to 250728::5A-T10m1_Raw.csv,5A-T10m1,True,target_segment_calibrated_absolute_nrmse,NRMSE,0.26188678923085285,0.260002183661168,0.0014588330808340821,0.16923012642241275,0.16403828967123607,0.00409283372292131,0.17126424770553,0.16242527519669264,0.001825880801955615,,,,0.01164555092868923,0.01759647338167565,-0.008440060915699519,0.9809917932662672,0.9817885954104146,0.0007968021441475126,1.0,1.0,10
Hilbert,pre_amplitude_trajectory,transient_artifact,difficult,DRG,250625 to 250728::1D-L2m2_Raw.csv,1D-L2m2,True,target_segment_calibrated_absolute_nrmse,NRMSE,0.5250013458718643,0.5351818184513053,-0.0159357779095608,0.1629677352900999,0.1812258257043875,-0.010937492067278162,0.10901063933865957,0.12154477222770027,0.013117796152238959,,,,0.09506925140918887,0.07903056211298926,-2.542750216864495e-05,0.9862794613374979,0.983350848547488,-0.00055887563641005,1.0,1.0,10
Hilbert,pre_amplitude_trajectory,transient_artifact,difficult,DRG,250625 to 250728::4B-T12m2_Raw.csv,4B-T12m2,True,target_segment_calibrated_absolute_nrmse,NRMSE,0.2782510970171941,0.2694938583640974,0.006264216474281825,0.1577316733544895,0.15117451751162508,0.004843857592963768,0.19485285407232739,0.19058660405728345,0.0011308966728060255,,,,0.08344432018042601,0.0523704895870758,0.027401811597640855,0.9955532844557882,0.9953760844172712,-0.00019764279167311383,1.0,1.0,10
Hilbert,pre_amplitude_trajectory,transient_artifact,difficult,DRG,250625 to 250728::8A-L3_Raw.csv,8A-L3,True,target_segment_calibrated_absolute_nrmse,NRMSE,0.42797353173414565,0.42888785300820653,-0.011283928896977963,0.16626185400294638,0.1744891434061012,-0.0028297719129065924,0.04834243059429727,0.02841022281803307,-0.002640748115569802,,,,0.048365767978030105,0.02697015133353885,0.017242396222463666,0.9802818184166889,0.9786628646740562,-0.0014061711396792242,1.0,1.0,10
Hilbert,pre_amplitude_trajectory,transient_artifact,difficult,DRG,250625 to 250728::8B-L2m1_Raw.csv,8B-L2m1,True,target_segment_calibrated_absolute_nrmse,NRMSE,1.1464930694929985,1.15622767311126,-0.0020333007504726996,0.3065313810029333,0.29702716678909885,0.0010081066614730516,0.800112733804954,0.8140750607427003,0.00131664183087421,,,,0.9708621731579623,0.9938708959976141,-0.005704411455949299,0.9825389331466057,0.983010171286065,0.00018429523818613847,1.0,1.0,10
Hilbert,pre_amplitude_trajectory,transient_artifact,difficult,DRG,250811::2C-2ML1_Raw.csv,2C-2ML1,True,target_segment_calibrated_absolute_nrmse,NRMSE,0.6468845339145513,0.6720825022354491,-0.00018929446100762748,0.3838900216686727,0.37130830554293615,0.0074518777164013505,0.28640739582445784,0.26784142030792923,0.0034770021224615755,,,,0.4876071653383942,0.5235845398994834,-0.0018544263517691895,0.8158773714949245,0.8320432651633136,0.01086131184872835,1.0,1.0,10
Hilbert,pre_amplitude_trajectory,transient_artifact,difficult,DRG,250811::5A-2ML2_Raw.csv,5A-2ML2,True,target_segment_calibrated_absolute_nrmse,NRMSE,0.5126657458403078,0.4905332958027744,0.0027913962708239204,0.2580792627830075,0.24850348075163342,-0.0024953271670945243,0.10085712613922423,0.1043260805079902,-0.00473132368804105,,,,0.24946012841623968,0.20649991207590668,0.00404496155283907,0.9196764970443765,0.9161838241559463,-0.0016720876738104962,1.0,1.0,10
Hilbert,pre_amplitude_trajectory,transient_artifact,difficult,DRG,250811::7C-1FT12_Raw.csv,7C-1FT12,True,target_segment_calibrated_absolute_nrmse,NRMSE,0.38813995639158516,0.40743197925964036,-0.00921389301439407,0.14592937553457463,0.14051588313819746,0.009350223328049814,0.04845097507140389,0.027736961246035585,-5.995879828285533e-05,,,,0.11102073172286533,0.0051656481108373,0.10431230756273818,0.9870462963881159,0.9882595869678932,0.0012745395379537006,1.0,1.0,10
Hilbert,pre_amplitude_trajectory,transient_artifact,difficult,DRG,250811::8A-1FT5_Raw.csv,8A-1FT5,True,target_segment_calibrated_absolute_nrmse,NRMSE,0.221665759350057,0.1992414133743273,-0.0008762329691160142,0.20684213637361587,0.19283840743891345,-0.0024963323896098483,0.18347275163397217,0.1799426341046102,-0.008413083693818213,,,,0.022487864312960383,0.0227066131035157,0.008305507620238739,0.9091823070786911,0.9482319427206887,0.022022905137029702,1.0,1.0,10
Hilbert,pre_amplitude_trajectory,transient_artifact,difficult,DRG,251003::2B- 1MT7_Raw.csv,2B- 1MT7,True,target_segment_calibrated_absolute_nrmse,NRMSE,0.10881646741617103,0.0863160836996685,0.022797619456308857,0.07886787356150686,0.07972881972528756,0.0025022695754513477,0.05331722877397228,0.0511358101136985,0.0028007514588033328,,,,0.037383550617567984,0.02494562711543845,0.00517698194050957,0.3043780378833858,0.8177600469821842,0.3186267818459018,1.0,1.0,10
Hilbert,pre_amplitude_trajectory,transient_artifact,difficult,DRG,251003::2C- M1L1_Raw.csv,2C- M1L1,True,target_segment_calibrated_absolute_nrmse,NRMSE,0.23227242143786803,0.23919657914431808,0.005222242054972501,0.21925420049550143,0.22657888748214366,-0.0036563971910811566,0.12682448591096904,0.159753748317187,-0.008275802804151203,,,,0.03727970789793194,0.0395851177527512,-0.0007071395937212031,-0.5930705210126577,-0.6727395076913293,0.013992620874953177,1.0,1.0,10
Hilbert,pre_amplitude_trajectory,transient_artifact,difficult,DRG,251003::2D- M1L4_Raw.csv,2D- M1L4,True,target_segment_calibrated_absolute_nrmse,NRMSE,1.469829507824125,1.4542248529708013,0.008917472470421295,0.36013129903569113,0.36410815759524695,0.00016400858932499873,0.838009825348654,0.8388520429216282,-0.0016353900253461284,,,,1.2333534533587764,1.2343375319044942,0.0032926760204035066,0.9744727383370444,0.9758003896492407,0.00018702888731958467,1.0,1.0,10
Hilbert,pre_amplitude_trajectory,transient_artifact,eligible,DRG,250625 to 250728::1B-L1m2_Raw.csv,1B-L1m2,True,target_segment_calibrated_absolute_nrmse,NRMSE,0.18243172289901222,0.1530255630733057,0.017312870979853123,0.11308864993066511,0.10695872454147845,0.002983672408755439,0.1285271955725624,0.12184399013300054,0.00037087741565253185,,,,0.03521671478221103,0.0330449217923882,0.003345051455205755,0.996561891745212,0.9976960176439644,0.0008075117344617522,1.0,1.0,10
Hilbert,pre_amplitude_trajectory,transient_artifact,eligible,DRG,250625 to 250728::2C-L3m2_Raw.csv,2C-L3m2,True,target_segment_calibrated_absolute_nrmse,NRMSE,0.2072122080711801,0.184159760021182,0.018430780305975822,0.13784141141059378,0.1392437053649344,-2.363628798261741e-05,0.17797624091667602,0.1750306751720172,-0.0002754413485316076,,,,0.04409146721146662,0.0105864377266137,0.03635564379224932,0.9934231388243857,0.9920534176194931,-0.0013035811143641829,1.0,1.0,10
Hilbert,pre_amplitude_trajectory,transient_artifact,eligible,DRG,250625 to 250728::3A-L5m2_Raw.csv,3A-L5m2,True,target_segment_calibrated_absolute_nrmse,NRMSE,0.1697020322946362,0.11120555291601834,0.05563722245684525,0.08973214206619043,0.08098781807863405,0.008350326159850638,0.0707663201228645,0.07023446753353123,0.007587494157795499,,,,0.03699753667352765,0.041092095442371704,-0.0032184782483073646,0.9906558380328825,0.9983422213717377,0.0074944039788903405,1.0,1.0,10
Hilbert,pre_amplitude_trajectory,transient_artifact,eligible,DRG,250625 to 250728::3B-T10m2_Raw.csv,3B-T10m2,True,target_segment_calibrated_absolute_nrmse,NRMSE,0.2640107666620828,0.25984201287487996,0.0038948734225570936,0.17147295589487555,0.1657498100603412,0.0045275347287339895,0.19904986836554497,0.19638551462076456,0.002338405365203411,,,,0.04653398802339278,0.0224882552560176,0.02485850489054253,0.9841134939136786,0.985420475080619,0.0008437677292503776,1.0,1.0,10
Hilbert,pre_amplitude_trajectory,transient_artifact,eligible,DRG,250625 to 250728::4C-T5m1_Raw.csv,4C-T5m1,True,target_segment_calibrated_absolute_nrmse,NRMSE,0.2349649652862395,0.18149705809902617,0.05372344100442346,0.13873854456568346,0.13106552076707925,0.008265843551038016,0.1814816056605286,0.16741871258691832,0.012120534072473876,,,,0.05907507838900995,0.0307274987038012,0.027311379653718004,0.9946145966749214,0.9972959480355497,0.002537320677333088,1.0,1.0,10
Hilbert,pre_amplitude_trajectory,transient_artifact,eligible,DRG,250625 to 250728::4D-T7m1_Raw.csv,4D-T7m1,True,target_segment_calibrated_absolute_nrmse,NRMSE,0.2595835234174062,0.25280786444495906,-8.93752375096396e-05,0.1707367327071797,0.165184351914387,0.005220224122844355,0.16788991411215498,0.19573984237741865,-0.01705163549433819,,,,0.03370234751554757,0.0144220158177795,0.01992289975772272,0.9838693547007686,0.9845005373176199,0.000916717237751552,1.0,1.0,10
Hilbert,pre_amplitude_trajectory,transient_artifact,eligible,DRG,250625 to 250728::5B-T12m2_Raw.csv,5B-T12m2,True,target_segment_calibrated_absolute_nrmse,NRMSE,0.09544845898714725,0.0735774448684674,0.01706479253403005,0.07702635444753184,0.0544816319358609,0.018931212153433102,0.05197352385509704,0.04105237552099495,0.005875279043186882,,,,0.03858069391345555,0.035274123698498555,0.002659403168010291,0.9484765065194984,0.9858177744713523,0.011676631904471935,1.0,1.0,10
Hilbert,pre_amplitude_trajectory,transient_artifact,eligible,DRG,250625 to 250728::5C-T12_Raw.csv,5C-T12,True,target_segment_calibrated_absolute_nrmse,NRMSE,0.6565194927449878,0.6578851432903345,-0.014962141906995408,0.2285143722765055,0.22441067370894255,0.0012472791356922391,0.41473108321866115,0.41888068217147495,-0.00043559444881718923,,,,0.3356508415261109,0.35370750198097045,-0.00589284066627252,0.9809183610586779,0.9814533088927826,0.0003358822589303867,1.0,1.0,10
Hilbert,pre_amplitude_trajectory,transient_artifact,eligible,DRG,250625 to 250728::5D-T10_Raw.csv,5D-T10,True,target_segment_calibrated_absolute_nrmse,NRMSE,0.20644810130790023,0.1977180889340599,0.005408595250466719,0.13372616422679443,0.13404218234234921,0.00035888474182288466,0.17067449380600577,0.1742672144092969,-0.0007875777829444708,,,,0.0617761237750999,0.04938927096038255,0.012791274404040657,0.9969647946312161,0.9982749235377009,0.0011486719212455698,1.0,1.0,10
Hilbert,pre_amplitude_trajectory,transient_artifact,eligible,DRG,250625 to 250728::6A-T7_Raw.csv,6A-T7,True,target_segment_calibrated_absolute_nrmse,NRMSE,0.2172251495881526,0.21224904846011516,0.0015436305703755565,0.12865405169144795,0.13520355445726506,-0.003947634192112817,0.19128381021308366,0.1948442636275425,1.4219930190517704e-05,,,,0.05077601938056184,0.0364543746973881,0.012866609545100587,0.9973100905856461,0.9975515471276574,0.0003602033054598275,1.0,1.0,10
Hilbert,pre_amplitude_trajectory,transient_artifact,eligible,DRG,250625 to 250728::6B-T5_Raw.csv,6B-T5,True,target_segment_calibrated_absolute_nrmse,NRMSE,0.16603428876792048,0.15466453999945584,0.011756928172908979,0.1283821426163378,0.12942049113850004,0.0010389143476459833,0.11805645585906217,0.12535390137802116,-2.5924327718140905e-05,,,,0.043013308799546006,0.030833658602746047,0.006759101450258792,0.9923764864225886,0.9945237653576968,0.001521687692315421,1.0,1.0,10
Hilbert,pre_amplitude_trajectory,transient_artifact,eligible,DRG,250625 to 250728::7C-L1_Raw.csv,7C-L1,True,target_segment_calibrated_absolute_nrmse,NRMSE,0.23970664777487122,0.24710006434357068,-0.0026858982511825807,0.1305241537778969,0.1364609858525277,-0.0065869754340949355,0.15716215374515158,0.17867942722808922,-0.017139846201406017,,,,0.014675126388754562,0.0020804849601023002,0.013194023085849313,0.9900399026281984,0.991271296256715,0.0009455131438823594,1.0,1.0,10
Hilbert,pre_amplitude_trajectory,transient_artifact,eligible,DRG,250625 to 250728::7D-L2_Raw.csv,7D-L2,True,target_segment_calibrated_absolute_nrmse,NRMSE,0.3527085097142614,0.375519981954058,0.003362899813595055,0.18890731157091273,0.17492579161150457,0.005531968607690493,0.0721432976753551,0.06044236343886383,0.004635712720118923,,,,0.045481573904280134,0.05191046122318265,-0.0055884890878975324,0.9731450020384089,0.9758676429599367,0.0015465207342794662,1.0,1.0,10
Hilbert,pre_amplitude_trajectory,transient_artifact,eligible,DRG,250625 to 250728::8C-L3m1_Raw.csv,8C-L3m1,True,target_segment_calibrated_absolute_nrmse,NRMSE,0.2041535465136129,0.1966872841433676,0.002094467082481233,0.145671844502806,0.14430265064266523,-0.0015266433213929759,0.1492078549479627,0.14789684074645093,-0.0019707030230653177,,,,0.05530392849822009,0.0226816024268627,0.03219811168468209,0.9816380232151425,0.9864275295453251,0.0048973627216861715,1.0,1.0,10
Hilbert,pre_amplitude_trajectory,transient_artifact,eligible,DRG,250625 to 250728::8D-L4-1m1_Raw.csv,8D-L4-1m1,True,target_segment_calibrated_absolute_nrmse,NRMSE,0.23457220436882065,0.20929213563765536,0.025724124455249853,0.14416233639501932,0.1454210028237216,-0.002515784445528371,0.17199910939682425,0.16962716458396168,-0.0016807607711863404,,,,0.10342870145406473,0.01817623165711165,0.08485932918818104,0.9808226163762264,0.9878157371666304,0.00666712019717941,1.0,1.0,10
Hilbert,pre_amplitude_trajectory,transient_artifact,eligible,DRG,250811::2D-1FL2_Raw.csv,2D-1FL2,True,target_segment_calibrated_absolute_nrmse,NRMSE,0.18279464889698066,0.18902502111120015,-0.003951565857327213,0.14331077639558457,0.1450218246679229,2.6702372282721987e-05,0.18989812141063267,0.2187201755454311,-0.008303693425815772,,,,0.045669472063440714,0.02460265616365925,0.020276726548495966,0.9932527102897297,0.99195750262262,-0.0014912260795805765,1.0,1.0,10
Hilbert,pre_amplitude_trajectory,transient_artifact,eligible,DRG,250811::3A-1FL4_Raw.csv,3A-1FL4,True,target_segment_calibrated_absolute_nrmse,NRMSE,0.1009464927565657,0.1084297770670572,0.0007866756343694534,0.09460496299853649,0.1043167819521699,-0.002091981286628228,0.06380937919354929,0.07978895569900275,-0.011080788371924041,,,,0.06303562188409537,0.053493751022764754,-0.0033701395232608004,0.7382403651393974,0.29277649388231103,-0.10837452319491699,1.0,1.0,10
Hilbert,pre_amplitude_trajectory,transient_artifact,eligible,DRG,250811::3D-1FT10_Raw.csv,3D-1FT10,True,target_segment_calibrated_absolute_nrmse,NRMSE,0.2689632630048108,0.26306889720750015,0.00501392990807395,0.12376112129104977,0.12726076382194246,-0.0033271900557812414,0.21805040065420306,0.22747149018981244,0.003559145981750944,,,,0.0832136945013161,0.0798476244433318,0.004926668433692813,0.9978271597850255,0.9985136445653323,0.00040706109857535644,1.0,1.0,10
Hilbert,pre_amplitude_trajectory,transient_artifact,eligible,DRG,250811::4A-2MT10_Raw.csv,4A-2MT10,True,target_segment_calibrated_absolute_nrmse,NRMSE,0.2194996822985848,0.1804516742849842,0.03960861538589608,0.14891828217236047,0.13383596325662578,0.013676186287397321,0.21703213309399966,0.1984597307369729,0.01224749704430017,,,,0.07618109547658544,0.033890258091453504,0.04217771328479074,0.988541072537055,0.9941424441085843,0.005724461840069361,1.0,1.0,10
Hilbert,pre_amplitude_trajectory,transient_artifact,eligible,DRG,250811::4C-2MT5_Raw.csv,4C-2MT5,True,target_segment_calibrated_absolute_nrmse,NRMSE,0.4521025867524463,0.4586000133102356,0.0006669129832602427,0.2414745898897084,0.23998544364682375,0.0037484658113774855,0.11328538451524706,0.11053750214138747,0.003590897928755943,,,,0.22560039703960977,0.23021066143477686,-0.011625286765441684,0.949882665624767,0.9504562714955864,0.0005736058708195046,1.0,1.0,10
Hilbert,pre_amplitude_trajectory,transient_artifact,eligible,DRG,250811::4D-1FL4_Raw.csv,4D-1FL4,True,target_segment_calibrated_absolute_nrmse,NRMSE,0.18946583021213104,0.16583245863837687,0.02134472836413988,0.12509273108711363,0.1225269985078686,0.0028494843090517974,0.15473794800752566,0.16256114432115318,-0.008583754780619152,,,,0.04114944437262811,0.040769692155971204,0.0023528484590801604,0.9928302830172606,0.9963955509607749,0.0033277440314809503,1.0,1.0,10
Hilbert,pre_amplitude_trajectory,transient_artifact,eligible,DRG,250811::5C-1FT7_Raw.csv,5C-1FT7,True,target_segment_calibrated_absolute_nrmse,NRMSE,0.19825206551133354,0.18845031025805575,0.009327232369731875,0.14053476212781513,0.1355873917897144,0.006863797364575264,0.19442786444265678,0.18829353079148817,0.004021711522184224,,,,0.037801267490031876,0.0289222229321678,0.009700864213061128,0.9915207400663069,0.9895791183046937,-0.002272560131066248,1.0,1.0,10
Hilbert,pre_amplitude_trajectory,transient_artifact,eligible,DRG,250811::6A-1FL1_Raw.csv,6A-1FL1,True,target_segment_calibrated_absolute_nrmse,NRMSE,0.3177856205432046,0.3199497634931055,0.0085457840150783,0.13885301933115304,0.13482815082962618,0.003247947396282397,0.12006207313162648,0.07677027523379742,0.001399362796855541,,,,0.05360903615463672,0.026502081364909252,0.032057288240975965,0.9852025808502101,0.9864310686734168,0.00030470314577363267,1.0,1.0,10
Hilbert,pre_amplitude_trajectory,transient_artifact,eligible,DRG,250811::6B-2ML3_Raw.csv,6B-2ML3,True,target_segment_calibrated_absolute_nrmse,NRMSE,0.21399894117059873,0.17896289698425205,0.02223966425765693,0.12438496394796594,0.1217960944210496,0.00012513535927310276,0.1947157329823541,0.18182458170485089,0.00408903749812678,,,,0.051967464898795696,0.0459502849887394,0.0028174255112504536,0.9966609009274268,0.9974972525092103,0.0009767192778081801,1.0,1.0,10
Hilbert,pre_amplitude_trajectory,transient_artifact,eligible,DRG,250811::7D-2MT12_Raw.csv,7D-2MT12,True,target_segment_calibrated_absolute_nrmse,NRMSE,0.16034747729986903,0.1454115903301807,0.0052532887172255655,0.12124678487755623,0.11068806952479646,0.0018208442960120433,0.12986799822103356,0.12464491756975009,-0.00013819677623660986,,,,0.05249188031082863,0.04651614308798925,0.007962214887816035,0.9937294165045563,0.9962653461224242,0.0018798215380940175,1.0,1.0,10
Hilbert,pre_amplitude_trajectory,transient_artifact,eligible,DRG,250811::8C-2ML4_Raw.csv,8C-2ML4,True,target_segment_calibrated_absolute_nrmse,NRMSE,0.24493481299534742,0.21609078383760374,0.022877279966857234,0.17622274708796223,0.16058907305835202,0.016697071320420406,0.23967096029696375,0.22640138704198004,0.00940805785278237,,,,0.11640444752489197,0.0131422933548006,0.10364012369760123,0.9829509019730391,0.9845977039066902,0.0016669895216711028,1.0,1.0,10
Hilbert,pre_amplitude_trajectory,transient_artifact,eligible,DRG,250811::8D-2MT7_Raw.csv,8D-2MT7,True,target_segment_calibrated_absolute_nrmse,NRMSE,0.13086115465237486,0.13898189733972435,0.009232306322928062,0.11647559349360417,0.1206296945877322,0.0023799307704523015,0.10491065028718011,0.11375091622019314,0.0009138469355820245,,,,0.07485654600179745,0.0456553598793962,0.03134255496277969,0.9916177947566096,0.992153644274688,0.0015247979259931932,1.0,1.0,10
Hilbert,pre_amplitude_trajectory,transient_artifact,eligible,SCN,250625 to 250728::1C-SCN_Raw.csv,1C-SCN,True,target_segment_calibrated_absolute_nrmse,NRMSE,0.21269279559064624,0.20761380436590782,0.006614661073925235,0.12104778282852846,0.12489946105974785,-0.005706339997216557,0.12104323211773743,0.12688370354277936,-0.010122171584584089,,,,0.06973064790348955,0.053115397759771504,0.014826471204179351,0.9892833575428449,0.9914171843333948,0.002134073981872875,1.0,1.0,10
Hilbert,pre_amplitude_trajectory,transient_artifact,eligible,SCN,250625 to 250728::6C-SCNmm1_Raw.csv,6C-SCNmm1,True,target_segment_calibrated_absolute_nrmse,NRMSE,0.24260267721301826,0.21443927840260518,0.024460256322331772,0.14928613259870455,0.1368626396045453,0.011400165254022779,0.152696697794267,0.13833508434603534,0.008841972959016953,,,,0.06315232962238358,0.0508632691852912,0.008826763510348484,0.9890647517289306,0.9907289628336584,0.001664211104727864,1.0,1.0,10
Hilbert,pre_amplitude_trajectory,transient_artifact,eligible,SCN,250625 to 250728::7A-SCNmm2_Raw.csv,7A-SCNmm2,True,target_segment_calibrated_absolute_nrmse,NRMSE,0.2892101232686105,0.3015186554942018,-0.0002715269558591915,0.15599555728342535,0.15359164887308369,0.0031503802504219275,0.18132468347758346,0.18945306218172026,-0.005007326148003921,,,,0.09138233507638047,0.07831065540238666,0.01419803861500453,0.9880348256436724,0.9905178794236318,0.0024574841610019993,1.0,1.0,10
Hilbert,pre_amplitude_trajectory,transient_artifact,eligible,SCN,250625 to 250728::7B-SCNcm2_Raw.csv,7B-SCNcm2,True,target_segment_calibrated_absolute_nrmse,NRMSE,0.2372807495639177,0.2087255057472282,0.022729463675748462,0.13929864305634504,0.12676339317957158,0.009111028330840737,0.13530125034438623,0.1281937631358183,0.004686013504194564,,,,0.08910572995386959,0.07180431000092985,0.012664287424488434,0.9947442096829056,0.9949695186221076,0.0002127399429111554,1.0,1.0,10
Hilbert,pre_amplitude_trajectory,transient_artifact,eligible,SCN,250728::6A-SCNrM1_Raw.csv,6A-SCNrM1,True,target_segment_calibrated_absolute_nrmse,NRMSE,0.23289987960445824,0.20375022060098136,0.032786878949723264,0.1272418385743,0.12356823497500685,0.004464622153184744,0.1305362983084484,0.12472278233842732,0.0058448226221836375,,,,0.07994215137860122,0.0660982471866028,0.014673387936556266,0.9918347331970943,0.9946024496360678,0.0027731047835959366,1.0,1.0,10
Hilbert,pre_amplitude_trajectory,transient_artifact,eligible,SCN,250728::6B-SCNrM2_Raw.csv,6B-SCNrM2,True,target_segment_calibrated_absolute_nrmse,NRMSE,0.2641162350435493,0.2715278155865871,-0.005869156727365599,0.11770611245600973,0.1464673075402696,-0.028623563590064974,0.08460007575765585,0.17956138613313963,-0.08708661925605352,,,,0.07748918707924275,0.06840224016492186,0.009246505301581755,0.9909914580239065,0.9912385716452936,0.0003644257955652819,1.0,1.0,10
Hilbert,pre_amplitude_trajectory,transient_artifact,eligible,SCN,250728::7A-SCNcM1_Raw.csv,7A-SCNcM1,True,target_segment_calibrated_absolute_nrmse,NRMSE,0.19607118050854186,0.19260205046559514,0.00355635813885026,0.12620695750685554,0.11900985306537884,0.008097728600478547,0.11843027928781064,0.11263342152993322,0.005951606409766719,,,,0.06323329774032604,0.0533615096848092,0.009317721429774554,0.9909433010194839,0.991709457999278,0.0007701156367278528,1.0,1.0,10
Hilbert,pre_amplitude_trajectory,transient_artifact,eligible,SCN,250728::7B-SCNcM2_Raw.csv,7B-SCNcM2,True,target_segment_calibrated_absolute_nrmse,NRMSE,0.2588093982727726,0.24761963379693597,0.011449188025609958,0.14300496452810563,0.13833911913670785,0.005191911944287225,0.17032360859242812,0.1604221368387642,0.005572827018067994,,,,0.080657460855634,0.07552622567692824,0.007925254851520756,0.9932613393329128,0.993745291233747,0.0004464411736911922,1.0,1.0,10
Hilbert,pre_amplitude_trajectory,transient_artifact,eligible,SCN,250811::1A-1FSCN_Raw.csv,1A-1FSCN,True,target_segment_calibrated_absolute_nrmse,NRMSE,0.24160123290664554,0.2317264718642168,0.01384988014716497,0.1296438170915638,0.13492344303805237,-0.0037220085093019883,0.1544327230263651,0.16543999302427634,-0.006726266302180761,,,,0.09610719599787348,0.0985291316929297,-0.001862764365003912,0.9896048982745735,0.9923355746872828,0.0027393877409108147,1.0,1.0,10
Hilbert,pre_amplitude_trajectory,transient_artifact,eligible,SCN,250811::1B-2MSCN_Raw.csv,1B-2MSCN,True,target_segment_calibrated_absolute_nrmse,NRMSE,0.21253202346720723,0.199405329863828,0.012360937345496079,0.13601390597905766,0.1262183888541322,0.008971889575923764,0.1474181701004468,0.13959143847931563,0.006717340031771546,,,,0.1038109657489456,0.08837928326439864,0.015683791452409106,0.9920670408924723,0.9927804787215458,0.000781077435219546,1.0,1.0,10
Hilbert,pre_amplitude_trajectory,transient_artifact,eligible,SCN,250811::1C-3FSCN_Raw.csv,1C-3FSCN,True,target_segment_calibrated_absolute_nrmse,NRMSE,0.15866890160925312,0.1393212836920639,0.01721953049531451,0.10457522871515361,0.09340412391846134,0.011223562006130415,0.08564406749792806,0.08298440690312943,0.003356604704712468,,,,0.08230512439202685,0.0840629221701852,0.00019899846866384963,0.988975956071506,0.995360965781733,0.006465665851129787,1.0,1.0,10
Hilbert,pre_amplitude_trajectory,transient_artifact,eligible,SCN,250811::1D-4FSCN_Raw.csv,1D-4FSCN,True,target_segment_calibrated_absolute_nrmse,NRMSE,0.19259717035369245,0.16204566129362713,0.03304501615549078,0.12794723104369016,0.11169538359741005,0.01476926186321885,0.12335630559454037,0.11221243074641,0.013243257158983723,,,,0.10145883604565265,0.0843477235324305,0.018590436111740098,0.9914892703678664,0.9963565878056806,0.004823412855149589,1.0,1.0,10
Hilbert,pre_amplitude_trajectory,transient_artifact,eligible,SCN,251003::2A- M1SCn_Raw.csv,2A- M1SCn,True,target_segment_calibrated_absolute_nrmse,NRMSE,0.17506095740209116,0.1622476618333962,0.012102622309058675,0.11835498376393067,0.10519023211484049,0.011412913363853222,0.11180072495705512,0.0988412927653528,0.009026230518090567,,,,0.06305631003344286,0.062451960587167954,-0.001440955617876133,0.9969793352910563,0.9980744755811364,0.0010951573864026454,1.0,1.0,10
Hilbert,pre_amplitude_trajectory,transient_artifact,eligible,SCN,251003::4B-M3SCN_Raw.csv,4B-M3SCN,True,target_segment_calibrated_absolute_nrmse,NRMSE,0.15480432488643744,0.14489255228128478,0.010006390080180172,0.09930088621066652,0.09821724331309276,-0.0010451496789371864,0.09031237020703539,0.08680679101886526,0.002019985658183454,,,,0.05578703178962317,0.05713315933966685,-0.0019636823140914764,0.9966575523946329,0.9978470998870802,0.0012603454232269495,1.0,1.0,10
Hilbert,pre_amplitude_trajectory,transient_artifact,ineligible,DRG,250625 to 250728::5A-T10m1_Raw.csv,5A-T10m1,True,target_segment_calibrated_absolute_nrmse,NRMSE,0.2780009194698018,0.260002183661168,-0.006900898904176889,0.1699865831684087,0.16403828967123607,-0.0006967137795534373,0.10318247242862275,0.16242527519669264,-0.008719283383585796,,,,0.02499051710582658,0.01759647338167565,0.007553229999232755,0.9765343901926202,0.9817885954104146,0.0039566221188793715,1.0,1.0,10
Hilbert,pre_period_hours,gaussian_noise,difficult,DRG,250625 to 250728::1D-L2m2_Raw.csv,1D-L2m2,True,absolute_error_hours,hours,0.23754057421384545,0.24090115771729437,0.006255679824525018,,,,,,,,,,0.25163788775839735,0.25813800479152316,-0.001923828505173475,,,,1.0,1.0,10
Hilbert,pre_period_hours,gaussian_noise,difficult,DRG,250625 to 250728::4B-T12m2_Raw.csv,4B-T12m2,True,absolute_error_hours,hours,0.09731277211202283,0.09639211260162739,0.002546196443073967,,,,,,,,,,0.16580564115760332,0.16696086122550569,0.0016984726878414291,,,,1.0,1.0,10
Hilbert,pre_period_hours,gaussian_noise,difficult,DRG,250625 to 250728::5C-T12_Raw.csv,5C-T12,True,absolute_error_hours,hours,0.2181872453687852,0.21976760659282313,-0.005271359967897737,,,,,,,,,,0.23273033549886202,0.2280892735514345,0.003530541141892815,,,,1.0,1.0,10
Hilbert,pre_period_hours,gaussian_noise,difficult,DRG,250625 to 250728::8A-L3_Raw.csv,8A-L3,True,absolute_error_hours,hours,0.26461315318429257,0.2558939198962946,0.009919634603750893,,,,,,,,,,0.27206405679782586,0.27709003532690213,0.0018895878946676992,,,,1.0,1.0,10
Hilbert,pre_period_hours,gaussian_noise,difficult,DRG,250811::2C-2ML1_Raw.csv,2C-2ML1,True,absolute_error_hours,hours,0.2514052827004658,0.2587191967582321,0.011865953412380392,,,,,,,,,,0.284651053862246,0.2872522818145654,0.0004583513970863179,,,,1.0,1.0,10
Hilbert,pre_period_hours,gaussian_noise,difficult,DRG,250811::5A-2ML2_Raw.csv,5A-2ML2,True,absolute_error_hours,hours,0.21383623917950345,0.23657482800766516,-0.0067493937463911635,,,,,,,,,,0.31790458628684304,0.32064376739401657,0.0007325985756136966,,,,1.0,1.0,10
Hilbert,pre_period_hours,gaussian_noise,difficult,DRG,250811::7C-1FT12_Raw.csv,7C-1FT12,True,absolute_error_hours,hours,0.08521512842778023,0.08472959981130757,0.000373203331573535,,,,,,,,,,0.04450853235277559,0.043545227493990146,-0.0021087350743734037,,,,1.0,1.0,10
Hilbert,pre_period_hours,gaussian_noise,difficult,DRG,250811::8A-1FT5_Raw.csv,8A-1FT5,True,absolute_error_hours,hours,0.028464549948324702,0.014938602668912893,0.010527341549522617,,,,,,,,,,0.04110537654329313,0.042196430869804596,-0.0010910543265114647,,,,1.0,1.0,10
Hilbert,pre_period_hours,gaussian_noise,difficult,DRG,251003::2C- M1L1_Raw.csv,2C- M1L1,True,absolute_error_hours,hours,0.0691263942029181,0.07261186368570804,0.0007396052255366214,,,,,,,,,,0.011430592629641776,0.010595204030026,0.0014261772685086886,,,,1.0,1.0,10
Hilbert,pre_period_hours,gaussian_noise,difficult,DRG,251003::2D- M1L4_Raw.csv,2D- M1L4,True,absolute_error_hours,hours,0.26099265848740494,0.23857893633215355,0.022413722155251392,,,,,,,,,,0.2643064340061162,0.2627877157488891,0.002467785804738859,,,,1.0,1.0,10
Hilbert,pre_period_hours,gaussian_noise,eligible,DRG,250625 to 250728::1B-L1m2_Raw.csv,1B-L1m2,True,absolute_error_hours,hours,0.03619189877354856,0.031783805392322506,-0.0013627229736261626,,,,,,,,,,0.014067670750735516,0.013695272663245751,0.00035048587369026184,,,,1.0,1.0,10
Hilbert,pre_period_hours,gaussian_noise,eligible,DRG,250625 to 250728::2C-L3m2_Raw.csv,2C-L3m2,True,absolute_error_hours,hours,0.04728396780557809,0.04966916515286712,0.001812198034507162,,,,,,,,,,0.005712328400952732,0.0013825228012842,-0.0001503521245863873,,,,1.0,1.0,10
Hilbert,pre_period_hours,gaussian_noise,eligible,DRG,250625 to 250728::3A-L5m2_Raw.csv,3A-L5m2,True,absolute_error_hours,hours,0.04087151930957589,0.04390352736314895,-0.0022000475339556402,,,,,,,,,,0.013510829906545375,0.01494910487336925,-0.002228695356101513,,,,1.0,1.0,10
Hilbert,pre_period_hours,gaussian_noise,eligible,DRG,250625 to 250728::3B-T10m2_Raw.csv,3B-T10m2,True,absolute_error_hours,hours,0.14038657373863828,0.14799004405918303,0.017964026687216972,,,,,,,,,,0.1836386288662912,0.1857873912236946,0.0010058939998652608,,,,1.0,1.0,10
Hilbert,pre_period_hours,gaussian_noise,eligible,DRG,250625 to 250728::4C-T5m1_Raw.csv,4C-T5m1,True,absolute_error_hours,hours,0.0493844764593927,0.05890432911279753,-0.007445462243792278,,,,,,,,,,0.008639369731527416,0.008180859735769201,0.0018647995212667519,,,,1.0,1.0,10
Hilbert,pre_period_hours,gaussian_noise,eligible,DRG,250625 to 250728::4D-T7m1_Raw.csv,4D-T7m1,True,absolute_error_hours,hours,0.2732020911875441,0.29055312290687496,0.01214719410235432,,,,,,,,,,0.2808143031336527,0.2788973235994724,0.0035392737668395735,,,,1.0,1.0,10
Hilbert,pre_period_hours,gaussian_noise,eligible,DRG,250625 to 250728::5B-T12m2_Raw.csv,5B-T12m2,True,absolute_error_hours,hours,0.04017636152659776,0.03987569014853953,0.001275005783751837,,,,,,,,,,0.013232180985662298,0.01314452118354835,-0.0010520460189503648,,,,1.0,1.0,10
Hilbert,pre_period_hours,gaussian_noise,eligible,DRG,250625 to 250728::5D-T10_Raw.csv,5D-T10,True,absolute_error_hours,hours,0.030386406796459653,0.025199509212677995,0.002932647150656109,,,,,,,,,,0.005207514718586676,0.0054520512920100996,0.00037971313645583367,,,,1.0,1.0,10
Hilbert,pre_period_hours,gaussian_noise,eligible,DRG,250625 to 250728::6A-T7_Raw.csv,6A-T7,True,absolute_error_hours,hours,0.0262695045425545,0.019292886227214368,0.0018663371822480457,,,,,,,,,,0.002661322649132077,0.00290877242351565,0.00012888213601210195,,,,1.0,1.0,10
Hilbert,pre_period_hours,gaussian_noise,eligible,DRG,250625 to 250728::6B-T5_Raw.csv,6B-T5,True,absolute_error_hours,hours,0.02746437945977931,0.029632436474361867,0.0017244487957164267,,,,,,,,,,0.014897469096237934,0.0155037876880863,-0.0003574016439122146,,,,1.0,1.0,10
Hilbert,pre_period_hours,gaussian_noise,eligible,DRG,250625 to 250728::7C-L1_Raw.csv,7C-L1,True,absolute_error_hours,hours,0.05956425420597178,0.06007000714629385,-0.0008445756703334695,,,,,,,,,,0.0032688186392667027,0.0042120134443622,-0.00016111139720374756,,,,1.0,1.0,10
Hilbert,pre_period_hours,gaussian_noise,eligible,DRG,250625 to 250728::7D-L2_Raw.csv,7D-L2,True,absolute_error_hours,hours,0.2873915342773081,0.3044165865978563,0.0072240576405331325,,,,,,,,,,0.27929115346444755,0.28463170048595154,0.0034112871709523138,,,,1.0,1.0,10
Hilbert,pre_period_hours,gaussian_noise,eligible,DRG,250625 to 250728::8B-L2m1_Raw.csv,8B-L2m1,True,absolute_error_hours,hours,0.01981331859945712,0.01528146197911262,0.006313028805120524,,,,,,,,,,0.019068307622715733,0.0195712161179107,-0.0013078277328770586,,,,1.0,1.0,10
Hilbert,pre_period_hours,gaussian_noise,eligible,DRG,250625 to 250728::8C-L3m1_Raw.csv,8C-L3m1,True,absolute_error_hours,hours,0.007311571775158399,0.0016745877153407918,0.0036128119529941216,,,,,,,,,,0.004907543802986084,0.00767462493434235,2.655432834959971e-05,,,,1.0,1.0,10
Hilbert,pre_period_hours,gaussian_noise,eligible,DRG,250625 to 250728::8D-L4-1m1_Raw.csv,8D-L4-1m1,True,absolute_error_hours,hours,0.04923322746643244,0.045347075198899134,0.005262223550460021,,,,,,,,,,0.00674035318311817,0.00535467035334075,0.0011360704403785013,,,,1.0,1.0,10
Hilbert,pre_period_hours,gaussian_noise,eligible,DRG,250811::2D-1FL2_Raw.csv,2D-1FL2,True,absolute_error_hours,hours,0.04660029716383818,0.057276483953311086,-0.009827966555461032,,,,,,,,,,0.0295487163952642,0.030276906183011452,-0.0006111048220680832,,,,1.0,1.0,10
Hilbert,pre_period_hours,gaussian_noise,eligible,DRG,250811::3A-1FL4_Raw.csv,3A-1FL4,True,absolute_error_hours,hours,0.037955895060340694,0.040951584893937465,-0.003913339592894971,,,,,,,,,,0.0333386880244535,0.031147222773930547,0.002459464332386512,,,,1.0,1.0,10
Hilbert,pre_period_hours,gaussian_noise,eligible,DRG,250811::3D-1FT10_Raw.csv,3D-1FT10,True,absolute_error_hours,hours,0.06015021285439914,0.0625294581856668,-0.003678078314882427,,,,,,,,,,0.04096289845073296,0.03624734639987105,0.001755076382286072,,,,1.0,1.0,10
Hilbert,pre_period_hours,gaussian_noise,eligible,DRG,250811::4A-2MT10_Raw.csv,4A-2MT10,True,absolute_error_hours,hours,0.029932369098341738,0.03996116596461796,0.0020723605097696662,,,,,,,,,,0.06566439303431872,0.06321433138723025,0.0013990242407667143,,,,1.0,1.0,10
Hilbert,pre_period_hours,gaussian_noise,eligible,DRG,250811::4C-2MT5_Raw.csv,4C-2MT5,True,absolute_error_hours,hours,0.030046023803910415,0.020685083177628627,0.006976382001587567,,,,,,,,,,0.1216210826099042,0.12054001516258214,0.0014220915831729616,,,,1.0,1.0,10
Hilbert,pre_period_hours,gaussian_noise,eligible,DRG,250811::4D-1FL4_Raw.csv,4D-1FL4,True,absolute_error_hours,hours,0.052098441259165185,0.055800993960810175,-0.0012824740057659767,,,,,,,,,,0.036015807423958754,0.0343224710902513,0.0028366127372841977,,,,1.0,1.0,10
Hilbert,pre_period_hours,gaussian_noise,eligible,DRG,250811::5C-1FT7_Raw.csv,5C-1FT7,True,absolute_error_hours,hours,0.20848572984710678,0.23135787696895882,-0.0040339554389579035,,,,,,,,,,0.2787769681218326,0.27848535495508564,-0.00030610143679049573,,,,1.0,1.0,10
Hilbert,pre_period_hours,gaussian_noise,eligible,DRG,250811::6A-1FL1_Raw.csv,6A-1FL1,True,absolute_error_hours,hours,0.03868091190160605,0.057630652191400955,-0.005020247975256353,,,,,,,,,,0.12084141841715212,0.12146888576006509,0.002468856148453366,,,,1.0,1.0,10
Hilbert,pre_period_hours,gaussian_noise,eligible,DRG,250811::6B-2ML3_Raw.csv,6B-2ML3,True,absolute_error_hours,hours,0.05640367174408745,0.05372003028044148,0.007397856407584058,,,,,,,,,,0.033097866304486814,0.0362891817350596,-0.0016180523663721462,,,,1.0,1.0,10
Hilbert,pre_period_hours,gaussian_noise,eligible,DRG,250811::7D-2MT12_Raw.csv,7D-2MT12,True,absolute_error_hours,hours,0.05350905273172302,0.057304480010405,-0.0075501006667444415,,,,,,,,,,0.030647242161630665,0.0341930095324662,-0.0024598573493121757,,,,1.0,1.0,10
Hilbert,pre_period_hours,gaussian_noise,eligible,DRG,250811::8C-2ML4_Raw.csv,8C-2ML4,True,absolute_error_hours,hours,0.05239248621167292,0.08379351209939934,-0.00045648576089263315,,,,,,,,,,0.058445949140562455,0.0573324914030076,0.00282581102612231,,,,1.0,1.0,10
Hilbert,pre_period_hours,gaussian_noise,eligible,DRG,250811::8D-2MT7_Raw.csv,8D-2MT7,True,absolute_error_hours,hours,0.04269892873479897,0.03354298300177838,0.008871013740321843,,,,,,,,,,0.039542947287731084,0.0371169529827546,0.0022058380163915495,,,,1.0,1.0,10
Hilbert,pre_period_hours,gaussian_noise,eligible,DRG,251003::2B- 1MT7_Raw.csv,2B- 1MT7,True,absolute_error_hours,hours,0.014237889488210698,0.023976262933361525,-0.006647089776384618,,,,,,,,,,0.005017899349152817,0.00637609027059355,0.0003018363779737415,,,,1.0,1.0,10
Hilbert,pre_period_hours,gaussian_noise,eligible,SCN,250625 to 250728::1C-SCN_Raw.csv,1C-SCN,True,absolute_error_hours,hours,0.016726095605578806,0.00892166887608603,0.007623815961672165,,,,,,,,,,0.01670065215048819,0.01904465810705255,-0.0021003487419132584,,,,1.0,1.0,10
Hilbert,pre_period_hours,gaussian_noise,eligible,SCN,250625 to 250728::6C-SCNmm1_Raw.csv,6C-SCNmm1,True,absolute_error_hours,hours,0.00757226515298548,0.0007981067161271227,0.006798851336760947,,,,,,,,,,0.016953482609146493,0.0167700009508069,0.00032901679494419175,,,,1.0,1.0,10
Hilbert,pre_period_hours,gaussian_noise,eligible,SCN,250625 to 250728::7A-SCNmm2_Raw.csv,7A-SCNmm2,True,absolute_error_hours,hours,0.013574615800967749,0.00993617925329282,0.003954454214484926,,,,,,,,,,0.019041688375426677,0.018983117921617748,0.0006025710091553706,,,,1.0,1.0,10
Hilbert,pre_period_hours,gaussian_noise,eligible,SCN,250625 to 250728::7B-SCNcm2_Raw.csv,7B-SCNcm2,True,absolute_error_hours,hours,0.012950529675775257,0.010745993793365827,0.002587066425000728,,,,,,,,,,0.01956120701229147,0.02105840609218685,-0.00028618885883353005,,,,1.0,1.0,10
Hilbert,pre_period_hours,gaussian_noise,eligible,SCN,250728::6A-SCNrM1_Raw.csv,6A-SCNrM1,True,absolute_error_hours,hours,0.01197883667158095,0.019661316274529383,-0.00571374903636368,,,,,,,,,,0.019167278927050682,0.01748995618252415,0.001794433914897033,,,,1.0,1.0,10
Hilbert,pre_period_hours,gaussian_noise,eligible,SCN,250728::6B-SCNrM2_Raw.csv,6B-SCNrM2,True,absolute_error_hours,hours,0.009923381484428617,0.003815367202752995,0.0074155998329317185,,,,,,,,,,0.018787392473151504,0.02021110173315,-0.0011792896080091517,,,,1.0,1.0,10
Hilbert,pre_period_hours,gaussian_noise,eligible,SCN,250728::7A-SCNcM1_Raw.csv,7A-SCNcM1,True,absolute_error_hours,hours,0.021855888451735694,0.012945099777862623,0.004797536095306754,,,,,,,,,,0.0196488661837105,0.020978154683415948,-0.0010972528713225956,,,,1.0,1.0,10
Hilbert,pre_period_hours,gaussian_noise,eligible,SCN,250728::7B-SCNcM2_Raw.csv,7B-SCNcM2,True,absolute_error_hours,hours,0.011880289439762493,0.012349670131566626,-0.0015739080192531674,,,,,,,,,,0.022688658140675784,0.0210405921146165,0.002202663906927034,,,,1.0,1.0,10
Hilbert,pre_period_hours,gaussian_noise,eligible,SCN,250811::1A-1FSCN_Raw.csv,1A-1FSCN,True,absolute_error_hours,hours,0.016270294564742827,0.014146223897720134,0.002010858392157644,,,,,,,,,,0.047411933755177674,0.04720911761609075,0.00021952557945229684,,,,1.0,1.0,10
Hilbert,pre_period_hours,gaussian_noise,eligible,SCN,250811::1B-2MSCN_Raw.csv,1B-2MSCN,True,absolute_error_hours,hours,0.013709704006476642,0.012255952426199812,0.0015230501667407026,,,,,,,,,,0.04248737128883415,0.04184821853477905,0.0006326399054209023,,,,1.0,1.0,10
Hilbert,pre_period_hours,gaussian_noise,eligible,SCN,250811::1C-3FSCN_Raw.csv,1C-3FSCN,True,absolute_error_hours,hours,0.02386328271475513,0.022394371653426504,0.000353072071863636,,,,,,,,,,0.04050879158064874,0.040651042413778454,-0.0002651969396590438,,,,1.0,1.0,10
Hilbert,pre_period_hours,gaussian_noise,eligible,SCN,250811::1D-4FSCN_Raw.csv,1D-4FSCN,True,absolute_error_hours,hours,0.022836041919600092,0.016684347864810434,0.0039981966474851305,,,,,,,,,,0.0422503724567627,0.044095976460640895,-0.0013872405356334383,,,,1.0,1.0,10
Hilbert,pre_period_hours,gaussian_noise,eligible,SCN,251003::2A- M1SCn_Raw.csv,2A- M1SCn,True,absolute_error_hours,hours,0.03780121739738718,0.04595073149695672,-0.006559723990198663,,,,,,,,,,0.019962857415702976,0.021692499515394252,-0.0009159176945752173,,,,1.0,1.0,10
Hilbert,pre_period_hours,gaussian_noise,eligible,SCN,251003::4B-M3SCN_Raw.csv,4B-M3SCN,True,absolute_error_hours,hours,0.024182316213263277,0.02993187703387612,-0.00607678388807642,,,,,,,,,,0.014047576615709618,0.01621033816494745,0.0003328048741242772,,,,1.0,1.0,10
Hilbert,pre_period_hours,gaussian_noise,ineligible,DRG,250625 to 250728::5A-T10m1_Raw.csv,5A-T10m1,True,absolute_error_hours,hours,0.20285133607416483,0.21366228438719226,0.0038392747063351607,,,,,,,,,,0.19977469755150234,0.1959594479156774,0.0012093434331141573,,,,1.0,1.0,10
Hilbert,pre_period_hours,missing_block_6h,difficult,DRG,250625 to 250728::1D-L2m2_Raw.csv,1D-L2m2,True,absolute_error_hours,hours,0.20906619486181022,0.24090115771729437,-0.00405181813195199,,,,,,,,,,0.25906128162503067,0.25813800479152316,0.0009454606818876388,,,,1.0,1.0,10
Hilbert,pre_period_hours,missing_block_6h,difficult,DRG,250625 to 250728::4B-T12m2_Raw.csv,4B-T12m2,True,absolute_error_hours,hours,0.1129450253864821,0.09639211260162739,0.016831799203060882,,,,,,,,,,0.17497530650286303,0.16696086122550569,0.006650637999023559,,,,1.0,1.0,10
Hilbert,pre_period_hours,missing_block_6h,difficult,DRG,250625 to 250728::5C-T12_Raw.csv,5C-T12,True,absolute_error_hours,hours,0.21490399576618024,0.21976760659282313,-0.0015821878439084003,,,,,,,,,,0.22906784414298506,0.2280892735514345,0.004971555583182713,,,,1.0,1.0,10
Hilbert,pre_period_hours,missing_block_6h,difficult,DRG,250625 to 250728::8A-L3_Raw.csv,8A-L3,True,absolute_error_hours,hours,0.2805121741879564,0.2558939198962946,0.06028546281345548,,,,,,,,,,0.2778041106033464,0.27709003532690213,0.0040713090742551805,,,,1.0,1.0,10
Hilbert,pre_period_hours,missing_block_6h,difficult,DRG,250811::2C-2ML1_Raw.csv,2C-2ML1,True,absolute_error_hours,hours,0.25639125582642563,0.2587191967582321,0.003209244907754538,,,,,,,,,,0.29396180729563814,0.2872522818145654,0.0057565249811488695,,,,1.0,1.0,10
Hilbert,pre_period_hours,missing_block_6h,difficult,DRG,250811::5A-2ML2_Raw.csv,5A-2ML2,True,absolute_error_hours,hours,0.24793212114170693,0.23657482800766516,0.017928730087875877,,,,,,,,,,0.3166256883468006,0.32064376739401657,0.0007479474104965939,,,,1.0,1.0,10
Hilbert,pre_period_hours,missing_block_6h,difficult,DRG,250811::7C-1FT12_Raw.csv,7C-1FT12,True,absolute_error_hours,hours,0.08562002614723774,0.08472959981130757,0.003578717353425631,,,,,,,,,,0.056894418276255215,0.043545227493990146,0.004565900455114919,,,,1.0,1.0,10
Hilbert,pre_period_hours,missing_block_6h,difficult,DRG,250811::8A-1FT5_Raw.csv,8A-1FT5,True,absolute_error_hours,hours,0.026102812451400226,0.014938602668912893,0.00552071469193649,,,,,,,,,,0.042804299055126394,0.042196430869804596,0.001287973644999739,,,,1.0,1.0,10
Hilbert,pre_period_hours,missing_block_6h,difficult,DRG,251003::2C- M1L1_Raw.csv,2C- M1L1,True,absolute_error_hours,hours,0.09426003636252744,0.07261186368570804,0.02365357922034761,,,,,,,,,,0.008148561728600758,0.010595204030026,-0.0021468934783931094,,,,1.0,1.0,10
Hilbert,pre_period_hours,missing_block_6h,difficult,DRG,251003::2D- M1L4_Raw.csv,2D- M1L4,True,absolute_error_hours,hours,0.24512697311171472,0.23857893633215355,0.011959865426524274,,,,,,,,,,0.2638109646196103,0.2627877157488891,0.0011309222289892923,,,,1.0,1.0,10
Hilbert,pre_period_hours,missing_block_6h,eligible,DRG,250625 to 250728::1B-L1m2_Raw.csv,1B-L1m2,True,absolute_error_hours,hours,0.037276309043534184,0.031783805392322506,0.005237228906533886,,,,,,,,,,0.016142932166435885,0.013695272663245751,0.0015183885789092268,,,,1.0,1.0,10
Hilbert,pre_period_hours,missing_block_6h,eligible,DRG,250625 to 250728::2C-L3m2_Raw.csv,2C-L3m2,True,absolute_error_hours,hours,0.0593083893444728,0.04966916515286712,0.009405587915887637,,,,,,,,,,0.003485124953591107,0.0013825228012842,0.0026174108814103073,,,,1.0,1.0,10
Hilbert,pre_period_hours,missing_block_6h,eligible,DRG,250625 to 250728::3A-L5m2_Raw.csv,3A-L5m2,True,absolute_error_hours,hours,0.044183326833135084,0.04390352736314895,0.000883173138920057,,,,,,,,,,0.0158991143310564,0.01494910487336925,0.0015484756526412142,,,,1.0,1.0,10
Hilbert,pre_period_hours,missing_block_6h,eligible,DRG,250625 to 250728::3B-T10m2_Raw.csv,3B-T10m2,True,absolute_error_hours,hours,0.15715838983226682,0.14799004405918303,0.008392088701921097,,,,,,,,,,0.18802063798200863,0.1857873912236946,0.001288774905400497,,,,1.0,1.0,10
Hilbert,pre_period_hours,missing_block_6h,eligible,DRG,250625 to 250728::4C-T5m1_Raw.csv,4C-T5m1,True,absolute_error_hours,hours,0.05844738855740417,0.05890432911279753,0.0007571100280561183,,,,,,,,,,0.008907947096628914,0.008180859735769201,-0.0007459597550266471,,,,1.0,1.0,10
Hilbert,pre_period_hours,missing_block_6h,eligible,DRG,250625 to 250728::4D-T7m1_Raw.csv,4D-T7m1,True,absolute_error_hours,hours,0.27758561576284535,0.29055312290687496,0.0058857871108202175,,,,,,,,,,0.2799700616955312,0.2788973235994724,0.003278196129891095,,,,1.0,1.0,10
Hilbert,pre_period_hours,missing_block_6h,eligible,DRG,250625 to 250728::5B-T12m2_Raw.csv,5B-T12m2,True,absolute_error_hours,hours,0.024424038107344614,0.03987569014853953,-0.012704508727296115,,,,,,,,,,0.018484396802452764,0.01314452118354835,0.0009371643582760415,,,,1.0,1.0,10
Hilbert,pre_period_hours,missing_block_6h,eligible,DRG,250625 to 250728::5D-T10_Raw.csv,5D-T10,True,absolute_error_hours,hours,0.04564719074495294,0.025199509212677995,0.016874424955801715,,,,,,,,,,0.008304340606707225,0.0054520512920100996,0.005076559797545358,,,,1.0,1.0,10
Hilbert,pre_period_hours,missing_block_6h,eligible,DRG,250625 to 250728::6A-T7_Raw.csv,6A-T7,True,absolute_error_hours,hours,0.05971784735272401,0.019292886227214368,0.03576725461548236,,,,,,,,,,0.013188111462177125,0.00290877242351565,0.008518597651932048,,,,1.0,1.0,10
Hilbert,pre_period_hours,missing_block_6h,eligible,DRG,250625 to 250728::6B-T5_Raw.csv,6B-T5,True,absolute_error_hours,hours,0.03848092873767328,0.029632436474361867,0.015100346983352608,,,,,,,,,,0.019642042503491778,0.0155037876880863,0.00638618019687651,,,,1.0,1.0,10
Hilbert,pre_period_hours,missing_block_6h,eligible,DRG,250625 to 250728::7C-L1_Raw.csv,7C-L1,True,absolute_error_hours,hours,0.07177045429959072,0.06007000714629385,0.013906126201796098,,,,,,,,,,0.009145463854535674,0.0042120134443622,0.0061198551795093245,,,,1.0,1.0,10
Hilbert,pre_period_hours,missing_block_6h,eligible,DRG,250625 to 250728::7D-L2_Raw.csv,7D-L2,True,absolute_error_hours,hours,0.2795872875945218,0.3044165865978563,-0.002811256429975373,,,,,,,,,,0.2886290871757572,0.28463170048595154,0.006823727827244906,,,,1.0,1.0,10
Hilbert,pre_period_hours,missing_block_6h,eligible,DRG,250625 to 250728::8B-L2m1_Raw.csv,8B-L2m1,True,absolute_error_hours,hours,0.044161218964292814,0.01528146197911262,0.02855775303297392,,,,,,,,,,0.04066125516780951,0.0195712161179107,0.019134716433297463,,,,1.0,1.0,10
Hilbert,pre_period_hours,missing_block_6h,eligible,DRG,250625 to 250728::8C-L3m1_Raw.csv,8C-L3m1,True,absolute_error_hours,hours,0.029051631199397576,0.0016745877153407918,0.027625662177626964,,,,,,,,,,0.0181510396917028,0.00767462493434235,0.007196351765950243,,,,1.0,1.0,10
Hilbert,pre_period_hours,missing_block_6h,eligible,DRG,250625 to 250728::8D-L4-1m1_Raw.csv,8D-L4-1m1,True,absolute_error_hours,hours,0.10192877162156222,0.045347075198899134,0.05293919478347853,,,,,,,,,,0.007658162790355369,0.00535467035334075,0.005305134497370734,,,,1.0,1.0,10
Hilbert,pre_period_hours,missing_block_6h,eligible,DRG,250811::2D-1FL2_Raw.csv,2D-1FL2,True,absolute_error_hours,hours,0.05831503904750868,0.057276483953311086,-0.004455756019952517,,,,,,,,,,0.033895959682300796,0.030276906183011452,0.0028856824851047156,,,,1.0,1.0,10
Hilbert,pre_period_hours,missing_block_6h,eligible,DRG,250811::3A-1FL4_Raw.csv,3A-1FL4,True,absolute_error_hours,hours,0.038409759685213984,0.040951584893937465,-0.0028281021850737886,,,,,,,,,,0.04237409132234851,0.031147222773930547,0.004421612166244801,,,,1.0,1.0,10
Hilbert,pre_period_hours,missing_block_6h,eligible,DRG,250811::3D-1FT10_Raw.csv,3D-1FT10,True,absolute_error_hours,hours,0.05874658410095002,0.0625294581856668,-0.00023005916466267706,,,,,,,,,,0.04776582817843081,0.03624734639987105,0.009546927670246466,,,,1.0,1.0,10
Hilbert,pre_period_hours,missing_block_6h,eligible,DRG,250811::4A-2MT10_Raw.csv,4A-2MT10,True,absolute_error_hours,hours,0.04734786981042305,0.03996116596461796,0.00032428516399285456,,,,,,,,,,0.06626148355602553,0.06321433138723025,0.00043266008650402407,,,,1.0,1.0,10
Hilbert,pre_period_hours,missing_block_6h,eligible,DRG,250811::4C-2MT5_Raw.csv,4C-2MT5,True,absolute_error_hours,hours,0.041390418573561405,0.020685083177628627,0.010689328526456876,,,,,,,,,,0.1227543944083804,0.12054001516258214,0.007188434622985504,,,,1.0,1.0,10
Hilbert,pre_period_hours,missing_block_6h,eligible,DRG,250811::4D-1FL4_Raw.csv,4D-1FL4,True,absolute_error_hours,hours,0.05240598929561102,0.055800993960810175,0.0030591905700152466,,,,,,,,,,0.040133825054925104,0.0343224710902513,0.007089814968826741,,,,1.0,1.0,10
Hilbert,pre_period_hours,missing_block_6h,eligible,DRG,250811::5C-1FT7_Raw.csv,5C-1FT7,True,absolute_error_hours,hours,0.2415962333613244,0.23135787696895882,0.009639427530551359,,,,,,,,,,0.2901359673278331,0.27848535495508564,0.0036978705166375025,,,,1.0,1.0,10
Hilbert,pre_period_hours,missing_block_6h,eligible,DRG,250811::6A-1FL1_Raw.csv,6A-1FL1,True,absolute_error_hours,hours,0.04556232465671428,0.057630652191400955,-0.011515484669407883,,,,,,,,,,0.12635812200376428,0.12146888576006509,0.0032089699277798034,,,,1.0,1.0,10
Hilbert,pre_period_hours,missing_block_6h,eligible,DRG,250811::6B-2ML3_Raw.csv,6B-2ML3,True,absolute_error_hours,hours,0.07067118414294171,0.05372003028044148,0.023372447187188783,,,,,,,,,,0.04313103856813423,0.0362891817350596,0.007979410025773764,,,,1.0,1.0,10
Hilbert,pre_period_hours,missing_block_6h,eligible,DRG,250811::7D-2MT12_Raw.csv,7D-2MT12,True,absolute_error_hours,hours,0.05405912927981937,0.057304480010405,-0.0009905803925107648,,,,,,,,,,0.03577808622914233,0.0341930095324662,0.0018531842462087451,,,,1.0,1.0,10
Hilbert,pre_period_hours,missing_block_6h,eligible,DRG,250811::8C-2ML4_Raw.csv,8C-2ML4,True,absolute_error_hours,hours,0.042353501950248784,0.08379351209939934,0.0011068881722025026,,,,,,,,,,0.05709683184150942,0.0573324914030076,0.0014545219687481757,,,,1.0,1.0,10
Hilbert,pre_period_hours,missing_block_6h,eligible,DRG,250811::8D-2MT7_Raw.csv,8D-2MT7,True,absolute_error_hours,hours,0.03502326923212351,0.03354298300177838,0.0014917829792118198,,,,,,,,,,0.04345522030657743,0.0371169529827546,0.0063074414054580565,,,,1.0,1.0,10
Hilbert,pre_period_hours,missing_block_6h,eligible,DRG,251003::2B- 1MT7_Raw.csv,2B- 1MT7,True,absolute_error_hours,hours,0.04497591907356835,0.023976262933361525,0.011708317561984316,,,,,,,,,,0.002646224323808875,0.00637609027059355,-0.001526745290895927,,,,1.0,1.0,10
Hilbert,pre_period_hours,missing_block_6h,eligible,SCN,250625 to 250728::1C-SCN_Raw.csv,1C-SCN,True,absolute_error_hours,hours,0.011326869346286017,0.00892166887608603,0.0014138112376009815,,,,,,,,,,0.024079775930356262,0.01904465810705255,0.004809517629888415,,,,1.0,1.0,10
Hilbert,pre_period_hours,missing_block_6h,eligible,SCN,250625 to 250728::6C-SCNmm1_Raw.csv,6C-SCNmm1,True,absolute_error_hours,hours,0.01002826600484319,0.0007981067161271227,0.009060449334942433,,,,,,,,,,0.02153722199780673,0.0167700009508069,0.0044714809012402785,,,,1.0,1.0,10
Hilbert,pre_period_hours,missing_block_6h,eligible,SCN,250625 to 250728::7A-SCNmm2_Raw.csv,7A-SCNmm2,True,absolute_error_hours,hours,0.01631179963581708,0.00993617925329282,0.004997439418623628,,,,,,,,,,0.021434122694969263,0.018983117921617748,0.002792571880265384,,,,1.0,1.0,10
Hilbert,pre_period_hours,missing_block_6h,eligible,SCN,250625 to 250728::7B-SCNcm2_Raw.csv,7B-SCNcm2,True,absolute_error_hours,hours,0.027456131407548767,0.010745993793365827,0.01915883564056564,,,,,,,,,,0.021454664581918373,0.02105840609218685,0.0005632093401553937,,,,1.0,1.0,10
Hilbert,pre_period_hours,missing_block_6h,eligible,SCN,250728::6A-SCNrM1_Raw.csv,6A-SCNrM1,True,absolute_error_hours,hours,0.0259655376738408,0.019661316274529383,0.005599161985934131,,,,,,,,,,0.01815078930214516,0.01748995618252415,0.0010682375035903635,,,,1.0,1.0,10
Hilbert,pre_period_hours,missing_block_6h,eligible,SCN,250728::6B-SCNrM2_Raw.csv,6B-SCNrM2,True,absolute_error_hours,hours,0.004669792959594687,0.003815367202752995,0.0025919134058831617,,,,,,,,,,0.024497447500556428,0.02021110173315,0.00471564171139208,,,,1.0,1.0,10
Hilbert,pre_period_hours,missing_block_6h,eligible,SCN,250728::7A-SCNcM1_Raw.csv,7A-SCNcM1,True,absolute_error_hours,hours,0.017996131838669882,0.012945099777862623,0.0022734741856300644,,,,,,,,,,0.02289193034011791,0.020978154683415948,0.001951967751639555,,,,1.0,1.0,10
Hilbert,pre_period_hours,missing_block_6h,eligible,SCN,250728::7B-SCNcM2_Raw.csv,7B-SCNcM2,True,absolute_error_hours,hours,0.021326741109264802,0.012349670131566626,0.007466668944815069,,,,,,,,,,0.023360975946221527,0.0210405921146165,0.003856574364286795,,,,1.0,1.0,10
Hilbert,pre_period_hours,missing_block_6h,eligible,SCN,250811::1A-1FSCN_Raw.csv,1A-1FSCN,True,absolute_error_hours,hours,0.013960223428075125,0.014146223897720134,-0.00027875116569830993,,,,,,,,,,0.04850765066529142,0.04720911761609075,0.0011664877311251196,,,,1.0,1.0,10
Hilbert,pre_period_hours,missing_block_6h,eligible,SCN,250811::1B-2MSCN_Raw.csv,1B-2MSCN,True,absolute_error_hours,hours,0.018045903529342766,0.012255952426199812,0.0059540993111664164,,,,,,,,,,0.041994794952769865,0.04184821853477905,0.00012958669871609985,,,,1.0,1.0,10
Hilbert,pre_period_hours,missing_block_6h,eligible,SCN,250811::1C-3FSCN_Raw.csv,1C-3FSCN,True,absolute_error_hours,hours,0.025599932437774697,0.022394371653426504,0.003836763299947421,,,,,,,,,,0.04260978436600254,0.040651042413778454,0.0018747820439290394,,,,1.0,1.0,10
Hilbert,pre_period_hours,missing_block_6h,eligible,SCN,250811::1D-4FSCN_Raw.csv,1D-4FSCN,True,absolute_error_hours,hours,0.030611564787161427,0.016684347864810434,0.010681949191601703,,,,,,,,,,0.04592304848850812,0.044095976460640895,0.0036638702906296693,,,,1.0,1.0,10
Hilbert,pre_period_hours,missing_block_6h,eligible,SCN,251003::2A- M1SCn_Raw.csv,2A- M1SCn,True,absolute_error_hours,hours,0.03166668707512166,0.04595073149695672,-0.013119537582761964,,,,,,,,,,0.022330057708258026,0.021692499515394252,0.0006537462138177692,,,,1.0,1.0,10
Hilbert,pre_period_hours,missing_block_6h,eligible,SCN,251003::4B-M3SCN_Raw.csv,4B-M3SCN,True,absolute_error_hours,hours,0.030230522150962003,0.02993187703387612,-0.001834960306208444,,,,,,,,,,0.01694865658186505,0.01621033816494745,0.0006280923590199494,,,,1.0,1.0,10
Hilbert,pre_period_hours,missing_block_6h,ineligible,DRG,250625 to 250728::5A-T10m1_Raw.csv,5A-T10m1,True,absolute_error_hours,hours,0.20078126530019347,0.21366228438719226,-0.0005481648463820932,,,,,,,,,,0.19962142395760935,0.1959594479156774,0.005539523808517646,,,,1.0,1.0,10
Hilbert,pre_period_hours,transient_artifact,difficult,DRG,250625 to 250728::1D-L2m2_Raw.csv,1D-L2m2,True,absolute_error_hours,hours,0.2566672497649183,0.24090115771729437,0.0480502520942494,,,,,,,,,,0.23747485487023856,0.25813800479152316,-0.011187574913153107,,,,1.0,1.0,10
Hilbert,pre_period_hours,transient_artifact,difficult,DRG,250625 to 250728::4B-T12m2_Raw.csv,4B-T12m2,True,absolute_error_hours,hours,0.180027749893668,0.09639211260162739,0.04896907882476498,,,,,,,,,,0.16819290853004193,0.16696086122550569,-0.0004721205941989326,,,,1.0,1.0,10
Hilbert,pre_period_hours,transient_artifact,difficult,DRG,250625 to 250728::5C-T12_Raw.csv,5C-T12,True,absolute_error_hours,hours,0.23653289057727456,0.21976760659282313,0.06754383405917785,,,,,,,,,,0.23368672332716112,0.2280892735514345,0.008168104474412241,,,,1.0,1.0,10
Hilbert,pre_period_hours,transient_artifact,difficult,DRG,250625 to 250728::8A-L3_Raw.csv,8A-L3,True,absolute_error_hours,hours,0.3761255521606568,0.2558939198962946,0.19845759273424157,,,,,,,,,,0.2604791926448713,0.27709003532690213,0.0021396146479071426,,,,1.0,1.0,10
Hilbert,pre_period_hours,transient_artifact,difficult,DRG,250811::2C-2ML1_Raw.csv,2C-2ML1,True,absolute_error_hours,hours,0.20748212566678603,0.2587191967582321,0.01698688062639775,,,,,,,,,,0.29104764600133215,0.2872522818145654,0.002117673936442077,,,,1.0,1.0,10
Hilbert,pre_period_hours,transient_artifact,difficult,DRG,250811::5A-2ML2_Raw.csv,5A-2ML2,True,absolute_error_hours,hours,0.2048337875587407,0.23657482800766516,0.036515039422624795,,,,,,,,,,0.33208712436457344,0.32064376739401657,0.01176159082873926,,,,1.0,1.0,10
Hilbert,pre_period_hours,transient_artifact,difficult,DRG,250811::7C-1FT12_Raw.csv,7C-1FT12,True,absolute_error_hours,hours,0.12063523450530944,0.08472959981130757,0.02818063011406302,,,,,,,,,,0.06961885917296276,0.043545227493990146,0.022811437666026273,,,,1.0,1.0,10
Hilbert,pre_period_hours,transient_artifact,difficult,DRG,250811::8A-1FT5_Raw.csv,8A-1FT5,True,absolute_error_hours,hours,0.1299529854533681,0.014938602668912893,0.11429118797882865,,,,,,,,,,0.035814195178471196,0.042196430869804596,-0.006719411131015915,,,,1.0,1.0,10
Hilbert,pre_period_hours,transient_artifact,difficult,DRG,251003::2C- M1L1_Raw.csv,2C- M1L1,True,absolute_error_hours,hours,0.20639675213325326,0.07261186368570804,0.14158607754573183,,,,,,,,,,0.021497265278420476,0.010595204030026,0.011502503246297927,,,,1.0,1.0,10
Hilbert,pre_period_hours,transient_artifact,difficult,DRG,251003::2D- M1L4_Raw.csv,2D- M1L4,True,absolute_error_hours,hours,0.3172557418883901,0.23857893633215355,0.08455495296677285,,,,,,,,,,0.2490065632337542,0.2627877157488891,-0.009027981238539748,,,,1.0,1.0,10
Hilbert,pre_period_hours,transient_artifact,eligible,DRG,250625 to 250728::1B-L1m2_Raw.csv,1B-L1m2,True,absolute_error_hours,hours,0.02788100211646949,0.031783805392322506,-0.0062732359145005745,,,,,,,,,,0.01980645002036132,0.013695272663245751,0.005869352396800132,,,,1.0,1.0,10
Hilbert,pre_period_hours,transient_artifact,eligible,DRG,250625 to 250728::2C-L3m2_Raw.csv,2C-L3m2,True,absolute_error_hours,hours,0.10764425921968446,0.04966916515286712,0.04966108854021378,,,,,,,,,,0.008654128983900628,0.0013825228012842,0.00559849540423272,,,,1.0,1.0,10
Hilbert,pre_period_hours,transient_artifact,eligible,DRG,250625 to 250728::3A-L5m2_Raw.csv,3A-L5m2,True,absolute_error_hours,hours,0.09378512850509146,0.04390352736314895,0.06738110113783868,,,,,,,,,,0.018282704562915888,0.01494910487336925,0.0025518753698267685,,,,1.0,1.0,10
Hilbert,pre_period_hours,transient_artifact,eligible,DRG,250625 to 250728::3B-T10m2_Raw.csv,3B-T10m2,True,absolute_error_hours,hours,0.20092253984569375,0.14799004405918303,0.06244413027434348,,,,,,,,,,0.19510176374559368,0.1857873912236946,0.007839035902405138,,,,1.0,1.0,10
Hilbert,pre_period_hours,transient_artifact,eligible,DRG,250625 to 250728::4C-T5m1_Raw.csv,4C-T5m1,True,absolute_error_hours,hours,0.09348699253237136,0.05890432911279753,0.03280653549785306,,,,,,,,,,0.025539382752488436,0.008180859735769201,0.017765946193837735,,,,1.0,1.0,10
Hilbert,pre_period_hours,transient_artifact,eligible,DRG,250625 to 250728::4D-T7m1_Raw.csv,4D-T7m1,True,absolute_error_hours,hours,0.33780622547064887,0.29055312290687496,0.08940106438383566,,,,,,,,,,0.27488263954729464,0.2788973235994724,0.007109043050987446,,,,1.0,1.0,10
Hilbert,pre_period_hours,transient_artifact,eligible,DRG,250625 to 250728::5B-T12m2_Raw.csv,5B-T12m2,True,absolute_error_hours,hours,0.09291744870758478,0.03987569014853953,0.05256508994875553,,,,,,,,,,0.024102875079754726,0.01314452118354835,0.008410844062698031,,,,1.0,1.0,10
Hilbert,pre_period_hours,transient_artifact,eligible,DRG,250625 to 250728::5D-T10_Raw.csv,5D-T10,True,absolute_error_hours,hours,0.0788017725789949,0.025199509212677995,0.05384613868050714,,,,,,,,,,0.01727402357969175,0.0054520512920100996,0.01291335477555105,,,,1.0,1.0,10
Hilbert,pre_period_hours,transient_artifact,eligible,DRG,250625 to 250728::6A-T7_Raw.csv,6A-T7,True,absolute_error_hours,hours,0.11653046970559267,0.019292886227214368,0.08788728638116439,,,,,,,,,,0.018658293943277282,0.00290877242351565,0.015732844228391933,,,,1.0,1.0,10
Hilbert,pre_period_hours,transient_artifact,eligible,DRG,250625 to 250728::6B-T5_Raw.csv,6B-T5,True,absolute_error_hours,hours,0.04314333553594274,0.029632436474361867,0.026999831400029706,,,,,,,,,,0.0389475602607354,0.0155037876880863,0.025584703280619743,,,,1.0,1.0,10
Hilbert,pre_period_hours,transient_artifact,eligible,DRG,250625 to 250728::7C-L1_Raw.csv,7C-L1,True,absolute_error_hours,hours,0.044397309233438875,0.06007000714629385,-0.013645092289976901,,,,,,,,,,0.021492094430149867,0.0042120134443622,0.016738476716417816,,,,1.0,1.0,10
Hilbert,pre_period_hours,transient_artifact,eligible,DRG,250625 to 250728::7D-L2_Raw.csv,7D-L2,True,absolute_error_hours,hours,0.2808942893211359,0.3044165865978563,-0.013958953053796463,,,,,,,,,,0.270265917422445,0.28463170048595154,0.006070935569662518,,,,1.0,1.0,10
Hilbert,pre_period_hours,transient_artifact,eligible,DRG,250625 to 250728::8B-L2m1_Raw.csv,8B-L2m1,True,absolute_error_hours,hours,0.023909557882509702,0.01528146197911262,0.013552918530587377,,,,,,,,,,0.017561017411063605,0.0195712161179107,-0.0015841122597703462,,,,1.0,1.0,10
Hilbert,pre_period_hours,transient_artifact,eligible,DRG,250625 to 250728::8C-L3m1_Raw.csv,8C-L3m1,True,absolute_error_hours,hours,0.037781624732605934,0.0016745877153407918,0.03668880226173954,,,,,,,,,,0.015646801194732628,0.00767462493434235,0.012973352774779182,,,,1.0,1.0,10
Hilbert,pre_period_hours,transient_artifact,eligible,DRG,250625 to 250728::8D-L4-1m1_Raw.csv,8D-L4-1m1,True,absolute_error_hours,hours,0.06422886225511526,0.045347075198899134,0.02565709188434795,,,,,,,,,,0.02751380151069526,0.00535467035334075,0.02239192313166176,,,,1.0,1.0,10
Hilbert,pre_period_hours,transient_artifact,eligible,DRG,250811::2D-1FL2_Raw.csv,2D-1FL2,True,absolute_error_hours,hours,0.08691999061602473,0.057276483953311086,0.03480510157772798,,,,,,,,,,0.03390429414307962,0.030276906183011452,0.002089183497834426,,,,1.0,1.0,10
Hilbert,pre_period_hours,transient_artifact,eligible,DRG,250811::3A-1FL4_Raw.csv,3A-1FL4,True,absolute_error_hours,hours,0.03961563344038588,0.040951584893937465,0.0002608409845290538,,,,,,,,,,0.04299810043564943,0.031147222773930547,0.006684076719792566,,,,1.0,1.0,10
Hilbert,pre_period_hours,transient_artifact,eligible,DRG,250811::3D-1FT10_Raw.csv,3D-1FT10,True,absolute_error_hours,hours,0.08270600181539223,0.0625294581856668,0.03569833614363738,,,,,,,,,,0.038061646134806816,0.03624734639987105,0.0007681233522445347,,,,1.0,1.0,10
Hilbert,pre_period_hours,transient_artifact,eligible,DRG,250811::4A-2MT10_Raw.csv,4A-2MT10,True,absolute_error_hours,hours,0.061509685941190995,0.03996116596461796,0.021972802650775947,,,,,,,,,,0.08857784590699387,0.06321433138723025,0.023491987507226177,,,,1.0,1.0,10
Hilbert,pre_period_hours,transient_artifact,eligible,DRG,250811::4C-2MT5_Raw.csv,4C-2MT5,True,absolute_error_hours,hours,0.1372940564942482,0.020685083177628627,0.12816819818199576,,,,,,,,,,0.13750496496379638,0.12054001516258214,0.029244865684810606,,,,1.0,1.0,10
Hilbert,pre_period_hours,transient_artifact,eligible,DRG,250811::4D-1FL4_Raw.csv,4D-1FL4,True,absolute_error_hours,hours,0.08237011955543494,0.055800993960810175,0.022852281625043602,,,,,,,,,,0.03929915300824813,0.0343224710902513,0.00601503769647618,,,,1.0,1.0,10
Hilbert,pre_period_hours,transient_artifact,eligible,DRG,250811::5C-1FT7_Raw.csv,5C-1FT7,True,absolute_error_hours,hours,0.3040873789562113,0.23135787696895882,0.08398954040892548,,,,,,,,,,0.31097247959053975,0.27848535495508564,0.007740184080911899,,,,1.0,1.0,10
Hilbert,pre_period_hours,transient_artifact,eligible,DRG,250811::6A-1FL1_Raw.csv,6A-1FL1,True,absolute_error_hours,hours,0.04984379614245782,0.057630652191400955,0.00831644590966718,,,,,,,,,,0.11840766521015528,0.12146888576006509,0.0013262815230567562,,,,1.0,1.0,10
Hilbert,pre_period_hours,transient_artifact,eligible,DRG,250811::6B-2ML3_Raw.csv,6B-2ML3,True,absolute_error_hours,hours,0.06839500780434982,0.05372003028044148,0.010667103553895885,,,,,,,,,,0.031492078584835714,0.0362891817350596,-0.00433759880181963,,,,1.0,1.0,10
Hilbert,pre_period_hours,transient_artifact,eligible,DRG,250811::7D-2MT12_Raw.csv,7D-2MT12,True,absolute_error_hours,hours,0.05483244568998025,0.057304480010405,0.011999946490320212,,,,,,,,,,0.04315353908785871,0.0341930095324662,0.005418375117684362,,,,1.0,1.0,10
Hilbert,pre_period_hours,transient_artifact,eligible,DRG,250811::8C-2ML4_Raw.csv,8C-2ML4,True,absolute_error_hours,hours,0.07035203067441742,0.08379351209939934,0.03068512070014151,,,,,,,,,,0.08819049601675445,0.0573324914030076,-0.0025319164629561165,,,,1.0,1.0,10
Hilbert,pre_period_hours,transient_artifact,eligible,DRG,250811::8D-2MT7_Raw.csv,8D-2MT7,True,absolute_error_hours,hours,0.13219134467885318,0.03354298300177838,0.09848786676121613,,,,,,,,,,0.04504183350080001,0.0371169529827546,0.009097867290403188,,,,1.0,1.0,10
Hilbert,pre_period_hours,transient_artifact,eligible,DRG,251003::2B- 1MT7_Raw.csv,2B- 1MT7,True,absolute_error_hours,hours,0.047847165598009056,0.023976262933361525,0.02102865658019404,,,,,,,,,,0.019426804483860333,0.00637609027059355,0.014517278836995853,,,,1.0,1.0,10
Hilbert,pre_period_hours,transient_artifact,eligible,SCN,250625 to 250728::1C-SCN_Raw.csv,1C-SCN,True,absolute_error_hours,hours,0.019962043698059873,0.00892166887608603,0.010505301968674274,,,,,,,,,,0.02057799369624713,0.01904465810705255,0.002070090304217601,,,,1.0,1.0,10
Hilbert,pre_period_hours,transient_artifact,eligible,SCN,250625 to 250728::6C-SCNmm1_Raw.csv,6C-SCNmm1,True,absolute_error_hours,hours,0.08352165460371452,0.0007981067161271227,0.08223120663374317,,,,,,,,,,0.02811406004497645,0.0167700009508069,0.011251392200920298,,,,1.0,1.0,10
Hilbert,pre_period_hours,transient_artifact,eligible,SCN,250625 to 250728::7A-SCNmm2_Raw.csv,7A-SCNmm2,True,absolute_error_hours,hours,0.03315227736406712,0.00993617925329282,0.02767071606952065,,,,,,,,,,0.01749436882396752,0.018983117921617748,-0.0003445735138563784,,,,1.0,1.0,10
Hilbert,pre_period_hours,transient_artifact,eligible,SCN,250625 to 250728::7B-SCNcm2_Raw.csv,7B-SCNcm2,True,absolute_error_hours,hours,0.048897935611627474,0.010745993793365827,0.03824176727341744,,,,,,,,,,0.02035796777749713,0.02105840609218685,-0.0001366275510137193,,,,1.0,1.0,10
Hilbert,pre_period_hours,transient_artifact,eligible,SCN,250728::6A-SCNrM1_Raw.csv,6A-SCNrM1,True,absolute_error_hours,hours,0.09742452168914184,0.019661316274529383,0.0827261170322906,,,,,,,,,,0.0429378308034624,0.01748995618252415,0.025425515555686833,,,,1.0,1.0,10
Hilbert,pre_period_hours,transient_artifact,eligible,SCN,250728::6B-SCNrM2_Raw.csv,6B-SCNrM2,True,absolute_error_hours,hours,0.05000992961597639,0.003815367202752995,0.046936376086373244,,,,,,,,,,0.02924537085784695,0.02021110173315,0.007893578131474798,,,,1.0,1.0,10
Hilbert,pre_period_hours,transient_artifact,eligible,SCN,250728::7A-SCNcM1_Raw.csv,7A-SCNcM1,True,absolute_error_hours,hours,0.06164942665732376,0.012945099777862623,0.046300285196910096,,,,,,,,,,0.04803154415053755,0.020978154683415948,0.027009749840627303,,,,1.0,1.0,10
Hilbert,pre_period_hours,transient_artifact,eligible,SCN,250728::7B-SCNcM2_Raw.csv,7B-SCNcM2,True,absolute_error_hours,hours,0.060479966105404515,0.012349670131566626,0.05068321705992318,,,,,,,,,,0.03092252861027901,0.0210405921146165,0.008604785556533788,,,,1.0,1.0,10
Hilbert,pre_period_hours,transient_artifact,eligible,SCN,250811::1A-1FSCN_Raw.csv,1A-1FSCN,True,absolute_error_hours,hours,0.11273467068704512,0.014146223897720134,0.09859972426316865,,,,,,,,,,0.042443444474836445,0.04720911761609075,-0.004968764192852151,,,,1.0,1.0,10
Hilbert,pre_period_hours,transient_artifact,eligible,SCN,250811::1B-2MSCN_Raw.csv,1B-2MSCN,True,absolute_error_hours,hours,0.06284980692561426,0.012255952426199812,0.049572997279543785,,,,,,,,,,0.04159711268657651,0.04184821853477905,-0.00025761869683673527,,,,1.0,1.0,10
Hilbert,pre_period_hours,transient_artifact,eligible,SCN,250811::1C-3FSCN_Raw.csv,1C-3FSCN,True,absolute_error_hours,hours,0.05276051250879732,0.022394371653426504,0.030367853827103275,,,,,,,,,,0.02831920796584511,0.040651042413778454,-0.012183360529100037,,,,1.0,1.0,10
Hilbert,pre_period_hours,transient_artifact,eligible,SCN,250811::1D-4FSCN_Raw.csv,1D-4FSCN,True,absolute_error_hours,hours,0.05163184095391493,0.016684347864810434,0.03499769035943423,,,,,,,,,,0.04421178013654443,0.044095976460640895,0.0002559238773363233,,,,1.0,1.0,10
Hilbert,pre_period_hours,transient_artifact,eligible,SCN,251003::2A- M1SCn_Raw.csv,2A- M1SCn,True,absolute_error_hours,hours,0.04312910640163636,0.04595073149695672,-0.002617356251862546,,,,,,,,,,0.033684047217769936,0.021692499515394252,0.012344150442036886,,,,1.0,1.0,10
Hilbert,pre_period_hours,transient_artifact,eligible,SCN,251003::4B-M3SCN_Raw.csv,4B-M3SCN,True,absolute_error_hours,hours,0.1211376128946462,0.02993187703387612,0.0916503347994162,,,,,,,,,,0.02569618781185009,0.01621033816494745,0.011926444550032191,,,,1.0,1.0,10
Hilbert,pre_period_hours,transient_artifact,ineligible,DRG,250625 to 250728::5A-T10m1_Raw.csv,5A-T10m1,True,absolute_error_hours,hours,0.2818190876741653,0.21366228438719226,0.06799181072762828,,,,,,,,,,0.2192715411616516,0.1959594479156774,0.024770800714151095,,,,1.0,1.0,10
STFT,post_amplitude_trajectory,gaussian_noise,difficult,DRG,250625 to 250728::1D-L2m2_Raw.csv,1D-L2m2,True,target_segment_calibrated_absolute_nrmse,NRMSE,0.04934588417377353,0.050652056490481545,-0.0010423214118458236,0.0024342786051502435,0.00187347204160455,0.00041350561743777993,0.0017554248427319452,0.00034782850351905426,0.0013272377957321557,,,,0.02151584276901712,0.02299286142437925,-0.0006449111369120023,0.9999891285511385,0.9999904086559785,1.2801048400734594e-06,1.0,1.0,10
STFT,post_amplitude_trajectory,gaussian_noise,difficult,DRG,250625 to 250728::8A-L3_Raw.csv,8A-L3,True,target_segment_calibrated_absolute_nrmse,NRMSE,0.039659723191596115,0.03913536050937075,-1.0542373311290404e-05,0.0026783033032773485,0.00156913785972895,0.0013391263570801766,0.0017077887069943398,0.001494574334717197,0.0004850402226282413,,,,0.014413010847787708,0.01324752417971465,7.08198690674549e-05,0.9999779522950245,0.9999971225197075,1.9198281637766712e-05,1.0,1.0,10
STFT,post_amplitude_trajectory,gaussian_noise,difficult,DRG,250811::3A-1FL4_Raw.csv,3A-1FL4,True,target_segment_calibrated_absolute_nrmse,NRMSE,0.3924966489610885,0.392058134465017,0.00013038028370584986,0.03668176243788174,0.036691246060266344,-7.438516018456326e-05,0.011899958302580838,0.012338861933954282,-0.0006125169129281849,,,,0.2754058814782695,0.27541355026208236,0.00018626276100142114,0.9994324227464354,0.9994409270310916,-1.0453417591538283e-06,1.0,1.0,10
STFT,post_amplitude_trajectory,gaussian_noise,difficult,DRG,250811::4C-2MT5_Raw.csv,4C-2MT5,True,target_segment_calibrated_absolute_nrmse,NRMSE,0.17183749223202854,0.17244582015975485,-0.00021288168108916927,0.02425006650712915,0.02426491565669225,-0.0003911709486268643,0.03605249711526498,0.03558298386424236,-0.0005157126065598039,,,,0.15297527462809635,0.1542726200455108,-0.00033936203467428705,0.9998907922088076,0.9998883005176296,-7.28553168072299e-07,1.0,1.0,10
STFT,post_amplitude_trajectory,gaussian_noise,difficult,DRG,250811::7D-2MT12_Raw.csv,7D-2MT12,True,target_segment_calibrated_absolute_nrmse,NRMSE,0.20000480479831684,0.19878978261339958,0.00038242068335522794,0.027420159267725425,0.0271435578972545,0.00021587762686457734,0.03979979447369497,0.039305383278301576,0.0010793268365025255,,,,0.17825323833619422,0.17721420358869555,0.0003438820635118939,0.9998572269677477,0.9998638635773528,4.750486449767166e-07,1.0,1.0,10
STFT,post_amplitude_trajectory,gaussian_noise,difficult,SCN,250728::6A-SCNrM1_Raw.csv,6A-SCNrM1,True,target_segment_calibrated_absolute_nrmse,NRMSE,0.6586967725096479,0.6586862235691452,-4.735697561475405e-05,0.04991166446445451,0.0499221936487161,8.4596890457634e-05,0.008242527932265098,0.009697050308465793,-0.0009685041198516098,,,,0.3516967579797278,0.3523936344700942,0.0006845308075900669,0.9993568081946027,0.9993572072688327,7.459427931455487e-07,1.0,1.0,10
STFT,post_amplitude_trajectory,gaussian_noise,difficult,SCN,250728::6B-SCNrM2_Raw.csv,6B-SCNrM2,True,target_segment_calibrated_absolute_nrmse,NRMSE,0.5731095119850811,0.5726448200778804,0.00014912253024790267,0.04678891262922302,0.04677909622164665,-4.9982125920403075e-05,0.013579495436324307,0.0150260990335922,0.0004972651756103286,,,,0.3312032603802152,0.3305705221234303,0.00016690147118275656,0.9994594199936008,0.999458662094064,1.6840650969296433e-06,1.0,1.0,10
STFT,post_amplitude_trajectory,gaussian_noise,difficult,SCN,250728::7B-SCNcM2_Raw.csv,7B-SCNcM2,True,target_segment_calibrated_absolute_nrmse,NRMSE,0.681911725359394,0.6817160786019669,0.0001310492137874264,0.04688739098341806,0.046735198105404746,7.86370831586114e-06,0.007481096651524188,0.0067741772335429,0.00060942044046286,,,,0.3522109019030321,0.3528591145656338,-0.0001951513215845968,0.999412436927523,0.9994178748191995,-4.893567289165901e-07,1.0,1.0,10
STFT,post_amplitude_trajectory,gaussian_noise,difficult,SCN,251003::2A- M1SCn_Raw.csv,2A- M1SCn,True,target_segment_calibrated_absolute_nrmse,NRMSE,0.7128577163867147,0.7128449457216192,3.2665454367530877e-06,0.05074572227381514,0.05080393454707395,2.3578558617030898e-05,0.00213259013597189,0.0016725875626539821,0.0009750534487558138,,,,0.35610926142659016,0.35692620168885775,0.0004117415306642558,0.9992752356083785,0.9992753968752222,1.407750289672549e-07,1.0,1.0,10
STFT,post_amplitude_trajectory,gaussian_noise,difficult,SCN,251003::4B-M3SCN_Raw.csv,4B-M3SCN,True,target_segment_calibrated_absolute_nrmse,NRMSE,0.5386643214179678,0.5386850280901474,-0.00012926126536852434,0.052216007085033905,0.05221339156762915,-8.07939407512677e-05,0.0221110350857181,0.021385702876231538,-0.00011647559094529747,,,,0.3392393251624706,0.33914755414292863,-0.0005111262114779885,0.9993719988723375,0.9993715213842913,5.393149643539985e-07,1.0,1.0,10
STFT,post_amplitude_trajectory,gaussian_noise,eligible,DRG,250625 to 250728::1B-L1m2_Raw.csv,1B-L1m2,True,target_segment_calibrated_absolute_nrmse,NRMSE,0.028022819362494573,0.0283847799226447,-0.0002660573763171078,0.002384332575644448,0.00148901872228445,0.0007206142954338482,0.0009011843354971155,0.0008623218785170916,0.00013950188107197947,,,,0.005454936476403568,0.005773344190494099,-0.0005505999798590695,0.9999568818327923,0.9999769032256363,2.194125256987922e-05,1.0,1.0,10
STFT,post_amplitude_trajectory,gaussian_noise,eligible,DRG,250625 to 250728::2C-L3m2_Raw.csv,2C-L3m2,True,target_segment_calibrated_absolute_nrmse,NRMSE,0.03531076656494382,0.03489089239128535,-0.0002269000516232217,0.007947602154008505,0.0072297963781373,0.0005397983448309036,0.003663580608725875,0.0037564766521525073,-0.00019288540634931906,,,,0.01704692886480036,0.0166511626192654,0.00028864749979140916,0.9998730634389522,0.9998883398777139,1.4384456584193295e-05,1.0,1.0,10
STFT,post_amplitude_trajectory,gaussian_noise,eligible,DRG,250625 to 250728::3A-L5m2_Raw.csv,3A-L5m2,True,target_segment_calibrated_absolute_nrmse,NRMSE,0.06690286895527135,0.06551505933557145,-0.00017951274766164066,0.008227164586549946,0.008305173596854499,3.56887253404551e-05,0.00399525115416044,0.0044173698001321315,0.0002614708641834884,,,,0.04339690380640682,0.04253294939537085,-0.0008296405981494774,0.9999528312094885,0.9999479850920014,-5.177762640584671e-06,1.0,1.0,10
STFT,post_amplitude_trajectory,gaussian_noise,eligible,DRG,250625 to 250728::3B-T10m2_Raw.csv,3B-T10m2,True,target_segment_calibrated_absolute_nrmse,NRMSE,0.05998761317097856,0.058569188444702505,0.00014795229429407503,0.009726111567521411,0.0097777189562583,-7.043574227997076e-05,0.0035196929437184554,0.004787825486116948,-0.0013861465025636066,,,,0.0388745113344174,0.03671655767093095,0.001295992759964476,0.9998926296737893,0.9999067165550946,1.3709707742670663e-05,1.0,1.0,10
STFT,post_amplitude_trajectory,gaussian_noise,eligible,DRG,250625 to 250728::4B-T12m2_Raw.csv,4B-T12m2,True,target_segment_calibrated_absolute_nrmse,NRMSE,0.0556660600627349,0.0549069696999177,0.0013941189671477089,0.006473119394783664,0.0064524076356503,0.0003103508481332,0.0024155669664662205,0.003112976436859788,-0.0004941005199657345,,,,0.032541088538388566,0.030709647280948,0.00035894516601796093,0.9999362383244341,0.9999564556616878,1.9532390236109975e-05,1.0,1.0,10
STFT,post_amplitude_trajectory,gaussian_noise,eligible,DRG,250625 to 250728::4C-T5m1_Raw.csv,4C-T5m1,True,target_segment_calibrated_absolute_nrmse,NRMSE,0.03458798270187516,0.03395541274740645,0.0007600515832320558,0.002928795342588917,0.00257739083179355,0.0004021006964256579,0.0011184157382454624,0.0005234115135531459,0.00036861172393781727,,,,0.013277771487958199,0.0122707846519131,0.0009555251977322711,0.9999575521479733,0.9999693355259005,1.2819759312998613e-05,1.0,1.0,10
STFT,post_amplitude_trajectory,gaussian_noise,eligible,DRG,250625 to 250728::4D-T7m1_Raw.csv,4D-T7m1,True,target_segment_calibrated_absolute_nrmse,NRMSE,0.05717603651129465,0.0573277348333344,0.0007376441993716051,0.005067571476818257,0.0050106135076636,0.000296035839365344,0.0015147607477900282,0.002464622990965698,-0.00032046816371072984,,,,0.03222323495369291,0.031954090304878655,0.0008078751373864611,0.9999642582948101,0.9999717389688585,1.1350891017836151e-05,1.0,1.0,10
STFT,post_amplitude_trajectory,gaussian_noise,eligible,DRG,250625 to 250728::5B-T12m2_Raw.csv,5B-T12m2,True,target_segment_calibrated_absolute_nrmse,NRMSE,0.05846101665808402,0.05762185308169935,-0.00020155172538448285,0.007186092877837346,0.0070463023166149,3.505846935440964e-05,0.00442405530900844,0.0036163581289315183,0.0009784773904059907,,,,0.03436667107667116,0.03480765681912805,-0.0007594763279913617,0.9999652593645552,0.9999538512771856,-1.1146735137024244e-05,1.0,1.0,10
STFT,post_amplitude_trajectory,gaussian_noise,eligible,DRG,250625 to 250728::5C-T12_Raw.csv,5C-T12,True,target_segment_calibrated_absolute_nrmse,NRMSE,0.030457799115227238,0.02957519106923575,0.0006374222531813772,0.004916391743395362,0.00406518271249965,0.0010345320971705246,0.0020277907302823084,0.0020180250756622886,-0.0001474017744949735,,,,0.012303476487748941,0.009177971579481699,0.002060191259334481,0.9999039153327056,0.9999321604703337,3.2990860201032035e-05,1.0,1.0,10
STFT,post_amplitude_trajectory,gaussian_noise,eligible,DRG,250625 to 250728::5D-T10_Raw.csv,5D-T10,True,target_segment_calibrated_absolute_nrmse,NRMSE,0.03827358217467644,0.039480613942023055,-0.0007577888119720787,0.0034752505961312616,0.00394537232738385,-3.590316400218867e-05,0.0011071628217723672,0.00163629775871299,-0.0006352776798091708,,,,0.015222322521230399,0.0173392650963516,-0.002124590339927751,0.9999607663955381,0.9999664928240093,6.966811148756413e-06,1.0,1.0,10
STFT,post_amplitude_trajectory,gaussian_noise,eligible,DRG,250625 to 250728::6A-T7_Raw.csv,6A-T7,True,target_segment_calibrated_absolute_nrmse,NRMSE,0.04734636122957627,0.047489775594799,-2.7196036252955663e-05,0.0029885013531746993,0.00195353425412765,0.0010942952875174427,0.002114509531093517,0.0012780564863459076,0.0010494697621146187,,,,0.018304622347818718,0.020135245948116352,3.3084511730739445e-05,0.9999859400491592,0.9999919601902154,7.135199663221847e-06,1.0,1.0,10
STFT,post_amplitude_trajectory,gaussian_noise,eligible,DRG,250625 to 250728::6B-T5_Raw.csv,6B-T5,True,target_segment_calibrated_absolute_nrmse,NRMSE,0.03674640185817974,0.0372330144292297,-0.00035002277766307474,0.0032272474719129375,0.00225853964039945,0.00029286727452598727,0.0009559811455486789,0.0003046597081233504,0.0004806988169975823,,,,0.013962534895343694,0.01368104814079675,0.0010820235885215506,0.9999707621558532,0.9999798257881802,9.453680190341096e-06,1.0,1.0,10
STFT,post_amplitude_trajectory,gaussian_noise,eligible,DRG,250625 to 250728::7C-L1_Raw.csv,7C-L1,True,target_segment_calibrated_absolute_nrmse,NRMSE,0.04190640064305039,0.042000876495057,-0.0003967385576506173,0.004914465823550105,0.004349674524401799,0.00042341557998247384,0.0024958903406618604,0.0021502574280720665,-1.120385612618513e-05,,,,0.02047538084302364,0.020367392907426,0.0001101613013171094,0.9999646736665675,0.9999652675636945,1.6759254167220128e-06,1.0,1.0,10
STFT,post_amplitude_trajectory,gaussian_noise,eligible,DRG,250625 to 250728::7D-L2_Raw.csv,7D-L2,True,target_segment_calibrated_absolute_nrmse,NRMSE,0.03333615447740907,0.0329114231865014,0.00046684188595882276,0.0029884750041083213,0.0015027647031739,0.0011289219298338082,0.0010905480757840147,0.00034066744033708907,0.0005468866405130834,,,,0.011083263052122889,0.0100345593743295,2.862877617788341e-05,0.9999797929625555,0.9999870976095169,5.076687888738718e-06,1.0,1.0,10
STFT,post_amplitude_trajectory,gaussian_noise,eligible,DRG,250625 to 250728::8B-L2m1_Raw.csv,8B-L2m1,True,target_segment_calibrated_absolute_nrmse,NRMSE,0.03986994819101804,0.038893576629013396,0.00028096344255826994,0.005662461087223323,0.0064273817783001,-0.0007135213015818866,0.0030837843533088882,0.0032030161678879565,-0.00011307807831062444,,,,0.019721365748943447,0.0198540792085341,-0.00028659511283815,0.9999302944109395,0.9999224829677914,-7.811443148098007e-06,1.0,1.0,10
STFT,post_amplitude_trajectory,gaussian_noise,eligible,DRG,250625 to 250728::8C-L3m1_Raw.csv,8C-L3m1,True,target_segment_calibrated_absolute_nrmse,NRMSE,0.10022444384661691,0.10070999576895209,-0.00015386262489467534,0.0036398168147098397,0.00326215412111555,0.0004170142638444739,0.0032083241331212764,0.0010961355759966929,0.00047750970462434594,,,,0.05485097457885967,0.0577184153498775,-0.00015598804653685003,0.9999896628913323,0.999989779726147,2.3787237679595563e-07,1.0,1.0,10
STFT,post_amplitude_trajectory,gaussian_noise,eligible,DRG,250625 to 250728::8D-L4-1m1_Raw.csv,8D-L4-1m1,True,target_segment_calibrated_absolute_nrmse,NRMSE,0.07201623602050586,0.071948621456514,1.690795945721163e-05,0.009793081658255815,0.00985739894600465,-0.0003582696897638715,0.005772804064009929,0.004970139297413689,0.0005847363815947304,,,,0.046895209609697036,0.04780676869750415,-0.0001380999562323737,0.9999276378406701,0.999922726930091,-8.818281840072828e-06,1.0,1.0,10
STFT,post_amplitude_trajectory,gaussian_noise,eligible,DRG,250811::2C-2ML1_Raw.csv,2C-2ML1,True,target_segment_calibrated_absolute_nrmse,NRMSE,0.06442703197293956,0.0647168258378095,-2.243918009600665e-05,0.013893288908675007,0.0130558487998059,0.0006493118093952076,0.015123960885662091,0.014228759532456281,0.00031694880990235097,,,,0.0529103506655377,0.05255079600226405,-0.0001271082498586068,0.9998712308579916,0.9998840304645302,1.2830431234012174e-05,1.0,1.0,10
STFT,post_amplitude_trajectory,gaussian_noise,eligible,DRG,250811::2D-1FL2_Raw.csv,2D-1FL2,True,target_segment_calibrated_absolute_nrmse,NRMSE,0.036588532132059995,0.0372398246221423,-0.0002444223906342968,0.006482364757759898,0.0057256380800122,0.000601619265648974,0.0065622352231610726,0.006314035479218216,0.0004113682264236529,,,,0.018150300466570377,0.01792103780094245,-0.0016332467726113565,0.9999411790660311,0.9999520481368592,1.0181460223690486e-05,1.0,1.0,10
STFT,post_amplitude_trajectory,gaussian_noise,eligible,DRG,250811::3D-1FT10_Raw.csv,3D-1FT10,True,target_segment_calibrated_absolute_nrmse,NRMSE,0.026636796560120544,0.029225321299245398,-0.0019511865020977511,0.0030292989708680797,0.0034088895504602998,-0.0003210591596762202,0.0036160722245273946,0.00375794795853579,-0.00015647207329916313,,,,0.005721451150982852,0.00870342038452935,-0.0026052528887370256,0.9999651234797029,0.9999728220001702,7.1354332930595454e-06,1.0,1.0,10
STFT,post_amplitude_trajectory,gaussian_noise,eligible,DRG,250811::4A-2MT10_Raw.csv,4A-2MT10,True,target_segment_calibrated_absolute_nrmse,NRMSE,0.05491553062305238,0.055734711814728805,-0.00038654473692623786,0.005306967393452286,0.0054812688109352505,-1.9352967491733687e-05,0.005976282504776276,0.006099422426438905,0.0002876028848274592,,,,0.03262359196018769,0.0329648408786586,5.055224957716681e-05,0.9999748881356616,0.9999766832035568,-3.0389599219859953e-06,1.0,1.0,10
STFT,post_amplitude_trajectory,gaussian_noise,eligible,DRG,250811::4D-1FL4_Raw.csv,4D-1FL4,True,target_segment_calibrated_absolute_nrmse,NRMSE,0.04148300158256306,0.0405264955698606,0.0006192478226027288,0.007315714919431734,0.00678027084128135,0.0007247809825488452,0.009315546378752315,0.008035376330395888,0.000772056114157621,,,,0.02361309862736371,0.0220451351516014,0.00035619732273648244,0.999957570167249,0.9999616123307491,3.825909194066224e-06,1.0,1.0,10
STFT,post_amplitude_trajectory,gaussian_noise,eligible,DRG,250811::5A-2ML2_Raw.csv,5A-2ML2,True,target_segment_calibrated_absolute_nrmse,NRMSE,0.036382134590013944,0.0367061185715396,0.00014396814251544515,0.003863014622405587,0.0035808712431860497,0.00022324087681808665,0.0030092381796258116,0.0027658465032640855,0.000484789346188369,,,,0.017922156153268143,0.01710497346255785,0.00061009292487791,0.999946888212073,0.9999570799926042,7.21359196997895e-06,1.0,1.0,10
STFT,post_amplitude_trajectory,gaussian_noise,eligible,DRG,250811::5C-1FT7_Raw.csv,5C-1FT7,True,target_segment_calibrated_absolute_nrmse,NRMSE,0.06312185552496569,0.06312366697767235,5.317173640471268e-06,0.01059943445763881,0.0106284621661735,-0.00018338870142421432,0.01256536275175435,0.012074325642039363,-0.00010589612869560394,,,,0.04515696578848276,0.0464733438050898,-0.0005619963509360219,0.9999273967698313,0.9999197099004222,-4.022386583590887e-06,1.0,1.0,10
STFT,post_amplitude_trajectory,gaussian_noise,eligible,DRG,250811::6A-1FL1_Raw.csv,6A-1FL1,True,target_segment_calibrated_absolute_nrmse,NRMSE,0.03035490380188373,0.0306663245281443,-0.00048506495176732847,0.005867457008266326,0.0059169285293452,8.705738567417855e-05,0.00564782276420675,0.005941055020777186,-0.00035868189853532906,,,,0.013565059151977163,0.012377681528638301,0.0015471760672790373,0.9998738090180133,0.9998999224947109,2.6552255930900603e-05,1.0,1.0,10
STFT,post_amplitude_trajectory,gaussian_noise,eligible,DRG,250811::6B-2ML3_Raw.csv,6B-2ML3,True,target_segment_calibrated_absolute_nrmse,NRMSE,0.023826275711420347,0.0246819337097523,-0.00032391544086607035,0.002876436666997618,0.00196582624523435,0.0010619983723853684,0.0027486605288947474,0.0017191173714113939,0.0009922203410741987,,,,0.005503267085648944,0.0033081277018138996,0.0023007192091456965,0.9999123577292308,0.999949814115815,4.026657971006875e-05,1.0,1.0,10
STFT,post_amplitude_trajectory,gaussian_noise,eligible,DRG,250811::7C-1FT12_Raw.csv,7C-1FT12,True,target_segment_calibrated_absolute_nrmse,NRMSE,0.022476262735703315,0.020628076760347898,0.00114442280128489,0.004373046702341685,0.00361012133450345,0.000359469616217752,0.0029167936536813287,0.0030513935806470507,-0.0003366829272806772,,,,0.004877915675015037,0.0011276382160483,0.003811951244312446,0.9986708014278141,0.9991785043686165,0.0002711957123984199,1.0,1.0,10
STFT,post_amplitude_trajectory,gaussian_noise,eligible,DRG,250811::8A-1FT5_Raw.csv,8A-1FT5,True,target_segment_calibrated_absolute_nrmse,NRMSE,0.050735276340545296,0.0502838021343286,-3.9392903327981066e-05,0.004640802828870292,0.00446597017256125,0.00035704506541972916,0.0046458597498660326,0.0039223726265844305,0.0004860422047595625,,,,0.028301779218591113,0.02905010908716605,0.0001756410264087023,0.9999645575488234,0.9999655361695261,1.194101351575938e-06,1.0,1.0,10
STFT,post_amplitude_trajectory,gaussian_noise,eligible,DRG,250811::8C-2ML4_Raw.csv,8C-2ML4,True,target_segment_calibrated_absolute_nrmse,NRMSE,0.046283105916852446,0.0474664655124577,-0.0005016391747962451,0.0078876196798368,0.0078238279751624,-0.0006130514105852063,0.007460416322796148,0.007971683983476946,-0.0009745056767873628,,,,0.028436921212575836,0.0295417343430689,-0.00021396730941002085,0.9999197690496311,0.999923788179168,2.2643047037362862e-06,1.0,1.0,10
STFT,post_amplitude_trajectory,gaussian_noise,eligible,DRG,250811::8D-2MT7_Raw.csv,8D-2MT7,True,target_segment_calibrated_absolute_nrmse,NRMSE,0.06870521209329836,0.06810074195852861,0.0003933469615222916,0.008107032812964488,0.00820841578623545,-2.8017804154655164e-06,0.008238320199670468,0.008741248429783688,0.00021417110584204258,,,,0.04806599334066981,0.04820273601715045,0.0008904500235907206,0.9999527643707913,0.999956835561312,3.1940881114467246e-06,1.0,1.0,10
STFT,post_amplitude_trajectory,gaussian_noise,eligible,DRG,251003::2B- 1MT7_Raw.csv,2B- 1MT7,True,target_segment_calibrated_absolute_nrmse,NRMSE,0.04165390400594052,0.040565419490840096,-0.000350374201695286,0.0022277659536084652,0.0011559587408947998,0.0011328716376625087,0.001101864435871902,0.00037856919579701276,0.0005561323090704229,,,,0.015020169520531406,0.01563363738260775,-0.000845479843858717,0.9999847210196231,0.9999956575793632,1.195464654790701e-05,1.0,1.0,10
STFT,post_amplitude_trajectory,gaussian_noise,eligible,DRG,251003::2C- M1L1_Raw.csv,2C- M1L1,True,target_segment_calibrated_absolute_nrmse,NRMSE,0.43918953317658505,0.43962545535267183,-0.00025917227343041915,0.04547406183477261,0.045442385791201856,1.4301701920484827e-05,0.016705451214628297,0.017539426197028307,-7.975464943132948e-05,,,,0.2859207787176635,0.2854406249085417,8.291964389131601e-05,0.9994923791202185,0.9994913074404406,-3.740491287262948e-07,1.0,1.0,10
STFT,post_amplitude_trajectory,gaussian_noise,eligible,DRG,251003::2D- M1L4_Raw.csv,2D- M1L4,True,target_segment_calibrated_absolute_nrmse,NRMSE,0.06523454284377234,0.0659595674090871,-0.00046231506103636827,0.006849560673153853,0.0069350371387937,0.00036838081901276274,0.004612413082932976,0.004823876148632555,0.00047493108671964324,,,,0.0274336629592392,0.02800108518124185,4.3059866810373285e-05,0.9999571600429826,0.9999561773980733,5.6796477259091205e-06,1.0,1.0,10
STFT,post_amplitude_trajectory,gaussian_noise,eligible,SCN,250625 to 250728::1C-SCN_Raw.csv,1C-SCN,True,target_segment_calibrated_absolute_nrmse,NRMSE,0.07867919428782538,0.0796522018230386,-0.0003688229009238264,0.005021219022951197,0.004957416085122,-0.0002117261957002869,0.0026215987940240715,0.003005399394285596,4.730699322497145e-05,,,,0.0399851356301046,0.0393458492151403,0.0008764996086870914,0.9999755049458545,0.999982182162924,-4.205365634613045e-07,1.0,1.0,10
STFT,post_amplitude_trajectory,gaussian_noise,eligible,SCN,250625 to 250728::6C-SCNmm1_Raw.csv,6C-SCNmm1,True,target_segment_calibrated_absolute_nrmse,NRMSE,0.18453908927485477,0.18501591511357174,5.948658900722936e-05,0.004580403222374182,0.00427571688997395,0.00021971440335232482,0.0028401141286873988,0.0013061090018872679,0.0021800437287736174,,,,0.10518004852828292,0.1049836153644163,0.00022104070766088002,0.999987775896701,0.9999889768329275,-4.915410168893075e-07,1.0,1.0,10
STFT,post_amplitude_trajectory,gaussian_noise,eligible,SCN,250625 to 250728::7A-SCNmm2_Raw.csv,7A-SCNmm2,True,target_segment_calibrated_absolute_nrmse,NRMSE,0.3035484697964851,0.30292703968585066,0.0005426738911141482,0.02342697152802975,0.0230410756249615,0.00026449898617151614,0.00994652353931591,0.008960778835407912,0.0014633303231653683,,,,0.19179494090873944,0.19087700255352716,0.0013268608063794624,0.9998221091782062,0.9998260078746144,1.093423401543614e-06,1.0,1.0,10
STFT,post_amplitude_trajectory,gaussian_noise,eligible,SCN,250625 to 250728::7B-SCNcm2_Raw.csv,7B-SCNcm2,True,target_segment_calibrated_absolute_nrmse,NRMSE,0.5997520289707747,0.5998584550870194,-0.00013223530616107704,0.04719008541245729,0.04715929611192465,3.934528117009034e-06,0.014630957659998445,0.012990279501783664,0.0019318215016967955,,,,0.3359407302137808,0.33653571210128974,-0.0008681039424531245,0.999442718500462,0.9994399692056476,-1.7934791140539197e-06,1.0,1.0,10
STFT,post_amplitude_trajectory,gaussian_noise,eligible,SCN,250728::7A-SCNcM1_Raw.csv,7A-SCNcM1,True,target_segment_calibrated_absolute_nrmse,NRMSE,0.03772835978777271,0.0367640901581964,-1.3352851934284732e-05,0.008875109339489335,0.009653768069930901,0.0007506653729929813,0.00558589511039366,0.006536883909488006,0.0003106573016700698,,,,0.006726462804920893,0.005880477726321,0.00030482570677282895,0.9997175848618891,0.9996004205897298,-1.4091734678867152e-05,1.0,1.0,10
STFT,post_amplitude_trajectory,gaussian_noise,eligible,SCN,250811::1A-1FSCN_Raw.csv,1A-1FSCN,True,target_segment_calibrated_absolute_nrmse,NRMSE,0.06834139989456381,0.06992977513937255,-0.00032385562078612526,0.01118509495497573,0.01013473182736415,0.00037800335368172455,0.011843567525049836,0.010453946122624985,0.0004476837716704818,,,,0.029690523217047113,0.03007445681646105,-0.00014253445580249616,0.999874232122866,0.9998684198008443,-9.984057915413125e-07,1.0,1.0,10
STFT,post_amplitude_trajectory,gaussian_noise,eligible,SCN,250811::1B-2MSCN_Raw.csv,1B-2MSCN,True,target_segment_calibrated_absolute_nrmse,NRMSE,0.049397484558269436,0.0508775283644064,-0.0009359508962767937,0.0025611556583975555,0.0023879850318331503,0.0003518727666032708,0.0021068401197380515,0.0009273467420237713,0.0011648166475806132,,,,0.02665244904499841,0.02650374303100355,-0.000339695966145628,0.999977524613795,0.9999785712791228,3.4308762808521465e-07,1.0,1.0,10
STFT,post_amplitude_trajectory,gaussian_noise,eligible,SCN,250811::1C-3FSCN_Raw.csv,1C-3FSCN,True,target_segment_calibrated_absolute_nrmse,NRMSE,0.13543461114617233,0.1350285296003088,0.00042725676759320513,0.006684497933388711,0.00626702305043685,0.00014396856253915888,0.002222512258962639,0.0042068461025658865,-0.0001528394350194251,,,,0.08785359647700935,0.08646257898210274,0.0009229517803155951,0.9999350071395725,0.9999420637447266,5.056340892650724e-06,1.0,1.0,10
STFT,post_amplitude_trajectory,gaussian_noise,eligible,SCN,250811::1D-4FSCN_Raw.csv,1D-4FSCN,True,target_segment_calibrated_absolute_nrmse,NRMSE,0.2963278379683423,0.2967709810651644,-0.00033676712668823106,0.031122037235164754,0.0314000243515289,-0.0001796400433362877,0.024697041127788033,0.026366915338662755,-0.0004563944314537327,,,,0.23179850178391603,0.23225963499095065,-0.000461133207034628,0.9996499875740625,0.9996489070913988,3.0633309210381654e-06,1.0,1.0,10
STFT,post_amplitude_trajectory,gaussian_noise,ineligible,DRG,250625 to 250728::5A-T10m1_Raw.csv,5A-T10m1,True,target_segment_calibrated_absolute_nrmse,NRMSE,0.4922026343595205,0.4924381182115903,9.331630043513117e-05,0.05274715346581917,0.052913002496970604,-0.00010788673587967465,0.01958366567051728,0.01844839633963702,-0.0004061049014154605,,,,0.31935512326746335,0.31927219052171263,-0.0005560834355905764,0.99932316219977,0.9993225716348502,3.811240833484497e-07,1.0,1.0,10
STFT,post_amplitude_trajectory,missing_block_6h,difficult,DRG,250625 to 250728::1D-L2m2_Raw.csv,1D-L2m2,True,target_segment_calibrated_absolute_nrmse,NRMSE,0.048848928844034356,0.050652056490481545,-0.0009234714188659197,0.003271953301756197,0.00187347204160455,0.001563485845361247,0.0023674890465670007,0.00034782850351905426,0.0017923458699278527,,,,0.023033902926421247,0.02299286142437925,-1.4014568796971022e-06,0.9999734024647364,0.9999904086559785,1.5833395953013252e-05,1.0,1.0,10
STFT,post_amplitude_trajectory,missing_block_6h,difficult,DRG,250625 to 250728::8A-L3_Raw.csv,8A-L3,True,target_segment_calibrated_absolute_nrmse,NRMSE,0.035895099619495885,0.03913536050937075,-0.0030426887881005726,0.007760751958395841,0.00156913785972895,0.006072505567495841,0.0026509675263140797,0.001494574334717197,0.0010784404473542508,,,,0.0121952072556386,0.01324752417971465,-0.0013747330441808902,0.9997161326761076,0.9999971225197075,0.00028082662159872873,1.0,1.0,10
STFT,post_amplitude_trajectory,missing_block_6h,difficult,DRG,250811::3A-1FL4_Raw.csv,3A-1FL4,True,target_segment_calibrated_absolute_nrmse,NRMSE,0.3701594563511622,0.392058134465017,-0.002446767982289183,0.0303468064307076,0.036691246060266344,-0.0016869358265565963,0.018337189224995276,0.012338861933954282,0.006681575906599679,,,,0.2536256672308588,0.27541355026208236,-0.007717948345503045,0.9995662520883306,0.9994409270310916,2.7094649598213838e-05,1.0,1.0,10
STFT,post_amplitude_trajectory,missing_block_6h,difficult,DRG,250811::4C-2MT5_Raw.csv,4C-2MT5,True,target_segment_calibrated_absolute_nrmse,NRMSE,0.16150050043948017,0.17244582015975485,-0.0009952379922970184,0.02154841751323147,0.02426491565669225,-0.0013985024379022295,0.03205501296744534,0.03558298386424236,-0.0026071893929607848,,,,0.1369292813135743,0.1542726200455108,-0.0004686773234730268,0.9998772774344056,0.9998883005176296,3.577478834504433e-06,1.0,1.0,10
STFT,post_amplitude_trajectory,missing_block_6h,difficult,DRG,250811::7D-2MT12_Raw.csv,7D-2MT12,True,target_segment_calibrated_absolute_nrmse,NRMSE,0.18755020903602182,0.19878978261339958,-0.00299843119998483,0.024513287528191638,0.0271435578972545,-5.7809147825740176e-05,0.043999444451007674,0.039305383278301576,0.0005395618876794517,,,,0.15972101111758163,0.17721420358869555,-0.0017391225033658864,0.9998591872393081,0.9998638635773528,4.4480610833508294e-07,1.0,1.0,10
STFT,post_amplitude_trajectory,missing_block_6h,difficult,SCN,250728::6A-SCNrM1_Raw.csv,6A-SCNrM1,True,target_segment_calibrated_absolute_nrmse,NRMSE,0.6317046879256603,0.6586862235691452,-0.001451377178344121,0.04784118380740428,0.0499221936487161,-0.0002899186224234289,0.008610618085806876,0.009697050308465793,-0.0010099129239194982,,,,0.336447566130463,0.3523936344700942,-0.006481802234124062,0.9993920686784805,0.9993572072688327,5.683200554051915e-07,1.0,1.0,10
STFT,post_amplitude_trajectory,missing_block_6h,difficult,SCN,250728::6B-SCNrM2_Raw.csv,6B-SCNrM2,True,target_segment_calibrated_absolute_nrmse,NRMSE,0.5399054248776636,0.5726448200778804,-1.940545000711502e-05,0.04447316158583331,0.04677909622164665,-2.007706830847375e-05,0.009340130861943297,0.0150260990335922,-0.0024242044069456847,,,,0.32259442020619233,0.3305705221234303,-5.877895151606971e-05,0.9994983620122111,0.999458662094064,9.89000551732122e-07,1.0,1.0,10
STFT,post_amplitude_trajectory,missing_block_6h,difficult,SCN,250728::7B-SCNcM2_Raw.csv,7B-SCNcM2,True,target_segment_calibrated_absolute_nrmse,NRMSE,0.6804366613325238,0.6817160786019669,-0.00038665097739598586,0.04620033092334502,0.046735198105404746,-0.00012692525760018766,0.005802779710879058,0.0067741772335429,-0.0008114483278545137,,,,0.34464934134655456,0.3528591145656338,-0.005092503591451997,0.9994094818900516,0.9994178748191995,2.457964964452941e-06,1.0,1.0,10
STFT,post_amplitude_trajectory,missing_block_6h,difficult,SCN,251003::2A- M1SCn_Raw.csv,2A- M1SCn,True,target_segment_calibrated_absolute_nrmse,NRMSE,0.7035051720360126,0.7128449457216192,-0.000495942159341789,0.04950773006372665,0.05080393454707395,-6.702675454680479e-05,0.006350961987189319,0.0016725875626539821,0.0036573196345148773,,,,0.3449901051824758,0.35692620168885775,-0.005468184378913554,0.9992912735160607,0.9992753968752222,1.3736387693419339e-06,1.0,1.0,10
STFT,post_amplitude_trajectory,missing_block_6h,difficult,SCN,251003::4B-M3SCN_Raw.csv,4B-M3SCN,True,target_segment_calibrated_absolute_nrmse,NRMSE,0.5368271648747351,0.5386850280901474,-0.00012276737070102128,0.05102570974470768,0.05221339156762915,-4.93267440702036e-05,0.014729012573543643,0.021385702876231538,-0.005881776445023412,,,,0.3177547469438885,0.33914755414292863,-0.0014431725078164759,0.9993882310743175,0.9993715213842913,6.521819441496213e-06,1.0,1.0,10
STFT,post_amplitude_trajectory,missing_block_6h,eligible,DRG,250625 to 250728::1B-L1m2_Raw.csv,1B-L1m2,True,target_segment_calibrated_absolute_nrmse,NRMSE,0.02421151682331539,0.0283847799226447,-0.0038494450050347104,0.019807054263058663,0.00148901872228445,0.01829504880080681,0.011098605567954167,0.0008623218785170916,0.010284188644114817,,,,0.010915341776820485,0.005773344190494099,0.0037918822291881844,0.9967710773642697,0.9999769032256363,0.0032062142490734136,1.0,1.0,10
STFT,post_amplitude_trajectory,missing_block_6h,eligible,DRG,250625 to 250728::2C-L3m2_Raw.csv,2C-L3m2,True,target_segment_calibrated_absolute_nrmse,NRMSE,0.030659233127671617,0.03489089239128535,-0.0036866400270021416,0.00822158780532482,0.0072297963781373,0.00026966128565537005,0.0024716522874181635,0.0037564766521525073,-0.001558966563596137,,,,0.015720273917952866,0.0166511626192654,-0.0008496227244584849,0.9998360062428997,0.9998883398777139,4.966366953035317e-05,1.0,1.0,10
STFT,post_amplitude_trajectory,missing_block_6h,eligible,DRG,250625 to 250728::3A-L5m2_Raw.csv,3A-L5m2,True,target_segment_calibrated_absolute_nrmse,NRMSE,0.05465612144380902,0.06551505933557145,-0.010526752768150485,0.019023317273561095,0.008305173596854499,0.010784643154745343,0.0037813343776189057,0.0044173698001321315,-0.0006573938728154372,,,,0.031769482233734776,0.04253294939537085,-0.010301363113743325,0.9994985104435705,0.9999479850920014,0.000449621573953507,1.0,1.0,10
STFT,post_amplitude_trajectory,missing_block_6h,eligible,DRG,250625 to 250728::3B-T10m2_Raw.csv,3B-T10m2,True,target_segment_calibrated_absolute_nrmse,NRMSE,0.04987374760941115,0.058569188444702505,-0.009011410257912751,0.01671287719877785,0.0097777189562583,0.006825469160621299,0.012985635248786681,0.004787825486116948,0.008329287029654187,,,,0.034633859798701885,0.03671655767093095,-0.0018294267981743134,0.9996821803456214,0.9999067165550946,0.00022322558659704228,1.0,1.0,10
STFT,post_amplitude_trajectory,missing_block_6h,eligible,DRG,250625 to 250728::4B-T12m2_Raw.csv,4B-T12m2,True,target_segment_calibrated_absolute_nrmse,NRMSE,0.05225478263744493,0.0549069696999177,-0.0023754918265805718,0.007385835000493103,0.0064524076356503,0.0010184344919349003,0.0032951567819395067,0.003112976436859788,4.256200794941489e-05,,,,0.028978112844578977,0.030709647280948,-0.0004605226553769746,0.9999292171091853,0.9999564556616878,2.6059692042723626e-05,1.0,1.0,10
STFT,post_amplitude_trajectory,missing_block_6h,eligible,DRG,250625 to 250728::4C-T5m1_Raw.csv,4C-T5m1,True,target_segment_calibrated_absolute_nrmse,NRMSE,0.03163426052090648,0.03395541274740645,-0.0013365656661444222,0.016699074145056676,0.00257739083179355,0.014313902881825854,0.006858533898892058,0.0005234115135531459,0.006527424149335659,,,,0.011109916739165787,0.0122707846519131,-1.0550347623768976e-05,0.999284480363386,0.9999693355259005,0.0006853926052655113,1.0,1.0,10
STFT,post_amplitude_trajectory,missing_block_6h,eligible,DRG,250625 to 250728::4D-T7m1_Raw.csv,4D-T7m1,True,target_segment_calibrated_absolute_nrmse,NRMSE,0.04763160822091431,0.0573277348333344,-0.006097160120531464,0.015294008343786143,0.0050106135076636,0.009341926306955843,0.0047992673469852976,0.002464622990965698,0.0022402549654276516,,,,0.025947404920194497,0.031954090304878655,-0.0036267048158049545,0.9996841417633191,0.9999717389688585,0.0002776960636349246,1.0,1.0,10
STFT,post_amplitude_trajectory,missing_block_6h,eligible,DRG,250625 to 250728::5B-T12m2_Raw.csv,5B-T12m2,True,target_segment_calibrated_absolute_nrmse,NRMSE,0.05067052040458288,0.05762185308169935,-0.004959206002262701,0.008078620018031899,0.0070463023166149,0.0008458977214160991,0.0032747749747046584,0.0036163581289315183,0.00014835354993211758,,,,0.029343851868229395,0.03480765681912805,-0.007797052367683466,0.9998772097170965,0.9999538512771856,7.44432515208393e-05,1.0,1.0,10
STFT,post_amplitude_trajectory,missing_block_6h,eligible,DRG,250625 to 250728::5C-T12_Raw.csv,5C-T12,True,target_segment_calibrated_absolute_nrmse,NRMSE,0.025602739530046284,0.02957519106923575,-0.002244863836618564,0.006389234931094903,0.00406518271249965,0.0023623544299701815,0.00478203226521938,0.0020180250756622886,0.002342176600319129,,,,0.008264504612140119,0.009177971579481699,-0.00028790986745056,0.9997252142186923,0.9999321604703337,0.0001942652915234433,1.0,1.0,10
STFT,post_amplitude_trajectory,missing_block_6h,eligible,DRG,250625 to 250728::5D-T10_Raw.csv,5D-T10,True,target_segment_calibrated_absolute_nrmse,NRMSE,0.03521761777630604,0.039480613942023055,-0.002864684631357299,0.008346180810587439,0.00394537232738385,0.004354315280616139,0.004014833896331033,0.00163629775871299,0.002279750333022773,,,,0.01598218601540186,0.0173392650963516,-0.002070198762955452,0.9997719885434003,0.9999664928240093,0.00019116218287734688,1.0,1.0,10
STFT,post_amplitude_trajectory,missing_block_6h,eligible,DRG,250625 to 250728::6A-T7_Raw.csv,6A-T7,True,target_segment_calibrated_absolute_nrmse,NRMSE,0.04456865313177633,0.047489775594799,-0.003233423109487984,0.008943124671574005,0.00195353425412765,0.005769434866773256,0.005574211288246617,0.0012780564863459076,0.004453153495207113,,,,0.01836604636491887,0.020135245948116352,-0.0004544724711690821,0.9998092216521504,0.9999919601902154,0.00017489357942279682,1.0,1.0,10
STFT,post_amplitude_trajectory,missing_block_6h,eligible,DRG,250625 to 250728::6B-T5_Raw.csv,6B-T5,True,target_segment_calibrated_absolute_nrmse,NRMSE,0.032346324249633324,0.0372330144292297,-0.005660125819145385,0.010425001359708122,0.00225853964039945,0.007936784461733522,0.005283663912148878,0.0003046597081233504,0.005017845435599938,,,,0.013306450675060335,0.01368104814079675,-0.0004094708018236642,0.9996976679154292,0.9999798257881802,0.00027879242064338117,1.0,1.0,10
STFT,post_amplitude_trajectory,missing_block_6h,eligible,DRG,250625 to 250728::7C-L1_Raw.csv,7C-L1,True,target_segment_calibrated_absolute_nrmse,NRMSE,0.04079951016977777,0.042000876495057,-0.0007640768922398435,0.006797914188507511,0.004349674524401799,0.00202264230761685,0.00449869424412247,0.0021502574280720665,0.0022113183809939485,,,,0.01980562528992769,0.020367392907426,-2.4254671619646645e-05,0.9998640795157545,0.9999652675636945,9.960646355822167e-05,1.0,1.0,10
STFT,post_amplitude_trajectory,missing_block_6h,eligible,DRG,250625 to 250728::7D-L2_Raw.csv,7D-L2,True,target_segment_calibrated_absolute_nrmse,NRMSE,0.03182881640291242,0.0329114231865014,-0.0012263326218966523,0.010239299297629375,0.0015027647031739,0.007989114152288875,0.00901272055247837,0.00034066744033708907,0.008203592388723827,,,,0.008995475519087411,0.0100345593743295,-0.0003974459948573603,0.9996245142696609,0.9999870976095169,0.0003532199628298316,1.0,1.0,10
STFT,post_amplitude_trajectory,missing_block_6h,eligible,DRG,250625 to 250728::8B-L2m1_Raw.csv,8B-L2m1,True,target_segment_calibrated_absolute_nrmse,NRMSE,0.035033218521129166,0.038893576629013396,-0.001464884118080153,0.006568417600625446,0.0064273817783001,0.0001506381428044959,0.0029166397645897513,0.0032030161678879565,4.1701864254631293e-05,,,,0.017210543596853735,0.0198540792085341,-0.0007518666653821321,0.9998665015063669,0.9999224829677914,5.503213351226721e-05,1.0,1.0,10
STFT,post_amplitude_trajectory,missing_block_6h,eligible,DRG,250625 to 250728::8C-L3m1_Raw.csv,8C-L3m1,True,target_segment_calibrated_absolute_nrmse,NRMSE,0.09390212871596246,0.10070999576895209,-0.003826796269199323,0.009402461983852507,0.00326215412111555,0.0040830519240089725,0.003736744975564976,0.0010961355759966929,0.0027059967117507022,,,,0.0512034089981665,0.0577184153498775,-0.0007036176365349742,0.9999659582872558,0.999989779726147,1.4552071133988598e-05,1.0,1.0,10
STFT,post_amplitude_trajectory,missing_block_6h,eligible,DRG,250625 to 250728::8D-L4-1m1_Raw.csv,8D-L4-1m1,True,target_segment_calibrated_absolute_nrmse,NRMSE,0.060781644482428315,0.071948621456514,-0.01004575485561435,0.012134941887926149,0.00985739894600465,0.00264939970818905,0.0049225199101403105,0.004970139297413689,-0.0003060038745856253,,,,0.034823660031813516,0.04780676869750415,-0.01367939168306398,0.9997728816301834,0.999922726930091,0.00015314771502894509,1.0,1.0,10
STFT,post_amplitude_trajectory,missing_block_6h,eligible,DRG,250811::2C-2ML1_Raw.csv,2C-2ML1,True,target_segment_calibrated_absolute_nrmse,NRMSE,0.05581042714727114,0.0647168258378095,-0.0037369604322561104,0.01231667896040198,0.0130558487998059,-0.0006098026215151705,0.012221002955505766,0.014228759532456281,-0.0013684705266578945,,,,0.038985153671293724,0.05255079600226405,-0.005766561818389575,0.9998688782352688,0.9998840304645302,1.785486061944841e-05,1.0,1.0,10
STFT,post_amplitude_trajectory,missing_block_6h,eligible,DRG,250811::2D-1FL2_Raw.csv,2D-1FL2,True,target_segment_calibrated_absolute_nrmse,NRMSE,0.03387344448696282,0.0372398246221423,-0.0026569379939026527,0.008021260294431986,0.0057256380800122,0.0016476323057281364,0.007158688008829822,0.006314035479218216,0.0005317139259840842,,,,0.021003045641048858,0.01792103780094245,-0.00021553618521822672,0.9998653455364372,0.9999520481368592,8.726133797248847e-05,1.0,1.0,10
STFT,post_amplitude_trajectory,missing_block_6h,eligible,DRG,250811::3D-1FT10_Raw.csv,3D-1FT10,True,target_segment_calibrated_absolute_nrmse,NRMSE,0.02736541014222216,0.029225321299245398,-0.0017598594428628357,0.004218298557339026,0.0034088895504602998,0.0004272627922920259,0.0023404972171665595,0.00375794795853579,-0.0016538349386483464,,,,0.00819088542547063,0.00870342038452935,-0.0005800453182104705,0.9998260092277714,0.9999728220001702,0.00014733860166676882,1.0,1.0,10
STFT,post_amplitude_trajectory,missing_block_6h,eligible,DRG,250811::4A-2MT10_Raw.csv,4A-2MT10,True,target_segment_calibrated_absolute_nrmse,NRMSE,0.04110547992724256,0.055734711814728805,-0.011790695714428846,0.016225781866094538,0.0054812688109352505,0.01086225982556739,0.013541836922075334,0.006099422426438905,0.007548043662781195,,,,0.02875330488899378,0.0329648408786586,-0.0054832777307198925,0.999612029404972,0.9999766832035568,0.0003626195700761059,1.0,1.0,10
STFT,post_amplitude_trajectory,missing_block_6h,eligible,DRG,250811::4D-1FL4_Raw.csv,4D-1FL4,True,target_segment_calibrated_absolute_nrmse,NRMSE,0.036400633363946985,0.0405264955698606,-0.004850742181818902,0.009721407738848638,0.00678027084128135,0.0024390651524376383,0.010637580303528044,0.008035376330395888,0.0024767185927645208,,,,0.012593250461198429,0.0220451351516014,-0.008215615656830372,0.9997046878757687,0.9999616123307491,0.00025801132666042337,1.0,1.0,10
STFT,post_amplitude_trajectory,missing_block_6h,eligible,DRG,250811::5A-2ML2_Raw.csv,5A-2ML2,True,target_segment_calibrated_absolute_nrmse,NRMSE,0.03411755831849326,0.0367061185715396,-0.0024346425603021214,0.008338560585695747,0.0035808712431860497,0.005018063093235596,0.009163359718085823,0.0027658465032640855,0.006710939553557005,,,,0.015896233051836323,0.01710497346255785,-0.00013702374869614328,0.9996816970966527,0.9999570799926042,0.00027787503406340175,1.0,1.0,10
STFT,post_amplitude_trajectory,missing_block_6h,eligible,DRG,250811::5C-1FT7_Raw.csv,5C-1FT7,True,target_segment_calibrated_absolute_nrmse,NRMSE,0.053916919876575244,0.06312366697767235,-0.005468272533663117,0.010868016710555857,0.0106284621661735,0.0002274708712504698,0.010754629321074183,0.012074325642039363,-0.0007115967318383487,,,,0.03512922710438948,0.0464733438050898,-0.008147009852687275,0.9997779974097996,0.9999197099004222,0.0001385431583745822,1.0,1.0,10
STFT,post_amplitude_trajectory,missing_block_6h,eligible,DRG,250811::6A-1FL1_Raw.csv,6A-1FL1,True,target_segment_calibrated_absolute_nrmse,NRMSE,0.02808391105759751,0.0306663245281443,-0.0037085544248454793,0.01103183568259813,0.0059169285293452,0.00461930173352308,0.009821167067224273,0.005941055020777186,0.003907405020614513,,,,0.008911486692489699,0.012377681528638301,-0.002560876396911314,0.9996804199687075,0.9998999224947109,0.0002259684603013179,1.0,1.0,10
STFT,post_amplitude_trajectory,missing_block_6h,eligible,DRG,250811::6B-2ML3_Raw.csv,6B-2ML3,True,target_segment_calibrated_absolute_nrmse,NRMSE,0.02248239874989316,0.0246819337097523,-0.002101493511271091,0.007560913366764618,0.00196582624523435,0.005648955473509817,0.004082366850727076,0.0017191173714113939,0.0024002667778840747,,,,0.004974635659720537,0.0033081277018138996,0.0009932514690350965,0.9988525659201619,0.999949814115815,0.0011025589352096632,1.0,1.0,10
STFT,post_amplitude_trajectory,missing_block_6h,eligible,DRG,250811::7C-1FT12_Raw.csv,7C-1FT12,True,target_segment_calibrated_absolute_nrmse,NRMSE,0.0184784310964069,0.020628076760347898,-0.0016190908007149979,0.014426115732170907,0.00361012133450345,0.010610350296221266,0.0104059581776626,0.0030513935806470507,0.007263902076008199,,,,0.006983030966028995,0.0011276382160483,0.005394789858025345,0.9913261437510128,0.9991785043686165,0.006931208494054708,1.0,1.0,10
STFT,post_amplitude_trajectory,missing_block_6h,eligible,DRG,250811::8A-1FT5_Raw.csv,8A-1FT5,True,target_segment_calibrated_absolute_nrmse,NRMSE,0.04457606104442932,0.0502838021343286,-0.004605709586563835,0.0043136486481430356,0.00446597017256125,-1.3441767607278842e-05,0.004219271448248657,0.0039223726265844305,0.0005366647341097375,,,,0.022283978751645117,0.02905010908716605,-0.006884954791985353,0.9999432704989553,0.9999655361695261,2.305733387952813e-05,1.0,1.0,10
STFT,post_amplitude_trajectory,missing_block_6h,eligible,DRG,250811::8C-2ML4_Raw.csv,8C-2ML4,True,target_segment_calibrated_absolute_nrmse,NRMSE,0.04110005195940003,0.0474664655124577,-0.005312930253506001,0.010517006414653349,0.0078238279751624,0.0031205089736684477,0.01180041066733889,0.007971683983476946,0.0043626984567632365,,,,0.026967786281661278,0.0295417343430689,-0.002889447187271762,0.9997327048974172,0.999923788179168,0.0001934205668794875,1.0,1.0,10
STFT,post_amplitude_trajectory,missing_block_6h,eligible,DRG,250811::8D-2MT7_Raw.csv,8D-2MT7,True,target_segment_calibrated_absolute_nrmse,NRMSE,0.06034061360153719,0.06810074195852861,-0.0063274392991135645,0.01305261584418948,0.00820841578623545,0.00446672153050263,0.015247710164146278,0.008741248429783688,0.006364039940723987,,,,0.03369561870594661,0.04820273601715045,-0.009525215204640345,0.999753501314244,0.999956835561312,0.00020128724704665535,1.0,1.0,10
STFT,post_amplitude_trajectory,missing_block_6h,eligible,DRG,251003::2B- 1MT7_Raw.csv,2B- 1MT7,True,target_segment_calibrated_absolute_nrmse,NRMSE,0.03502737325384021,0.040565419490840096,-0.007760372101230088,0.02191201961324231,0.0011559587408947998,0.020756060872347507,0.009345664444798868,0.00037856919579701276,0.009086815700500711,,,,0.013956842329772536,0.01563363738260775,-0.0009326337563128626,0.9987675853496707,0.9999956575793632,0.0012174939068486101,1.0,1.0,10
STFT,post_amplitude_trajectory,missing_block_6h,eligible,DRG,251003::2C- M1L1_Raw.csv,2C- M1L1,True,target_segment_calibrated_absolute_nrmse,NRMSE,0.43824262146608917,0.43962545535267183,-2.5107526775397515e-05,0.04170338165524662,0.045442385791201856,-1.7010789365015655e-05,0.01619485483271932,0.017539426197028307,-0.002022838597115939,,,,0.27383492140951765,0.2854406249085417,-9.863543459831536e-05,0.9995550245106899,0.9994913074404406,3.6903317934822155e-07,1.0,1.0,10
STFT,post_amplitude_trajectory,missing_block_6h,eligible,DRG,251003::2D- M1L4_Raw.csv,2D- M1L4,True,target_segment_calibrated_absolute_nrmse,NRMSE,0.060496723210790124,0.0659595674090871,-0.0035558715045661653,0.019021553317704287,0.0069350371387937,0.015460587500944992,0.007648593426443334,0.004823876148632555,0.0019382432253235993,,,,0.022392644271401717,0.02800108518124185,-0.005472739483483289,0.9997375032896652,0.9999561773980733,0.00025088222707092545,1.0,1.0,10
STFT,post_amplitude_trajectory,missing_block_6h,eligible,SCN,250625 to 250728::1C-SCN_Raw.csv,1C-SCN,True,target_segment_calibrated_absolute_nrmse,NRMSE,0.0725568439350947,0.0796522018230386,-0.0010982100366519754,0.008101497074675851,0.004957416085122,0.0028239862473258483,0.008238950628758152,0.003005399394285596,0.003898780449746536,,,,0.038158220972360865,0.0393458492151403,-0.00028362241147839723,0.999956902448101,0.999982182162924,1.3762579225473637e-05,1.0,1.0,10
STFT,post_amplitude_trajectory,missing_block_6h,eligible,SCN,250625 to 250728::6C-SCNmm1_Raw.csv,6C-SCNmm1,True,target_segment_calibrated_absolute_nrmse,NRMSE,0.18322785933137503,0.18501591511357174,-0.00063249342449688,0.007349587925264061,0.00427571688997395,0.0012904877348389136,0.005644979471038203,0.0013061090018872679,0.004637071037699336,,,,0.09941912634188199,0.1049836153644163,-0.0005530674847956801,0.9999823426849851,0.9999889768329275,3.5017768085787715e-06,1.0,1.0,10
STFT,post_amplitude_trajectory,missing_block_6h,eligible,SCN,250625 to 250728::7A-SCNmm2_Raw.csv,7A-SCNmm2,True,target_segment_calibrated_absolute_nrmse,NRMSE,0.2980836794187617,0.30292703968585066,-0.006104756618834403,0.020523127331299768,0.0230410756249615,-0.0002930728965643524,0.009600441101771162,0.008960778835407912,0.003711994944925301,,,,0.18620870000924025,0.19087700255352716,-0.003583148445275977,0.9998450583757038,0.9998260078746144,3.2120039843985815e-06,1.0,1.0,10
STFT,post_amplitude_trajectory,missing_block_6h,eligible,SCN,250625 to 250728::7B-SCNcm2_Raw.csv,7B-SCNcm2,True,target_segment_calibrated_absolute_nrmse,NRMSE,0.5778487090965422,0.5998584550870194,-0.0014514317388950038,0.04245120057567833,0.04715929611192465,-0.00014707192604038535,0.012923609153963844,0.012990279501783664,-0.0011742982659902479,,,,0.31773823896106324,0.33653571210128974,-0.00544375355238054,0.9995233016802196,0.9994399692056476,1.9414489901281584e-06,1.0,1.0,10
STFT,post_amplitude_trajectory,missing_block_6h,eligible,SCN,250728::7A-SCNcM1_Raw.csv,7A-SCNcM1,True,target_segment_calibrated_absolute_nrmse,NRMSE,0.035571773721819744,0.0367640901581964,-0.0014546627522887788,0.014187605914615785,0.009653768069930901,0.004402217449380135,0.008298297040457939,0.006536883909488006,0.0021613764106585137,,,,0.012393672464133237,0.005880477726321,1.2887237126914513e-05,0.9992062931022455,0.9996004205897298,0.0002381156667128348,1.0,1.0,10
STFT,post_amplitude_trajectory,missing_block_6h,eligible,SCN,250811::1A-1FSCN_Raw.csv,1A-1FSCN,True,target_segment_calibrated_absolute_nrmse,NRMSE,0.04958544553602752,0.06992977513937255,-0.01093522378716914,0.02364633153054366,0.01013473182736415,0.014808451912204644,0.01426229557967143,0.010453946122624985,0.004270164603452864,,,,0.021402235651918067,0.03007445681646105,-0.010410696679679862,0.9990474195819276,0.9998684198008443,0.0008586738291952445,1.0,1.0,10
STFT,post_amplitude_trajectory,missing_block_6h,eligible,SCN,250811::1B-2MSCN_Raw.csv,1B-2MSCN,True,target_segment_calibrated_absolute_nrmse,NRMSE,0.04727132175599166,0.0508775283644064,-0.0036940790430090922,0.0040096826219768724,0.0023879850318331503,0.001575988374032996,0.0042504821983052055,0.0009273467420237713,0.003141792288709533,,,,0.02133547816673114,0.02650374303100355,-0.006929084239121823,0.9999524305410279,0.9999785712791228,2.5431470016101798e-05,1.0,1.0,10
STFT,post_amplitude_trajectory,missing_block_6h,eligible,SCN,250811::1C-3FSCN_Raw.csv,1C-3FSCN,True,target_segment_calibrated_absolute_nrmse,NRMSE,0.13085505142185838,0.1350285296003088,-0.004882734779851738,0.011763933597696393,0.00626702305043685,0.005587543039017318,0.0068090428154413685,0.0042068461025658865,0.00304983776724127,,,,0.07192610791541887,0.08646257898210274,-0.016866435242491512,0.9998615643360814,0.9999420637447266,7.820705687477947e-05,1.0,1.0,10
STFT,post_amplitude_trajectory,missing_block_6h,eligible,SCN,250811::1D-4FSCN_Raw.csv,1D-4FSCN,True,target_segment_calibrated_absolute_nrmse,NRMSE,0.29423020707569436,0.2967709810651644,-0.0016080931943792953,0.0284523732940022,0.0314000243515289,-0.0012172656566417327,0.015618027799727874,0.026366915338662755,-0.008354583798704573,,,,0.2230241723489508,0.23225963499095065,-0.0025925351572632094,0.9996336537324152,0.9996489070913988,-1.4228261613014048e-05,1.0,1.0,10
STFT,post_amplitude_trajectory,missing_block_6h,ineligible,DRG,250625 to 250728::5A-T10m1_Raw.csv,5A-T10m1,True,target_segment_calibrated_absolute_nrmse,NRMSE,0.4861228470337815,0.4924381182115903,-0.0001364680279765107,0.05278071076288626,0.052913002496970604,-3.9097743291981873e-05,0.016670877475324808,0.01844839633963702,-0.0009475567389091166,,,,0.3209176720429999,0.31927219052171263,-0.0002008016587458361,0.9993185878433606,0.9993225716348502,1.2528374990772306e-06,1.0,1.0,10
STFT,post_amplitude_trajectory,transient_artifact,difficult,DRG,250625 to 250728::1D-L2m2_Raw.csv,1D-L2m2,True,target_segment_calibrated_absolute_nrmse,NRMSE,0.06862743278570917,0.050652056490481545,0.01828250686370409,0.05317031250092155,0.00187347204160455,0.051046764060930255,0.04713934340317008,0.00034782850351905426,0.04685115596071046,,,,0.029139932608545024,0.02299286142437925,0.005231585822933723,0.9970499818294534,0.9999904086559785,0.0029394456641327893,1.0,1.0,10
STFT,post_amplitude_trajectory,transient_artifact,difficult,DRG,250625 to 250728::8A-L3_Raw.csv,8A-L3,True,target_segment_calibrated_absolute_nrmse,NRMSE,0.05843416351914697,0.03913536050937075,0.019228890941307124,0.030104610098209254,0.00156913785972895,0.028701667564680504,0.022701101255841183,0.001494574334717197,0.02111664914081568,,,,0.013766736104531618,0.01324752417971465,-0.0002514153953550643,0.9973661761459649,0.9999971225197075,0.002630632434977631,1.0,1.0,10
STFT,post_amplitude_trajectory,transient_artifact,difficult,DRG,250811::3A-1FL4_Raw.csv,3A-1FL4,True,target_segment_calibrated_absolute_nrmse,NRMSE,0.398006167234554,0.392058134465017,0.00018719662186023056,0.03877814832336424,0.036691246060266344,0.0025601160988142704,0.044582326942261497,0.012338861933954282,0.02733903734627363,,,,0.2542329038581187,0.27541355026208236,0.0028276756453515794,0.9994009137101925,0.9994409270310916,-3.430577606050589e-05,1.0,1.0,10
STFT,post_amplitude_trajectory,transient_artifact,difficult,DRG,250811::4C-2MT5_Raw.csv,4C-2MT5,True,target_segment_calibrated_absolute_nrmse,NRMSE,0.1653109705558166,0.17244582015975485,-0.0021300634451759254,0.031469486813891494,0.02426491565669225,0.007020391876460393,0.05270735429795487,0.03558298386424236,0.01603927422303847,,,,0.1509709753239028,0.1542726200455108,-0.004798376407982641,0.9997367435993741,0.9998883005176296,0.00015853697151962942,1.0,1.0,10
STFT,post_amplitude_trajectory,transient_artifact,difficult,DRG,250811::7D-2MT12_Raw.csv,7D-2MT12,True,target_segment_calibrated_absolute_nrmse,NRMSE,0.20180986188421676,0.19878978261339958,-0.003284231883285957,0.025061253277166635,0.0271435578972545,-0.0002701160976172727,0.04730270552890037,0.039305383278301576,0.0045417416242249375,,,,0.16295949814976451,0.17721420358869555,-0.007395035464483959,0.9999386051246968,0.9998638635773528,-6.053312085518847e-05,1.0,1.0,10
STFT,post_amplitude_trajectory,transient_artifact,difficult,SCN,250728::6A-SCNrM1_Raw.csv,6A-SCNrM1,True,target_segment_calibrated_absolute_nrmse,NRMSE,0.6638807842806416,0.6586862235691452,5.053525989701102e-06,0.04945319242788315,0.0499221936487161,2.00776123240997e-05,0.010265012124169637,0.009697050308465793,0.0026237314199452078,,,,0.34208980097913017,0.3523936344700942,-0.0031010967174892323,0.9993548734152317,0.9993572072688327,5.150352420602022e-06,1.0,1.0,10
STFT,post_amplitude_trajectory,transient_artifact,difficult,SCN,250728::6B-SCNrM2_Raw.csv,6B-SCNrM2,True,target_segment_calibrated_absolute_nrmse,NRMSE,0.5726218860608278,0.5726448200778804,-0.0006571250400670414,0.046756499830845406,0.04677909622164665,-5.679855415267193e-05,0.018741265432141274,0.0150260990335922,0.005183939546729688,,,,0.32602726643793944,0.3305705221234303,-0.0018896774403704686,0.9994478472769639,0.999458662094064,-1.4007424762874088e-06,1.0,1.0,10
STFT,post_amplitude_trajectory,transient_artifact,difficult,SCN,250728::7B-SCNcM2_Raw.csv,7B-SCNcM2,True,target_segment_calibrated_absolute_nrmse,NRMSE,0.6819070700643451,0.6817160786019669,-7.504112369638438e-05,0.047812570416910824,0.046735198105404746,9.792151191483078e-05,0.0224705962682773,0.0067741772335429,0.015244782822530278,,,,0.351236961002254,0.3528591145656338,-0.00133807505491082,0.9994156327440047,0.9994178748191995,-3.271639252677705e-06,1.0,1.0,10
STFT,post_amplitude_trajectory,transient_artifact,difficult,SCN,251003::2A- M1SCn_Raw.csv,2A- M1SCn,True,target_segment_calibrated_absolute_nrmse,NRMSE,0.7175324647237334,0.7128449457216192,0.0012922218641593375,0.05184645592383358,0.05080393454707395,0.0016052743313903634,0.018084831102246013,0.0016725875626539821,0.016158527486245022,,,,0.3470531635293882,0.35692620168885775,-0.0034385898503604684,0.9992549366161029,0.9992753968752222,4.502595837396761e-05,1.0,1.0,10
STFT,post_amplitude_trajectory,transient_artifact,difficult,SCN,251003::4B-M3SCN_Raw.csv,4B-M3SCN,True,target_segment_calibrated_absolute_nrmse,NRMSE,0.5463129408069863,0.5386850280901474,-0.00045772058122733883,0.054886585656785336,0.05221339156762915,0.00045647157609755157,0.02315207119459073,0.021385702876231538,0.006135812363976367,,,,0.3486170591819437,0.33914755414292863,-0.003379459369421356,0.9993887778176318,0.9993715213842913,-3.7375491342417355e-06,1.0,1.0,10
STFT,post_amplitude_trajectory,transient_artifact,eligible,DRG,250625 to 250728::1B-L1m2_Raw.csv,1B-L1m2,True,target_segment_calibrated_absolute_nrmse,NRMSE,0.043468517727580154,0.0283847799226447,0.013910232608626805,0.04028350642484671,0.00148901872228445,0.03880855370265411,0.026998483967688364,0.0008623218785170916,0.026001478539458125,,,,0.00876762341667679,0.005773344190494099,0.0024872170090007905,0.994736130628933,0.9999769032256363,0.005248206320202231,1.0,1.0,10
STFT,post_amplitude_trajectory,transient_artifact,eligible,DRG,250625 to 250728::2C-L3m2_Raw.csv,2C-L3m2,True,target_segment_calibrated_absolute_nrmse,NRMSE,0.05032612892290722,0.03489089239128535,0.014913796347041423,0.037130069118625125,0.0072297963781373,0.02990255986587232,0.03267490950100024,0.0037564766521525073,0.02891970642786254,,,,0.02568964212740011,0.0166511626192654,0.008532930726352007,0.9971769787168929,0.9998883398777139,0.002706981608097958,1.0,1.0,10
STFT,post_amplitude_trajectory,transient_artifact,eligible,DRG,250625 to 250728::3A-L5m2_Raw.csv,3A-L5m2,True,target_segment_calibrated_absolute_nrmse,NRMSE,0.05740261379120758,0.06551505933557145,-0.007770080186060475,0.029683243634202792,0.008305173596854499,0.021392113998356443,0.01727193783593739,0.0044173698001321315,0.013036475999828268,,,,0.037290693152005186,0.04253294939537085,-0.004974957276850215,0.999035888780138,0.9999479850920014,0.0009175216086635962,1.0,1.0,10
STFT,post_amplitude_trajectory,transient_artifact,eligible,DRG,250625 to 250728::3B-T10m2_Raw.csv,3B-T10m2,True,target_segment_calibrated_absolute_nrmse,NRMSE,0.06685851169302713,0.058569188444702505,0.008470411557930449,0.03567591618043356,0.0097777189562583,0.025828559568350756,0.018217694396068074,0.004787825486116948,0.01336442669902102,,,,0.040218997231421846,0.03671655767093095,0.0016775698520926433,0.998866855385671,0.9999067165550946,0.0010354180198004492,1.0,1.0,10
STFT,post_amplitude_trajectory,transient_artifact,eligible,DRG,250625 to 250728::4B-T12m2_Raw.csv,4B-T12m2,True,target_segment_calibrated_absolute_nrmse,NRMSE,0.06769119392401989,0.0549069696999177,0.012929089625706453,0.025156399780121214,0.0064524076356503,0.018703992144470914,0.012297527561529242,0.003112976436859788,0.009157642612090094,,,,0.0303397667510669,0.030709647280948,-0.00028872035409385766,0.9993607202290352,0.9999564556616878,0.0005944543681395964,1.0,1.0,10
STFT,post_amplitude_trajectory,transient_artifact,eligible,DRG,250625 to 250728::4C-T5m1_Raw.csv,4C-T5m1,True,target_segment_calibrated_absolute_nrmse,NRMSE,0.07254522598994531,0.03395541274740645,0.04093400722570772,0.046346876923712976,0.00257739083179355,0.0439867479349033,0.025361096760589938,0.0005234115135531459,0.024892092075092076,,,,0.013965312803773382,0.0122707846519131,0.001377636111817326,0.9919078347079525,0.9999693355259005,0.00806053026877468,1.0,1.0,10
STFT,post_amplitude_trajectory,transient_artifact,eligible,DRG,250625 to 250728::4D-T7m1_Raw.csv,4D-T7m1,True,target_segment_calibrated_absolute_nrmse,NRMSE,0.08126847358493736,0.0573277348333344,0.025816402518399943,0.036832308531424364,0.0050106135076636,0.032599761891992665,0.020692231912413123,0.002464622990965698,0.018653338717137202,,,,0.043348844446292445,0.031954090304878655,0.010653085979001043,0.9984691049217918,0.9999717389688585,0.0015069788715094123,1.0,1.0,10
STFT,post_amplitude_trajectory,transient_artifact,eligible,DRG,250625 to 250728::5B-T12m2_Raw.csv,5B-T12m2,True,target_segment_calibrated_absolute_nrmse,NRMSE,0.065174516656407,0.05762185308169935,0.009853305693959029,0.022523791638963023,0.0070463023166149,0.01604750743592852,0.009848420635559268,0.0036163581289315183,0.006261507481959222,,,,0.04153565566864657,0.03480765681912805,0.006298319289461975,0.9992657877345652,0.9999538512771856,0.0006894395770723483,1.0,1.0,10
STFT,post_amplitude_trajectory,transient_artifact,eligible,DRG,250625 to 250728::5C-T12_Raw.csv,5C-T12,True,target_segment_calibrated_absolute_nrmse,NRMSE,0.07062669743825979,0.02957519106923575,0.04337748749170294,0.040009505406640236,0.00406518271249965,0.03678091380803979,0.028908127055405027,0.0020180250756622886,0.02735891646188763,,,,0.01793360150173588,0.009177971579481699,0.01007294824241687,0.9933690947059242,0.9999321604703337,0.006576529687254029,1.0,1.0,10
STFT,post_amplitude_trajectory,transient_artifact,eligible,DRG,250625 to 250728::5D-T10_Raw.csv,5D-T10,True,target_segment_calibrated_absolute_nrmse,NRMSE,0.05748005075179244,0.039480613942023055,0.01821398614493374,0.030203140682335483,0.00394537232738385,0.026167263665991983,0.02158364090730755,0.00163629775871299,0.019558597278518247,,,,0.020523996205499023,0.0173392650963516,0.001452616276418798,0.9973644921058091,0.9999664928240093,0.002597994288064731,1.0,1.0,10
STFT,post_amplitude_trajectory,transient_artifact,eligible,DRG,250625 to 250728::6A-T7_Raw.csv,6A-T7,True,target_segment_calibrated_absolute_nrmse,NRMSE,0.08116316190832364,0.047489775594799,0.03257940872405324,0.055828023167541686,0.00195353425412765,0.05311562386754588,0.046005784345517636,0.0012780564863459076,0.04472772785917173,,,,0.024602169344940618,0.020135245948116352,0.0030812712235837193,0.9961911693926,0.9999919601902154,0.0037966034970011164,1.0,1.0,10
STFT,post_amplitude_trajectory,transient_artifact,eligible,DRG,250625 to 250728::6B-T5_Raw.csv,6B-T5,True,target_segment_calibrated_absolute_nrmse,NRMSE,0.048269619393037214,0.0372330144292297,0.0092268698896877,0.04576996302266442,0.00225853964039945,0.04327512708905982,0.01315249800014795,0.0003046597081233504,0.012863514730022174,,,,0.029341898787677425,0.01368104814079675,0.015879839279139225,0.99463675516193,0.9999798257881802,0.0053343414228354535,1.0,1.0,10
STFT,post_amplitude_trajectory,transient_artifact,eligible,DRG,250625 to 250728::7C-L1_Raw.csv,7C-L1,True,target_segment_calibrated_absolute_nrmse,NRMSE,0.05031880314110013,0.042000876495057,0.007860702019913877,0.02644625117671562,0.004349674524401799,0.02208944081379402,0.012934944798199982,0.0021502574280720665,0.010772577719278809,,,,0.023405949464589328,0.020367392907426,-0.0002947201937662236,0.9980986584807979,0.9999652675636945,0.0018636854019062898,1.0,1.0,10
STFT,post_amplitude_trajectory,transient_artifact,eligible,DRG,250625 to 250728::7D-L2_Raw.csv,7D-L2,True,target_segment_calibrated_absolute_nrmse,NRMSE,0.07691227295402012,0.0329114231865014,0.043763595474161227,0.050761030870092344,0.0015027647031739,0.049109190779113895,0.03665442549608772,0.00034066744033708907,0.03626000152637256,,,,0.02310071630179772,0.0100345593743295,0.012866676544910267,0.9936329357913956,0.9999870976095169,0.006356853177846511,1.0,1.0,10
STFT,post_amplitude_trajectory,transient_artifact,eligible,DRG,250625 to 250728::8B-L2m1_Raw.csv,8B-L2m1,True,target_segment_calibrated_absolute_nrmse,NRMSE,0.04609050733215915,0.038893576629013396,0.00692955911027112,0.02691093619560845,0.0064273817783001,0.02054228632291523,0.014846905419984568,0.0032030161678879565,0.011477062277689354,,,,0.01845383310048858,0.0198540792085341,0.0008393272365348967,0.9985698628481012,0.9999224829677914,0.0013609222313893388,1.0,1.0,10
STFT,post_amplitude_trajectory,transient_artifact,eligible,DRG,250625 to 250728::8C-L3m1_Raw.csv,8C-L3m1,True,target_segment_calibrated_absolute_nrmse,NRMSE,0.1004914729637447,0.10070999576895209,-0.0023205264326202693,0.0370017129195892,0.00326215412111555,0.0312086079238697,0.012204860269507012,0.0010961355759966929,0.010424738921013588,,,,0.052044325997756484,0.0577184153498775,-0.0002929372639115628,0.9990221859197055,0.999989779726147,0.000952040269705412,1.0,1.0,10
STFT,post_amplitude_trajectory,transient_artifact,eligible,DRG,250625 to 250728::8D-L4-1m1_Raw.csv,8D-L4-1m1,True,target_segment_calibrated_absolute_nrmse,NRMSE,0.07053060851188608,0.071948621456514,-0.0005005263421395609,0.026468559366242372,0.00985739894600465,0.01682624023106462,0.015786479380443197,0.004970139297413689,0.010295202042831797,,,,0.05304842307794591,0.04780676869750415,0.002460249933202787,0.9988720520096556,0.999922726930091,0.00104955782874383,1.0,1.0,10
STFT,post_amplitude_trajectory,transient_artifact,eligible,DRG,250811::2C-2ML1_Raw.csv,2C-2ML1,True,target_segment_calibrated_absolute_nrmse,NRMSE,0.06557252511866243,0.0647168258378095,-0.0008575229306316372,0.030860475470793583,0.0130558487998059,0.018971421137235683,0.027993116604995705,0.014228759532456281,0.013959330961963168,,,,0.05273294005875242,0.05255079600226405,0.0015611987227258824,0.9990370234783329,0.9998840304645302,0.0008507703344520223,1.0,1.0,10
STFT,post_amplitude_trajectory,transient_artifact,eligible,DRG,250811::2D-1FL2_Raw.csv,2D-1FL2,True,target_segment_calibrated_absolute_nrmse,NRMSE,0.03415092706559884,0.0372398246221423,-0.00220045062055841,0.022343746520795765,0.0057256380800122,0.01599909729817436,0.022451465987148728,0.006314035479218216,0.015768692951497965,,,,0.01665764642494623,0.01792103780094245,1.171618780722826e-05,0.99897999773888,0.9999520481368592,0.0009742346037000527,1.0,1.0,10
STFT,post_amplitude_trajectory,transient_artifact,eligible,DRG,250811::3D-1FT10_Raw.csv,3D-1FT10,True,target_segment_calibrated_absolute_nrmse,NRMSE,0.09184932704846946,0.029225321299245398,0.0634058173845973,0.048501578331697055,0.0034088895504602998,0.04560558789618775,0.051997681882901756,0.00375794795853579,0.04844116951318292,,,,0.01587060187367256,0.00870342038452935,0.00697865637667161,0.990559164336127,0.9999728220001702,0.009413082360956393,1.0,1.0,10
STFT,post_amplitude_trajectory,transient_artifact,eligible,DRG,250811::4A-2MT10_Raw.csv,4A-2MT10,True,target_segment_calibrated_absolute_nrmse,NRMSE,0.08758735790179319,0.055734711814728805,0.03479775393882889,0.05746966426938835,0.0054812688109352505,0.051703221496910895,0.05262246600930523,0.006099422426438905,0.046111205616188505,,,,0.06183424408490488,0.0329648408786586,0.02767663397023858,0.9935330497248267,0.9999766832035568,0.006440514613589798,1.0,1.0,10
STFT,post_amplitude_trajectory,transient_artifact,eligible,DRG,250811::4D-1FL4_Raw.csv,4D-1FL4,True,target_segment_calibrated_absolute_nrmse,NRMSE,0.063011858001724,0.0405264955698606,0.023341180428998447,0.04938620469480201,0.00678027084128135,0.04247419343570776,0.03499815927649447,0.008035376330395888,0.027465539434461617,,,,0.035725447012091356,0.0220451351516014,0.015616531863314005,0.9963010286548477,0.9999616123307491,0.0036604186885905166,1.0,1.0,10
STFT,post_amplitude_trajectory,transient_artifact,eligible,DRG,250811::5A-2ML2_Raw.csv,5A-2ML2,True,target_segment_calibrated_absolute_nrmse,NRMSE,0.05252084780504471,0.0367061185715396,0.013191988880785026,0.03586091828646379,0.0035808712431860497,0.03287062448260359,0.03138375009327071,0.0027658465032640855,0.028400330401131046,,,,0.021435089482227797,0.01710497346255785,0.0029675866318590125,0.9961086397764827,0.9999570799926042,0.003851837908766531,1.0,1.0,10
STFT,post_amplitude_trajectory,transient_artifact,eligible,DRG,250811::5C-1FT7_Raw.csv,5C-1FT7,True,target_segment_calibrated_absolute_nrmse,NRMSE,0.0729694142063694,0.06312366697767235,0.010117729850866512,0.02672453292600207,0.0106284621661735,0.01599232262307742,0.02462756965492552,0.012074325642039363,0.012790771966867398,,,,0.045154993346728386,0.0464733438050898,-0.0018979758285376444,0.999135913529072,0.9999197099004222,0.0007820844984158248,1.0,1.0,10
STFT,post_amplitude_trajectory,transient_artifact,eligible,DRG,250811::6A-1FL1_Raw.csv,6A-1FL1,True,target_segment_calibrated_absolute_nrmse,NRMSE,0.10305041085202374,0.0306663245281443,0.07223093142400552,0.05785721990044869,0.0059169285293452,0.05144468595137364,0.04481374001710811,0.005941055020777186,0.03923605651139231,,,,0.030177849382922242,0.012377681528638301,0.018170125119839096,0.9936417264514668,0.9998999224947109,0.006259331695507797,1.0,1.0,10
STFT,post_amplitude_trajectory,transient_artifact,eligible,DRG,250811::6B-2ML3_Raw.csv,6B-2ML3,True,target_segment_calibrated_absolute_nrmse,NRMSE,0.07941929279763914,0.0246819337097523,0.05415282195636359,0.046416742382464085,0.00196582624523435,0.04458092056470829,0.052167963461314346,0.0017191173714113939,0.050208665474962805,,,,0.04275043777449905,0.0033081277018138996,0.039461359838986146,0.9741446405419134,0.999949814115815,0.02581372573877777,1.0,1.0,10
STFT,post_amplitude_trajectory,transient_artifact,eligible,DRG,250811::7C-1FT12_Raw.csv,7C-1FT12,True,target_segment_calibrated_absolute_nrmse,NRMSE,0.05168149697907469,0.020628076760347898,0.03038346159368479,0.04104991921576508,0.00361012133450345,0.03713319698907602,0.019943373025470106,0.0030513935806470507,0.016729171910369205,,,,0.03603439467131182,0.0011276382160483,0.03453651297289547,0.921629342065391,0.9991785043686165,0.07366665105320358,1.0,1.0,10
STFT,post_amplitude_trajectory,transient_artifact,eligible,DRG,250811::8A-1FT5_Raw.csv,8A-1FT5,True,target_segment_calibrated_absolute_nrmse,NRMSE,0.05620174539929426,0.0502838021343286,0.005097631543330171,0.029089863692079426,0.00446597017256125,0.025026204853957925,0.010780175315251744,0.0039223726265844305,0.006643900846448086,,,,0.0506337737616787,0.02905010908716605,0.019145174604905186,0.9979424883358692,0.9999655361695261,0.002024515974745733,1.0,1.0,10
STFT,post_amplitude_trajectory,transient_artifact,eligible,DRG,250811::8C-2ML4_Raw.csv,8C-2ML4,True,target_segment_calibrated_absolute_nrmse,NRMSE,0.05337634262490362,0.0474664655124577,0.0030486035877651738,0.03630901794276799,0.0078238279751624,0.028777933840192192,0.025191988818758476,0.007971683983476946,0.016499691940957073,,,,0.041045135840521885,0.0295417343430689,0.008867838011465953,0.9976337424773571,0.999923788179168,0.0022966640732636767,1.0,1.0,10
STFT,post_amplitude_trajectory,transient_artifact,eligible,DRG,250811::8D-2MT7_Raw.csv,8D-2MT7,True,target_segment_calibrated_absolute_nrmse,NRMSE,0.08630812644197802,0.06810074195852861,0.022843459657287325,0.03223788346995712,0.00820841578623545,0.023871497210829068,0.03004536545808567,0.008741248429783688,0.020854188867988788,,,,0.056948993441549786,0.04820273601715045,0.00845999488130094,0.999567189072214,0.999956835561312,0.0003889894477420164,1.0,1.0,10
STFT,post_amplitude_trajectory,transient_artifact,eligible,DRG,251003::2B- 1MT7_Raw.csv,2B- 1MT7,True,target_segment_calibrated_absolute_nrmse,NRMSE,0.04665045986055913,0.040565419490840096,0.00421223001949788,0.03319769160243295,0.0011559587408947998,0.031518447122047,0.018448765874099854,0.00037856919579701276,0.01767466534456999,,,,0.012587904972885151,0.01563363738260775,-0.0037668119401772157,0.998690287254159,0.9999956575793632,0.001302648190009803,1.0,1.0,10
STFT,post_amplitude_trajectory,transient_artifact,eligible,DRG,251003::2C- M1L1_Raw.csv,2C- M1L1,True,target_segment_calibrated_absolute_nrmse,NRMSE,0.43840834348054597,0.43962545535267183,0.0002371330714793507,0.04602480191235365,0.045442385791201856,0.0007437765550725624,0.021788079986877595,0.017539426197028307,0.0030121630146006106,,,,0.29400523359678277,0.2854406249085417,0.0003999385330911154,0.9994183452261042,0.9994913074404406,1.0291501750248067e-06,1.0,1.0,10
STFT,post_amplitude_trajectory,transient_artifact,eligible,DRG,251003::2D- M1L4_Raw.csv,2D- M1L4,True,target_segment_calibrated_absolute_nrmse,NRMSE,0.07791103934487623,0.0659595674090871,0.006807680440573283,0.01932983070303541,0.0069350371387937,0.01258579707442271,0.013928334842677803,0.004823876148632555,0.009395595071793134,,,,0.0302732828853622,0.02800108518124185,1.2690463419701148e-09,0.9995804600098235,0.9999561773980733,0.00037723036810172195,1.0,1.0,10
STFT,post_amplitude_trajectory,transient_artifact,eligible,SCN,250625 to 250728::1C-SCN_Raw.csv,1C-SCN,True,target_segment_calibrated_absolute_nrmse,NRMSE,0.08749632585503044,0.0796522018230386,0.002282718449572077,0.010244297191407275,0.004957416085122,0.005458925731267876,0.006773282402881692,0.003005399394285596,0.0036030541007543992,,,,0.04654630423129308,0.0393458492151403,0.0020160232410021822,0.9998194798119824,0.999982182162924,0.0001637571653023695,1.0,1.0,10
STFT,post_amplitude_trajectory,transient_artifact,eligible,SCN,250625 to 250728::6C-SCNmm1_Raw.csv,6C-SCNmm1,True,target_segment_calibrated_absolute_nrmse,NRMSE,0.19104668216098314,0.18501591511357174,0.0006136615426901582,0.025066679241162168,0.00427571688997395,0.017800609893011857,0.02132492544095438,0.0013061090018872679,0.02001881643906711,,,,0.11488143794967517,0.1049836153644163,-0.0009099643581389413,0.9998111792170573,0.9999889768329275,0.00016846982167956215,1.0,1.0,10
STFT,post_amplitude_trajectory,transient_artifact,eligible,SCN,250625 to 250728::7A-SCNmm2_Raw.csv,7A-SCNmm2,True,target_segment_calibrated_absolute_nrmse,NRMSE,0.31313250869415443,0.30292703968585066,0.0011188975788661015,0.02914177004180576,0.0230410756249615,0.0064485140466021594,0.019884795927979093,0.008960778835407912,0.009706039508769249,,,,0.19140726702082786,0.19087700255352716,0.0018203712351052559,0.9997728498730517,0.9998260078746144,3.626485820334979e-05,1.0,1.0,10
STFT,post_amplitude_trajectory,transient_artifact,eligible,SCN,250625 to 250728::7B-SCNcm2_Raw.csv,7B-SCNcm2,True,target_segment_calibrated_absolute_nrmse,NRMSE,0.5993207644992209,0.5998584550870194,-7.376164018313425e-05,0.047502618432785804,0.04715929611192465,5.539482996542999e-05,0.02369924178617222,0.012990279501783664,0.01318648822513957,,,,0.2976378633682025,0.33653571210128974,-0.002012396014907769,0.9995049123215234,0.9994399692056476,2.250593423125391e-06,1.0,1.0,10
STFT,post_amplitude_trajectory,transient_artifact,eligible,SCN,250728::7A-SCNcM1_Raw.csv,7A-SCNcM1,True,target_segment_calibrated_absolute_nrmse,NRMSE,0.07296911809048841,0.0367640901581964,0.02894402761885038,0.034394853348111085,0.009653768069930901,0.025847467604631035,0.024449630914936668,0.006536883909488006,0.01903616778076915,,,,0.013347767520117983,0.005880477726321,0.0018197798345170589,0.9912048087634304,0.9996004205897298,0.008385469660761535,1.0,1.0,10
STFT,post_amplitude_trajectory,transient_artifact,eligible,SCN,250811::1A-1FSCN_Raw.csv,1A-1FSCN,True,target_segment_calibrated_absolute_nrmse,NRMSE,0.07279579655863244,0.06992977513937255,0.005782303972377938,0.04151739593286549,0.01013473182736415,0.03040401457084229,0.017542621768552508,0.010453946122624985,0.008440659388156468,,,,0.039187221994784735,0.03007445681646105,0.012530307891194385,0.9952088708103899,0.9998684198008443,0.004616949084439381,1.0,1.0,10
STFT,post_amplitude_trajectory,transient_artifact,eligible,SCN,250811::1B-2MSCN_Raw.csv,1B-2MSCN,True,target_segment_calibrated_absolute_nrmse,NRMSE,0.07490871453040623,0.0508775283644064,0.022865269592597926,0.04108416190803148,0.0023879850318331503,0.038486301480540525,0.05533113101758358,0.0009273467420237713,0.054582248058536065,,,,0.03320749952316198,0.02650374303100355,0.004331262757078009,0.9961601769522292,0.9999785712791228,0.003815454711540711,1.0,1.0,10
STFT,post_amplitude_trajectory,transient_artifact,eligible,SCN,250811::1C-3FSCN_Raw.csv,1C-3FSCN,True,target_segment_calibrated_absolute_nrmse,NRMSE,0.1214261382450711,0.1350285296003088,-0.002229951795902546,0.024152108125618514,0.00626702305043685,0.016038537683173617,0.026482472796162115,0.0042068461025658865,0.022706517078997873,,,,0.07928524339433211,0.08646257898210274,-0.0074825611244081075,0.9993749994559161,0.9999420637447266,0.0005465123215450118,1.0,1.0,10
STFT,post_amplitude_trajectory,transient_artifact,eligible,SCN,250811::1D-4FSCN_Raw.csv,1D-4FSCN,True,target_segment_calibrated_absolute_nrmse,NRMSE,0.29562695106331915,0.2967709810651644,0.00017049289225833097,0.034117752699583434,0.0314000243515289,0.0019072208070449424,0.04748633104258615,0.026366915338662755,0.016329245073381293,,,,0.2146678415015194,0.23225963499095065,-0.0003085226333628954,0.9997051458747779,0.9996489070913988,-3.4924621370335807e-05,1.0,1.0,10
STFT,post_amplitude_trajectory,transient_artifact,ineligible,DRG,250625 to 250728::5A-T10m1_Raw.csv,5A-T10m1,True,target_segment_calibrated_absolute_nrmse,NRMSE,0.4935042006279346,0.4924381182115903,0.00014704226541917276,0.05323124625283804,0.052913002496970604,0.00043544842053226326,0.03892018768579841,0.01844839633963702,0.018342591329608693,,,,0.31965552152982496,0.31927219052171263,0.0021490639145528567,0.9993485607000027,0.9993225716348502,-2.3439254925150532e-05,1.0,1.0,10
STFT,post_period_hours,gaussian_noise,difficult,DRG,250625 to 250728::1D-L2m2_Raw.csv,1D-L2m2,True,absolute_error_hours,hours,0.054780815975933095,0.054780815975933095,0.0,,,,,,,,,,0.04833736897521421,0.0474813974935237,-0.001696853384213902,,,,1.0,1.0,10
STFT,post_period_hours,gaussian_noise,difficult,DRG,250625 to 250728::8A-L3_Raw.csv,8A-L3,True,absolute_error_hours,hours,0.08047218926332533,0.08047218926332533,0.0,,,,,,,,,,0.005466979894324298,0.00509905960945475,0.0012817110296547208,,,,1.0,1.0,10
STFT,post_period_hours,gaussian_noise,difficult,SCN,250728::6A-SCNrM1_Raw.csv,6A-SCNrM1,True,absolute_error_hours,hours,0.22357840578689192,0.26655303753785553,-3.552713678800501e-15,,,,,,,,,,0.13612350454306849,0.1392225061385001,-0.0028492827744387578,,,,1.0,1.0,10
STFT,post_period_hours,gaussian_noise,eligible,DRG,250625 to 250728::1B-L1m2_Raw.csv,1B-L1m2,True,absolute_error_hours,hours,0.1105910730835884,0.1105910730835884,0.0,,,,,,,,,,0.037560614259613885,0.03938542976789686,-0.0022807437452700557,,,,1.0,1.0,10
STFT,post_period_hours,gaussian_noise,eligible,DRG,250625 to 250728::2C-L3m2_Raw.csv,2C-L3m2,True,absolute_error_hours,hours,0.06671364143362624,0.06671364143362624,0.0,,,,,,,,,,0.019328093706522633,0.019155370746813047,-0.0023541404327845038,,,,1.0,1.0,10
STFT,post_period_hours,gaussian_noise,eligible,DRG,250625 to 250728::3A-L5m2_Raw.csv,3A-L5m2,True,absolute_error_hours,hours,0.16227688232536686,0.1731510197104864,0.0,,,,,,,,,,0.006083516639624137,0.0062154022405864,-2.0591764135117086e-05,,,,1.0,1.0,10
STFT,post_period_hours,gaussian_noise,eligible,DRG,250625 to 250728::3B-T10m2_Raw.csv,3B-T10m2,True,absolute_error_hours,hours,0.11003701412006706,0.11003701412006706,0.0,,,,,,,,,,0.008781679390078517,0.00623144420884765,0.0016163336006241014,,,,1.0,1.0,10
STFT,post_period_hours,gaussian_noise,eligible,DRG,250625 to 250728::4B-T12m2_Raw.csv,4B-T12m2,True,absolute_error_hours,hours,0.14160766173034922,0.14160766173034922,0.0,,,,,,,,,,0.011101179058404359,0.008826550112709799,0.001893326049963501,,,,1.0,1.0,10
STFT,post_period_hours,gaussian_noise,eligible,DRG,250625 to 250728::4C-T5m1_Raw.csv,4C-T5m1,True,absolute_error_hours,hours,0.03453568292284004,0.03453568292284004,0.0,,,,,,,,,,0.04907689314634024,0.05166422164096025,-0.002216998666348894,,,,1.0,1.0,10
STFT,post_period_hours,gaussian_noise,eligible,DRG,250625 to 250728::4D-T7m1_Raw.csv,4D-T7m1,True,absolute_error_hours,hours,0.07983032690416891,0.07983032690416891,0.0,,,,,,,,,,0.01745581613060181,0.0174173672250876,3.844890551420871e-05,,,,1.0,1.0,10
STFT,post_period_hours,gaussian_noise,eligible,DRG,250625 to 250728::5B-T12m2_Raw.csv,5B-T12m2,True,absolute_error_hours,hours,0.09600291089312485,0.09600291089312485,0.0,,,,,,,,,,0.004913808066864933,0.005245205765067901,-0.0006774012157187829,,,,1.0,1.0,10
STFT,post_period_hours,gaussian_noise,eligible,DRG,250625 to 250728::5C-T12_Raw.csv,5C-T12,True,absolute_error_hours,hours,0.1706952084289579,0.1706952084289579,0.0,,,,,,,,,,0.057020451430394414,0.060112451383969104,-0.0019301115719571917,,,,1.0,1.0,10
STFT,post_period_hours,gaussian_noise,eligible,DRG,250625 to 250728::5D-T10_Raw.csv,5D-T10,True,absolute_error_hours,hours,0.1453686286728022,0.1453686286728022,0.0,,,,,,,,,,0.04061513951462329,0.04613153404079585,-0.0029726981843493025,,,,1.0,1.0,10
STFT,post_period_hours,gaussian_noise,eligible,DRG,250625 to 250728::6A-T7_Raw.csv,6A-T7,True,absolute_error_hours,hours,0.07795404538311956,0.07795404538311956,0.0,,,,,,,,,,0.0487079331232699,0.0493273328492739,-0.0003184516808250708,,,,1.0,1.0,10
STFT,post_period_hours,gaussian_noise,eligible,DRG,250625 to 250728::6B-T5_Raw.csv,6B-T5,True,absolute_error_hours,hours,0.13843051412294471,0.13843051412294471,0.0,,,,,,,,,,0.06056295531178692,0.0610609515996636,9.47773905473244e-05,,,,1.0,1.0,10
STFT,post_period_hours,gaussian_noise,eligible,DRG,250625 to 250728::7C-L1_Raw.csv,7C-L1,True,absolute_error_hours,hours,0.12961221928981992,0.12961221928981992,0.0,,,,,,,,,,0.01411998777526571,0.0126867537045892,-0.0005044495624422808,,,,1.0,1.0,10
STFT,post_period_hours,gaussian_noise,eligible,DRG,250625 to 250728::7D-L2_Raw.csv,7D-L2,True,absolute_error_hours,hours,0.18867921757267148,0.18867921757267148,0.0,,,,,,,,,,0.04238630384829131,0.043940887934856496,-0.0014381082904912842,,,,1.0,1.0,10
STFT,post_period_hours,gaussian_noise,eligible,DRG,250625 to 250728::8B-L2m1_Raw.csv,8B-L2m1,True,absolute_error_hours,hours,0.07530150828236515,0.07530150828236515,0.0,,,,,,,,,,0.0297927686157776,0.03218115337168445,-0.001448053369994439,,,,1.0,1.0,10
STFT,post_period_hours,gaussian_noise,eligible,DRG,250625 to 250728::8C-L3m1_Raw.csv,8C-L3m1,True,absolute_error_hours,hours,0.12529434053421795,0.12529434053421795,0.0,,,,,,,,,,0.010194593784836897,0.0068112478879692,0.0041649817932409225,,,,1.0,1.0,10
STFT,post_period_hours,gaussian_noise,eligible,DRG,250625 to 250728::8D-L4-1m1_Raw.csv,8D-L4-1m1,True,absolute_error_hours,hours,0.21479983548025317,0.2215480166864392,0.0,,,,,,,,,,0.06030961185184495,0.05966749715297845,0.0009388560889097078,,,,1.0,1.0,10
STFT,post_period_hours,gaussian_noise,eligible,DRG,250811::2C-2ML1_Raw.csv,2C-2ML1,True,absolute_error_hours,hours,0.13369134968515084,0.13369134968515084,0.0,,,,,,,,,,0.06168226785591361,0.06345370355307176,-0.0015679194236267666,,,,1.0,1.0,10
STFT,post_period_hours,gaussian_noise,eligible,DRG,250811::2D-1FL2_Raw.csv,2D-1FL2,True,absolute_error_hours,hours,0.029157789571248927,0.029157789571248927,0.0,,,,,,,,,,0.04804492127248031,0.050602950163205346,-0.001548293156800825,,,,1.0,1.0,10
STFT,post_period_hours,gaussian_noise,eligible,DRG,250811::3A-1FL4_Raw.csv,3A-1FL4,True,absolute_error_hours,hours,0.09822985649485716,0.09822985649485538,0.0,,,,,,,,,,0.07874950695257533,0.07615345999369864,0.0030348583856706565,,,,1.0,1.0,10
STFT,post_period_hours,gaussian_noise,eligible,DRG,250811::3D-1FT10_Raw.csv,3D-1FT10,True,absolute_error_hours,hours,0.16242504672276503,0.16242504672276503,-1.7763568394002505e-15,,,,,,,,,,0.08914593444076677,0.0933258486006937,-0.0016143523555963296,,,,1.0,1.0,10
STFT,post_period_hours,gaussian_noise,eligible,DRG,250811::4A-2MT10_Raw.csv,4A-2MT10,True,absolute_error_hours,hours,0.1976596051134809,0.19388090279202075,0.0,,,,,,,,,,0.021114293324415483,0.02471315475244525,-0.004484264519036098,,,,1.0,1.0,10
STFT,post_period_hours,gaussian_noise,eligible,DRG,250811::4C-2MT5_Raw.csv,4C-2MT5,True,absolute_error_hours,hours,0.11780881174659896,0.11780881174659896,0.0,,,,,,,,,,0.07189739577099352,0.0717131993845976,0.0002855626317262924,,,,1.0,1.0,10
STFT,post_period_hours,gaussian_noise,eligible,DRG,250811::4D-1FL4_Raw.csv,4D-1FL4,True,absolute_error_hours,hours,0.08747468863588104,0.08747468863588104,0.0,,,,,,,,,,0.04393334456854314,0.048151566933496204,-0.0036330665834006202,,,,1.0,1.0,10
STFT,post_period_hours,gaussian_noise,eligible,DRG,250811::5A-2ML2_Raw.csv,5A-2ML2,True,absolute_error_hours,hours,0.1470337747342434,0.1470337747342434,0.0,,,,,,,,,,0.043571191750010514,0.04616705733039775,-0.002557038642926099,,,,1.0,1.0,10
STFT,post_period_hours,gaussian_noise,eligible,DRG,250811::5C-1FT7_Raw.csv,5C-1FT7,True,absolute_error_hours,hours,0.0630070672807932,0.0630070672807932,0.0,,,,,,,,,,0.049098972247786844,0.0490472010586841,-0.0005090478549711064,,,,1.0,1.0,10
STFT,post_period_hours,gaussian_noise,eligible,DRG,250811::6A-1FL1_Raw.csv,6A-1FL1,True,absolute_error_hours,hours,0.11487352239171322,0.11487352239171322,0.0,,,,,,,,,,0.020131890869754934,0.0205297266599182,0.000981113329278917,,,,1.0,1.0,10
STFT,post_period_hours,gaussian_noise,eligible,DRG,250811::6B-2ML3_Raw.csv,6B-2ML3,True,absolute_error_hours,hours,0.11859291236872949,0.11859291236872771,0.0,,,,,,,,,,0.08353141774823622,0.08445946761482451,-0.0027314426145768345,,,,1.0,1.0,10
STFT,post_period_hours,gaussian_noise,eligible,DRG,250811::7C-1FT12_Raw.csv,7C-1FT12,True,absolute_error_hours,hours,0.09145403574733812,0.09145403574733812,0.0,,,,,,,,,,0.04768266538191836,0.04968322876772255,-0.003134100073321839,,,,1.0,1.0,10
STFT,post_period_hours,gaussian_noise,eligible,DRG,250811::7D-2MT12_Raw.csv,7D-2MT12,True,absolute_error_hours,hours,0.09297749585578075,0.09297749585578075,0.0,,,,,,,,,,0.049809153699908425,0.0488982773926206,-0.0007572414065035726,,,,1.0,1.0,10
STFT,post_period_hours,gaussian_noise,eligible,DRG,250811::8A-1FT5_Raw.csv,8A-1FT5,True,absolute_error_hours,hours,0.1271606468938291,0.1271606468938291,0.0,,,,,,,,,,0.06411719133140482,0.0634734322732752,0.0022796901953744987,,,,1.0,1.0,10
STFT,post_period_hours,gaussian_noise,eligible,DRG,250811::8C-2ML4_Raw.csv,8C-2ML4,True,absolute_error_hours,hours,0.0948124669337922,0.0948124669337922,0.0,,,,,,,,,,0.028114361946571055,0.0301553192246897,-0.0026321169474402967,,,,1.0,1.0,10
STFT,post_period_hours,gaussian_noise,eligible,DRG,250811::8D-2MT7_Raw.csv,8D-2MT7,True,absolute_error_hours,hours,0.07915897646075898,0.07915897646075898,0.0,,,,,,,,,,0.04964499975327619,0.0530657158851715,-0.0029986981135464823,,,,1.0,1.0,10
STFT,post_period_hours,gaussian_noise,eligible,DRG,251003::2B- 1MT7_Raw.csv,2B- 1MT7,True,absolute_error_hours,hours,0.12823797226847233,0.12823797226847233,0.0,,,,,,,,,,0.02180838628380816,0.02235592636506705,-0.0026529470643998944,,,,1.0,1.0,10
STFT,post_period_hours,gaussian_noise,eligible,DRG,251003::2C- M1L1_Raw.csv,2C- M1L1,True,absolute_error_hours,hours,0.13941233977056378,0.139412339770562,0.0,,,,,,,,,,0.1362320988545912,0.13995779166937633,-0.0006466387892034853,,,,1.0,1.0,10
STFT,post_period_hours,gaussian_noise,eligible,DRG,251003::2D- M1L4_Raw.csv,2D- M1L4,True,absolute_error_hours,hours,0.11424294866994522,0.11424294866994522,0.0,,,,,,,,,,0.005395493852451255,0.0071244226536089006,0.0004453269921494956,,,,1.0,1.0,10
STFT,post_period_hours,gaussian_noise,eligible,SCN,250625 to 250728::1C-SCN_Raw.csv,1C-SCN,True,absolute_error_hours,hours,0.16959551102727488,0.16959551102727488,0.0,,,,,,,,,,0.06091185065849417,0.06054943771671935,-0.0005948349373081398,,,,1.0,1.0,10
STFT,post_period_hours,gaussian_noise,eligible,SCN,250625 to 250728::6C-SCNmm1_Raw.csv,6C-SCNmm1,True,absolute_error_hours,hours,0.09058171147210281,0.09058171147210281,0.0,,,,,,,,,,0.017327200222150292,0.0193689090607253,-5.391509943074215e-05,,,,1.0,1.0,10
STFT,post_period_hours,gaussian_noise,eligible,SCN,250625 to 250728::7A-SCNmm2_Raw.csv,7A-SCNmm2,True,absolute_error_hours,hours,0.0885652764487368,0.08856527644873502,0.0,,,,,,,,,,0.0732412608714738,0.0724741358008359,-0.0006928065623473326,,,,1.0,1.0,10
STFT,post_period_hours,gaussian_noise,eligible,SCN,250625 to 250728::7B-SCNcm2_Raw.csv,7B-SCNcm2,True,absolute_error_hours,hours,0.0956852494889251,0.0956852494889251,0.0,,,,,,,,,,0.09537622065682187,0.09943580294497101,-0.004430171947074346,,,,1.0,1.0,10
STFT,post_period_hours,gaussian_noise,eligible,SCN,250728::6B-SCNrM2_Raw.csv,6B-SCNrM2,True,absolute_error_hours,hours,0.09572735097494522,0.09572735097494522,0.0,,,,,,,,,,0.09826748554209833,0.10065285666385196,-0.001680488580253589,,,,1.0,1.0,10
STFT,post_period_hours,gaussian_noise,eligible,SCN,250728::7A-SCNcM1_Raw.csv,7A-SCNcM1,True,absolute_error_hours,hours,0.10555108064963648,0.10555108064963648,0.0,,,,,,,,,,0.055918044650414014,0.0564129035830747,-0.00032458773486799056,,,,1.0,1.0,10
STFT,post_period_hours,gaussian_noise,eligible,SCN,250728::7B-SCNcM2_Raw.csv,7B-SCNcM2,True,absolute_error_hours,hours,0.10610306932930591,0.10610306932930946,-1.7763568394002505e-15,,,,,,,,,,0.13917805948347192,0.14021053137929984,-0.0007397524458961774,,,,1.0,1.0,10
STFT,post_period_hours,gaussian_noise,eligible,SCN,250811::1A-1FSCN_Raw.csv,1A-1FSCN,True,absolute_error_hours,hours,0.06921139516848385,0.06921139516848385,0.0,,,,,,,,,,0.0494014303062542,0.04890264524155385,0.000731874623834599,,,,1.0,1.0,10
STFT,post_period_hours,gaussian_noise,eligible,SCN,250811::1B-2MSCN_Raw.csv,1B-2MSCN,True,absolute_error_hours,hours,0.09134707961973199,0.09134707961973199,0.0,,,,,,,,,,0.06122224711664048,0.0649986822354716,-0.0018783842499734693,,,,1.0,1.0,10
STFT,post_period_hours,gaussian_noise,eligible,SCN,250811::1C-3FSCN_Raw.csv,1C-3FSCN,True,absolute_error_hours,hours,0.0855895145044645,0.0855895145044645,0.0,,,,,,,,,,0.050724650475803025,0.0505258736728458,8.841256045651405e-05,,,,1.0,1.0,10
STFT,post_period_hours,gaussian_noise,eligible,SCN,250811::1D-4FSCN_Raw.csv,1D-4FSCN,True,absolute_error_hours,hours,0.16870895611958758,0.1687089561195858,0.0,,,,,,,,,,0.08441249409753693,0.08669878199685341,0.0009365058651248093,,,,1.0,1.0,10
STFT,post_period_hours,gaussian_noise,eligible,SCN,251003::2A- M1SCn_Raw.csv,2A- M1SCn,True,absolute_error_hours,hours,0.21721629710713763,0.2172162971071412,-3.552713678800501e-15,,,,,,,,,,0.13517273727741597,0.13857988425174866,-0.003575783482406489,,,,1.0,1.0,10
STFT,post_period_hours,gaussian_noise,eligible,SCN,251003::4B-M3SCN_Raw.csv,4B-M3SCN,True,absolute_error_hours,hours,0.10060030882216964,0.10060030882216964,0.0,,,,,,,,,,0.0989828501615294,0.10028922490775005,-0.001106441564615361,,,,1.0,1.0,10
STFT,post_period_hours,gaussian_noise,ineligible,DRG,250625 to 250728::5A-T10m1_Raw.csv,5A-T10m1,True,absolute_error_hours,hours,0.13888132919132623,0.13888132919132623,0.0,,,,,,,,,,0.1205327671401759,0.12385900689856724,-0.003567756320766606,,,,1.0,1.0,10
STFT,post_period_hours,missing_block_6h,difficult,DRG,250625 to 250728::1D-L2m2_Raw.csv,1D-L2m2,True,absolute_error_hours,hours,0.054780815975933095,0.054780815975933095,0.0,,,,,,,,,,0.05069436105239966,0.0474813974935237,0.0017375582089999217,,,,1.0,1.0,10
STFT,post_period_hours,missing_block_6h,difficult,DRG,250625 to 250728::8A-L3_Raw.csv,8A-L3,True,absolute_error_hours,hours,0.08047218926332533,0.08047218926332533,0.0,,,,,,,,,,0.003260209781653252,0.00509905960945475,-3.6214514925496816e-05,,,,1.0,1.0,10
STFT,post_period_hours,missing_block_6h,difficult,SCN,250728::6A-SCNrM1_Raw.csv,6A-SCNrM1,True,absolute_error_hours,hours,0.22357840578689192,0.26655303753785553,-3.552713678800501e-15,,,,,,,,,,0.1395133116820481,0.1392225061385001,0.00028884547048876885,,,,1.0,1.0,10
STFT,post_period_hours,missing_block_6h,eligible,DRG,250625 to 250728::1B-L1m2_Raw.csv,1B-L1m2,True,absolute_error_hours,hours,0.1105910730835884,0.1105910730835884,0.0,,,,,,,,,,0.041426079245105454,0.03938542976789686,0.001980186429882562,,,,1.0,1.0,10
STFT,post_period_hours,missing_block_6h,eligible,DRG,250625 to 250728::2C-L3m2_Raw.csv,2C-L3m2,True,absolute_error_hours,hours,0.06671364143362624,0.06671364143362624,0.0,,,,,,,,,,0.027014601349890817,0.019155370746813047,0.005323603222908563,,,,1.0,1.0,10
STFT,post_period_hours,missing_block_6h,eligible,DRG,250625 to 250728::3A-L5m2_Raw.csv,3A-L5m2,True,absolute_error_hours,hours,0.1643948677554885,0.1731510197104864,0.0,,,,,,,,,,0.013244341792127922,0.0062154022405864,0.00707994219829306,,,,1.0,1.0,10
STFT,post_period_hours,missing_block_6h,eligible,DRG,250625 to 250728::3B-T10m2_Raw.csv,3B-T10m2,True,absolute_error_hours,hours,0.11003701412006706,0.11003701412006706,0.0,,,,,,,,,,0.005056179610485429,0.00623144420884765,-0.0015923630238843316,,,,1.0,1.0,10
STFT,post_period_hours,missing_block_6h,eligible,DRG,250625 to 250728::4B-T12m2_Raw.csv,4B-T12m2,True,absolute_error_hours,hours,0.14160766173034922,0.14160766173034922,0.0,,,,,,,,,,0.016455454444209098,0.008826550112709799,0.004744874557861191,,,,1.0,1.0,10
STFT,post_period_hours,missing_block_6h,eligible,DRG,250625 to 250728::4C-T5m1_Raw.csv,4C-T5m1,True,absolute_error_hours,hours,0.03453568292284004,0.03453568292284004,0.0,,,,,,,,,,0.05316096027120454,0.05166422164096025,0.001575784158014678,,,,1.0,1.0,10
STFT,post_period_hours,missing_block_6h,eligible,DRG,250625 to 250728::4D-T7m1_Raw.csv,4D-T7m1,True,absolute_error_hours,hours,0.07983032690416891,0.07983032690416891,0.0,,,,,,,,,,0.019055941482228313,0.0174173672250876,0.0016768908726126127,,,,1.0,1.0,10
STFT,post_period_hours,missing_block_6h,eligible,DRG,250625 to 250728::5B-T12m2_Raw.csv,5B-T12m2,True,absolute_error_hours,hours,0.09600291089312485,0.09600291089312485,0.0,,,,,,,,,,0.003977896263437233,0.005245205765067901,-0.000767620724451084,,,,1.0,1.0,10
STFT,post_period_hours,missing_block_6h,eligible,DRG,250625 to 250728::5C-T12_Raw.csv,5C-T12,True,absolute_error_hours,hours,0.1706952084289579,0.1706952084289579,0.0,,,,,,,,,,0.060677895753530255,0.060112451383969104,0.0012632673944836872,,,,1.0,1.0,10
STFT,post_period_hours,missing_block_6h,eligible,DRG,250625 to 250728::5D-T10_Raw.csv,5D-T10,True,absolute_error_hours,hours,0.1453686286728022,0.1453686286728022,0.0,,,,,,,,,,0.04847151939399227,0.04613153404079585,0.0024451640293188873,,,,1.0,1.0,10
STFT,post_period_hours,missing_block_6h,eligible,DRG,250625 to 250728::6A-T7_Raw.csv,6A-T7,True,absolute_error_hours,hours,0.07795404538311956,0.07795404538311956,0.0,,,,,,,,,,0.05071557676631322,0.0493273328492739,0.0012926732567799248,,,,1.0,1.0,10
STFT,post_period_hours,missing_block_6h,eligible,DRG,250625 to 250728::6B-T5_Raw.csv,6B-T5,True,absolute_error_hours,hours,0.13843051412294471,0.13843051412294471,0.0,,,,,,,,,,0.06528371099868603,0.0610609515996636,0.004267879717546122,,,,1.0,1.0,10
STFT,post_period_hours,missing_block_6h,eligible,DRG,250625 to 250728::7C-L1_Raw.csv,7C-L1,True,absolute_error_hours,hours,0.12961221928981992,0.12961221928981992,0.0,,,,,,,,,,0.021261235528223295,0.0126867537045892,0.005295810604482171,,,,1.0,1.0,10
STFT,post_period_hours,missing_block_6h,eligible,DRG,250625 to 250728::7D-L2_Raw.csv,7D-L2,True,absolute_error_hours,hours,0.18867921757267148,0.18867921757267148,0.0,,,,,,,,,,0.04983188260264103,0.043940887934856496,0.006518687188305453,,,,1.0,1.0,10
STFT,post_period_hours,missing_block_6h,eligible,DRG,250625 to 250728::8B-L2m1_Raw.csv,8B-L2m1,True,absolute_error_hours,hours,0.07530150828236515,0.07530150828236515,0.0,,,,,,,,,,0.03755896190981334,0.03218115337168445,0.004286424189185768,,,,1.0,1.0,10
STFT,post_period_hours,missing_block_6h,eligible,DRG,250625 to 250728::8C-L3m1_Raw.csv,8C-L3m1,True,absolute_error_hours,hours,0.12529434053421795,0.12529434053421795,0.0,,,,,,,,,,0.0046241976584340825,0.0068112478879692,-0.0014624173548686574,,,,1.0,1.0,10
STFT,post_period_hours,missing_block_6h,eligible,DRG,250625 to 250728::8D-L4-1m1_Raw.csv,8D-L4-1m1,True,absolute_error_hours,hours,0.2215480166864392,0.2215480166864392,0.0,,,,,,,,,,0.06287833121033722,0.05966749715297845,0.0035128711653291123,,,,1.0,1.0,10
STFT,post_period_hours,missing_block_6h,eligible,DRG,250811::2C-2ML1_Raw.csv,2C-2ML1,True,absolute_error_hours,hours,0.13369134968515084,0.13369134968515084,0.0,,,,,,,,,,0.06924856062532603,0.06345370355307176,0.004568232949548487,,,,1.0,1.0,10
STFT,post_period_hours,missing_block_6h,eligible,DRG,250811::2D-1FL2_Raw.csv,2D-1FL2,True,absolute_error_hours,hours,0.029157789571248927,0.029157789571248927,0.0,,,,,,,,,,0.06160377665796883,0.050602950163205346,0.011371704382345072,,,,1.0,1.0,10
STFT,post_period_hours,missing_block_6h,eligible,DRG,250811::3A-1FL4_Raw.csv,3A-1FL4,True,absolute_error_hours,hours,0.09822985649485716,0.09822985649485538,0.0,,,,,,,,,,0.05525846348335453,0.07615345999369864,-0.01505679794246164,,,,1.0,1.0,10
STFT,post_period_hours,missing_block_6h,eligible,DRG,250811::3D-1FT10_Raw.csv,3D-1FT10,True,absolute_error_hours,hours,0.16242504672276503,0.16242504672276503,-1.7763568394002505e-15,,,,,,,,,,0.09980639599864438,0.0933258486006937,0.00865829329560202,,,,1.0,1.0,10
STFT,post_period_hours,missing_block_6h,eligible,DRG,250811::4A-2MT10_Raw.csv,4A-2MT10,True,absolute_error_hours,hours,0.19388090279202075,0.19388090279202075,0.0,,,,,,,,,,0.032385769122926095,0.02471315475244525,0.007677958907020558,,,,1.0,1.0,10
STFT,post_period_hours,missing_block_6h,eligible,DRG,250811::4C-2MT5_Raw.csv,4C-2MT5,True,absolute_error_hours,hours,0.11780881174659896,0.11780881174659896,0.0,,,,,,,,,,0.09212328981847226,0.0717131993845976,0.01991590122156791,,,,1.0,1.0,10
STFT,post_period_hours,missing_block_6h,eligible,DRG,250811::4D-1FL4_Raw.csv,4D-1FL4,True,absolute_error_hours,hours,0.1278068576140967,0.08747468863588104,0.0,,,,,,,,,,0.051479170372093874,0.048151566933496204,0.005905767290879903,,,,1.0,1.0,10
STFT,post_period_hours,missing_block_6h,eligible,DRG,250811::5A-2ML2_Raw.csv,5A-2ML2,True,absolute_error_hours,hours,0.15959514789920348,0.1470337747342434,0.0,,,,,,,,,,0.05083748454401349,0.04616705733039775,0.003559798599182311,,,,1.0,1.0,10
STFT,post_period_hours,missing_block_6h,eligible,DRG,250811::5C-1FT7_Raw.csv,5C-1FT7,True,absolute_error_hours,hours,0.0630070672807932,0.0630070672807932,0.0,,,,,,,,,,0.062444121951350254,0.0490472010586841,0.015148029919826052,,,,1.0,1.0,10
STFT,post_period_hours,missing_block_6h,eligible,DRG,250811::6A-1FL1_Raw.csv,6A-1FL1,True,absolute_error_hours,hours,0.11487352239171322,0.11487352239171322,0.0,,,,,,,,,,0.022579823481148266,0.0205297266599182,0.001695911063623854,,,,1.0,1.0,10
STFT,post_period_hours,missing_block_6h,eligible,DRG,250811::6B-2ML3_Raw.csv,6B-2ML3,True,absolute_error_hours,hours,0.11859291236872949,0.11859291236872771,0.0,,,,,,,,,,0.09519342114703025,0.08445946761482451,0.011023220116501663,,,,1.0,1.0,10
STFT,post_period_hours,missing_block_6h,eligible,DRG,250811::7C-1FT12_Raw.csv,7C-1FT12,True,absolute_error_hours,hours,0.09145403574733812,0.09145403574733812,0.0,,,,,,,,,,0.05725530690415749,0.04968322876772255,0.004645736954741166,,,,1.0,1.0,10
STFT,post_period_hours,missing_block_6h,eligible,DRG,250811::7D-2MT12_Raw.csv,7D-2MT12,True,absolute_error_hours,hours,0.09859697916410859,0.09297749585578075,0.0,,,,,,,,,,0.052830423174085504,0.0488982773926206,0.0033641965078771603,,,,1.0,1.0,10
STFT,post_period_hours,missing_block_6h,eligible,DRG,250811::8A-1FT5_Raw.csv,8A-1FT5,True,absolute_error_hours,hours,0.16102283442774556,0.1271606468938291,0.0,,,,,,,,,,0.06849806278209285,0.0634734322732752,0.0046035894081475,,,,1.0,1.0,10
STFT,post_period_hours,missing_block_6h,eligible,DRG,250811::8C-2ML4_Raw.csv,8C-2ML4,True,absolute_error_hours,hours,0.0948124669337922,0.0948124669337922,0.0,,,,,,,,,,0.03237932637607728,0.0301553192246897,0.0024169694557449,,,,1.0,1.0,10
STFT,post_period_hours,missing_block_6h,eligible,DRG,250811::8D-2MT7_Raw.csv,8D-2MT7,True,absolute_error_hours,hours,0.07915897646075898,0.07915897646075898,0.0,,,,,,,,,,0.05645681779772829,0.0530657158851715,0.00268039269215236,,,,1.0,1.0,10
STFT,post_period_hours,missing_block_6h,eligible,DRG,251003::2B- 1MT7_Raw.csv,2B- 1MT7,True,absolute_error_hours,hours,0.12823797226847233,0.12823797226847233,0.0,,,,,,,,,,0.028040125543816876,0.02235592636506705,0.006521435559062219,,,,1.0,1.0,10
STFT,post_period_hours,missing_block_6h,eligible,DRG,251003::2C- M1L1_Raw.csv,2C- M1L1,True,absolute_error_hours,hours,0.13941233977056378,0.139412339770562,0.0,,,,,,,,,,0.13969466031177935,0.13995779166937633,-0.0002534110276326551,,,,1.0,1.0,10
STFT,post_period_hours,missing_block_6h,eligible,DRG,251003::2D- M1L4_Raw.csv,2D- M1L4,True,absolute_error_hours,hours,0.11424294866994522,0.11424294866994522,0.0,,,,,,,,,,0.01286733948330148,0.0071244226536089006,0.0009805076636069355,,,,1.0,1.0,10
STFT,post_period_hours,missing_block_6h,eligible,SCN,250625 to 250728::1C-SCN_Raw.csv,1C-SCN,True,absolute_error_hours,hours,0.16959551102727488,0.16959551102727488,0.0,,,,,,,,,,0.06442942805206789,0.06054943771671935,0.0024047823258004086,,,,1.0,1.0,10
STFT,post_period_hours,missing_block_6h,eligible,SCN,250625 to 250728::6C-SCNmm1_Raw.csv,6C-SCNmm1,True,absolute_error_hours,hours,0.09058171147210281,0.09058171147210281,0.0,,,,,,,,,,0.019435778120122288,0.0193689090607253,0.0007866517668362865,,,,1.0,1.0,10
STFT,post_period_hours,missing_block_6h,eligible,SCN,250625 to 250728::7A-SCNmm2_Raw.csv,7A-SCNmm2,True,absolute_error_hours,hours,0.0885652764487368,0.08856527644873502,0.0,,,,,,,,,,0.08029106266651306,0.0724741358008359,0.004193633209703181,,,,1.0,1.0,10
STFT,post_period_hours,missing_block_6h,eligible,SCN,250625 to 250728::7B-SCNcm2_Raw.csv,7B-SCNcm2,True,absolute_error_hours,hours,0.0956852494889251,0.0956852494889251,0.0,,,,,,,,,,0.10125850008501672,0.09943580294497101,0.003288906621794735,,,,1.0,1.0,10
STFT,post_period_hours,missing_block_6h,eligible,SCN,250728::6B-SCNrM2_Raw.csv,6B-SCNrM2,True,absolute_error_hours,hours,0.09572735097494522,0.09572735097494522,0.0,,,,,,,,,,0.10511176259122221,0.10065285666385196,0.0017858865835771107,,,,1.0,1.0,10
STFT,post_period_hours,missing_block_6h,eligible,SCN,250728::7A-SCNcM1_Raw.csv,7A-SCNcM1,True,absolute_error_hours,hours,0.10555108064963648,0.10555108064963648,0.0,,,,,,,,,,0.058439270747984606,0.0564129035830747,0.0028069341252085662,,,,1.0,1.0,10
STFT,post_period_hours,missing_block_6h,eligible,SCN,250728::7B-SCNcM2_Raw.csv,7B-SCNcM2,True,absolute_error_hours,hours,0.10610306932930591,0.10610306932930946,-1.7763568394002505e-15,,,,,,,,,,0.14027508296343402,0.14021053137929984,-0.00013838647961672557,,,,1.0,1.0,10
STFT,post_period_hours,missing_block_6h,eligible,SCN,250811::1A-1FSCN_Raw.csv,1A-1FSCN,True,absolute_error_hours,hours,0.06921139516848385,0.06921139516848385,0.0,,,,,,,,,,0.05555880598414424,0.04890264524155385,0.005186131218391555,,,,1.0,1.0,10
STFT,post_period_hours,missing_block_6h,eligible,SCN,250811::1B-2MSCN_Raw.csv,1B-2MSCN,True,absolute_error_hours,hours,0.09134707961973199,0.09134707961973199,0.0,,,,,,,,,,0.07235341623859053,0.0649986822354716,0.013038048389728708,,,,1.0,1.0,10
STFT,post_period_hours,missing_block_6h,eligible,SCN,250811::1C-3FSCN_Raw.csv,1C-3FSCN,True,absolute_error_hours,hours,0.0855895145044645,0.0855895145044645,0.0,,,,,,,,,,0.05718388005799439,0.0505258736728458,0.002537686506658178,,,,1.0,1.0,10
STFT,post_period_hours,missing_block_6h,eligible,SCN,250811::1D-4FSCN_Raw.csv,1D-4FSCN,True,absolute_error_hours,hours,0.17267327175934177,0.1687089561195858,0.0,,,,,,,,,,0.09779573345554861,0.08669878199685341,0.009261234350225057,,,,1.0,1.0,10
STFT,post_period_hours,missing_block_6h,eligible,SCN,251003::2A- M1SCn_Raw.csv,2A- M1SCn,True,absolute_error_hours,hours,0.21721629710713763,0.2172162971071412,-3.552713678800501e-15,,,,,,,,,,0.13968220181747537,0.13857988425174866,0.0006022099061126357,,,,1.0,1.0,10
STFT,post_period_hours,missing_block_6h,eligible,SCN,251003::4B-M3SCN_Raw.csv,4B-M3SCN,True,absolute_error_hours,hours,0.10060030882216964,0.10060030882216964,0.0,,,,,,,,,,0.10121383875724306,0.10028922490775005,0.0008615458924499525,,,,1.0,1.0,10
STFT,post_period_hours,missing_block_6h,ineligible,DRG,250625 to 250728::5A-T10m1_Raw.csv,5A-T10m1,True,absolute_error_hours,hours,0.13888132919132623,0.13888132919132623,0.0,,,,,,,,,,0.12502200831412352,0.12385900689856724,0.0012123820822473944,,,,1.0,1.0,10
STFT,post_period_hours,transient_artifact,difficult,DRG,250625 to 250728::1D-L2m2_Raw.csv,1D-L2m2,True,absolute_error_hours,hours,0.054780815975933095,0.054780815975933095,0.0,,,,,,,,,,0.043243646543429576,0.0474813974935237,-0.000452233592825476,,,,1.0,1.0,10
STFT,post_period_hours,transient_artifact,difficult,DRG,250625 to 250728::8A-L3_Raw.csv,8A-L3,True,absolute_error_hours,hours,0.08047218926332533,0.08047218926332533,0.0,,,,,,,,,,0.010495320548453792,0.00509905960945475,0.0027722623392355474,,,,1.0,1.0,10
STFT,post_period_hours,transient_artifact,difficult,SCN,250728::6A-SCNrM1_Raw.csv,6A-SCNrM1,True,absolute_error_hours,hours,0.22357840578689192,0.26655303753785553,-3.552713678800501e-15,,,,,,,,,,0.1387406720104768,0.1392225061385001,-0.0007873326987737628,,,,1.0,1.0,10
STFT,post_period_hours,transient_artifact,eligible,DRG,250625 to 250728::1B-L1m2_Raw.csv,1B-L1m2,True,absolute_error_hours,hours,0.1105910730835884,0.1105910730835884,0.0,,,,,,,,,,0.03099998237511726,0.03938542976789686,-0.009104658003097739,,,,1.0,1.0,10
STFT,post_period_hours,transient_artifact,eligible,DRG,250625 to 250728::2C-L3m2_Raw.csv,2C-L3m2,True,absolute_error_hours,hours,0.06671364143362624,0.06671364143362624,0.0,,,,,,,,,,0.01908483357163693,0.019155370746813047,-1.9758485798658174e-05,,,,1.0,1.0,10
STFT,post_period_hours,transient_artifact,eligible,DRG,250625 to 250728::3A-L5m2_Raw.csv,3A-L5m2,True,absolute_error_hours,hours,0.19071516316384063,0.1731510197104864,0.0,,,,,,,,,,0.011128331577460267,0.0062154022405864,0.0038238365500696567,,,,1.0,1.0,10
STFT,post_period_hours,transient_artifact,eligible,DRG,250625 to 250728::3B-T10m2_Raw.csv,3B-T10m2,True,absolute_error_hours,hours,0.12225086209050673,0.11003701412006706,0.0,,,,,,,,,,0.016785744419928784,0.00623144420884765,0.011183879006167095,,,,1.0,1.0,10
STFT,post_period_hours,transient_artifact,eligible,DRG,250625 to 250728::4B-T12m2_Raw.csv,4B-T12m2,True,absolute_error_hours,hours,0.14160766173034922,0.14160766173034922,0.0,,,,,,,,,,0.01610212938481854,0.008826550112709799,0.004337344476924766,,,,1.0,1.0,10
STFT,post_period_hours,transient_artifact,eligible,DRG,250625 to 250728::4C-T5m1_Raw.csv,4C-T5m1,True,absolute_error_hours,hours,0.03453568292284004,0.03453568292284004,0.0,,,,,,,,,,0.048730086548867055,0.05166422164096025,-0.003444764774857341,,,,1.0,1.0,10
STFT,post_period_hours,transient_artifact,eligible,DRG,250625 to 250728::4D-T7m1_Raw.csv,4D-T7m1,True,absolute_error_hours,hours,0.07983032690416891,0.07983032690416891,0.0,,,,,,,,,,0.017705218255111094,0.0174173672250876,-0.0003553397451011957,,,,1.0,1.0,10
STFT,post_period_hours,transient_artifact,eligible,DRG,250625 to 250728::5B-T12m2_Raw.csv,5B-T12m2,True,absolute_error_hours,hours,0.09600291089312485,0.09600291089312485,0.0,,,,,,,,,,0.007468504752296334,0.005245205765067901,0.002629889411323203,,,,1.0,1.0,10
STFT,post_period_hours,transient_artifact,eligible,DRG,250625 to 250728::5C-T12_Raw.csv,5C-T12,True,absolute_error_hours,hours,0.1706952084289579,0.1706952084289579,0.0,,,,,,,,,,0.057784940177117744,0.060112451383969104,-0.000970894923858056,,,,1.0,1.0,10
STFT,post_period_hours,transient_artifact,eligible,DRG,250625 to 250728::5D-T10_Raw.csv,5D-T10,True,absolute_error_hours,hours,0.14584073844266143,0.1453686286728022,0.0,,,,,,,,,,0.041721531715769034,0.04613153404079585,-0.0027842160306812067,,,,1.0,1.0,10
STFT,post_period_hours,transient_artifact,eligible,DRG,250625 to 250728::6A-T7_Raw.csv,6A-T7,True,absolute_error_hours,hours,0.07795404538311956,0.07795404538311956,0.0,,,,,,,,,,0.047950139959672754,0.0493273328492739,-0.0016670465363803968,,,,1.0,1.0,10
STFT,post_period_hours,transient_artifact,eligible,DRG,250625 to 250728::6B-T5_Raw.csv,6B-T5,True,absolute_error_hours,hours,0.1524655949640792,0.13843051412294471,0.0,,,,,,,,,,0.06071286543894336,0.0610609515996636,-0.0003102091307465027,,,,1.0,1.0,10
STFT,post_period_hours,transient_artifact,eligible,DRG,250625 to 250728::7C-L1_Raw.csv,7C-L1,True,absolute_error_hours,hours,0.16312224211088378,0.12961221928981992,0.0,,,,,,,,,,0.01577287927642413,0.0126867537045892,0.0004805628887767782,,,,1.0,1.0,10
STFT,post_period_hours,transient_artifact,eligible,DRG,250625 to 250728::7D-L2_Raw.csv,7D-L2,True,absolute_error_hours,hours,0.2023470495397266,0.18867921757267148,0.0,,,,,,,,,,0.04110789011142994,0.043940887934856496,-0.000908481370263451,,,,1.0,1.0,10
STFT,post_period_hours,transient_artifact,eligible,DRG,250625 to 250728::8B-L2m1_Raw.csv,8B-L2m1,True,absolute_error_hours,hours,0.07530150828236515,0.07530150828236515,0.0,,,,,,,,,,0.031342386779502976,0.03218115337168445,-0.004762629051985989,,,,1.0,1.0,10
STFT,post_period_hours,transient_artifact,eligible,DRG,250625 to 250728::8C-L3m1_Raw.csv,8C-L3m1,True,absolute_error_hours,hours,0.12529434053421795,0.12529434053421795,0.0,,,,,,,,,,0.01807496652151456,0.0068112478879692,0.011537511662167196,,,,1.0,1.0,10
STFT,post_period_hours,transient_artifact,eligible,DRG,250625 to 250728::8D-L4-1m1_Raw.csv,8D-L4-1m1,True,absolute_error_hours,hours,0.21479983548025317,0.2215480166864392,0.0,,,,,,,,,,0.06349510599036,0.05966749715297845,0.004510279260783099,,,,1.0,1.0,10
STFT,post_period_hours,transient_artifact,eligible,DRG,250811::2C-2ML1_Raw.csv,2C-2ML1,True,absolute_error_hours,hours,0.13369134968515084,0.13369134968515084,0.0,,,,,,,,,,0.059571736380463605,0.06345370355307176,-0.0018083088934569384,,,,1.0,1.0,10
STFT,post_period_hours,transient_artifact,eligible,DRG,250811::2D-1FL2_Raw.csv,2D-1FL2,True,absolute_error_hours,hours,0.029157789571248927,0.029157789571248927,0.0,,,,,,,,,,0.040761052525320654,0.050602950163205346,-0.009999872095542543,,,,1.0,1.0,10
STFT,post_period_hours,transient_artifact,eligible,DRG,250811::3A-1FL4_Raw.csv,3A-1FL4,True,absolute_error_hours,hours,0.09822985649485716,0.09822985649485538,0.0,,,,,,,,,,0.07779670731685344,0.07615345999369864,0.0027309583160613077,,,,1.0,1.0,10
STFT,post_period_hours,transient_artifact,eligible,DRG,250811::3D-1FT10_Raw.csv,3D-1FT10,True,absolute_error_hours,hours,0.16242504672276503,0.16242504672276503,-1.7763568394002505e-15,,,,,,,,,,0.09361458376289733,0.0933258486006937,-0.0005925174305457664,,,,1.0,1.0,10
STFT,post_period_hours,transient_artifact,eligible,DRG,250811::4A-2MT10_Raw.csv,4A-2MT10,True,absolute_error_hours,hours,0.2000523993514225,0.19388090279202075,0.0,,,,,,,,,,0.03176946716123616,0.02471315475244525,0.009471706041612757,,,,1.0,1.0,10
STFT,post_period_hours,transient_artifact,eligible,DRG,250811::4C-2MT5_Raw.csv,4C-2MT5,True,absolute_error_hours,hours,0.1401835167104064,0.11780881174659896,0.0,,,,,,,,,,0.07708869012247288,0.0717131993845976,0.006897273646898079,,,,1.0,1.0,10
STFT,post_period_hours,transient_artifact,eligible,DRG,250811::4D-1FL4_Raw.csv,4D-1FL4,True,absolute_error_hours,hours,0.11322868062743119,0.08747468863588104,0.0,,,,,,,,,,0.03599918451467302,0.048151566933496204,-0.005478576739524191,,,,1.0,1.0,10
STFT,post_period_hours,transient_artifact,eligible,DRG,250811::5A-2ML2_Raw.csv,5A-2ML2,True,absolute_error_hours,hours,0.21750010071110815,0.1470337747342434,0.0,,,,,,,,,,0.06834050053889851,0.04616705733039775,0.0201715587135887,,,,1.0,1.0,10
STFT,post_period_hours,transient_artifact,eligible,DRG,250811::5C-1FT7_Raw.csv,5C-1FT7,True,absolute_error_hours,hours,0.07345198252982499,0.0630070672807932,0.0,,,,,,,,,,0.057472136213804606,0.0490472010586841,0.006352042393742603,,,,1.0,1.0,10
STFT,post_period_hours,transient_artifact,eligible,DRG,250811::6A-1FL1_Raw.csv,6A-1FL1,True,absolute_error_hours,hours,0.126105649193347,0.11487352239171322,0.0,,,,,,,,,,0.023530779681246703,0.0205297266599182,0.0013728005137850028,,,,1.0,1.0,10
STFT,post_period_hours,transient_artifact,eligible,DRG,250811::6B-2ML3_Raw.csv,6B-2ML3,True,absolute_error_hours,hours,0.13760087307164426,0.11859291236872771,0.0,,,,,,,,,,0.07593565205778625,0.08445946761482451,-0.005780070397346536,,,,1.0,1.0,10
STFT,post_period_hours,transient_artifact,eligible,DRG,250811::7C-1FT12_Raw.csv,7C-1FT12,True,absolute_error_hours,hours,0.09145403574733812,0.09145403574733812,0.0,,,,,,,,,,0.049901056171228635,0.04968322876772255,0.0020206987137500153,,,,1.0,1.0,10
STFT,post_period_hours,transient_artifact,eligible,DRG,250811::7D-2MT12_Raw.csv,7D-2MT12,True,absolute_error_hours,hours,0.09297749585578075,0.09297749585578075,0.0,,,,,,,,,,0.044870509516217086,0.0488982773926206,-0.003680015955932772,,,,1.0,1.0,10
STFT,post_period_hours,transient_artifact,eligible,DRG,250811::8A-1FT5_Raw.csv,8A-1FT5,True,absolute_error_hours,hours,0.20235462808406268,0.1271606468938291,0.0,,,,,,,,,,0.06173095141368585,0.0634734322732752,0.0025584746578535857,,,,1.0,1.0,10
STFT,post_period_hours,transient_artifact,eligible,DRG,250811::8C-2ML4_Raw.csv,8C-2ML4,True,absolute_error_hours,hours,0.0948124669337922,0.0948124669337922,0.0,,,,,,,,,,0.03159875846307069,0.0301553192246897,0.0006148910080563674,,,,1.0,1.0,10
STFT,post_period_hours,transient_artifact,eligible,DRG,250811::8D-2MT7_Raw.csv,8D-2MT7,True,absolute_error_hours,hours,0.07915897646075898,0.07915897646075898,0.0,,,,,,,,,,0.05133447399372725,0.0530657158851715,0.0007528554944957119,,,,1.0,1.0,10
STFT,post_period_hours,transient_artifact,eligible,DRG,251003::2B- 1MT7_Raw.csv,2B- 1MT7,True,absolute_error_hours,hours,0.12823797226847233,0.12823797226847233,0.0,,,,,,,,,,0.020774488083763105,0.02235592636506705,-0.0007280363656050649,,,,1.0,1.0,10
STFT,post_period_hours,transient_artifact,eligible,DRG,251003::2C- M1L1_Raw.csv,2C- M1L1,True,absolute_error_hours,hours,0.1431848501735189,0.139412339770562,0.0,,,,,,,,,,0.11832533634407816,0.13995779166937633,-0.0194621040728176,,,,1.0,1.0,10
STFT,post_period_hours,transient_artifact,eligible,DRG,251003::2D- M1L4_Raw.csv,2D- M1L4,True,absolute_error_hours,hours,0.11424294866994522,0.11424294866994522,0.0,,,,,,,,,,0.007559568193335523,0.0071244226536089006,-5.3471907531863275e-05,,,,1.0,1.0,10
STFT,post_period_hours,transient_artifact,eligible,SCN,250625 to 250728::1C-SCN_Raw.csv,1C-SCN,True,absolute_error_hours,hours,0.16959551102727488,0.16959551102727488,0.0,,,,,,,,,,0.058250325071411854,0.06054943771671935,-0.0003378206970520749,,,,1.0,1.0,10
STFT,post_period_hours,transient_artifact,eligible,SCN,250625 to 250728::6C-SCNmm1_Raw.csv,6C-SCNmm1,True,absolute_error_hours,hours,0.11449198335269983,0.09058171147210281,0.0,,,,,,,,,,0.02049104889054468,0.0193689090607253,0.0007219200814960998,,,,1.0,1.0,10
STFT,post_period_hours,transient_artifact,eligible,SCN,250625 to 250728::7A-SCNmm2_Raw.csv,7A-SCNmm2,True,absolute_error_hours,hours,0.0885652764487368,0.08856527644873502,0.0,,,,,,,,,,0.06862990924620412,0.0724741358008359,-0.0027010370055574676,,,,1.0,1.0,10
STFT,post_period_hours,transient_artifact,eligible,SCN,250625 to 250728::7B-SCNcm2_Raw.csv,7B-SCNcm2,True,absolute_error_hours,hours,0.0956852494889251,0.0956852494889251,0.0,,,,,,,,,,0.09646833426269463,0.09943580294497101,-0.000976718246314713,,,,1.0,1.0,10
STFT,post_period_hours,transient_artifact,eligible,SCN,250728::6B-SCNrM2_Raw.csv,6B-SCNrM2,True,absolute_error_hours,hours,0.09572735097494522,0.09572735097494522,0.0,,,,,,,,,,0.08112208695347947,0.10065285666385196,-0.028573513963022386,,,,1.0,1.0,10
STFT,post_period_hours,transient_artifact,eligible,SCN,250728::7A-SCNcM1_Raw.csv,7A-SCNcM1,True,absolute_error_hours,hours,0.10555108064963648,0.10555108064963648,0.0,,,,,,,,,,0.04674068505911326,0.0564129035830747,-0.010895984250688322,,,,1.0,1.0,10
STFT,post_period_hours,transient_artifact,eligible,SCN,250728::7B-SCNcM2_Raw.csv,7B-SCNcM2,True,absolute_error_hours,hours,0.10610306932930591,0.10610306932930946,-1.7763568394002505e-15,,,,,,,,,,0.1385435988278142,0.14021053137929984,-0.0016257405987748913,,,,1.0,1.0,10
STFT,post_period_hours,transient_artifact,eligible,SCN,250811::1A-1FSCN_Raw.csv,1A-1FSCN,True,absolute_error_hours,hours,0.06921139516848385,0.06921139516848385,0.0,,,,,,,,,,0.04304233535185557,0.04890264524155385,-0.004915164014746922,,,,1.0,1.0,10
STFT,post_period_hours,transient_artifact,eligible,SCN,250811::1B-2MSCN_Raw.csv,1B-2MSCN,True,absolute_error_hours,hours,0.09134707961973199,0.09134707961973199,0.0,,,,,,,,,,0.06836080301595349,0.0649986822354716,0.002053212783701037,,,,1.0,1.0,10
STFT,post_period_hours,transient_artifact,eligible,SCN,250811::1C-3FSCN_Raw.csv,1C-3FSCN,True,absolute_error_hours,hours,0.0855895145044645,0.0855895145044645,0.0,,,,,,,,,,0.049728316063270855,0.0505258736728458,-0.0006351581320026035,,,,1.0,1.0,10
STFT,post_period_hours,transient_artifact,eligible,SCN,250811::1D-4FSCN_Raw.csv,1D-4FSCN,True,absolute_error_hours,hours,0.16870895611958758,0.1687089561195858,0.0,,,,,,,,,,0.08168266500901991,0.08669878199685341,-0.0011416046041695382,,,,1.0,1.0,10
STFT,post_period_hours,transient_artifact,eligible,SCN,251003::2A- M1SCn_Raw.csv,2A- M1SCn,True,absolute_error_hours,hours,0.21721629710713763,0.2172162971071412,-3.552713678800501e-15,,,,,,,,,,0.13162760043182387,0.13857988425174866,-0.00702156068758647,,,,1.0,1.0,10
STFT,post_period_hours,transient_artifact,eligible,SCN,251003::4B-M3SCN_Raw.csv,4B-M3SCN,True,absolute_error_hours,hours,0.1433358599010841,0.10060030882216964,0.0,,,,,,,,,,0.10553710105564472,0.10028922490775005,-0.0005276721012801022,,,,1.0,1.0,10
STFT,post_period_hours,transient_artifact,ineligible,DRG,250625 to 250728::5A-T10m1_Raw.csv,5A-T10m1,True,absolute_error_hours,hours,0.13888132919132623,0.13888132919132623,0.0,,,,,,,,,,0.12160956329009072,0.12385900689856724,-0.0016742838438083205,,,,1.0,1.0,10
STFT,pre_amplitude_trajectory,gaussian_noise,difficult,DRG,250625 to 250728::1D-L2m2_Raw.csv,1D-L2m2,True,target_segment_calibrated_absolute_nrmse,NRMSE,0.15462538872385695,0.1564444108881582,-0.0011203753577463255,0.09255801167476535,0.0938946348226148,0.00024657943392016046,0.17699656407615116,0.1786234302477,-0.0008009070468624202,,,,0.10344252217558855,0.1042348220386088,-0.0019971974751361796,0.9971928651102138,0.9971483404918674,3.1321045777576995e-05,1.0,1.0,10
STFT,pre_amplitude_trajectory,gaussian_noise,difficult,DRG,250625 to 250728::4B-T12m2_Raw.csv,4B-T12m2,True,target_segment_calibrated_absolute_nrmse,NRMSE,0.07455328729567637,0.0730871773866453,0.000680915453391745,0.05056825401663244,0.049236158739786,0.0004610523093825508,0.058073595478283474,0.05580324952684909,0.0010667976257537348,,,,0.03651568151999396,0.0346483380709631,0.0013700499405221792,0.9979329483008126,0.997945660930915,1.5487885315967898e-05,1.0,1.0,10
STFT,pre_amplitude_trajectory,gaussian_noise,difficult,DRG,250625 to 250728::8A-L3_Raw.csv,8A-L3,True,target_segment_calibrated_absolute_nrmse,NRMSE,0.13771290272498418,0.13614450123491562,0.0004946099362125728,0.08784758074832211,0.08674497308153556,0.0006455706000766739,0.13894402381113236,0.13713570876015768,0.0013495354703412232,,,,0.06980097728496279,0.0669619838747092,0.0012178239003095975,0.9963399742487372,0.9963127945333803,0.00012708185947640782,1.0,1.0,10
STFT,pre_amplitude_trajectory,gaussian_noise,difficult,DRG,250625 to 250728::8B-L2m1_Raw.csv,8B-L2m1,True,target_segment_calibrated_absolute_nrmse,NRMSE,0.42689264784996106,0.4264298274482702,0.0005489271554964537,0.1851522692355173,0.18438962497226669,0.00043549488895187893,0.539994834133052,0.5372742932681476,0.0006631943450009503,,,,0.6483564043324762,0.6436924617284077,0.001587288809588805,0.994313228847058,0.994359173490633,1.6490864349683054e-05,1.0,1.0,10
STFT,pre_amplitude_trajectory,gaussian_noise,difficult,DRG,250811::2C-2ML1_Raw.csv,2C-2ML1,True,target_segment_calibrated_absolute_nrmse,NRMSE,0.3308805559948663,0.3316434557851994,-0.0005739130513420371,0.2832394849721829,0.28388462841847395,-8.464047753879711e-05,0.24013033376351534,0.2412049236643623,-0.00021613252511021308,,,,0.20674620588682258,0.206816069264355,0.0014515295461993705,0.9096269655454596,0.9093474674331041,9.160794540830075e-05,1.0,1.0,10
STFT,pre_amplitude_trajectory,gaussian_noise,difficult,DRG,250811::5A-2ML2_Raw.csv,5A-2ML2,True,target_segment_calibrated_absolute_nrmse,NRMSE,0.222187732316885,0.223556349189344,-4.887989955998373e-05,0.191215492415851,0.19161954665444453,-0.0003138131374191555,0.1830127006381576,0.18301358487864403,-0.0001470872300824433,,,,0.16861066421172674,0.1686772078211088,-0.0016911543313368749,0.958973498844456,0.9581450453335839,-0.00016231710248693076,1.0,1.0,10
STFT,pre_amplitude_trajectory,gaussian_noise,difficult,DRG,250811::7C-1FT12_Raw.csv,7C-1FT12,True,target_segment_calibrated_absolute_nrmse,NRMSE,0.144435194462719,0.14443697743767275,-0.0001939256470160286,0.07344925696537559,0.07448015160933565,0.00021760863866874397,0.14145810523832603,0.14013192960295917,-0.00036339891707870553,,,,0.10395707541602023,0.10384046817086225,0.003276315134286528,0.9980791196689782,0.9980515805273023,-1.3082101962769155e-05,1.0,1.0,10
STFT,pre_amplitude_trajectory,gaussian_noise,difficult,DRG,250811::8A-1FT5_Raw.csv,8A-1FT5,True,target_segment_calibrated_absolute_nrmse,NRMSE,0.04566918826803508,0.04592710352192355,-0.0011272146514214251,0.03206215959330355,0.03052845470361375,8.800452982668516e-09,0.021909386881010948,0.020139522659532446,-0.00038998067431448777,,,,0.004348949211587906,0.00610614775886165,-0.003143095365657679,0.9348735463665612,0.9372066163541801,0.0024908471779058194,1.0,1.0,10
STFT,pre_amplitude_trajectory,gaussian_noise,difficult,DRG,251003::2B- 1MT7_Raw.csv,2B- 1MT7,True,target_segment_calibrated_absolute_nrmse,NRMSE,0.03438047741983296,0.033148924464406954,0.0009708483042941661,0.012816503325937305,0.01174677462706265,0.0013931453599764533,0.006442616481996063,0.0067509656164795005,0.0008503057704868332,,,,0.002585347770664407,0.0018956690623545,0.0007033150688612568,0.9925351607248857,0.9952363006092335,0.000506580489202324,1.0,1.0,10
STFT,pre_amplitude_trajectory,gaussian_noise,difficult,DRG,251003::2C- M1L1_Raw.csv,2C- M1L1,True,target_segment_calibrated_absolute_nrmse,NRMSE,0.07990438651039558,0.07978604353967625,5.754566941433906e-05,0.05229117740332165,0.0531506535244695,-0.000853901448505074,0.025978680489354235,0.027031151802618544,-0.0005851924968330409,,,,0.00219083942851141,0.0013331417581094501,-0.00018238567938652444,0.9299070506518197,0.926752284257532,-0.0018779084509354393,1.0,1.0,10
STFT,pre_amplitude_trajectory,gaussian_noise,difficult,DRG,251003::2D- M1L4_Raw.csv,2D- M1L4,True,target_segment_calibrated_absolute_nrmse,NRMSE,0.42042164752836436,0.42030022975707426,3.552772892639888e-05,0.20424497067323355,0.20455819072273418,-3.284211636653267e-05,0.5541688510042544,0.5540348264651488,0.0014695592022430648,,,,0.6243657718552584,0.6291287314071246,0.0006312853291306486,0.9923002829720668,0.9922964587645354,-2.925746820348074e-05,1.0,1.0,10
STFT,pre_amplitude_trajectory,gaussian_noise,eligible,DRG,250625 to 250728::1B-L1m2_Raw.csv,1B-L1m2,True,target_segment_calibrated_absolute_nrmse,NRMSE,0.043317682486916136,0.043290388221587955,-0.0007320481421402708,0.024785691561483143,0.02406843282790485,0.00037385205947752104,0.023804489474642254,0.022615575435408902,0.0008872123060943149,,,,0.017871680234860535,0.01980252572813425,-0.0029337988262456895,0.9993655547578633,0.9993741189939533,-1.1553745269232696e-05,1.0,1.0,10
STFT,pre_amplitude_trajectory,gaussian_noise,eligible,DRG,250625 to 250728::2C-L3m2_Raw.csv,2C-L3m2,True,target_segment_calibrated_absolute_nrmse,NRMSE,0.06136422723416923,0.06137410763816755,-0.00019973104145900797,0.04310203913048767,0.0429265496494329,0.0004792020637724506,0.04097942129707957,0.04109525122850577,0.0005999119872570624,,,,0.021160090782103548,0.0203460719156392,-0.00041869413315767136,0.9976299379105826,0.9976222978296732,-9.528031298156048e-05,1.0,1.0,10
STFT,pre_amplitude_trajectory,gaussian_noise,eligible,DRG,250625 to 250728::3A-L5m2_Raw.csv,3A-L5m2,True,target_segment_calibrated_absolute_nrmse,NRMSE,0.030161767712280508,0.02963746239624725,0.0001311021301861684,0.012895923538406132,0.0135692150716582,0.00020865985477351405,0.009845601154504793,0.010424329582486597,0.00045628237841988106,,,,0.008803178663710633,0.009459883928863051,-0.0005205378550418524,0.999585913989301,0.9995379325557758,-1.2307157773061572e-05,1.0,1.0,10
STFT,pre_amplitude_trajectory,gaussian_noise,eligible,DRG,250625 to 250728::3B-T10m2_Raw.csv,3B-T10m2,True,target_segment_calibrated_absolute_nrmse,NRMSE,0.07501657891276442,0.0757222626908911,-0.0009922079040763712,0.047832839759941126,0.04852647027160705,-0.00022325498694185028,0.054658814755344426,0.05498047538109274,-0.00023496158418059854,,,,0.026969964486046542,0.028185213466040047,-0.0017191658509590722,0.9978501438390042,0.9978581646169449,2.360080994134872e-06,1.0,1.0,10
STFT,pre_amplitude_trajectory,gaussian_noise,eligible,DRG,250625 to 250728::4C-T5m1_Raw.csv,4C-T5m1,True,target_segment_calibrated_absolute_nrmse,NRMSE,0.05191384319380589,0.05255319212125035,-0.00037531017964315475,0.03433952702421656,0.0345333534611592,0.000723949662148244,0.03314508306257649,0.033271017727511815,0.00029055045964557213,,,,0.02122348804824218,0.0229929310577352,-0.0017436073184699703,0.9986168567645088,0.9986659808779741,5.912593649626263e-06,1.0,1.0,10
STFT,pre_amplitude_trajectory,gaussian_noise,eligible,DRG,250625 to 250728::4D-T7m1_Raw.csv,4D-T7m1,True,target_segment_calibrated_absolute_nrmse,NRMSE,0.07852666588846827,0.07907453326197711,-0.0008621208556735399,0.05388472055168633,0.0530191065246957,-0.00042177332091290765,0.06066753626906182,0.059025669745606774,-0.0008880945705128096,,,,0.027791558719127682,0.0282773235776996,-0.0027840428619116345,0.997273218986875,0.9973460061137873,9.078657786398825e-05,1.0,1.0,10
STFT,pre_amplitude_trajectory,gaussian_noise,eligible,DRG,250625 to 250728::5B-T12m2_Raw.csv,5B-T12m2,True,target_segment_calibrated_absolute_nrmse,NRMSE,0.026101493292825323,0.02522817423514325,0.0004703274151284832,0.007941870551356828,0.0076701046285815,0.000210903402157707,0.004881504636507732,0.005202004324521951,-0.00011692928908391131,,,,0.0049007336441117405,0.00354985312591325,0.0006522343600777409,0.9950091524312665,0.9945365079382507,-7.012248260995779e-06,1.0,1.0,10
STFT,pre_amplitude_trajectory,gaussian_noise,eligible,DRG,250625 to 250728::5C-T12_Raw.csv,5C-T12,True,target_segment_calibrated_absolute_nrmse,NRMSE,0.25408292497427165,0.253492175098576,0.0008634043397134639,0.14989513738659432,0.14977360539514215,0.00012153199145216453,0.3263601932379423,0.3277162092648654,0.0021325238911862887,,,,0.2571726018874747,0.2579568838351559,0.0002140536708389318,0.9940605958210788,0.9940857337509861,-7.213843962738942e-07,1.0,1.0,10
STFT,pre_amplitude_trajectory,gaussian_noise,eligible,DRG,250625 to 250728::5D-T10_Raw.csv,5D-T10,True,target_segment_calibrated_absolute_nrmse,NRMSE,0.05165877306158613,0.0515286210157848,0.0007554779434509121,0.03276622551962878,0.0325068435349868,0.0005079691392746964,0.03271684006472375,0.03198393500126151,0.0005353229206874477,,,,0.02898699584277739,0.02596134060487145,0.0021640145160514417,0.9989467560394957,0.9990250957027482,2.1382445482276413e-05,1.0,1.0,10
STFT,pre_amplitude_trajectory,gaussian_noise,eligible,DRG,250625 to 250728::6A-T7_Raw.csv,6A-T7,True,target_segment_calibrated_absolute_nrmse,NRMSE,0.06487805323436466,0.06442056162164175,0.0008825486798633431,0.043477091491504596,0.04332550365517255,-0.0002567224846554139,0.04767031665007712,0.04733933341471283,-0.0001634263753354792,,,,0.036067521059373775,0.0320267966844051,0.003656590360388569,0.9984465134202101,0.998385714283001,-3.3446409503978813e-05,1.0,1.0,10
STFT,pre_amplitude_trajectory,gaussian_noise,eligible,DRG,250625 to 250728::6B-T5_Raw.csv,6B-T5,True,target_segment_calibrated_absolute_nrmse,NRMSE,0.0385312213527199,0.03706680558776615,0.0018861602254848335,0.023013377552075366,0.02202356480070405,0.000144270749227772,0.016549156129047796,0.01642995446485053,-0.00032517376563070965,,,,0.012035095550629631,0.0106880134829453,0.0015568457878315815,0.9979811466290922,0.9980091880077736,0.00010811033707569528,1.0,1.0,10
STFT,pre_amplitude_trajectory,gaussian_noise,eligible,DRG,250625 to 250728::7C-L1_Raw.csv,7C-L1,True,target_segment_calibrated_absolute_nrmse,NRMSE,0.09480416230609498,0.0947333536353694,0.0005300251110167201,0.06640499689666673,0.0654956669570113,0.0004832369575061696,0.08529911088999323,0.08352667064431168,0.00029413360699603874,,,,0.04503794186773206,0.0431206495516613,0.0032659527790845806,0.9972451532502284,0.9971645523770185,-5.795896160842862e-06,1.0,1.0,10
STFT,pre_amplitude_trajectory,gaussian_noise,eligible,DRG,250625 to 250728::7D-L2_Raw.csv,7D-L2,True,target_segment_calibrated_absolute_nrmse,NRMSE,0.16140026941836777,0.1620860030457914,0.0002167960907224903,0.12136947159014203,0.1211266928559486,0.00010275267880381633,0.16839502855210361,0.1692759106923434,0.0006909249966026987,,,,0.061573727140657036,0.06352372471741295,0.00041506785059956114,0.9919146409676481,0.9920146930475183,-0.0001527449035756412,1.0,1.0,10
STFT,pre_amplitude_trajectory,gaussian_noise,eligible,DRG,250625 to 250728::8C-L3m1_Raw.csv,8C-L3m1,True,target_segment_calibrated_absolute_nrmse,NRMSE,0.04942109695354828,0.05045307482968865,-0.0010381545487633016,0.028632315907530903,0.027635364227544097,0.0004667550076017952,0.027631221724073285,0.026386682995270472,0.00044483805220008055,,,,0.015663433893912587,0.015367108227839,-0.00032550493967510325,0.9989937441957856,0.9989800317559365,-8.048346658573458e-07,1.0,1.0,10
STFT,pre_amplitude_trajectory,gaussian_noise,eligible,DRG,250625 to 250728::8D-L4-1m1_Raw.csv,8D-L4-1m1,True,target_segment_calibrated_absolute_nrmse,NRMSE,0.06287444328252491,0.0607274567716301,0.0010062382707563336,0.03687499818930981,0.0364417451110371,-2.8609071970782385e-06,0.038215676154812084,0.03824256227906253,-0.0003754709642184162,,,,0.021999504814050233,0.0228795351549785,-0.0010978739396104893,0.9985748264181981,0.9986669136033841,2.997651511749133e-05,1.0,1.0,10
STFT,pre_amplitude_trajectory,gaussian_noise,eligible,DRG,250811::2D-1FL2_Raw.csv,2D-1FL2,True,target_segment_calibrated_absolute_nrmse,NRMSE,0.051923357108885064,0.05083666427543435,0.0006402513013888042,0.03247503360217503,0.033054084682716756,-0.0011987558239366126,0.029812317069836308,0.03017174890453911,-0.0012382435355918486,,,,0.026272655618541963,0.0221673588369492,0.004758936848145502,0.9984107686243143,0.9982378772296715,-0.00015633295796024793,1.0,1.0,10
STFT,pre_amplitude_trajectory,gaussian_noise,eligible,DRG,250811::3A-1FL4_Raw.csv,3A-1FL4,True,target_segment_calibrated_absolute_nrmse,NRMSE,0.029370334891465164,0.028784953053586047,0.0006339186703117495,0.01123008683025968,0.01110304570845715,0.0005147317116209991,0.007073544180353726,0.006962342184054051,0.0008690670135193881,,,,0.004066847977196415,0.00391497425056445,0.000673933446672865,0.9968998384294149,0.9960363790407671,2.120953276602e-05,1.0,1.0,10
STFT,pre_amplitude_trajectory,gaussian_noise,eligible,DRG,250811::3D-1FT10_Raw.csv,3D-1FT10,True,target_segment_calibrated_absolute_nrmse,NRMSE,0.07022868655147163,0.06944466221567819,0.00012014007582757807,0.03261432036929398,0.0322013684814086,0.0002789974424230769,0.04286063708342336,0.04271106914716338,-0.0011116960394320086,,,,0.05079244160307719,0.05128934279856885,-0.0003644062697240845,0.9994856152881981,0.9995086294592321,-2.187792413343992e-07,1.0,1.0,10
STFT,pre_amplitude_trajectory,gaussian_noise,eligible,DRG,250811::4A-2MT10_Raw.csv,4A-2MT10,True,target_segment_calibrated_absolute_nrmse,NRMSE,0.047774336926207285,0.047754004486016854,0.0012356008496918064,0.029258324498552403,0.0284791050839898,0.0009904821049667948,0.028659100545451344,0.026886700170448197,0.002057715653293851,,,,0.023778612505433318,0.02250482089656285,0.0034713206440885307,0.9989594585506545,0.99890608429575,-4.64479208730495e-05,1.0,1.0,10
STFT,pre_amplitude_trajectory,gaussian_noise,eligible,DRG,250811::4C-2MT5_Raw.csv,4C-2MT5,True,target_segment_calibrated_absolute_nrmse,NRMSE,0.15580457582947843,0.1537771477692475,-0.0009758905348087737,0.12010391237948304,0.11902650465995254,3.9307830372967145e-05,0.15379339035456085,0.15394830047039304,-0.00019511311826658773,,,,0.07996627423463505,0.07172757597627645,-0.0025330318887215875,0.9911513673885681,0.9912138214942918,4.0914037036543505e-05,1.0,1.0,10
STFT,pre_amplitude_trajectory,gaussian_noise,eligible,DRG,250811::4D-1FL4_Raw.csv,4D-1FL4,True,target_segment_calibrated_absolute_nrmse,NRMSE,0.04014255454976726,0.03992303476245945,0.00024396025817517014,0.02193301694361699,0.021223086691664,0.0008531239081776762,0.020148767690925662,0.01923971205091954,0.0011300045641476075,,,,0.018834806565945432,0.01795619010322565,0.0006510118544595465,0.9993814120354432,0.9993900641674197,9.886126284996966e-06,1.0,1.0,10
STFT,pre_amplitude_trajectory,gaussian_noise,eligible,DRG,250811::5C-1FT7_Raw.csv,5C-1FT7,True,target_segment_calibrated_absolute_nrmse,NRMSE,0.051837247212391996,0.05162800524599025,-0.0005717883402684767,0.029950440322133214,0.0294650540217651,-0.0006979858052103619,0.0282027298305923,0.028706893566752933,-0.0010579818624174286,,,,0.02228639924452669,0.025018225411263202,-0.0026096152248042126,0.9987498069894947,0.9987935180596618,-4.443380467289426e-06,1.0,1.0,10
STFT,pre_amplitude_trajectory,gaussian_noise,eligible,DRG,250811::6A-1FL1_Raw.csv,6A-1FL1,True,target_segment_calibrated_absolute_nrmse,NRMSE,0.11964174349866175,0.11902911448338349,0.0003696661628520073,0.07725371195160859,0.07694553254613876,0.00046600541617132507,0.11291977058332275,0.11212326199481548,0.0001118230906211326,,,,0.0721544430561975,0.07087356511658854,0.001704634756416478,0.9968433023046255,0.9967147635147071,-2.844877346364072e-06,1.0,1.0,10
STFT,pre_amplitude_trajectory,gaussian_noise,eligible,DRG,250811::6B-2ML3_Raw.csv,6B-2ML3,True,target_segment_calibrated_absolute_nrmse,NRMSE,0.04546292590508172,0.0445638042061405,0.0003744454859559189,0.0238599939595347,0.022747364596222598,-0.00016617289633917565,0.023678880412895065,0.022384973427369254,-0.0015423832491871514,,,,0.028871262757678595,0.024016025649583148,0.002280985498891653,0.999478689513768,0.9995071355739498,1.250068713926078e-05,1.0,1.0,10
STFT,pre_amplitude_trajectory,gaussian_noise,eligible,DRG,250811::7D-2MT12_Raw.csv,7D-2MT12,True,target_segment_calibrated_absolute_nrmse,NRMSE,0.035954035340654965,0.03324172694739395,0.00022782460384215483,0.018352164013179045,0.01642994313440055,6.149046052655177e-06,0.015091660188392586,0.013697126115722852,1.4389097951900132e-05,,,,0.014611876421843528,0.01308201454431555,0.0010438992424249517,0.9992840673459227,0.9993921824478762,-1.0080636389020459e-05,1.0,1.0,10
STFT,pre_amplitude_trajectory,gaussian_noise,eligible,DRG,250811::8C-2ML4_Raw.csv,8C-2ML4,True,target_segment_calibrated_absolute_nrmse,NRMSE,0.06130817799148511,0.06089413356428905,0.0012136908151346402,0.04049194401249587,0.0396462756699821,0.000365501828453723,0.03862651320712218,0.03766786467583985,0.0007009568333045391,,,,0.025251900053412053,0.0258168499068405,-0.00042475267926404825,0.9974300519874402,0.9974653037081356,-1.6789650342685647e-05,1.0,1.0,10
STFT,pre_amplitude_trajectory,gaussian_noise,eligible,DRG,250811::8D-2MT7_Raw.csv,8D-2MT7,True,target_segment_calibrated_absolute_nrmse,NRMSE,0.030639114245850807,0.0296075188919938,0.001031595353857006,0.015317582481371942,0.014058600723288,0.0012230394941591585,0.011249593430820312,0.010629357133920457,0.0008475707548761327,,,,0.007547762635501632,0.00627383578571,0.0015850080784121324,0.9984509343203241,0.9988480546430293,0.00019164389216125288,1.0,1.0,10
STFT,pre_amplitude_trajectory,gaussian_noise,eligible,SCN,250625 to 250728::1C-SCN_Raw.csv,1C-SCN,True,target_segment_calibrated_absolute_nrmse,NRMSE,0.04565800410039984,0.045343512196584154,0.0005047852807524116,0.012980315038388658,0.01282183461977075,2.995779241450787e-05,0.012956285540896895,0.01369021960160327,-0.0006523054791628402,,,,0.023371335073448726,0.0214451848038783,0.001497744475620075,0.9999015658126408,0.9999148696049975,9.143334576411366e-06,1.0,1.0,10
STFT,pre_amplitude_trajectory,gaussian_noise,eligible,SCN,250625 to 250728::6C-SCNmm1_Raw.csv,6C-SCNmm1,True,target_segment_calibrated_absolute_nrmse,NRMSE,0.04582978602082004,0.0468709286556105,-0.00036815065412111256,0.018257613801470274,0.018957239731135,-0.0005119863089348472,0.019177633086998436,0.019643591628894203,-0.0006527206413376174,,,,0.019448582280836738,0.0192775104178277,0.00028734565655336684,0.9997419683257289,0.9996986912744097,-4.956941879757926e-05,1.0,1.0,10
STFT,pre_amplitude_trajectory,gaussian_noise,eligible,SCN,250625 to 250728::7A-SCNmm2_Raw.csv,7A-SCNmm2,True,target_segment_calibrated_absolute_nrmse,NRMSE,0.06954330472913661,0.07095832180132995,0.0015148713773817796,0.02693176192427102,0.026962000848408697,0.0005837110673363108,0.03834643442138491,0.038773555088114725,0.0015983711923550359,,,,0.03842612817342772,0.0405139584967817,-6.0292079845553764e-05,0.9997125422522748,0.9996864558866324,3.369752805293391e-06,1.0,1.0,10
STFT,pre_amplitude_trajectory,gaussian_noise,eligible,SCN,250625 to 250728::7B-SCNcm2_Raw.csv,7B-SCNcm2,True,target_segment_calibrated_absolute_nrmse,NRMSE,0.043252612344671135,0.042235997672491046,-1.6671881300264757e-05,0.012917437787070331,0.01365906735148305,-0.0014243829485381509,0.013028178958170072,0.014112925669473919,-0.0020971880600886283,,,,0.02118452591640873,0.020262356434775697,0.00025548613799210654,0.9998960431002095,0.9998992115608568,9.39256447651804e-06,1.0,1.0,10
STFT,pre_amplitude_trajectory,gaussian_noise,eligible,SCN,250728::6A-SCNrM1_Raw.csv,6A-SCNrM1,True,target_segment_calibrated_absolute_nrmse,NRMSE,0.04152520737809405,0.04117430208539895,-0.000774444195413275,0.011722216803381001,0.01216784124989435,-0.00022828736996236085,0.011328788643565096,0.012225205019662566,-0.0010765595899322467,,,,0.01853815875602968,0.019590529222050602,-0.0017826341810736465,0.9998875557492863,0.9999102140877244,1.662823141640457e-05,1.0,1.0,10
STFT,pre_amplitude_trajectory,gaussian_noise,eligible,SCN,250728::6B-SCNrM2_Raw.csv,6B-SCNrM2,True,target_segment_calibrated_absolute_nrmse,NRMSE,0.06051241081836001,0.0614888006962903,-0.00023760862919561948,0.020337445086074674,0.02100286719520375,-0.00025284736729475066,0.02644339403264656,0.027507561229372618,-0.0008855853945359538,,,,0.032120199163476464,0.0342482420355186,-0.0012773013864987581,0.9997989936419758,0.9997959726847646,8.888938408391223e-06,1.0,1.0,10
STFT,pre_amplitude_trajectory,gaussian_noise,eligible,SCN,250728::7A-SCNcM1_Raw.csv,7A-SCNcM1,True,target_segment_calibrated_absolute_nrmse,NRMSE,0.04289774858927174,0.04119663332852955,0.0014117053218998359,0.011741379328183178,0.01138418934526535,0.0001567488102546099,0.01167199975250946,0.011452726694991061,-0.00041617084837072826,,,,0.01922921787600767,0.0177043157715744,0.0016798872566040658,0.9999143455536409,0.9999280476211089,1.648930984515795e-05,1.0,1.0,10
STFT,pre_amplitude_trajectory,gaussian_noise,eligible,SCN,250728::7B-SCNcM2_Raw.csv,7B-SCNcM2,True,target_segment_calibrated_absolute_nrmse,NRMSE,0.05192080416912058,0.05191731409235795,0.0001713843319138368,0.016013011304532997,0.0164091112242072,8.613572648849457e-05,0.01851970334865366,0.019286240277261668,0.0002505645707136239,,,,0.028605551009694027,0.02843467745070285,0.0008387495131613413,0.9998328010874609,0.9998690638288568,3.0425941052514283e-05,1.0,1.0,10
STFT,pre_amplitude_trajectory,gaussian_noise,eligible,SCN,250811::1A-1FSCN_Raw.csv,1A-1FSCN,True,target_segment_calibrated_absolute_nrmse,NRMSE,0.05263745371742365,0.050177399494095554,0.0010639934370519147,0.018501294445317777,0.01794936100800675,0.00021142241006757816,0.020556883721103203,0.020487961886913708,-0.00018984019251472306,,,,0.03247537309398322,0.03111453965178105,-0.00018337350660693752,0.9997405494218013,0.9997615446279076,1.7231087064251138e-05,1.0,1.0,10
STFT,pre_amplitude_trajectory,gaussian_noise,eligible,SCN,250811::1B-2MSCN_Raw.csv,1B-2MSCN,True,target_segment_calibrated_absolute_nrmse,NRMSE,0.04289013392621447,0.0421158915636515,0.00035411396021462274,0.01657700022384881,0.015331339942844451,0.0009705311745722206,0.016625657383164738,0.015607362798590235,0.0008533775212570816,,,,0.02319237756737242,0.0228037560597492,-0.0002207794564827812,0.9997509977308445,0.9997689968689858,1.7071742485663677e-05,1.0,1.0,10
STFT,pre_amplitude_trajectory,gaussian_noise,eligible,SCN,250811::1C-3FSCN_Raw.csv,1C-3FSCN,True,target_segment_calibrated_absolute_nrmse,NRMSE,0.028650666913316643,0.0288621274276005,-0.0010678827947502995,0.008744420278438709,0.0085177012883502,7.996088183515569e-05,0.0070475914603205375,0.007194336386652761,-0.00015405521411693268,,,,0.011493068230442587,0.011168710953530399,-0.00046426385332156307,0.9998615641747943,0.9998733249064349,3.3992393152326716e-05,1.0,1.0,10
STFT,pre_amplitude_trajectory,gaussian_noise,eligible,SCN,250811::1D-4FSCN_Raw.csv,1D-4FSCN,True,target_segment_calibrated_absolute_nrmse,NRMSE,0.03348121941146154,0.03265299052472935,0.0008142049696298857,0.01228037539013608,0.01181664020374955,0.0005776329015080564,0.010001163653728426,0.010558780400675996,-0.0004873131393285657,,,,0.015587452940287986,0.01410770857820195,0.0012720585703981865,0.9997939367066784,0.9998192708272666,3.063078430115551e-05,1.0,1.0,10
STFT,pre_amplitude_trajectory,gaussian_noise,eligible,SCN,251003::2A- M1SCn_Raw.csv,2A- M1SCn,True,target_segment_calibrated_absolute_nrmse,NRMSE,0.03408773799351968,0.03499060243084175,-0.00079794275844592,0.014197681160155826,0.0142189007331552,-0.0001433237409477874,0.012063536949103726,0.012315593116062895,-0.0004678604355951854,,,,0.01691703139228466,0.0165095816278773,0.0010526578824615477,0.9997687278824312,0.9998248206870278,5.5091107683480356e-05,1.0,1.0,10
STFT,pre_amplitude_trajectory,gaussian_noise,eligible,SCN,251003::4B-M3SCN_Raw.csv,4B-M3SCN,True,target_segment_calibrated_absolute_nrmse,NRMSE,0.03126359206564723,0.0313234996096926,-0.0007922788668814802,0.012510139969607129,0.0123145159097186,0.00025356427076017075,0.00979833282646296,0.010033546878204111,-0.00046869454136483357,,,,0.013790419552871538,0.01236748978743815,-0.00018484913933201202,0.9997508702067435,0.9998215341223442,7.652255282863951e-05,1.0,1.0,10
STFT,pre_amplitude_trajectory,gaussian_noise,ineligible,DRG,250625 to 250728::5A-T10m1_Raw.csv,5A-T10m1,True,target_segment_calibrated_absolute_nrmse,NRMSE,0.11357363035187654,0.1154475783489405,-0.0008329311215486343,0.08974192248608648,0.0901074610952663,-0.0003655386091798163,0.1012605174571766,0.10104329440685308,-0.00021977141187007332,,,,0.03401852976397976,0.03820015552134575,-0.0010478905208501955,0.9927000973910676,0.9924962844572016,-0.00015645098671784874,1.0,1.0,10
STFT,pre_amplitude_trajectory,missing_block_6h,difficult,DRG,250625 to 250728::1D-L2m2_Raw.csv,1D-L2m2,True,target_segment_calibrated_absolute_nrmse,NRMSE,0.14860846107403392,0.1564444108881582,-0.002557817909722565,0.09303693895673307,0.0938946348226148,-0.00026085468769777853,0.17890057396328957,0.1786234302477,-0.0007234224258663158,,,,0.1029187436230921,0.1042348220386088,-0.006023834867840833,0.9970179727542512,0.9971483404918674,0.00011333881931330225,1.0,1.0,10
STFT,pre_amplitude_trajectory,missing_block_6h,difficult,DRG,250625 to 250728::4B-T12m2_Raw.csv,4B-T12m2,True,target_segment_calibrated_absolute_nrmse,NRMSE,0.07117934666406435,0.0730871773866453,-0.0023668746387156825,0.05325251763834822,0.049236158739786,0.00045015030577937737,0.05659576380940909,0.05580324952684909,5.104932896460301e-06,,,,0.03288811519592927,0.0346483380709631,-0.000765362180466406,0.9977988856127301,0.997945660930915,0.00015414390045226378,1.0,1.0,10
STFT,pre_amplitude_trajectory,missing_block_6h,difficult,DRG,250625 to 250728::8A-L3_Raw.csv,8A-L3,True,target_segment_calibrated_absolute_nrmse,NRMSE,0.12363477664287112,0.13614450123491562,-0.004717640887168306,0.09248700268858089,0.08674497308153556,0.0013098062223974513,0.1428874829710366,0.13713570876015768,0.0015655409017156785,,,,0.06289723356353617,0.0669619838747092,-0.008020145511748449,0.9956861714598784,0.9963127945333803,0.00015596571630316358,1.0,1.0,10
STFT,pre_amplitude_trajectory,missing_block_6h,difficult,DRG,250625 to 250728::8B-L2m1_Raw.csv,8B-L2m1,True,target_segment_calibrated_absolute_nrmse,NRMSE,0.4202222911746908,0.4264298274482702,-0.00048387298995550276,0.18411798539638174,0.18438962497226669,-6.277430546411389e-05,0.5325574693792354,0.5372742932681476,-0.003338314234612616,,,,0.643555568194093,0.6436924617284077,-0.00016046475910180824,0.9943388650048521,0.994359173490633,7.880854788405722e-05,1.0,1.0,10
STFT,pre_amplitude_trajectory,missing_block_6h,difficult,DRG,250811::2C-2ML1_Raw.csv,2C-2ML1,True,target_segment_calibrated_absolute_nrmse,NRMSE,0.33105591478192187,0.3316434557851994,-0.0022027254458688444,0.2853785498361817,0.28388462841847395,0.00449308733104882,0.239165723040215,0.2412049236643623,0.0036145737807185274,,,,0.20727663350303338,0.206816069264355,-0.0019224829671643934,0.9070866210394994,0.9093474674331041,0.00406722934300302,1.0,1.0,10
STFT,pre_amplitude_trajectory,missing_block_6h,difficult,DRG,250811::5A-2ML2_Raw.csv,5A-2ML2,True,target_segment_calibrated_absolute_nrmse,NRMSE,0.21984145626516743,0.223556349189344,-0.0031866456394341047,0.20411239078970467,0.19161954665444453,0.0008736218637122872,0.19962910637287795,0.18301358487864403,0.00033839412254113577,,,,0.15726092948353798,0.1686772078211088,-0.0024746273208366837,0.9553763680314855,0.9581450453335839,0.0011279149955288337,1.0,1.0,10
STFT,pre_amplitude_trajectory,missing_block_6h,difficult,DRG,250811::7C-1FT12_Raw.csv,7C-1FT12,True,target_segment_calibrated_absolute_nrmse,NRMSE,0.12777449535808835,0.14443697743767275,-0.005239258222096518,0.073460612471457,0.07448015160933565,0.0005640643472761067,0.1417474510186037,0.14013192960295917,0.000740951134288681,,,,0.10088293219616982,0.10384046817086225,-2.5607934637142393e-05,0.9979614932877556,0.9980515805273023,7.527413800756388e-05,1.0,1.0,10
STFT,pre_amplitude_trajectory,missing_block_6h,difficult,DRG,250811::8A-1FT5_Raw.csv,8A-1FT5,True,target_segment_calibrated_absolute_nrmse,NRMSE,0.0461010264022099,0.04592710352192355,-0.0006934618650836707,0.038154572030001006,0.03052845470361375,0.0033913554948668476,0.020840192619463002,0.020139522659532446,-5.278221049224985e-06,,,,0.011163343946779009,0.00610614775886165,-0.00030615533353810795,0.9290376521300024,0.9372066163541801,0.014056654751220143,1.0,1.0,10
STFT,pre_amplitude_trajectory,missing_block_6h,difficult,DRG,251003::2B- 1MT7_Raw.csv,2B- 1MT7,True,target_segment_calibrated_absolute_nrmse,NRMSE,0.031445246365328,0.033148924464406954,-0.0015060907707582435,0.019861056385078894,0.01174677462706265,0.00843373904143244,0.009164053617086242,0.0067509656164795005,0.001914168683367622,,,,0.003587364121197034,0.0018956690623545,0.0002911262109876599,0.9840244498527386,0.9952363006092335,0.003166509034792264,1.0,1.0,10
STFT,pre_amplitude_trajectory,missing_block_6h,difficult,DRG,251003::2C- M1L1_Raw.csv,2C- M1L1,True,target_segment_calibrated_absolute_nrmse,NRMSE,0.07989297916254039,0.07978604353967625,-0.00036229289196957476,0.061120490364942395,0.0531506535244695,0.01154157975719601,0.036392808464425344,0.027031151802618544,0.0033048608113288016,,,,0.0030652788579819375,0.0013331417581094501,-0.0002731328472750008,0.9469211294809723,0.926752284257532,-0.0015046926751005607,1.0,1.0,10
STFT,pre_amplitude_trajectory,missing_block_6h,difficult,DRG,251003::2D- M1L4_Raw.csv,2D- M1L4,True,target_segment_calibrated_absolute_nrmse,NRMSE,0.4143831090139337,0.42030022975707426,-0.007941807038607002,0.2069432264317634,0.20455819072273418,-0.0002507710236841487,0.5551788806199724,0.5540348264651488,0.0016083708906200478,,,,0.6197140626091215,0.6291287314071246,-0.005300596370095889,0.9920035731420227,0.9922964587645354,0.0001849459144478427,1.0,1.0,10
STFT,pre_amplitude_trajectory,missing_block_6h,eligible,DRG,250625 to 250728::1B-L1m2_Raw.csv,1B-L1m2,True,target_segment_calibrated_absolute_nrmse,NRMSE,0.04170084444381307,0.043290388221587955,-0.003245158800179157,0.030137663756270902,0.02406843282790485,0.002248196368934049,0.023758334577359985,0.022615575435408902,-0.0008660480001714821,,,,0.021544503651463424,0.01980252572813425,0.00045270950787850567,0.9983759988992018,0.9993741189939533,0.0009554101511703994,1.0,1.0,10
STFT,pre_amplitude_trajectory,missing_block_6h,eligible,DRG,250625 to 250728::2C-L3m2_Raw.csv,2C-L3m2,True,target_segment_calibrated_absolute_nrmse,NRMSE,0.058223368049892345,0.06137410763816755,-0.0028200969006855377,0.04499925971991901,0.0429265496494329,0.0007929473838945988,0.04247827821426381,0.04109525122850577,-6.246500424028634e-05,,,,0.016691128769466473,0.0203460719156392,-0.004213127583778177,0.9966027261448249,0.9976222978296732,0.0008575838909809508,1.0,1.0,10
STFT,pre_amplitude_trajectory,missing_block_6h,eligible,DRG,250625 to 250728::3A-L5m2_Raw.csv,3A-L5m2,True,target_segment_calibrated_absolute_nrmse,NRMSE,0.028919387999815072,0.02963746239624725,-0.0003189148076751143,0.018592547161495488,0.0135692150716582,0.002694210957790641,0.012848110792581496,0.010424329582486597,0.0014901803889224297,,,,0.009372227120078437,0.009459883928863051,6.765421556309548e-17,0.9991782979424584,0.9995379325557758,0.00036605589563698526,1.0,1.0,10
STFT,pre_amplitude_trajectory,missing_block_6h,eligible,DRG,250625 to 250728::3B-T10m2_Raw.csv,3B-T10m2,True,target_segment_calibrated_absolute_nrmse,NRMSE,0.07033790706742718,0.0757222626908911,-0.005764587151303895,0.05408820674529155,0.04852647027160705,0.005509911650429841,0.05815724292171551,0.05498047538109274,0.0018507483130335567,,,,0.02406819832482357,0.028185213466040047,-0.003841151406496936,0.996736904842682,0.9978581646169449,0.0012117167865973166,1.0,1.0,10
STFT,pre_amplitude_trajectory,missing_block_6h,eligible,DRG,250625 to 250728::4C-T5m1_Raw.csv,4C-T5m1,True,target_segment_calibrated_absolute_nrmse,NRMSE,0.05167073140429341,0.05255319212125035,-0.001700369993532954,0.0398484442451946,0.0345333534611592,0.004799534715339015,0.035319010665680856,0.033271017727511815,0.002351107787401191,,,,0.02283510351195018,0.0229929310577352,-0.0010292060876991548,0.9984860654417183,0.9986659808779741,0.00030027827709033783,1.0,1.0,10
STFT,pre_amplitude_trajectory,missing_block_6h,eligible,DRG,250625 to 250728::4D-T7m1_Raw.csv,4D-T7m1,True,target_segment_calibrated_absolute_nrmse,NRMSE,0.077672330742656,0.07907453326197711,-0.002659200317710407,0.053317600771359094,0.0530191065246957,0.00016555288971124849,0.05925062988751886,0.059025669745606774,-0.00028742240142107245,,,,0.026724334708018334,0.0282773235776996,-0.00141153353033799,0.9970323898903606,0.9973460061137873,4.523809826162406e-05,1.0,1.0,10
STFT,pre_amplitude_trajectory,missing_block_6h,eligible,DRG,250625 to 250728::5B-T12m2_Raw.csv,5B-T12m2,True,target_segment_calibrated_absolute_nrmse,NRMSE,0.024317507531807094,0.02522817423514325,-0.0008392964049744583,0.014612198071100611,0.0076701046285815,0.0051771241412303624,0.007606543026863536,0.005202004324521951,0.0021490638848339367,,,,0.003109629419155638,0.00354985312591325,-0.0002696106293723266,0.9395294615816738,0.9945365079382507,0.016328009217225326,1.0,1.0,10
STFT,pre_amplitude_trajectory,missing_block_6h,eligible,DRG,250625 to 250728::5C-T12_Raw.csv,5C-T12,True,target_segment_calibrated_absolute_nrmse,NRMSE,0.2521535745040206,0.253492175098576,-0.0008120882392744777,0.15069489507042566,0.14977360539514215,-0.0003427623524229345,0.33024135205826616,0.3277162092648654,-0.0028397957882508873,,,,0.25793750598841403,0.2579568838351559,-0.0009977698422493075,0.9940432700865591,0.9940857337509861,4.656062079971823e-05,1.0,1.0,10
STFT,pre_amplitude_trajectory,missing_block_6h,eligible,DRG,250625 to 250728::5D-T10_Raw.csv,5D-T10,True,target_segment_calibrated_absolute_nrmse,NRMSE,0.04943599838097326,0.0515286210157848,-0.0010361520082316118,0.04301467319313453,0.0325068435349868,0.011097358418277583,0.03670477867271932,0.03198393500126151,0.005040999785547062,,,,0.02546846337955657,0.02596134060487145,-0.00076699719468158,0.9981161368768314,0.9990250957027482,0.0007803563605672248,1.0,1.0,10
STFT,pre_amplitude_trajectory,missing_block_6h,eligible,DRG,250625 to 250728::6A-T7_Raw.csv,6A-T7,True,target_segment_calibrated_absolute_nrmse,NRMSE,0.059360182636424126,0.06442056162164175,-0.006556736421927091,0.04707070454332281,0.04332550365517255,0.0018639760431867873,0.051001834410231595,0.04733933341471283,0.0026662029609583193,,,,0.022313951697116505,0.0320267966844051,-0.008180948068482246,0.9979082293898547,0.998385714283001,0.0004829062837912179,1.0,1.0,10
STFT,pre_amplitude_trajectory,missing_block_6h,eligible,DRG,250625 to 250728::6B-T5_Raw.csv,6B-T5,True,target_segment_calibrated_absolute_nrmse,NRMSE,0.03768793289557777,0.03706680558776615,-3.1375031928421865e-05,0.033362528002959156,0.02202356480070405,0.010047707787542506,0.01897932736866989,0.01642995446485053,0.002641559632897486,,,,0.009580693010038693,0.0106880134829453,-5.6246099557413776e-09,0.9948376048889447,0.9980091880077736,0.0035944143690899155,1.0,1.0,10
STFT,pre_amplitude_trajectory,missing_block_6h,eligible,DRG,250625 to 250728::7C-L1_Raw.csv,7C-L1,True,target_segment_calibrated_absolute_nrmse,NRMSE,0.08761631844661945,0.0947333536353694,-0.0035122816896617157,0.06370853673150637,0.0654956669570113,-0.00020219865105286505,0.08078510183034687,0.08352667064431168,-0.0008347589167022051,,,,0.03988218930823424,0.0431206495516613,-0.0002479484115198993,0.9971279290411362,0.9971645523770185,6.371093861318178e-05,1.0,1.0,10
STFT,pre_amplitude_trajectory,missing_block_6h,eligible,DRG,250625 to 250728::7D-L2_Raw.csv,7D-L2,True,target_segment_calibrated_absolute_nrmse,NRMSE,0.15642315571755383,0.1620860030457914,-0.003919935334265573,0.12200870160635396,0.1211266928559486,0.0005686216253871779,0.17102161863589363,0.1692759106923434,0.0013258407411758377,,,,0.06229036764652071,0.06352372471741295,-0.002108446256506271,0.9910637979437968,0.9920146930475183,0.00014086345312580573,1.0,1.0,10
STFT,pre_amplitude_trajectory,missing_block_6h,eligible,DRG,250625 to 250728::8C-L3m1_Raw.csv,8C-L3m1,True,target_segment_calibrated_absolute_nrmse,NRMSE,0.04699704930516033,0.05045307482968865,-0.0038758222683127827,0.02994465681090732,0.027635364227544097,0.0040171981808869335,0.026793091854100892,0.026386682995270472,-0.0006310574538828106,,,,0.01505358168648744,0.015367108227839,-0.0010880353054206274,0.9975168079126069,0.9989800317559365,0.001595007963315298,1.0,1.0,10
STFT,pre_amplitude_trajectory,missing_block_6h,eligible,DRG,250625 to 250728::8D-L4-1m1_Raw.csv,8D-L4-1m1,True,target_segment_calibrated_absolute_nrmse,NRMSE,0.05845940601607663,0.0607274567716301,-0.002905484333291037,0.040534362103408675,0.0364417451110371,0.0020024742971789244,0.04213218175144845,0.03824256227906253,0.002629665568800038,,,,0.020762622484188902,0.0228795351549785,-0.0021368520717597473,0.9982460254300705,0.9986669136033841,0.00022017314538919086,1.0,1.0,10
STFT,pre_amplitude_trajectory,missing_block_6h,eligible,DRG,250811::2D-1FL2_Raw.csv,2D-1FL2,True,target_segment_calibrated_absolute_nrmse,NRMSE,0.045390736882832294,0.05083666427543435,-0.004426229974824513,0.03360605535491688,0.033054084682716756,0.0013108274939536597,0.03104102166379022,0.03017174890453911,0.001109005048778533,,,,0.021798698373080024,0.0221673588369492,-0.000435450478225477,0.9982644464174977,0.9982378772296715,6.15544641071053e-05,1.0,1.0,10
STFT,pre_amplitude_trajectory,missing_block_6h,eligible,DRG,250811::3A-1FL4_Raw.csv,3A-1FL4,True,target_segment_calibrated_absolute_nrmse,NRMSE,0.026107832292921962,0.028784953053586047,-0.0013632564614898361,0.015557182592971348,0.01110304570845715,0.0029324345398173387,0.00733057809737947,0.006962342184054051,-0.00045893895817078825,,,,0.003272044797622062,0.00391497425056445,-0.0007625229798984376,0.9870922900662451,0.9960363790407671,0.007398855469882892,1.0,1.0,10
STFT,pre_amplitude_trajectory,missing_block_6h,eligible,DRG,250811::3D-1FT10_Raw.csv,3D-1FT10,True,target_segment_calibrated_absolute_nrmse,NRMSE,0.058505879105974025,0.06944466221567819,-0.008127992098329966,0.03356966706877371,0.0322013684814086,0.00021540003944449382,0.046607150873363146,0.04271106914716338,0.002584141318401567,,,,0.031562319789941326,0.05128934279856885,-0.016137944762632077,0.9989867437155207,0.9995086294592321,0.0005028849170869987,1.0,1.0,10
STFT,pre_amplitude_trajectory,missing_block_6h,eligible,DRG,250811::4A-2MT10_Raw.csv,4A-2MT10,True,target_segment_calibrated_absolute_nrmse,NRMSE,0.04142723959765038,0.047754004486016854,-0.00591961776379548,0.03257497753184756,0.0284791050839898,0.003652828805574557,0.027188982748440726,0.026886700170448197,0.0008410565081836407,,,,0.019908586941846308,0.02250482089656285,-0.0008890089988270716,0.9984017152546605,0.99890608429575,0.000502509700897158,1.0,1.0,10
STFT,pre_amplitude_trajectory,missing_block_6h,eligible,DRG,250811::4C-2MT5_Raw.csv,4C-2MT5,True,target_segment_calibrated_absolute_nrmse,NRMSE,0.1502329850728426,0.1537771477692475,-0.0031264894069334068,0.11638015327950117,0.11902650465995254,0.0004066270020253379,0.14548784889334349,0.15394830047039304,0.0001337940005921301,,,,0.07058951254247506,0.07172757597627645,-0.0004824040941658475,0.9910799935640486,0.9912138214942918,0.00031744342649175916,1.0,1.0,10
STFT,pre_amplitude_trajectory,missing_block_6h,eligible,DRG,250811::4D-1FL4_Raw.csv,4D-1FL4,True,target_segment_calibrated_absolute_nrmse,NRMSE,0.03745995144021609,0.03992303476245945,-0.0018427787180149806,0.020729078350379994,0.021223086691664,-0.0003623537394642565,0.018062810953374198,0.01923971205091954,-0.0011513088189735454,,,,0.017652687977803987,0.01795619010322565,-2.3939949321601095e-05,0.9991548451220379,0.9993900641674197,0.00023521904538181815,1.0,1.0,10
STFT,pre_amplitude_trajectory,missing_block_6h,eligible,DRG,250811::5C-1FT7_Raw.csv,5C-1FT7,True,target_segment_calibrated_absolute_nrmse,NRMSE,0.04854129561704279,0.05162800524599025,-0.003933501166894279,0.029953414456725086,0.0294650540217651,0.0009207691498143347,0.028892534500683298,0.028706893566752933,0.0006058035271432616,,,,0.023942763434933467,0.025018225411263202,-0.0010119273409999342,0.9987548270298228,0.9987935180596618,3.460671236060753e-05,1.0,1.0,10
STFT,pre_amplitude_trajectory,missing_block_6h,eligible,DRG,250811::6A-1FL1_Raw.csv,6A-1FL1,True,target_segment_calibrated_absolute_nrmse,NRMSE,0.11204516745571444,0.11902911448338349,-0.005520757277511154,0.08203093246332693,0.07694553254613876,-0.00019142926472742738,0.1150598853834226,0.11212326199481548,0.0014023491114619202,,,,0.06833641903013869,0.07087356511658854,-0.0007734080430756851,0.9963886296747044,0.9967147635147071,0.0001527544307807771,1.0,1.0,10
STFT,pre_amplitude_trajectory,missing_block_6h,eligible,DRG,250811::6B-2ML3_Raw.csv,6B-2ML3,True,target_segment_calibrated_absolute_nrmse,NRMSE,0.0429206104874037,0.0445638042061405,-0.0019009426285240306,0.025889595496772028,0.022747364596222598,0.0010371345266880858,0.026391231300805063,0.022384973427369254,0.001663490870269957,,,,0.02336608489975546,0.024016025649583148,-0.0007223740245301466,0.9991305391415596,0.9995071355739498,0.0003253663852855193,1.0,1.0,10
STFT,pre_amplitude_trajectory,missing_block_6h,eligible,DRG,250811::7D-2MT12_Raw.csv,7D-2MT12,True,target_segment_calibrated_absolute_nrmse,NRMSE,0.03443978052527701,0.03324172694739395,-0.002034027356602736,0.025052904184427502,0.01642994313440055,0.0020905728018435696,0.01662057794289014,0.013697126115722852,0.00032060660879190683,,,,0.015042125666784758,0.01308201454431555,9.080803036604079e-11,0.9984180277595069,0.9993921824478762,0.001065472932274103,1.0,1.0,10
STFT,pre_amplitude_trajectory,missing_block_6h,eligible,DRG,250811::8C-2ML4_Raw.csv,8C-2ML4,True,target_segment_calibrated_absolute_nrmse,NRMSE,0.05616890569465709,0.06089413356428905,-0.0035211738144017915,0.04117365644362555,0.0396462756699821,0.0019950042416572895,0.03707044180779934,0.03766786467583985,-0.0005262525886271241,,,,0.025283740578017237,0.0258168499068405,-0.0008655988383632143,0.997012896880108,0.9974653037081356,0.00037482251644049835,1.0,1.0,10
STFT,pre_amplitude_trajectory,missing_block_6h,eligible,DRG,250811::8D-2MT7_Raw.csv,8D-2MT7,True,target_segment_calibrated_absolute_nrmse,NRMSE,0.026245787093086774,0.0296075188919938,-0.0029314390690633185,0.01995872019163321,0.014058600723288,0.0052738788581094586,0.008423777195808432,0.010629357133920457,-0.0024489756492829043,,,,0.005341886346705169,0.00627383578571,-0.001018001910230938,0.9963730156892243,0.9988480546430293,0.001768893505461111,1.0,1.0,10
STFT,pre_amplitude_trajectory,missing_block_6h,eligible,SCN,250625 to 250728::1C-SCN_Raw.csv,1C-SCN,True,target_segment_calibrated_absolute_nrmse,NRMSE,0.04211620521051347,0.045343512196584154,-0.004116726228548594,0.01769061899282006,0.01282183461977075,0.00373564015708031,0.014862042828794886,0.01369021960160327,2.7414699391076214e-05,,,,0.015787644499571513,0.0214451848038783,-0.007681982686564746,0.9994320903238182,0.9999148696049975,0.00047414022092234775,1.0,1.0,10
STFT,pre_amplitude_trajectory,missing_block_6h,eligible,SCN,250625 to 250728::6C-SCNmm1_Raw.csv,6C-SCNmm1,True,target_segment_calibrated_absolute_nrmse,NRMSE,0.043888116613983966,0.0468709286556105,-0.0034781276662794354,0.028345627307126735,0.018957239731135,0.009589387992962935,0.02415951024555335,0.019643591628894203,0.0038447296338729453,,,,0.018079573672640188,0.0192775104178277,-0.0004292214483754605,0.9992215910060422,0.9996986912744097,0.0005109411929625773,1.0,1.0,10
STFT,pre_amplitude_trajectory,missing_block_6h,eligible,SCN,250625 to 250728::7A-SCNmm2_Raw.csv,7A-SCNmm2,True,target_segment_calibrated_absolute_nrmse,NRMSE,0.06643437499022378,0.07095832180132995,-0.002366424193389227,0.025117001393723207,0.026962000848408697,-0.0005583961029738994,0.034390752109808076,0.038773555088114725,-0.0005659181090409415,,,,0.03699668962499262,0.0405139584967817,-0.0026255085732218644,0.999667772084537,0.9996864558866324,7.236331986110178e-05,1.0,1.0,10
STFT,pre_amplitude_trajectory,missing_block_6h,eligible,SCN,250625 to 250728::7B-SCNcm2_Raw.csv,7B-SCNcm2,True,target_segment_calibrated_absolute_nrmse,NRMSE,0.03805411395210413,0.042235997672491046,-0.004838086703094602,0.019256960743132975,0.01365906735148305,0.005395050015592976,0.016058940568793367,0.014112925669473919,0.0014606079866358312,,,,0.01913738135227578,0.020262356434775697,-0.0008274202181567207,0.9993904077640368,0.9998992115608568,0.0005006253831907892,1.0,1.0,10
STFT,pre_amplitude_trajectory,missing_block_6h,eligible,SCN,250728::6A-SCNrM1_Raw.csv,6A-SCNrM1,True,target_segment_calibrated_absolute_nrmse,NRMSE,0.03776869494718694,0.04117430208539895,-0.0033743853934249217,0.012916883254731459,0.01216784124989435,0.000578426627287707,0.012001099766904388,0.012225205019662566,0.0002678117160809512,,,,0.019179657853118898,0.019590529222050602,-0.0009917911212908546,0.9998655353015766,0.9999102140877244,4.931574799305061e-05,1.0,1.0,10
STFT,pre_amplitude_trajectory,missing_block_6h,eligible,SCN,250728::6B-SCNrM2_Raw.csv,6B-SCNrM2,True,target_segment_calibrated_absolute_nrmse,NRMSE,0.05580037302379565,0.0614888006962903,-0.006071692577283048,0.028577496687605206,0.02100286719520375,0.007086558567381893,0.02835513820055688,0.027507561229372618,0.0007555361077815348,,,,0.03312971789200034,0.0342482420355186,-3.836117848016879e-05,0.99913350566702,0.9997959726847646,0.0006496839937754073,1.0,1.0,10
STFT,pre_amplitude_trajectory,missing_block_6h,eligible,SCN,250728::7A-SCNcM1_Raw.csv,7A-SCNcM1,True,target_segment_calibrated_absolute_nrmse,NRMSE,0.03792571692213212,0.04119663332852955,-0.003448971988031381,0.016333776890609865,0.01138418934526535,0.005220259142506817,0.012378086950962375,0.011452726694991061,0.0010628370389193786,,,,0.017406324827781004,0.0177043157715744,-3.7069320534682815e-07,0.999703676506946,0.9999280476211089,0.00022149222335432484,1.0,1.0,10
STFT,pre_amplitude_trajectory,missing_block_6h,eligible,SCN,250728::7B-SCNcM2_Raw.csv,7B-SCNcM2,True,target_segment_calibrated_absolute_nrmse,NRMSE,0.04650467953342519,0.05191731409235795,-0.005771130136365831,0.023449155738526566,0.0164091112242072,0.006775614707924956,0.023261471722572064,0.019286240277261668,0.003419774704508244,,,,0.02768162779677193,0.02843467745070285,-2.2337489668875637e-06,0.9997606463761635,0.9998690638288568,9.947104363849935e-05,1.0,1.0,10
STFT,pre_amplitude_trajectory,missing_block_6h,eligible,SCN,250811::1A-1FSCN_Raw.csv,1A-1FSCN,True,target_segment_calibrated_absolute_nrmse,NRMSE,0.047006498889831536,0.050177399494095554,-0.002938292152267867,0.017701812890680704,0.01794936100800675,-4.8746600887581565e-05,0.019939259347039412,0.020487961886913708,-0.0005334005771401862,,,,0.030541921781883863,0.03111453965178105,-0.00025613772847104567,0.9997714856122372,0.9997615446279076,7.082574552008669e-06,1.0,1.0,10
STFT,pre_amplitude_trajectory,missing_block_6h,eligible,SCN,250811::1B-2MSCN_Raw.csv,1B-2MSCN,True,target_segment_calibrated_absolute_nrmse,NRMSE,0.038768656516092966,0.0421158915636515,-0.0033886474020192008,0.01587824812564156,0.015331339942844451,0.0007360331372292103,0.015735357543523953,0.015607362798590235,0.000425513630324198,,,,0.02159481931773679,0.0228037560597492,-0.0016732764440677596,0.999641485318365,0.9997689968689858,0.00015245269554137186,1.0,1.0,10
STFT,pre_amplitude_trajectory,missing_block_6h,eligible,SCN,250811::1C-3FSCN_Raw.csv,1C-3FSCN,True,target_segment_calibrated_absolute_nrmse,NRMSE,0.026725290105575977,0.0288621274276005,-0.0021394893887442274,0.0085593948861722,0.0085177012883502,0.0002861595272644502,0.00637876766530017,0.007194336386652761,-0.0008065750927250676,,,,0.010458447170555902,0.011168710953530399,-0.0007062371488920595,0.9997204504831669,0.9998733249064349,0.00015211196226300183,1.0,1.0,10
STFT,pre_amplitude_trajectory,missing_block_6h,eligible,SCN,250811::1D-4FSCN_Raw.csv,1D-4FSCN,True,target_segment_calibrated_absolute_nrmse,NRMSE,0.028623270846969,0.03265299052472935,-0.004017074864526994,0.013000572983040474,0.01181664020374955,0.0009409313222570751,0.008139004470950076,0.010558780400675996,-0.001606851220278968,,,,0.011509468954875644,0.01410770857820195,-0.0020854403919643395,0.9995144974185444,0.9998192708272666,0.00030840990157104953,1.0,1.0,10
STFT,pre_amplitude_trajectory,missing_block_6h,eligible,SCN,251003::2A- M1SCn_Raw.csv,2A- M1SCn,True,target_segment_calibrated_absolute_nrmse,NRMSE,0.03096557606871534,0.03499060243084175,-0.00415955046793581,0.014012359387631634,0.0142189007331552,-0.0003946883197679671,0.01176532155180171,0.012315593116062895,-0.0005881294101262313,,,,0.015244185504701635,0.0165095816278773,-4.239713810885379e-05,0.9996617873725269,0.9998248206870278,0.0001644535982071038,1.0,1.0,10
STFT,pre_amplitude_trajectory,missing_block_6h,eligible,SCN,251003::4B-M3SCN_Raw.csv,4B-M3SCN,True,target_segment_calibrated_absolute_nrmse,NRMSE,0.0289092172164222,0.0313234996096926,-0.002675069086950265,0.01830723800230677,0.0123145159097186,0.00592047237452427,0.012378631496638426,0.010033546878204111,0.002588559868346621,,,,0.01192393091071066,0.01236748978743815,-4.988125864228976e-05,0.9993309000701929,0.9998215341223442,0.00047701452680842804,1.0,1.0,10
STFT,pre_amplitude_trajectory,missing_block_6h,ineligible,DRG,250625 to 250728::5A-T10m1_Raw.csv,5A-T10m1,True,target_segment_calibrated_absolute_nrmse,NRMSE,0.11152678033958226,0.1154475783489405,-0.0017867779932340191,0.08866219837732522,0.0901074610952663,0.0006297703395724968,0.09403551687164644,0.10104329440685308,-0.005501441363253978,,,,0.02807904145647968,0.03820015552134575,-0.007167678063437511,0.991510269164676,0.9924962844572016,0.000762249296894113,1.0,1.0,10
STFT,pre_amplitude_trajectory,transient_artifact,difficult,DRG,250625 to 250728::1D-L2m2_Raw.csv,1D-L2m2,True,target_segment_calibrated_absolute_nrmse,NRMSE,0.16933565973058787,0.1564444108881582,0.009592842574982191,0.12317132131623784,0.0938946348226148,0.03430792555449014,0.18356216844360856,0.1786234302477,0.0190134125914157,,,,0.1295686900220041,0.1042348220386088,0.014514556217363202,0.996582341020373,0.9971483404918674,0.0005468988681076592,1.0,1.0,10
STFT,pre_amplitude_trajectory,transient_artifact,difficult,DRG,250625 to 250728::4B-T12m2_Raw.csv,4B-T12m2,True,target_segment_calibrated_absolute_nrmse,NRMSE,0.09202906511596423,0.0730871773866453,0.01826743512097688,0.056290267506738906,0.049236158739786,0.002595183211128116,0.05016201471050785,0.05580324952684909,-0.0013949151668874449,,,,0.0357062397949819,0.0346483380709631,0.001194625304166596,0.9963402417587289,0.997945660930915,0.001266214001992838,1.0,1.0,10
STFT,pre_amplitude_trajectory,transient_artifact,difficult,DRG,250625 to 250728::8A-L3_Raw.csv,8A-L3,True,target_segment_calibrated_absolute_nrmse,NRMSE,0.13576663582976195,0.13614450123491562,0.005584701895352498,0.0954227881964705,0.08674497308153556,0.0039491680696425585,0.14347727015661893,0.13713570876015768,0.006406488542407829,,,,0.06870636751704856,0.0669619838747092,0.0018421760410365848,0.9959567079397503,0.9963127945333803,0.00042947519664499056,1.0,1.0,10
STFT,pre_amplitude_trajectory,transient_artifact,difficult,DRG,250625 to 250728::8B-L2m1_Raw.csv,8B-L2m1,True,target_segment_calibrated_absolute_nrmse,NRMSE,0.41691726209206403,0.4264298274482702,-0.0004775888013633933,0.18971836842541834,0.18438962497226669,0.0014607684124529202,0.5717187061365812,0.5372742932681476,0.018299919150278565,,,,0.709424510067239,0.6436924617284077,-0.0025607767701936734,0.9945236419815312,0.994359173490633,3.848860328170556e-06,1.0,1.0,10
STFT,pre_amplitude_trajectory,transient_artifact,difficult,DRG,250811::2C-2ML1_Raw.csv,2C-2ML1,True,target_segment_calibrated_absolute_nrmse,NRMSE,0.3784762125277975,0.3316434557851994,0.008439813603785845,0.304460886286018,0.28388462841847395,0.011855586135851692,0.25512877554885505,0.2412049236643623,0.0036898794078456254,,,,0.23971450339536338,0.206816069264355,-0.002601107651953427,0.8996169682945302,0.9093474674331041,0.006564697882066095,1.0,1.0,10
STFT,pre_amplitude_trajectory,transient_artifact,difficult,DRG,250811::5A-2ML2_Raw.csv,5A-2ML2,True,target_segment_calibrated_absolute_nrmse,NRMSE,0.23239543351972863,0.223556349189344,0.00411171892881719,0.18887447027274296,0.19161954665444453,0.00010262712349112801,0.179401879298275,0.18301358487864403,-0.004351036432991395,,,,0.15971572544590953,0.1686772078211088,4.5102810375396984e-17,0.9579616192098053,0.9581450453335839,0.0008883053149820741,1.0,1.0,10
STFT,pre_amplitude_trajectory,transient_artifact,difficult,DRG,250811::7C-1FT12_Raw.csv,7C-1FT12,True,target_segment_calibrated_absolute_nrmse,NRMSE,0.12482660217194413,0.14443697743767275,-0.010448684042162086,0.07886045246872339,0.07448015160933565,0.0078415848350777,0.13184502171465606,0.14013192960295917,0.004741239472230874,,,,0.09146759841933491,0.10384046817086225,-0.006760293150453699,0.996479352120005,0.9980515805273023,0.0016947986222395905,1.0,1.0,10
STFT,pre_amplitude_trajectory,transient_artifact,difficult,DRG,250811::8A-1FT5_Raw.csv,8A-1FT5,True,target_segment_calibrated_absolute_nrmse,NRMSE,0.09009488082051151,0.04592710352192355,0.02506102435776101,0.06842919372779943,0.03052845470361375,0.02597843334374828,0.02645039855266659,0.020139522659532446,0.001076816873267234,,,,0.02213332901360337,0.00610614775886165,0.006927914172465332,0.7365339572409888,0.9372066163541801,0.083546083171226,1.0,1.0,10
STFT,pre_amplitude_trajectory,transient_artifact,difficult,DRG,251003::2B- 1MT7_Raw.csv,2B- 1MT7,True,target_segment_calibrated_absolute_nrmse,NRMSE,0.06506005163435082,0.033148924464406954,0.030562608548951212,0.04875924353746164,0.01174677462706265,0.03387356021197069,0.03164280857733441,0.0067509656164795005,0.02343587755134843,,,,0.017312656372223567,0.0018956690623545,0.015150802443994565,0.8827908667434069,0.9952363006092335,0.10172620048901654,1.0,1.0,10
STFT,pre_amplitude_trajectory,transient_artifact,difficult,DRG,251003::2C- M1L1_Raw.csv,2C- M1L1,True,target_segment_calibrated_absolute_nrmse,NRMSE,0.1028307289993903,0.07978604353967625,0.020047394958075566,0.07167829189999964,0.0531506535244695,0.009619181482265815,0.034179471155331376,0.027031151802618544,0.0033172893252714046,,,,0.031123035102780024,0.0013331417581094501,0.025874486459890322,0.8575995943821053,0.926752284257532,0.034460848197869265,1.0,1.0,10
STFT,pre_amplitude_trajectory,transient_artifact,difficult,DRG,251003::2D- M1L4_Raw.csv,2D- M1L4,True,target_segment_calibrated_absolute_nrmse,NRMSE,0.44718340262135486,0.42030022975707426,0.010552533306626755,0.20976378540371143,0.20455819072273418,0.003301197040292081,0.5721436651668672,0.5540348264651488,-0.0017130773394048449,,,,0.675298144350656,0.6291287314071246,0.0023381718752957803,0.9923215231417158,0.9922964587645354,1.9679095897007226e-05,1.0,1.0,10
STFT,pre_amplitude_trajectory,transient_artifact,eligible,DRG,250625 to 250728::1B-L1m2_Raw.csv,1B-L1m2,True,target_segment_calibrated_absolute_nrmse,NRMSE,0.06720428953320719,0.043290388221587955,0.021940207898873035,0.039861627817754194,0.02406843282790485,0.007784350431849061,0.029790921628453843,0.022615575435408902,0.002065285944000572,,,,0.026003633236845063,0.01980252572813425,2.3477851787689907e-08,0.996986797481253,0.9993741189939533,0.0019965273065175038,1.0,1.0,10
STFT,pre_amplitude_trajectory,transient_artifact,eligible,DRG,250625 to 250728::2C-L3m2_Raw.csv,2C-L3m2,True,target_segment_calibrated_absolute_nrmse,NRMSE,0.12177247128172566,0.06137410763816755,0.05296393569241863,0.08110759061893236,0.0429265496494329,0.038228370679527654,0.036964616349159346,0.04109525122850577,-0.002178533695202073,,,,0.024781682750156662,0.0203460719156392,0.0037764395072262622,0.9903165642088876,0.9976222978296732,0.007366363114872376,1.0,1.0,10
STFT,pre_amplitude_trajectory,transient_artifact,eligible,DRG,250625 to 250728::3A-L5m2_Raw.csv,3A-L5m2,True,target_segment_calibrated_absolute_nrmse,NRMSE,0.10136380842728612,0.02963746239624725,0.07132451342492782,0.062177485928723575,0.0135692150716582,0.047110809646210824,0.026144138849041487,0.010424329582486597,0.01752211665222933,,,,0.012216709705541002,0.009459883928863051,0.002764803335362524,0.979214817590315,0.9995379325557758,0.02028082801090858,1.0,1.0,10
STFT,pre_amplitude_trajectory,transient_artifact,eligible,DRG,250625 to 250728::3B-T10m2_Raw.csv,3B-T10m2,True,target_segment_calibrated_absolute_nrmse,NRMSE,0.10446439634859597,0.0757222626908911,0.028742133657704873,0.06995262585503499,0.04852647027160705,0.012466608387451242,0.05392145458014,0.05498047538109274,0.0003428757054080023,,,,0.02960496400638339,0.028185213466040047,0.00010869820920239234,0.9968674084062794,0.9978581646169449,0.0006679881361343898,1.0,1.0,10
STFT,pre_amplitude_trajectory,transient_artifact,eligible,DRG,250625 to 250728::4C-T5m1_Raw.csv,4C-T5m1,True,target_segment_calibrated_absolute_nrmse,NRMSE,0.15675268542698484,0.05255319212125035,0.10364652122356241,0.09293660359964794,0.0345333534611592,0.060099090184336484,0.027057204966536963,0.033271017727511815,-0.0071472076279136265,,,,0.042975148055357085,0.0229929310577352,0.018079872521393182,0.9888737803208949,0.9986659808779741,0.00999903398159796,1.0,1.0,10
STFT,pre_amplitude_trajectory,transient_artifact,eligible,DRG,250625 to 250728::4D-T7m1_Raw.csv,4D-T7m1,True,target_segment_calibrated_absolute_nrmse,NRMSE,0.12643993662377445,0.07907453326197711,0.04124761943675532,0.08469416599616897,0.0530191065246957,0.02621736880944585,0.07859368332425565,0.059025669745606774,0.008347409888200708,,,,0.0410468395647319,0.0282773235776996,0.011930661902311339,0.991803846179517,0.9973460061137873,0.005578058814278364,1.0,1.0,10
STFT,pre_amplitude_trajectory,transient_artifact,eligible,DRG,250625 to 250728::5B-T12m2_Raw.csv,5B-T12m2,True,target_segment_calibrated_absolute_nrmse,NRMSE,0.06489171077472876,0.02522817423514325,0.03986027534571586,0.037684385341983546,0.0076701046285815,0.0303615637643343,0.011030689322907825,0.005202004324521951,0.005117624125627244,,,,0.012833961425489142,0.00354985312591325,0.008203824655502592,0.7874565074376465,0.9945365079382507,0.16835459300561573,1.0,1.0,10
STFT,pre_amplitude_trajectory,transient_artifact,eligible,DRG,250625 to 250728::5C-T12_Raw.csv,5C-T12,True,target_segment_calibrated_absolute_nrmse,NRMSE,0.2633248333682525,0.253492175098576,-0.0024466146910097214,0.1546088880785072,0.14977360539514215,0.0019873131796435822,0.3318814984419462,0.3277162092648654,0.0005629400598377021,,,,0.2504107432837979,0.2579568838351559,-0.006286353593102312,0.9937898564198234,0.9940857337509861,0.00023607743246500945,1.0,1.0,10
STFT,pre_amplitude_trajectory,transient_artifact,eligible,DRG,250625 to 250728::5D-T10_Raw.csv,5D-T10,True,target_segment_calibrated_absolute_nrmse,NRMSE,0.07599490689913921,0.0515286210157848,0.023543831623412628,0.059521419826295385,0.0325068435349868,0.027410902812092235,0.044494328978851194,0.03198393500126151,0.01234027746034444,,,,0.04153691171165157,0.02596134060487145,0.014382450984586464,0.9981972440536402,0.9990250957027482,0.0008537956692067916,1.0,1.0,10
STFT,pre_amplitude_trajectory,transient_artifact,eligible,DRG,250625 to 250728::6A-T7_Raw.csv,6A-T7,True,target_segment_calibrated_absolute_nrmse,NRMSE,0.11512927251129573,0.06442056162164175,0.05087747891816684,0.06098206213914134,0.04332550365517255,0.018166498677880595,0.0448837211357036,0.04733933341471283,-0.002729193139479863,,,,0.030318001379378665,0.0320267966844051,-0.0004115345669080898,0.9959148233994013,0.998385714283001,0.0024800832645964777,1.0,1.0,10
STFT,pre_amplitude_trajectory,transient_artifact,eligible,DRG,250625 to 250728::6B-T5_Raw.csv,6B-T5,True,target_segment_calibrated_absolute_nrmse,NRMSE,0.06739045299755655,0.03706680558776615,0.0313154488747161,0.057373660992544165,0.02202356480070405,0.037302380215250966,0.030613386923861174,0.01642995446485053,0.01209279455099782,,,,0.020660417330849605,0.0106880134829453,0.010364343960192104,0.9867412128865428,0.9980091880077736,0.011731800411888982,1.0,1.0,10
STFT,pre_amplitude_trajectory,transient_artifact,eligible,DRG,250625 to 250728::7C-L1_Raw.csv,7C-L1,True,target_segment_calibrated_absolute_nrmse,NRMSE,0.14512528300302346,0.0947333536353694,0.04925074041405602,0.07854696944016909,0.0654956669570113,0.020891625176043538,0.08631724180618905,0.08352667064431168,0.0010758523692803168,,,,0.04414061750090995,0.0431206495516613,0.00031840280614199926,0.9945925964246702,0.9971645523770185,0.0025492964717050426,1.0,1.0,10
STFT,pre_amplitude_trajectory,transient_artifact,eligible,DRG,250625 to 250728::7D-L2_Raw.csv,7D-L2,True,target_segment_calibrated_absolute_nrmse,NRMSE,0.1571191265166324,0.1620860030457914,0.002724074527417436,0.12173686430131467,0.1211266928559486,0.0005525468085829655,0.16812974750295828,0.1692759106923434,-0.0018831149221336663,,,,0.06857206581066104,0.06352372471741295,0.003784664976750625,0.9919423605944759,0.9920146930475183,4.604843096062128e-05,1.0,1.0,10
STFT,pre_amplitude_trajectory,transient_artifact,eligible,DRG,250625 to 250728::8C-L3m1_Raw.csv,8C-L3m1,True,target_segment_calibrated_absolute_nrmse,NRMSE,0.0965852148524762,0.05045307482968865,0.049845736312758945,0.07522610640483246,0.027635364227544097,0.045488914574151024,0.03091702564807089,0.026386682995270472,-0.00010164519157551677,,,,0.03995925541346948,0.015367108227839,0.02259635315018263,0.9901535644335339,0.9989800317559365,0.00876017119498873,1.0,1.0,10
STFT,pre_amplitude_trajectory,transient_artifact,eligible,DRG,250625 to 250728::8D-L4-1m1_Raw.csv,8D-L4-1m1,True,target_segment_calibrated_absolute_nrmse,NRMSE,0.11102211483355864,0.0607274567716301,0.04926918962069489,0.0748120782906054,0.0364417451110371,0.037083368384958446,0.04338443069180942,0.03824256227906253,0.003576597456702496,,,,0.06122805405678418,0.0228795351549785,0.03802756740011993,0.9958484265740095,0.9986669136033841,0.002670280546527626,1.0,1.0,10
STFT,pre_amplitude_trajectory,transient_artifact,eligible,DRG,250811::2D-1FL2_Raw.csv,2D-1FL2,True,target_segment_calibrated_absolute_nrmse,NRMSE,0.11196783523546258,0.05083666427543435,0.061319159741127435,0.07970531490442677,0.033054084682716756,0.04628308322197417,0.02956347007662216,0.03017174890453911,0.002848332625075778,,,,0.04333183734590655,0.0221673588369492,0.02115713561071255,0.9849787494306719,0.9982378772296715,0.013285636182231497,1.0,1.0,10
STFT,pre_amplitude_trajectory,transient_artifact,eligible,DRG,250811::3A-1FL4_Raw.csv,3A-1FL4,True,target_segment_calibrated_absolute_nrmse,NRMSE,0.04669407970588576,0.028784953053586047,0.01871931833266366,0.03201988650500529,0.01110304570845715,0.02082971273879379,0.012478429560612805,0.006962342184054051,0.004957386843242678,,,,0.017334751702876308,0.00391497425056445,0.013674559571993258,0.9276159764643064,0.9960363790407671,0.07003137334746923,1.0,1.0,10
STFT,pre_amplitude_trajectory,transient_artifact,eligible,DRG,250811::3D-1FT10_Raw.csv,3D-1FT10,True,target_segment_calibrated_absolute_nrmse,NRMSE,0.10707883069955372,0.06944466221567819,0.0385737898618882,0.05129667928348845,0.0322013684814086,0.02193409366075965,0.05144985452945072,0.04271106914716338,0.0020473673553851324,,,,0.05683551464207839,0.05128934279856885,0.006240102878061645,0.9986655223634001,0.9995086294592321,0.0008045216117902876,1.0,1.0,10
STFT,pre_amplitude_trajectory,transient_artifact,eligible,DRG,250811::4A-2MT10_Raw.csv,4A-2MT10,True,target_segment_calibrated_absolute_nrmse,NRMSE,0.12622118189957407,0.047754004486016854,0.07792139137127531,0.07804782728828935,0.0284791050839898,0.05073056649075706,0.021475097947426663,0.026886700170448197,-0.006044899464945991,,,,0.06495945133643483,0.02250482089656285,0.04247111994183238,0.9872450004048786,0.99890608429575,0.011742909891352293,1.0,1.0,10
STFT,pre_amplitude_trajectory,transient_artifact,eligible,DRG,250811::4C-2MT5_Raw.csv,4C-2MT5,True,target_segment_calibrated_absolute_nrmse,NRMSE,0.15358196355169956,0.1537771477692475,0.0005055665962048622,0.12049958239604194,0.11902650465995254,0.001063482701869553,0.15796004348478154,0.15394830047039304,-0.00010699668961960951,,,,0.07305430753610398,0.07172757597627645,3.469446951953614e-17,0.9903792375867468,0.9912138214942918,0.0003628661889139573,1.0,1.0,10
STFT,pre_amplitude_trajectory,transient_artifact,eligible,DRG,250811::4D-1FL4_Raw.csv,4D-1FL4,True,target_segment_calibrated_absolute_nrmse,NRMSE,0.12532775244191685,0.03992303476245945,0.08402966791244246,0.07378323276333448,0.021223086691664,0.052099046977512393,0.027677204238910957,0.01923971205091954,0.00811116352450994,,,,0.018931905462302938,0.01795619010322565,-0.0001735514038591554,0.9906779759544433,0.9993900641674197,0.008670291256398177,1.0,1.0,10
STFT,pre_amplitude_trajectory,transient_artifact,eligible,DRG,250811::5C-1FT7_Raw.csv,5C-1FT7,True,target_segment_calibrated_absolute_nrmse,NRMSE,0.06758019217799802,0.05162800524599025,0.01633528264412831,0.039615803175582415,0.0294650540217651,0.009892614132011418,0.025772942043617242,0.028706893566752933,-0.0033266958618841103,,,,0.02545926451629605,0.025018225411263202,0.00029437518438064046,0.9966529112472373,0.9987935180596618,0.0021380000965164347,1.0,1.0,10
STFT,pre_amplitude_trajectory,transient_artifact,eligible,DRG,250811::6A-1FL1_Raw.csv,6A-1FL1,True,target_segment_calibrated_absolute_nrmse,NRMSE,0.12413760622329027,0.11902911448338349,0.0018689520313025093,0.08484135519125532,0.07694553254613876,0.0043147932046258206,0.110423753374567,0.11212326199481548,0.003922958838270374,,,,0.07348048212967441,0.07087356511658854,4.7525185541894e-06,0.9960753921299985,0.9967147635147071,0.0007384493776294021,1.0,1.0,10
STFT,pre_amplitude_trajectory,transient_artifact,eligible,DRG,250811::6B-2ML3_Raw.csv,6B-2ML3,True,target_segment_calibrated_absolute_nrmse,NRMSE,0.09415338018085484,0.0445638042061405,0.0463932726026205,0.06559497015856795,0.022747364596222598,0.041542832456070544,0.056421789588675,0.022384973427369254,0.033123156786502156,,,,0.02971228118213373,0.024016025649583148,-0.0009753601520240112,0.9931807305958358,0.9995071355739498,0.006264489144374441,1.0,1.0,10
STFT,pre_amplitude_trajectory,transient_artifact,eligible,DRG,250811::7D-2MT12_Raw.csv,7D-2MT12,True,target_segment_calibrated_absolute_nrmse,NRMSE,0.07597730354011131,0.03324172694739395,0.0430191420058144,0.06054324228856936,0.01642994313440055,0.03806512060858133,0.021701576455264687,0.013697126115722852,0.0013789064068595591,,,,0.025559550439380734,0.01308201454431555,0.005142794678132746,0.995042969752842,0.9993921824478762,0.004094522092648767,1.0,1.0,10
STFT,pre_amplitude_trajectory,transient_artifact,eligible,DRG,250811::8C-2ML4_Raw.csv,8C-2ML4,True,target_segment_calibrated_absolute_nrmse,NRMSE,0.12448603313650049,0.06089413356428905,0.06146197149402644,0.06846821222169319,0.0396462756699821,0.02868999129192454,0.028175374623120475,0.03766786467583985,-0.010340575413070013,,,,0.09148253908496688,0.0258168499068405,0.06758583591621323,0.9888632405504159,0.9974653037081356,0.008868107069876174,1.0,1.0,10
STFT,pre_amplitude_trajectory,transient_artifact,eligible,DRG,250811::8D-2MT7_Raw.csv,8D-2MT7,True,target_segment_calibrated_absolute_nrmse,NRMSE,0.0720647920013709,0.0296075188919938,0.0420653676297745,0.04162304906962791,0.014058600723288,0.026797612830476304,0.010793309469141664,0.010629357133920457,0.0014613868048564682,,,,0.037146121356459415,0.00627383578571,0.030285653121352063,0.959143451313679,0.9988480546430293,0.04004436236116332,1.0,1.0,10
STFT,pre_amplitude_trajectory,transient_artifact,eligible,SCN,250625 to 250728::1C-SCN_Raw.csv,1C-SCN,True,target_segment_calibrated_absolute_nrmse,NRMSE,0.08477777185848986,0.045343512196584154,0.03890829655076042,0.060241851167334576,0.01282183461977075,0.0477004609437929,0.01963642847579028,0.01369021960160327,0.0056302539867851,,,,0.11279717007731199,0.0214451848038783,0.09088188207445953,0.993830136567199,0.9999148696049975,0.006092645534214791,1.0,1.0,10
STFT,pre_amplitude_trajectory,transient_artifact,eligible,SCN,250625 to 250728::6C-SCNmm1_Raw.csv,6C-SCNmm1,True,target_segment_calibrated_absolute_nrmse,NRMSE,0.06838517375928455,0.0468709286556105,0.02005484125796004,0.031197091303068428,0.018957239731135,0.012571542182820125,0.0155919047992793,0.019643591628894203,-0.004784690688154902,,,,0.023970832081977398,0.0192775104178277,0.005608409182113127,0.997737899233817,0.9996986912744097,0.001952271223827684,1.0,1.0,10
STFT,pre_amplitude_trajectory,transient_artifact,eligible,SCN,250625 to 250728::7A-SCNmm2_Raw.csv,7A-SCNmm2,True,target_segment_calibrated_absolute_nrmse,NRMSE,0.10571963761574932,0.07095832180132995,0.03496605690583081,0.04846185762854729,0.026962000848408697,0.023192263200670686,0.039827018095320355,0.038773555088114725,-0.0001665951392774978,,,,0.0919877719853539,0.0405139584967817,0.05466038014033815,0.997506186656649,0.9996864558866324,0.0022301113569714315,1.0,1.0,10
STFT,pre_amplitude_trajectory,transient_artifact,eligible,SCN,250625 to 250728::7B-SCNcm2_Raw.csv,7B-SCNcm2,True,target_segment_calibrated_absolute_nrmse,NRMSE,0.07874453829585155,0.042235997672491046,0.03696276524259105,0.04727429142181006,0.01365906735148305,0.032954652079170414,0.0179377880019293,0.014112925669473919,0.0046230081141687696,,,,0.028315091634161134,0.020262356434775697,0.0048956673809702304,0.9976742487950965,0.9998992115608568,0.0022159931578748515,1.0,1.0,10
STFT,pre_amplitude_trajectory,transient_artifact,eligible,SCN,250728::6A-SCNrM1_Raw.csv,6A-SCNrM1,True,target_segment_calibrated_absolute_nrmse,NRMSE,0.11033534907024883,0.04117430208539895,0.07015455005130208,0.07160235423144651,0.01216784124989435,0.05977418365462175,0.011533809359766944,0.012225205019662566,-0.0009231617665215741,,,,0.09457369089936173,0.019590529222050602,0.07377577041058202,0.9884033533366243,0.9999102140877244,0.011511497712945351,1.0,1.0,10
STFT,pre_amplitude_trajectory,transient_artifact,eligible,SCN,250728::6B-SCNrM2_Raw.csv,6B-SCNrM2,True,target_segment_calibrated_absolute_nrmse,NRMSE,0.10493724647304525,0.0614888006962903,0.040643365555255793,0.07267027845121063,0.02100286719520375,0.051804589119422685,0.06618141819254522,0.027507561229372618,0.039556142261177485,,,,0.04646666361650802,0.0342482420355186,0.010662656038077114,0.9960832964893103,0.9997959726847646,0.0036977394936850705,1.0,1.0,10
STFT,pre_amplitude_trajectory,transient_artifact,eligible,SCN,250728::7A-SCNcM1_Raw.csv,7A-SCNcM1,True,target_segment_calibrated_absolute_nrmse,NRMSE,0.08938075275420157,0.04119663332852955,0.04800606384403806,0.04591585548851573,0.01138418934526535,0.03460062789776866,0.013200554748881738,0.011452726694991061,0.0013493840138797952,,,,0.051924672151295564,0.0177043157715744,0.03422035637972117,0.9954639267113221,0.9999280476211089,0.004464120909786762,1.0,1.0,10
STFT,pre_amplitude_trajectory,transient_artifact,eligible,SCN,250728::7B-SCNcM2_Raw.csv,7B-SCNcM2,True,target_segment_calibrated_absolute_nrmse,NRMSE,0.054427162307547954,0.05191731409235795,0.00450331043557084,0.02363253173101232,0.0164091112242072,0.00769071189848082,0.0170511754750359,0.019286240277261668,-0.001301180132107671,,,,0.026928541731771585,0.02843467745070285,3.604169775128785e-10,0.9990561373881912,0.9998690638288568,0.0008113378441084729,1.0,1.0,10
STFT,pre_amplitude_trajectory,transient_artifact,eligible,SCN,250811::1A-1FSCN_Raw.csv,1A-1FSCN,True,target_segment_calibrated_absolute_nrmse,NRMSE,0.11421772063097392,0.050177399494095554,0.06495264712621013,0.06992460893124061,0.01794936100800675,0.052851853385252764,0.06361538476268841,0.020487961886913708,0.04211035423859957,,,,0.03937262471393002,0.03111453965178105,0.008244808042117219,0.9957718238959367,0.9997615446279076,0.00400530498012186,1.0,1.0,10
STFT,pre_amplitude_trajectory,transient_artifact,eligible,SCN,250811::1B-2MSCN_Raw.csv,1B-2MSCN,True,target_segment_calibrated_absolute_nrmse,NRMSE,0.07602693259124095,0.0421158915636515,0.03394255085411706,0.041683771672122116,0.015331339942844451,0.027080535841036417,0.014816970230748544,0.015607362798590235,-0.0012077349356313938,,,,0.026043699160932274,0.0228037560597492,0.003535064883560075,0.996177132170575,0.9997689968689858,0.003608763336605536,1.0,1.0,10
STFT,pre_amplitude_trajectory,transient_artifact,eligible,SCN,250811::1C-3FSCN_Raw.csv,1C-3FSCN,True,target_segment_calibrated_absolute_nrmse,NRMSE,0.08447724571958312,0.0288621274276005,0.05589191258573263,0.08075030112817111,0.0085177012883502,0.07221952222433337,0.02018804806918828,0.007194336386652761,0.012801068196969925,,,,0.01613376717392377,0.011168710953530399,0.005196530011061472,0.979835907977079,0.9998733249064349,0.02002620947053424,1.0,1.0,10
STFT,pre_amplitude_trajectory,transient_artifact,eligible,SCN,250811::1D-4FSCN_Raw.csv,1D-4FSCN,True,target_segment_calibrated_absolute_nrmse,NRMSE,0.09244922396854403,0.03265299052472935,0.05907488356882415,0.06298165293626273,0.01181664020374955,0.051301660305497224,0.02426577169837607,0.010558780400675996,0.013761498999790872,,,,0.04753663872184563,0.01410770857820195,0.034958763054149675,0.985717252847886,0.9998192708272666,0.014124315649139685,1.0,1.0,10
STFT,pre_amplitude_trajectory,transient_artifact,eligible,SCN,251003::2A- M1SCn_Raw.csv,2A- M1SCn,True,target_segment_calibrated_absolute_nrmse,NRMSE,0.05045468686941501,0.03499060243084175,0.015561353152891609,0.042121470909982764,0.0142189007331552,0.027954488221237316,0.015054411529100642,0.012315593116062895,0.0021009424618684824,,,,0.016223811203271134,0.0165095816278773,-0.0007506120994004916,0.9971858312130608,0.9998248206870278,0.0026442543604478508,1.0,1.0,10
STFT,pre_amplitude_trajectory,transient_artifact,eligible,SCN,251003::4B-M3SCN_Raw.csv,4B-M3SCN,True,target_segment_calibrated_absolute_nrmse,NRMSE,0.05528291336534123,0.0313234996096926,0.024132526964306684,0.04406798780996796,0.0123145159097186,0.03188961986262605,0.014872086238919863,0.010033546878204111,0.0048098605374234105,,,,0.032468082111079356,0.01236748978743815,0.018492813418875806,0.9917768106881382,0.9998215341223442,0.008046991370995404,1.0,1.0,10
STFT,pre_amplitude_trajectory,transient_artifact,ineligible,DRG,250625 to 250728::5A-T10m1_Raw.csv,5A-T10m1,True,target_segment_calibrated_absolute_nrmse,NRMSE,0.13760240867877632,0.1154475783489405,0.009004110985627874,0.10431842991256671,0.0901074610952663,0.014367486913072103,0.10131409635451791,0.10104329440685308,0.00964962074617165,,,,0.04964577687330908,0.03820015552134575,0.0122180941661399,0.9911520320139127,0.9924962844572016,0.001486067347385378,1.0,1.0,10
STFT,pre_period_hours,gaussian_noise,difficult,DRG,250625 to 250728::1D-L2m2_Raw.csv,1D-L2m2,True,absolute_error_hours,hours,0.0855488542635019,0.34385450487353353,-3.552713678800501e-15,,,,,,,,,,0.13468212575727412,0.13910401070649658,-0.004426826856745461,,,,1.0,1.0,10
STFT,pre_period_hours,gaussian_noise,difficult,DRG,250625 to 250728::4B-T12m2_Raw.csv,4B-T12m2,True,absolute_error_hours,hours,0.11221197255111015,0.1122119725511066,0.0,,,,,,,,,,0.13703721256227686,0.13994588798772434,-0.002743585629934736,,,,1.0,1.0,10
STFT,pre_period_hours,gaussian_noise,difficult,DRG,250625 to 250728::5C-T12_Raw.csv,5C-T12,True,absolute_error_hours,hours,0.2063828521035127,0.20638285210351448,-1.7763568394002505e-15,,,,,,,,,,0.13823814155089953,0.14005497689924729,-0.0017302133111634643,,,,1.0,1.0,10
STFT,pre_period_hours,gaussian_noise,difficult,DRG,250625 to 250728::8A-L3_Raw.csv,8A-L3,True,absolute_error_hours,hours,0.191960434748486,0.031926283207557304,0.0,,,,,,,,,,0.13655717158133962,0.13880003185916806,-0.002434060596044063,,,,1.0,1.0,10
STFT,pre_period_hours,gaussian_noise,difficult,DRG,250811::2C-2ML1_Raw.csv,2C-2ML1,True,absolute_error_hours,hours,0.09051158813708149,0.09051158813708149,-3.552713678800501e-15,,,,,,,,,,0.13311587011299272,0.13699617917346654,-0.003824329775243468,,,,1.0,1.0,10
STFT,pre_period_hours,gaussian_noise,difficult,DRG,250811::5A-2ML2_Raw.csv,5A-2ML2,True,absolute_error_hours,hours,0.34503665298781705,0.3450366529878206,-3.552713678800501e-15,,,,,,,,,,0.13579969719443782,0.13639000345075125,0.0008048967089416409,,,,1.0,1.0,10
STFT,pre_period_hours,gaussian_noise,difficult,DRG,250811::7C-1FT12_Raw.csv,7C-1FT12,True,absolute_error_hours,hours,0.14106663767132588,0.14106663767132588,0.0,,,,,,,,,,0.1059327224548327,0.1009311365938319,-0.0002756644196719657,,,,1.0,1.0,10
STFT,pre_period_hours,gaussian_noise,difficult,DRG,250811::8A-1FT5_Raw.csv,8A-1FT5,True,absolute_error_hours,hours,0.18225019461217862,0.18225019461217862,0.0,,,,,,,,,,0.024718514678627186,0.02782078979386985,-0.0021933680481564938,,,,1.0,1.0,10
STFT,pre_period_hours,gaussian_noise,difficult,DRG,251003::2C- M1L1_Raw.csv,2C- M1L1,True,absolute_error_hours,hours,0.1369388663378981,0.07470051605535666,0.0,,,,,,,,,,0.06237004413417025,0.06225111087786675,-0.0009078628155165039,,,,1.0,1.0,10
STFT,pre_period_hours,gaussian_noise,difficult,DRG,251003::2D- M1L4_Raw.csv,2D- M1L4,True,absolute_error_hours,hours,0.34174648404800934,0.3417464840480129,-3.552713678800501e-15,,,,,,,,,,0.13685587582464914,0.13904185437099595,-0.0025401052502411064,,,,1.0,1.0,10
STFT,pre_period_hours,gaussian_noise,eligible,DRG,250625 to 250728::1B-L1m2_Raw.csv,1B-L1m2,True,absolute_error_hours,hours,0.16339927078765548,0.16339927078765548,0.0,,,,,,,,,,0.029721599705882725,0.02987974430875555,-0.00027999211977244344,,,,1.0,1.0,10
STFT,pre_period_hours,gaussian_noise,eligible,DRG,250625 to 250728::2C-L3m2_Raw.csv,2C-L3m2,True,absolute_error_hours,hours,0.15915166440633044,0.15915166440632866,0.0,,,,,,,,,,0.07774992453068377,0.08039326951966895,-0.0009275128015158451,,,,1.0,1.0,10
STFT,pre_period_hours,gaussian_noise,eligible,DRG,250625 to 250728::3A-L5m2_Raw.csv,3A-L5m2,True,absolute_error_hours,hours,0.1410458636844787,0.1410458636844787,0.0,,,,,,,,,,0.030451257201830888,0.029459148743127397,-0.002320049831952522,,,,1.0,1.0,10
STFT,pre_period_hours,gaussian_noise,eligible,DRG,250625 to 250728::3B-T10m2_Raw.csv,3B-T10m2,True,absolute_error_hours,hours,0.2260657751325752,0.2443827490509065,0.0,,,,,,,,,,0.13760949346762114,0.1390722166593305,-0.0014627231917093558,,,,1.0,1.0,10
STFT,pre_period_hours,gaussian_noise,eligible,DRG,250625 to 250728::4C-T5m1_Raw.csv,4C-T5m1,True,absolute_error_hours,hours,0.1314456969884059,0.1414650825165289,-3.552713678800501e-15,,,,,,,,,,0.08132148200587234,0.08436939075981625,-0.0018661098086873926,,,,1.0,1.0,10
STFT,pre_period_hours,gaussian_noise,eligible,DRG,250625 to 250728::4D-T7m1_Raw.csv,4D-T7m1,True,absolute_error_hours,hours,0.05747450167571344,0.0538199027735633,0.0,,,,,,,,,,0.13588365812117326,0.13917789464371239,-0.003341233380709935,,,,1.0,1.0,10
STFT,pre_period_hours,gaussian_noise,eligible,DRG,250625 to 250728::5B-T12m2_Raw.csv,5B-T12m2,True,absolute_error_hours,hours,0.1216276009316335,0.1822848394743648,0.0,,,,,,,,,,0.007898030646480172,0.0087427754586555,-0.0013342683159608408,,,,1.0,1.0,10
STFT,pre_period_hours,gaussian_noise,eligible,DRG,250625 to 250728::5D-T10_Raw.csv,5D-T10,True,absolute_error_hours,hours,0.03712565773793486,0.03712565773793486,0.0,,,,,,,,,,0.05323117854275214,0.05367432921592405,-0.0006598087466481821,,,,1.0,1.0,10
STFT,pre_period_hours,gaussian_noise,eligible,DRG,250625 to 250728::6A-T7_Raw.csv,6A-T7,True,absolute_error_hours,hours,0.09884447798591722,0.09884447798591722,0.0,,,,,,,,,,0.05381940029908902,0.0546519147689135,-0.0008270020239318984,,,,1.0,1.0,10
STFT,pre_period_hours,gaussian_noise,eligible,DRG,250625 to 250728::6B-T5_Raw.csv,6B-T5,True,absolute_error_hours,hours,0.17253462104373618,0.17253462104373618,0.0,,,,,,,,,,0.025802539178883643,0.027882974663099948,-0.0009041994496928121,,,,1.0,1.0,10
STFT,pre_period_hours,gaussian_noise,eligible,DRG,250625 to 250728::7C-L1_Raw.csv,7C-L1,True,absolute_error_hours,hours,0.10632830064277421,0.10632830064277421,0.0,,,,,,,,,,0.0770034820696851,0.0756965609226669,0.0003342340388609033,,,,1.0,1.0,10
STFT,pre_period_hours,gaussian_noise,eligible,DRG,250625 to 250728::7D-L2_Raw.csv,7D-L2,True,absolute_error_hours,hours,0.3584104120586389,0.03482200265951896,0.32979066022544146,,,,,,,,,,0.13473223442138987,0.13926484611866952,-0.003947382041700032,,,,1.0,1.0,10
STFT,pre_period_hours,gaussian_noise,eligible,DRG,250625 to 250728::8B-L2m1_Raw.csv,8B-L2m1,True,absolute_error_hours,hours,0.17099721313002725,0.17099721313002725,0.0,,,,,,,,,,0.11493229482706142,0.11468507001559286,4.7879084352969725e-05,,,,1.0,1.0,10
STFT,pre_period_hours,gaussian_noise,eligible,DRG,250625 to 250728::8C-L3m1_Raw.csv,8C-L3m1,True,absolute_error_hours,hours,0.06046055747258272,0.06046055747258272,0.0,,,,,,,,,,0.025758868770458264,0.02644995340769355,-0.0010988494142852336,,,,1.0,1.0,10
STFT,pre_period_hours,gaussian_noise,eligible,DRG,250625 to 250728::8D-L4-1m1_Raw.csv,8D-L4-1m1,True,absolute_error_hours,hours,0.11440449168852318,0.1144044916885214,0.0,,,,,,,,,,0.09087400508665416,0.09195202174908315,-0.0016219378776336432,,,,1.0,1.0,10
STFT,pre_period_hours,gaussian_noise,eligible,DRG,250811::2D-1FL2_Raw.csv,2D-1FL2,True,absolute_error_hours,hours,0.15217555124869975,0.15217555124869975,0.0,,,,,,,,,,0.043633042908884,0.04568814242979495,-0.0013247047354294147,,,,1.0,1.0,10
STFT,pre_period_hours,gaussian_noise,eligible,DRG,250811::3A-1FL4_Raw.csv,3A-1FL4,True,absolute_error_hours,hours,0.09545985101046384,0.09545985101046384,0.0,,,,,,,,,,0.00994300068927382,0.0041470689125593495,0.0033902099198810706,,,,1.0,1.0,10
STFT,pre_period_hours,gaussian_noise,eligible,DRG,250811::3D-1FT10_Raw.csv,3D-1FT10,True,absolute_error_hours,hours,0.05975234390038686,0.05975234390038686,0.0,,,,,,,,,,0.09837318007760468,0.09668418054524675,0.0022602760368051755,,,,1.0,1.0,10
STFT,pre_period_hours,gaussian_noise,eligible,DRG,250811::4A-2MT10_Raw.csv,4A-2MT10,True,absolute_error_hours,hours,0.09311834387717788,0.09311834387717965,0.0,,,,,,,,,,0.11043147445773509,0.10886551395241004,0.002143675121708058,,,,1.0,1.0,10
STFT,pre_period_hours,gaussian_noise,eligible,DRG,250811::4C-2MT5_Raw.csv,4C-2MT5,True,absolute_error_hours,hours,0.14354799315066735,0.14354799315066735,0.0,,,,,,,,,,0.132295166052355,0.13049597656889206,0.0033621314704000704,,,,1.0,1.0,10
STFT,pre_period_hours,gaussian_noise,eligible,DRG,250811::4D-1FL4_Raw.csv,4D-1FL4,True,absolute_error_hours,hours,0.10468780750521667,0.10468780750521667,0.0,,,,,,,,,,0.04926835983347745,0.04954975626701965,0.002389193108963593,,,,1.0,1.0,10
STFT,pre_period_hours,gaussian_noise,eligible,DRG,250811::5C-1FT7_Raw.csv,5C-1FT7,True,absolute_error_hours,hours,0.20468004411132235,0.20468004411132057,-1.7763568394002505e-15,,,,,,,,,,0.1345959717614193,0.13543305515765397,-0.0006763293708319795,,,,1.0,1.0,10
STFT,pre_period_hours,gaussian_noise,eligible,DRG,250811::6A-1FL1_Raw.csv,6A-1FL1,True,absolute_error_hours,hours,0.13612385526362303,0.13612385526362303,0.0,,,,,,,,,,0.12598035901396226,0.1281454328417389,0.0008231132211098252,,,,1.0,1.0,10
STFT,pre_period_hours,gaussian_noise,eligible,DRG,250811::6B-2ML3_Raw.csv,6B-2ML3,True,absolute_error_hours,hours,0.0812735143491512,0.0812735143491512,0.0,,,,,,,,,,0.04306091652027201,0.038879054996236104,-0.0005306237033824608,,,,1.0,1.0,10
STFT,pre_period_hours,gaussian_noise,eligible,DRG,250811::7D-2MT12_Raw.csv,7D-2MT12,True,absolute_error_hours,hours,0.05982070616201263,0.05982070616201263,0.0,,,,,,,,,,0.048340766694376536,0.052191640818937096,-0.0021480338828865214,,,,1.0,1.0,10
STFT,pre_period_hours,gaussian_noise,eligible,DRG,250811::8C-2ML4_Raw.csv,8C-2ML4,True,absolute_error_hours,hours,0.145842023604688,0.145842023604688,0.0,,,,,,,,,,0.11018017736310856,0.1083109863606417,0.0018222072485266916,,,,1.0,1.0,10
STFT,pre_period_hours,gaussian_noise,eligible,DRG,250811::8D-2MT7_Raw.csv,8D-2MT7,True,absolute_error_hours,hours,0.09914633641084336,0.09914633641084336,0.0,,,,,,,,,,0.03655753587546148,0.0370051157223139,-0.0004518842594085949,,,,1.0,1.0,10
STFT,pre_period_hours,gaussian_noise,eligible,DRG,251003::2B- 1MT7_Raw.csv,2B- 1MT7,True,absolute_error_hours,hours,0.11164892746944588,0.13019591525637786,0.0,,,,,,,,,,0.0439947516577769,0.04398369710452765,-0.002232470121362306,,,,1.0,1.0,10
STFT,pre_period_hours,gaussian_noise,eligible,SCN,250625 to 250728::1C-SCN_Raw.csv,1C-SCN,True,absolute_error_hours,hours,0.10408541442004626,0.10408541442004626,0.0,,,,,,,,,,0.009534589731199226,0.0118866800100537,-0.0017924784960953646,,,,1.0,1.0,10
STFT,pre_period_hours,gaussian_noise,eligible,SCN,250625 to 250728::6C-SCNmm1_Raw.csv,6C-SCNmm1,True,absolute_error_hours,hours,0.03476037168914026,0.03476037168914026,0.0,,,,,,,,,,0.002214069491482415,0.0017038326817590001,0.00047397370478676284,,,,1.0,1.0,10
STFT,pre_period_hours,gaussian_noise,eligible,SCN,250625 to 250728::7A-SCNmm2_Raw.csv,7A-SCNmm2,True,absolute_error_hours,hours,0.1636314539411412,0.20357679383076643,0.0,,,,,,,,,,0.00670338713686043,0.00678328613544445,0.0004328647086470419,,,,1.0,1.0,10
STFT,pre_period_hours,gaussian_noise,eligible,SCN,250625 to 250728::7B-SCNcm2_Raw.csv,7B-SCNcm2,True,absolute_error_hours,hours,0.027602079668048063,0.027602079668048063,0.0,,,,,,,,,,0.0032237659342659285,0.0021294926722947,0.0006052066152917578,,,,1.0,1.0,10
STFT,pre_period_hours,gaussian_noise,eligible,SCN,250728::6A-SCNrM1_Raw.csv,6A-SCNrM1,True,absolute_error_hours,hours,0.09988754038072223,0.09988754038072223,0.0,,,,,,,,,,0.010279934131631197,0.0120148880819207,-0.00028316596676610656,,,,1.0,1.0,10
STFT,pre_period_hours,gaussian_noise,eligible,SCN,250728::6B-SCNrM2_Raw.csv,6B-SCNrM2,True,absolute_error_hours,hours,0.148635674818415,0.148635674818415,0.0,,,,,,,,,,0.010517106066402646,0.0112970065591542,-0.000678666493777208,,,,1.0,1.0,10
STFT,pre_period_hours,gaussian_noise,eligible,SCN,250728::7A-SCNcM1_Raw.csv,7A-SCNcM1,True,absolute_error_hours,hours,0.04612322013376868,0.04963103226248222,0.0,,,,,,,,,,0.010749369612205538,0.014118522507663999,-0.002590143699248095,,,,1.0,1.0,10
STFT,pre_period_hours,gaussian_noise,eligible,SCN,250728::7B-SCNcM2_Raw.csv,7B-SCNcM2,True,absolute_error_hours,hours,0.1282585550093085,0.1282585550093085,0.0,,,,,,,,,,0.006184985734414216,0.00810475203098115,0.00048731501847896,,,,1.0,1.0,10
STFT,pre_period_hours,gaussian_noise,eligible,SCN,250811::1A-1FSCN_Raw.csv,1A-1FSCN,True,absolute_error_hours,hours,0.11240834190591897,0.11240834190591897,0.0,,,,,,,,,,0.012146033087521657,0.0107272412385995,0.0010384636529407578,,,,1.0,1.0,10
STFT,pre_period_hours,gaussian_noise,eligible,SCN,250811::1B-2MSCN_Raw.csv,1B-2MSCN,True,absolute_error_hours,hours,0.21236045913901513,0.2453112299974567,0.0,,,,,,,,,,0.007916128689906947,0.0083262303081157,-0.0005132755160468837,,,,1.0,1.0,10
STFT,pre_period_hours,gaussian_noise,eligible,SCN,250811::1C-3FSCN_Raw.csv,1C-3FSCN,True,absolute_error_hours,hours,0.15973892911454257,0.15973892911454257,0.0,,,,,,,,,,0.003676754818262693,0.00440917867432585,-0.0002666600143163729,,,,1.0,1.0,10
STFT,pre_period_hours,gaussian_noise,eligible,SCN,250811::1D-4FSCN_Raw.csv,1D-4FSCN,True,absolute_error_hours,hours,0.11847105810162262,0.11847105810162262,0.0,,,,,,,,,,0.008170530871147347,0.0101578325539078,-0.001836343963721241,,,,1.0,1.0,10
STFT,pre_period_hours,gaussian_noise,eligible,SCN,251003::2A- M1SCn_Raw.csv,2A- M1SCn,True,absolute_error_hours,hours,0.14577116750197305,0.14577116750197305,0.0,,,,,,,,,,0.007159940290185693,0.00889710528082755,-0.0019011778691835144,,,,1.0,1.0,10
STFT,pre_period_hours,gaussian_noise,eligible,SCN,251003::4B-M3SCN_Raw.csv,4B-M3SCN,True,absolute_error_hours,hours,0.05600100317206724,0.05600100317206724,0.0,,,,,,,,,,0.03502348371363363,0.034915357119296456,-0.00032910135582925326,,,,1.0,1.0,10
STFT,pre_period_hours,gaussian_noise,ineligible,DRG,250625 to 250728::5A-T10m1_Raw.csv,5A-T10m1,True,absolute_error_hours,hours,0.07752639332526101,0.07752639332526101,0.0,,,,,,,,,,0.13559240398320171,0.1395116439202051,-0.001672158672582899,,,,1.0,1.0,10
STFT,pre_period_hours,missing_block_6h,difficult,DRG,250625 to 250728::1D-L2m2_Raw.csv,1D-L2m2,True,absolute_error_hours,hours,0.3436330144155484,0.34385450487353353,-3.552713678800501e-15,,,,,,,,,,0.13840678619720376,0.13910401070649658,-0.0008049123856795487,,,,1.0,1.0,10
STFT,pre_period_hours,missing_block_6h,difficult,DRG,250625 to 250728::4B-T12m2_Raw.csv,4B-T12m2,True,absolute_error_hours,hours,0.11221197255111015,0.1122119725511066,0.0,,,,,,,,,,0.1391896965289494,0.13994588798772434,0.00017599423865038988,,,,1.0,1.0,10
STFT,pre_period_hours,missing_block_6h,difficult,DRG,250625 to 250728::5C-T12_Raw.csv,5C-T12,True,absolute_error_hours,hours,0.2063828521035127,0.20638285210351448,-1.7763568394002505e-15,,,,,,,,,,0.13955712806696075,0.14005497689924729,-0.0003955091636840963,,,,1.0,1.0,10
STFT,pre_period_hours,missing_block_6h,difficult,DRG,250625 to 250728::8A-L3_Raw.csv,8A-L3,True,absolute_error_hours,hours,0.34513372527370656,0.031926283207557304,0.1339324351591049,,,,,,,,,,0.1382743485420409,0.13880003185916806,-0.000173058982994162,,,,1.0,1.0,10
STFT,pre_period_hours,missing_block_6h,difficult,DRG,250811::2C-2ML1_Raw.csv,2C-2ML1,True,absolute_error_hours,hours,0.09051158813708149,0.09051158813708149,-3.552713678800501e-15,,,,,,,,,,0.13640061569305062,0.13699617917346654,-0.00019667451905999722,,,,1.0,1.0,10
STFT,pre_period_hours,missing_block_6h,difficult,DRG,250811::5A-2ML2_Raw.csv,5A-2ML2,True,absolute_error_hours,hours,0.34169656196481313,0.3450366529878206,-3.552713678800501e-15,,,,,,,,,,0.1355489395584917,0.13639000345075125,-0.0006775414729110057,,,,1.0,1.0,10
STFT,pre_period_hours,missing_block_6h,difficult,DRG,250811::7C-1FT12_Raw.csv,7C-1FT12,True,absolute_error_hours,hours,0.14106663767132588,0.14106663767132588,0.0,,,,,,,,,,0.10393692877897756,0.1009311365938319,0.0013931907336365706,,,,1.0,1.0,10
STFT,pre_period_hours,missing_block_6h,difficult,DRG,250811::8A-1FT5_Raw.csv,8A-1FT5,True,absolute_error_hours,hours,0.18225019461217862,0.18225019461217862,0.0,,,,,,,,,,0.028207755251490323,0.02782078979386985,0.00037351635289880995,,,,1.0,1.0,10
STFT,pre_period_hours,missing_block_6h,difficult,DRG,251003::2C- M1L1_Raw.csv,2C- M1L1,True,absolute_error_hours,hours,0.07470051605535843,0.07470051605535666,0.0,,,,,,,,,,0.06421280188804349,0.06225111087786675,0.0021989267106057205,,,,1.0,1.0,10
STFT,pre_period_hours,missing_block_6h,difficult,DRG,251003::2D- M1L4_Raw.csv,2D- M1L4,True,absolute_error_hours,hours,0.3415125890538935,0.3417464840480129,-3.552713678800501e-15,,,,,,,,,,0.13823015255301013,0.13904185437099595,-0.0008110653900931658,,,,1.0,1.0,10
STFT,pre_period_hours,missing_block_6h,eligible,DRG,250625 to 250728::1B-L1m2_Raw.csv,1B-L1m2,True,absolute_error_hours,hours,0.11024861272765563,0.16339927078765548,0.0,,,,,,,,,,0.031426611091530096,0.02987974430875555,0.0015006430984505943,,,,1.0,1.0,10
STFT,pre_period_hours,missing_block_6h,eligible,DRG,250625 to 250728::2C-L3m2_Raw.csv,2C-L3m2,True,absolute_error_hours,hours,0.15915166440633044,0.15915166440632866,0.0,,,,,,,,,,0.08131864094128696,0.08039326951966895,0.0022374919667903434,,,,1.0,1.0,10
STFT,pre_period_hours,missing_block_6h,eligible,DRG,250625 to 250728::3A-L5m2_Raw.csv,3A-L5m2,True,absolute_error_hours,hours,0.1410458636844787,0.1410458636844787,0.0,,,,,,,,,,0.03219149528026806,0.029459148743127397,0.001868687400228372,,,,1.0,1.0,10
STFT,pre_period_hours,missing_block_6h,eligible,DRG,250625 to 250728::3B-T10m2_Raw.csv,3B-T10m2,True,absolute_error_hours,hours,0.2260657751325752,0.2443827490509065,0.0,,,,,,,,,,0.1389091066604107,0.1390722166593305,-5.9856416993728234e-05,,,,1.0,1.0,10
STFT,pre_period_hours,missing_block_6h,eligible,DRG,250625 to 250728::4C-T5m1_Raw.csv,4C-T5m1,True,absolute_error_hours,hours,0.14146508251653067,0.1414650825165289,-1.7763568394002505e-15,,,,,,,,,,0.08511923308316782,0.08436939075981625,0.00030757334939800207,,,,1.0,1.0,10
STFT,pre_period_hours,missing_block_6h,eligible,DRG,250625 to 250728::4D-T7m1_Raw.csv,4D-T7m1,True,absolute_error_hours,hours,0.17982507346602894,0.0538199027735633,0.10304959511076817,,,,,,,,,,0.1389273278917453,0.13917789464371239,-9.810494019411864e-05,,,,1.0,1.0,10
STFT,pre_period_hours,missing_block_6h,eligible,DRG,250625 to 250728::5B-T12m2_Raw.csv,5B-T12m2,True,absolute_error_hours,hours,0.15481870377438867,0.1822848394743648,0.0,,,,,,,,,,0.012874320786698819,0.0087427754586555,0.0009318797376248579,,,,1.0,1.0,10
STFT,pre_period_hours,missing_block_6h,eligible,DRG,250625 to 250728::5D-T10_Raw.csv,5D-T10,True,absolute_error_hours,hours,0.03712565773793486,0.03712565773793486,0.0,,,,,,,,,,0.056738323736074375,0.05367432921592405,0.002875095908845226,,,,1.0,1.0,10
STFT,pre_period_hours,missing_block_6h,eligible,DRG,250625 to 250728::6A-T7_Raw.csv,6A-T7,True,absolute_error_hours,hours,0.07152373697808656,0.09884447798591722,0.0,,,,,,,,,,0.059105842256221015,0.0546519147689135,0.0043187112145412,,,,1.0,1.0,10
STFT,pre_period_hours,missing_block_6h,eligible,DRG,250625 to 250728::6B-T5_Raw.csv,6B-T5,True,absolute_error_hours,hours,0.16935651484609693,0.17253462104373618,0.0,,,,,,,,,,0.03158826270211118,0.027882974663099948,0.003384720022659762,,,,1.0,1.0,10
STFT,pre_period_hours,missing_block_6h,eligible,DRG,250625 to 250728::7C-L1_Raw.csv,7C-L1,True,absolute_error_hours,hours,0.10632830064277421,0.10632830064277421,0.0,,,,,,,,,,0.07845280604811786,0.0756965609226669,0.002878386666506666,,,,1.0,1.0,10
STFT,pre_period_hours,missing_block_6h,eligible,DRG,250625 to 250728::7D-L2_Raw.csv,7D-L2,True,absolute_error_hours,hours,0.28474955854106376,0.03482200265951896,0.13235243740979463,,,,,,,,,,0.13869452440067115,0.13926484611866952,-0.00012949335320262823,,,,1.0,1.0,10
STFT,pre_period_hours,missing_block_6h,eligible,DRG,250625 to 250728::8B-L2m1_Raw.csv,8B-L2m1,True,absolute_error_hours,hours,0.17099721313002725,0.17099721313002725,0.0,,,,,,,,,,0.11872411264857118,0.11468507001559286,0.0043107523045257876,,,,1.0,1.0,10
STFT,pre_period_hours,missing_block_6h,eligible,DRG,250625 to 250728::8C-L3m1_Raw.csv,8C-L3m1,True,absolute_error_hours,hours,0.06046055747258272,0.06046055747258272,0.0,,,,,,,,,,0.0276111639319995,0.02644995340769355,0.0017024635840869017,,,,1.0,1.0,10
STFT,pre_period_hours,missing_block_6h,eligible,DRG,250625 to 250728::8D-L4-1m1_Raw.csv,8D-L4-1m1,True,absolute_error_hours,hours,0.11440449168852318,0.1144044916885214,0.0,,,,,,,,,,0.09311692466104085,0.09195202174908315,0.001542973032826446,,,,1.0,1.0,10
STFT,pre_period_hours,missing_block_6h,eligible,DRG,250811::2D-1FL2_Raw.csv,2D-1FL2,True,absolute_error_hours,hours,0.15217555124869975,0.15217555124869975,0.0,,,,,,,,,,0.04809145213249847,0.04568814242979495,0.0009431868212170548,,,,1.0,1.0,10
STFT,pre_period_hours,missing_block_6h,eligible,DRG,250811::3A-1FL4_Raw.csv,3A-1FL4,True,absolute_error_hours,hours,0.09545985101046384,0.09545985101046384,0.0,,,,,,,,,,0.012397614893027641,0.0041470689125593495,0.0019400674319815874,,,,1.0,1.0,10
STFT,pre_period_hours,missing_block_6h,eligible,DRG,250811::3D-1FT10_Raw.csv,3D-1FT10,True,absolute_error_hours,hours,0.05975234390038686,0.05975234390038686,0.0,,,,,,,,,,0.09890425792777502,0.09668418054524675,0.0017588566021599292,,,,1.0,1.0,10
STFT,pre_period_hours,missing_block_6h,eligible,DRG,250811::4A-2MT10_Raw.csv,4A-2MT10,True,absolute_error_hours,hours,0.09311834387717788,0.09311834387717965,0.0,,,,,,,,,,0.1118779573027956,0.10886551395241004,0.0030878049220791487,,,,1.0,1.0,10
STFT,pre_period_hours,missing_block_6h,eligible,DRG,250811::4C-2MT5_Raw.csv,4C-2MT5,True,absolute_error_hours,hours,0.14354799315066735,0.14354799315066735,0.0,,,,,,,,,,0.13200176651841794,0.13049597656889206,0.001505789949525882,,,,1.0,1.0,10
STFT,pre_period_hours,missing_block_6h,eligible,DRG,250811::4D-1FL4_Raw.csv,4D-1FL4,True,absolute_error_hours,hours,0.10468780750521667,0.10468780750521667,0.0,,,,,,,,,,0.05242172168088971,0.04954975626701965,0.0032798971463919406,,,,1.0,1.0,10
STFT,pre_period_hours,missing_block_6h,eligible,DRG,250811::5C-1FT7_Raw.csv,5C-1FT7,True,absolute_error_hours,hours,0.20468004411132235,0.20468004411132057,-1.7763568394002505e-15,,,,,,,,,,0.13523572035747544,0.13543305515765397,-0.00026910836817022055,,,,1.0,1.0,10
STFT,pre_period_hours,missing_block_6h,eligible,DRG,250811::6A-1FL1_Raw.csv,6A-1FL1,True,absolute_error_hours,hours,0.13612385526362303,0.13612385526362303,0.0,,,,,,,,,,0.13043871822790057,0.1281454328417389,0.001778560010099746,,,,1.0,1.0,10
STFT,pre_period_hours,missing_block_6h,eligible,DRG,250811::6B-2ML3_Raw.csv,6B-2ML3,True,absolute_error_hours,hours,0.0812735143491512,0.0812735143491512,0.0,,,,,,,,,,0.043505350852683145,0.038879054996236104,0.002556778079991169,,,,1.0,1.0,10
STFT,pre_period_hours,missing_block_6h,eligible,DRG,250811::7D-2MT12_Raw.csv,7D-2MT12,True,absolute_error_hours,hours,0.05982070616201263,0.05982070616201263,0.0,,,,,,,,,,0.05272911583511727,0.052191640818937096,0.001984025095412935,,,,1.0,1.0,10
STFT,pre_period_hours,missing_block_6h,eligible,DRG,250811::8C-2ML4_Raw.csv,8C-2ML4,True,absolute_error_hours,hours,0.145842023604688,0.145842023604688,0.0,,,,,,,,,,0.11140786357305682,0.1083109863606417,0.002217447660134972,,,,1.0,1.0,10
STFT,pre_period_hours,missing_block_6h,eligible,DRG,250811::8D-2MT7_Raw.csv,8D-2MT7,True,absolute_error_hours,hours,0.09914633641084336,0.09914633641084336,0.0,,,,,,,,,,0.03911742361090632,0.0370051157223139,0.0015614201735041147,,,,1.0,1.0,10
STFT,pre_period_hours,missing_block_6h,eligible,DRG,251003::2B- 1MT7_Raw.csv,2B- 1MT7,True,absolute_error_hours,hours,0.13019591525637786,0.13019591525637786,0.0,,,,,,,,,,0.046131491461945895,0.04398369710452765,0.0017128286924139383,,,,1.0,1.0,10
STFT,pre_period_hours,missing_block_6h,eligible,SCN,250625 to 250728::1C-SCN_Raw.csv,1C-SCN,True,absolute_error_hours,hours,0.10408541442004626,0.10408541442004626,0.0,,,,,,,,,,0.014184271314177667,0.0118866800100537,0.002272940765624467,,,,1.0,1.0,10
STFT,pre_period_hours,missing_block_6h,eligible,SCN,250625 to 250728::6C-SCNmm1_Raw.csv,6C-SCNmm1,True,absolute_error_hours,hours,0.03476037168914026,0.03476037168914026,0.0,,,,,,,,,,0.002294535683525086,0.0017038326817590001,0.0008482473357710122,,,,1.0,1.0,10
STFT,pre_period_hours,missing_block_6h,eligible,SCN,250625 to 250728::7A-SCNmm2_Raw.csv,7A-SCNmm2,True,absolute_error_hours,hours,0.20357679383076643,0.20357679383076643,0.0,,,,,,,,,,0.00888362273799112,0.00678328613544445,0.002896809454515765,,,,1.0,1.0,10
STFT,pre_period_hours,missing_block_6h,eligible,SCN,250625 to 250728::7B-SCNcm2_Raw.csv,7B-SCNcm2,True,absolute_error_hours,hours,0.027602079668048063,0.027602079668048063,0.0,,,,,,,,,,0.0023287772109242162,0.0021294926722947,-0.0001297644401894091,,,,1.0,1.0,10
STFT,pre_period_hours,missing_block_6h,eligible,SCN,250728::6A-SCNrM1_Raw.csv,6A-SCNrM1,True,absolute_error_hours,hours,0.09988754038072223,0.09988754038072223,0.0,,,,,,,,,,0.012853131900939865,0.0120148880819207,0.001224462516544067,,,,1.0,1.0,10
STFT,pre_period_hours,missing_block_6h,eligible,SCN,250728::6B-SCNrM2_Raw.csv,6B-SCNrM2,True,absolute_error_hours,hours,0.148635674818415,0.148635674818415,0.0,,,,,,,,,,0.005587931992322206,0.0112970065591542,-0.004512590465219032,,,,1.0,1.0,10
STFT,pre_period_hours,missing_block_6h,eligible,SCN,250728::7A-SCNcM1_Raw.csv,7A-SCNcM1,True,absolute_error_hours,hours,0.04963103226248222,0.04963103226248222,0.0,,,,,,,,,,0.014646634183492322,0.014118522507663999,0.0007113189581231518,,,,1.0,1.0,10
STFT,pre_period_hours,missing_block_6h,eligible,SCN,250728::7B-SCNcM2_Raw.csv,7B-SCNcM2,True,absolute_error_hours,hours,0.05972003692522421,0.1282585550093085,0.0,,,,,,,,,,0.003785796741836068,0.00810475203098115,-0.0022883476710894237,,,,1.0,1.0,10
STFT,pre_period_hours,missing_block_6h,eligible,SCN,250811::1A-1FSCN_Raw.csv,1A-1FSCN,True,absolute_error_hours,hours,0.11240834190591897,0.11240834190591897,0.0,,,,,,,,,,0.01144047727484301,0.0107272412385995,0.001215933230104646,,,,1.0,1.0,10
STFT,pre_period_hours,missing_block_6h,eligible,SCN,250811::1B-2MSCN_Raw.csv,1B-2MSCN,True,absolute_error_hours,hours,0.2453112299974567,0.2453112299974567,0.0,,,,,,,,,,0.008747590104786358,0.0083262303081157,0.00025535144633111705,,,,1.0,1.0,10
STFT,pre_period_hours,missing_block_6h,eligible,SCN,250811::1C-3FSCN_Raw.csv,1C-3FSCN,True,absolute_error_hours,hours,0.15973892911454257,0.15973892911454257,0.0,,,,,,,,,,0.006937137461041271,0.00440917867432585,0.0025282803501836763,,,,1.0,1.0,10
STFT,pre_period_hours,missing_block_6h,eligible,SCN,250811::1D-4FSCN_Raw.csv,1D-4FSCN,True,absolute_error_hours,hours,0.11847105810162262,0.11847105810162262,0.0,,,,,,,,,,0.012941468068318527,0.0101578325539078,0.0030142230891455103,,,,1.0,1.0,10
STFT,pre_period_hours,missing_block_6h,eligible,SCN,251003::2A- M1SCn_Raw.csv,2A- M1SCn,True,absolute_error_hours,hours,0.14577116750197305,0.14577116750197305,0.0,,,,,,,,,,0.01125758466000656,0.00889710528082755,0.0024864536701145927,,,,1.0,1.0,10
STFT,pre_period_hours,missing_block_6h,eligible,SCN,251003::4B-M3SCN_Raw.csv,4B-M3SCN,True,absolute_error_hours,hours,0.05600100317206724,0.05600100317206724,0.0,,,,,,,,,,0.03777156576064369,0.034915357119296456,0.0012393407273798614,,,,1.0,1.0,10
STFT,pre_period_hours,missing_block_6h,ineligible,DRG,250625 to 250728::5A-T10m1_Raw.csv,5A-T10m1,True,absolute_error_hours,hours,0.07752639332526101,0.07752639332526101,0.0,,,,,,,,,,0.13927812296298203,0.1395116439202051,-4.3245749732703787e-05,,,,1.0,1.0,10
STFT,pre_period_hours,transient_artifact,difficult,DRG,250625 to 250728::1D-L2m2_Raw.csv,1D-L2m2,True,absolute_error_hours,hours,0.3222665488092531,0.34385450487353353,-3.552713678800501e-15,,,,,,,,,,0.1371511680258427,0.13910401070649658,-0.002135448000559606,,,,1.0,1.0,10
STFT,pre_period_hours,transient_artifact,difficult,DRG,250625 to 250728::4B-T12m2_Raw.csv,4B-T12m2,True,absolute_error_hours,hours,0.11221197255111015,0.1122119725511066,0.0,,,,,,,,,,0.13212231995074775,0.13994588798772434,-0.007848921141524773,,,,1.0,1.0,10
STFT,pre_period_hours,transient_artifact,difficult,DRG,250625 to 250728::5C-T12_Raw.csv,5C-T12,True,absolute_error_hours,hours,0.10084894479049922,0.20638285210351448,-3.552713678800501e-15,,,,,,,,,,0.13256665124019906,0.14005497689924729,-0.008021775564827721,,,,1.0,1.0,10
STFT,pre_period_hours,transient_artifact,difficult,DRG,250625 to 250728::8A-L3_Raw.csv,8A-L3,True,absolute_error_hours,hours,0.3151990191667142,0.031926283207557304,0.09790908773976703,,,,,,,,,,0.1364083627007981,0.13880003185916806,-0.0023965417002181633,,,,1.0,1.0,10
STFT,pre_period_hours,transient_artifact,difficult,DRG,250811::2C-2ML1_Raw.csv,2C-2ML1,True,absolute_error_hours,hours,0.09051158813708149,0.09051158813708149,-3.552713678800501e-15,,,,,,,,,,0.13611730607302516,0.13699617917346654,0.00010100882509769815,,,,1.0,1.0,10
STFT,pre_period_hours,transient_artifact,difficult,DRG,250811::5A-2ML2_Raw.csv,5A-2ML2,True,absolute_error_hours,hours,0.34503665298781705,0.3450366529878206,-3.552713678800501e-15,,,,,,,,,,0.13475810027359758,0.13639000345075125,-0.0005633261395875666,,,,1.0,1.0,10
STFT,pre_period_hours,transient_artifact,difficult,DRG,250811::7C-1FT12_Raw.csv,7C-1FT12,True,absolute_error_hours,hours,0.15993952580666537,0.14106663767132588,0.0,,,,,,,,,,0.09973219712177975,0.1009311365938319,-0.00042988464341009447,,,,1.0,1.0,10
STFT,pre_period_hours,transient_artifact,difficult,DRG,250811::8A-1FT5_Raw.csv,8A-1FT5,True,absolute_error_hours,hours,0.17668809864305857,0.18225019461217862,0.0,,,,,,,,,,0.023448661008805098,0.02782078979386985,-0.006396253494861791,,,,1.0,1.0,10
STFT,pre_period_hours,transient_artifact,difficult,DRG,251003::2C- M1L1_Raw.csv,2C- M1L1,True,absolute_error_hours,hours,0.07470051605535843,0.07470051605535666,0.0,,,,,,,,,,0.05620150648458451,0.06225111087786675,-0.008661141843988439,,,,1.0,1.0,10
STFT,pre_period_hours,transient_artifact,difficult,DRG,251003::2D- M1L4_Raw.csv,2D- M1L4,True,absolute_error_hours,hours,0.3408495276671317,0.3417464840480129,-3.552713678800501e-15,,,,,,,,,,0.12826750589271474,0.13904185437099595,-0.010771702166467556,,,,1.0,1.0,10
STFT,pre_period_hours,transient_artifact,eligible,DRG,250625 to 250728::1B-L1m2_Raw.csv,1B-L1m2,True,absolute_error_hours,hours,0.11024861272765563,0.16339927078765548,0.0,,,,,,,,,,0.030135663594640275,0.02987974430875555,-0.0020216391923699433,,,,1.0,1.0,10
STFT,pre_period_hours,transient_artifact,eligible,DRG,250625 to 250728::2C-L3m2_Raw.csv,2C-L3m2,True,absolute_error_hours,hours,0.15915166440633044,0.15915166440632866,0.0,,,,,,,,,,0.07965284072119846,0.08039326951966895,-3.441450558106657e-05,,,,1.0,1.0,10
STFT,pre_period_hours,transient_artifact,eligible,DRG,250625 to 250728::3A-L5m2_Raw.csv,3A-L5m2,True,absolute_error_hours,hours,0.1410458636844787,0.1410458636844787,0.0,,,,,,,,,,0.02338944732610871,0.029459148743127397,-0.003586283008874501,,,,1.0,1.0,10
STFT,pre_period_hours,transient_artifact,eligible,DRG,250625 to 250728::3B-T10m2_Raw.csv,3B-T10m2,True,absolute_error_hours,hours,0.2683847203980978,0.2443827490509065,3.552713678800501e-15,,,,,,,,,,0.1332412800964006,0.1390722166593305,-0.005610546167715752,,,,1.0,1.0,10
STFT,pre_period_hours,transient_artifact,eligible,DRG,250625 to 250728::4C-T5m1_Raw.csv,4C-T5m1,True,absolute_error_hours,hours,0.14146508251653067,0.1414650825165289,-1.7763568394002505e-15,,,,,,,,,,0.08291406583751151,0.08436939075981625,-0.00010192118877096201,,,,1.0,1.0,10
STFT,pre_period_hours,transient_artifact,eligible,DRG,250625 to 250728::4D-T7m1_Raw.csv,4D-T7m1,True,absolute_error_hours,hours,0.07273808855090103,0.0538199027735633,1.7763568394002505e-15,,,,,,,,,,0.13725524600395667,0.13917789464371239,-0.0018283510350165372,,,,1.0,1.0,10
STFT,pre_period_hours,transient_artifact,eligible,DRG,250625 to 250728::5B-T12m2_Raw.csv,5B-T12m2,True,absolute_error_hours,hours,0.1822848394743648,0.1822848394743648,0.0,,,,,,,,,,0.012955414664966775,0.0087427754586555,-0.0014537227549532824,,,,1.0,1.0,10
STFT,pre_period_hours,transient_artifact,eligible,DRG,250625 to 250728::5D-T10_Raw.csv,5D-T10,True,absolute_error_hours,hours,0.03712565773793486,0.03712565773793486,0.0,,,,,,,,,,0.0569461466770749,0.05367432921592405,0.00025149948306844166,,,,1.0,1.0,10
STFT,pre_period_hours,transient_artifact,eligible,DRG,250625 to 250728::6A-T7_Raw.csv,6A-T7,True,absolute_error_hours,hours,0.09884447798591722,0.09884447798591722,0.0,,,,,,,,,,0.048140430776857465,0.0546519147689135,-0.006540853351186544,,,,1.0,1.0,10
STFT,pre_period_hours,transient_artifact,eligible,DRG,250625 to 250728::6B-T5_Raw.csv,6B-T5,True,absolute_error_hours,hours,0.17253462104373618,0.17253462104373618,0.0,,,,,,,,,,0.029238454820927476,0.027882974663099948,-0.0016980057647659925,,,,1.0,1.0,10
STFT,pre_period_hours,transient_artifact,eligible,DRG,250625 to 250728::7C-L1_Raw.csv,7C-L1,True,absolute_error_hours,hours,0.06841212731986701,0.10632830064277421,0.0,,,,,,,,,,0.07371094775407747,0.0756965609226669,-0.0022935634537111435,,,,1.0,1.0,10
STFT,pre_period_hours,transient_artifact,eligible,DRG,250625 to 250728::7D-L2_Raw.csv,7D-L2,True,absolute_error_hours,hours,0.18797343481350914,0.03482200265951896,0.0,,,,,,,,,,0.13591728207772025,0.13926484611866952,-0.000929544599389126,,,,1.0,1.0,10
STFT,pre_period_hours,transient_artifact,eligible,DRG,250625 to 250728::8B-L2m1_Raw.csv,8B-L2m1,True,absolute_error_hours,hours,0.17099721313002725,0.17099721313002725,0.0,,,,,,,,,,0.1151353184570345,0.11468507001559286,-0.000945287304182578,,,,1.0,1.0,10
STFT,pre_period_hours,transient_artifact,eligible,DRG,250625 to 250728::8C-L3m1_Raw.csv,8C-L3m1,True,absolute_error_hours,hours,0.034164916620619934,0.06046055747258272,0.0,,,,,,,,,,0.020726120143130994,0.02644995340769355,-0.0010125737541585682,,,,1.0,1.0,10
STFT,pre_period_hours,transient_artifact,eligible,DRG,250625 to 250728::8D-L4-1m1_Raw.csv,8D-L4-1m1,True,absolute_error_hours,hours,0.11440449168852318,0.1144044916885214,0.0,,,,,,,,,,0.09144744231502462,0.09195202174908315,-0.004105665621461349,,,,1.0,1.0,10
STFT,pre_period_hours,transient_artifact,eligible,DRG,250811::2D-1FL2_Raw.csv,2D-1FL2,True,absolute_error_hours,hours,0.15217555124869975,0.15217555124869975,0.0,,,,,,,,,,0.05064860078717566,0.04568814242979495,0.0002891347287450781,,,,1.0,1.0,10
STFT,pre_period_hours,transient_artifact,eligible,DRG,250811::3A-1FL4_Raw.csv,3A-1FL4,True,absolute_error_hours,hours,0.09545985101046384,0.09545985101046384,0.0,,,,,,,,,,0.006241347475542441,0.0041470689125593495,0.001791572864846088,,,,1.0,1.0,10
STFT,pre_period_hours,transient_artifact,eligible,DRG,250811::3D-1FT10_Raw.csv,3D-1FT10,True,absolute_error_hours,hours,0.05975234390038686,0.05975234390038686,0.0,,,,,,,,,,0.092818999258122,0.09668418054524675,-0.00386518128712475,,,,1.0,1.0,10
STFT,pre_period_hours,transient_artifact,eligible,DRG,250811::4A-2MT10_Raw.csv,4A-2MT10,True,absolute_error_hours,hours,0.09311834387717788,0.09311834387717965,0.0,,,,,,,,,,0.1098280297780185,0.10886551395241004,0.004978507675902098,,,,1.0,1.0,10
STFT,pre_period_hours,transient_artifact,eligible,DRG,250811::4C-2MT5_Raw.csv,4C-2MT5,True,absolute_error_hours,hours,0.14354799315066735,0.14354799315066735,0.0,,,,,,,,,,0.13017213350385157,0.13049597656889206,0.0010964993840856113,,,,1.0,1.0,10
STFT,pre_period_hours,transient_artifact,eligible,DRG,250811::4D-1FL4_Raw.csv,4D-1FL4,True,absolute_error_hours,hours,0.10468780750521667,0.10468780750521667,0.0,,,,,,,,,,0.04073851232614267,0.04954975626701965,-0.002796400467729627,,,,1.0,1.0,10
STFT,pre_period_hours,transient_artifact,eligible,DRG,250811::5C-1FT7_Raw.csv,5C-1FT7,True,absolute_error_hours,hours,0.20468004411132235,0.20468004411132057,-1.7763568394002505e-15,,,,,,,,,,0.13244837229252,0.13543305515765397,-0.0018869607330257582,,,,1.0,1.0,10
STFT,pre_period_hours,transient_artifact,eligible,DRG,250811::6A-1FL1_Raw.csv,6A-1FL1,True,absolute_error_hours,hours,0.13612385526362303,0.13612385526362303,0.0,,,,,,,,,,0.12554549914940236,0.1281454328417389,-0.00039988151357134294,,,,1.0,1.0,10
STFT,pre_period_hours,transient_artifact,eligible,DRG,250811::6B-2ML3_Raw.csv,6B-2ML3,True,absolute_error_hours,hours,0.09397355378465733,0.0812735143491512,0.0,,,,,,,,,,0.042473925684951785,0.038879054996236104,-0.0004536231198645109,,,,1.0,1.0,10
STFT,pre_period_hours,transient_artifact,eligible,DRG,250811::7D-2MT12_Raw.csv,7D-2MT12,True,absolute_error_hours,hours,0.05982070616201263,0.05982070616201263,0.0,,,,,,,,,,0.05812943203713984,0.052191640818937096,0.0007953124906816891,,,,1.0,1.0,10
STFT,pre_period_hours,transient_artifact,eligible,DRG,250811::8C-2ML4_Raw.csv,8C-2ML4,True,absolute_error_hours,hours,0.145842023604688,0.145842023604688,0.0,,,,,,,,,,0.1047790458157874,0.1083109863606417,-0.00013729363951452828,,,,1.0,1.0,10
STFT,pre_period_hours,transient_artifact,eligible,DRG,250811::8D-2MT7_Raw.csv,8D-2MT7,True,absolute_error_hours,hours,0.09914633641084336,0.09914633641084336,0.0,,,,,,,,,,0.042454351650438746,0.0370051157223139,0.004532486663239452,,,,1.0,1.0,10
STFT,pre_period_hours,transient_artifact,eligible,DRG,251003::2B- 1MT7_Raw.csv,2B- 1MT7,True,absolute_error_hours,hours,0.13019591525637786,0.13019591525637786,0.0,,,,,,,,,,0.04643491686674918,0.04398369710452765,0.00303187478200281,,,,1.0,1.0,10
STFT,pre_period_hours,transient_artifact,eligible,SCN,250625 to 250728::1C-SCN_Raw.csv,1C-SCN,True,absolute_error_hours,hours,0.10408541442004626,0.10408541442004626,0.0,,,,,,,,,,0.012294045871121156,0.0118866800100537,6.384474508978975e-05,,,,1.0,1.0,10
STFT,pre_period_hours,transient_artifact,eligible,SCN,250625 to 250728::6C-SCNmm1_Raw.csv,6C-SCNmm1,True,absolute_error_hours,hours,0.03476037168914026,0.03476037168914026,0.0,,,,,,,,,,0.006544893568951534,0.0017038326817590001,0.005040660800210574,,,,1.0,1.0,10
STFT,pre_period_hours,transient_artifact,eligible,SCN,250625 to 250728::7A-SCNmm2_Raw.csv,7A-SCNmm2,True,absolute_error_hours,hours,0.1636314539411412,0.20357679383076643,0.0,,,,,,,,,,0.003950439132704328,0.00678328613544445,-0.0002639667318822406,,,,1.0,1.0,10
STFT,pre_period_hours,transient_artifact,eligible,SCN,250625 to 250728::7B-SCNcm2_Raw.csv,7B-SCNcm2,True,absolute_error_hours,hours,0.027602079668048063,0.027602079668048063,0.0,,,,,,,,,,0.00467423217717643,0.0021294926722947,0.003382755135425,,,,1.0,1.0,10
STFT,pre_period_hours,transient_artifact,eligible,SCN,250728::6A-SCNrM1_Raw.csv,6A-SCNrM1,True,absolute_error_hours,hours,0.12401942229397633,0.09988754038072223,0.0,,,,,,,,,,0.010840336492302738,0.0120148880819207,0.0008988212076519375,,,,1.0,1.0,10
STFT,pre_period_hours,transient_artifact,eligible,SCN,250728::6B-SCNrM2_Raw.csv,6B-SCNrM2,True,absolute_error_hours,hours,0.148635674818415,0.148635674818415,0.0,,,,,,,,,,0.01750696353814145,0.0112970065591542,0.004676030056532048,,,,1.0,1.0,10
STFT,pre_period_hours,transient_artifact,eligible,SCN,250728::7A-SCNcM1_Raw.csv,7A-SCNcM1,True,absolute_error_hours,hours,0.04612322013376868,0.04963103226248222,0.0,,,,,,,,,,0.011495532652094003,0.014118522507663999,0.0005435624909355527,,,,1.0,1.0,10
STFT,pre_period_hours,transient_artifact,eligible,SCN,250728::7B-SCNcM2_Raw.csv,7B-SCNcM2,True,absolute_error_hours,hours,0.16017135106072722,0.1282585550093085,0.0,,,,,,,,,,0.005659070966574835,0.00810475203098115,0.00025272072471240327,,,,1.0,1.0,10
STFT,pre_period_hours,transient_artifact,eligible,SCN,250811::1A-1FSCN_Raw.csv,1A-1FSCN,True,absolute_error_hours,hours,0.11601594163767892,0.11240834190591897,0.0,,,,,,,,,,0.00967121052026829,0.0107272412385995,-0.0004697731704954855,,,,1.0,1.0,10
STFT,pre_period_hours,transient_artifact,eligible,SCN,250811::1B-2MSCN_Raw.csv,1B-2MSCN,True,absolute_error_hours,hours,0.21236045913901513,0.2453112299974567,0.0,,,,,,,,,,0.008929398390682823,0.0083262303081157,0.0012269322050854833,,,,1.0,1.0,10
STFT,pre_period_hours,transient_artifact,eligible,SCN,250811::1C-3FSCN_Raw.csv,1C-3FSCN,True,absolute_error_hours,hours,0.15973892911454257,0.15973892911454257,0.0,,,,,,,,,,0.005131190168110032,0.00440917867432585,-3.5277139017558974e-05,,,,1.0,1.0,10
STFT,pre_period_hours,transient_artifact,eligible,SCN,250811::1D-4FSCN_Raw.csv,1D-4FSCN,True,absolute_error_hours,hours,0.11847105810162262,0.11847105810162262,0.0,,,,,,,,,,0.010417130396868028,0.0101578325539078,-0.00019574720818915908,,,,1.0,1.0,10
STFT,pre_period_hours,transient_artifact,eligible,SCN,251003::2A- M1SCn_Raw.csv,2A- M1SCn,True,absolute_error_hours,hours,0.14352240838386976,0.14577116750197305,0.0,,,,,,,,,,0.010772540171590815,0.00889710528082755,0.001900539457670455,,,,1.0,1.0,10
STFT,pre_period_hours,transient_artifact,eligible,SCN,251003::4B-M3SCN_Raw.csv,4B-M3SCN,True,absolute_error_hours,hours,0.08667878419077191,0.05600100317206724,0.0,,,,,,,,,,0.03755822785467026,0.034915357119296456,0.0017406238230636452,,,,1.0,1.0,10
STFT,pre_period_hours,transient_artifact,ineligible,DRG,250625 to 250728::5A-T10m1_Raw.csv,5A-T10m1,True,absolute_error_hours,hours,0.1317719152634993,0.07752639332526101,0.0,,,,,,,,,,0.13794612745283957,0.1395116439202051,-0.0002008493777939796,,,,1.0,1.0,10
