method,scenario_family,challenge_type,target_status,method_applicable,primary_metric_name,primary_metric_unit,metric,n_anchors_valid,bootstrap_replicates,bootstrap_seed,clean_point_estimate,clean_ci_lower_95,clean_ci_upper_95,challenge_point_estimate,challenge_ci_lower_95,challenge_ci_upper_95,deterioration_point_estimate,deterioration_ci_lower_95,deterioration_ci_upper_95
CWT_pyBOAT,phase_shift_hours,gaussian_noise,difficult,True,circular_absolute_error_radians,radians,primary_error,11,2000,1947017022,0.11819712569396401,0.07668662700706541,0.16643788817832794,0.12061978576276378,0.07882454820061291,0.1680879421884134,-0.0003167058092437003,-0.0015071027138375825,0.002249545990036239
CWT_pyBOAT,phase_shift_hours,gaussian_noise,difficult,True,circular_absolute_error_radians,radians,phase_equivalent_absolute_error_hours,11,2000,3200824921,0.45147976352276264,0.2929213381732536,0.6357459029125686,0.46073364333190264,0.30108759559470977,0.6420486449623375,-0.0012097270811292984,-0.005756708319707093,0.008592632736643652
CWT_pyBOAT,phase_shift_hours,gaussian_noise,eligible,True,circular_absolute_error_radians,radians,primary_error,41,2000,1697961228,0.10719239896632105,0.08844898631480702,0.1220199402672244,0.1095119997254339,0.0915876029403635,0.12212017786867957,-0.00011663990960641968,-0.0006941348763156441,0.00091231715027007
CWT_pyBOAT,phase_shift_hours,gaussian_noise,eligible,True,circular_absolute_error_radians,radians,phase_equivalent_absolute_error_hours,41,2000,1853499722,0.4094448037768456,0.3378502412032546,0.4660818395833577,0.4183050260203462,0.34983887361351984,0.466464719017484,-0.00044553163621569025,-0.0026513999217147866,0.0034847948191918526
CWT_pyBOAT,phase_shift_hours,gaussian_noise,ineligible,True,circular_absolute_error_radians,radians,primary_error,1,0,27835155,0.060746659276013304,,,0.06675508053340096,,,0.0017764059633051943,,
CWT_pyBOAT,phase_shift_hours,gaussian_noise,ineligible,True,circular_absolute_error_radians,radians,phase_equivalent_absolute_error_hours,1,0,220195061,0.2320351464023197,,,0.25498562504131966,,,0.006785370959950604,,
CWT_pyBOAT,phase_shift_hours,missing_block_6h,difficult,True,circular_absolute_error_radians,radians,primary_error,11,2000,1947017022,0.11819712569396401,0.07668662700706541,0.16643788817832794,0.11868555943858716,0.08291554246156796,0.1698090156662042,0.0013015180381010794,-0.0003675782630310209,0.0033549080788191077
CWT_pyBOAT,phase_shift_hours,missing_block_6h,difficult,True,circular_absolute_error_radians,radians,phase_equivalent_absolute_error_hours,11,2000,3200824921,0.45147976352276264,0.2929213381732536,0.6357459029125686,0.45334544299867446,0.31671404260570757,0.648622661396292,0.004971432702889245,-0.001404045540828458,0.012814804904711902
CWT_pyBOAT,phase_shift_hours,missing_block_6h,eligible,True,circular_absolute_error_radians,radians,primary_error,41,2000,1697961228,0.10719239896632105,0.08844898631480702,0.1220199402672244,0.10710339927798085,0.08851209464590237,0.12486083795486902,0.0014102437300744786,-0.0005645656518957765,0.002354815890349471
CWT_pyBOAT,phase_shift_hours,missing_block_6h,eligible,True,circular_absolute_error_radians,radians,phase_equivalent_absolute_error_hours,41,2000,1853499722,0.4094448037768456,0.3378502412032546,0.4660818395833577,0.4091048500088541,0.3380912972715131,0.47693326941872505,0.005386734254537007,-0.002156481940778665,0.008994734136491087
CWT_pyBOAT,phase_shift_hours,missing_block_6h,ineligible,True,circular_absolute_error_radians,radians,primary_error,1,0,27835155,0.060746659276013304,,,0.06583924105997596,,,-0.003375389280140695,,
CWT_pyBOAT,phase_shift_hours,missing_block_6h,ineligible,True,circular_absolute_error_radians,radians,phase_equivalent_absolute_error_hours,1,0,220195061,0.2320351464023197,,,0.25148737593873727,,,-0.012893037331050863,,
CWT_pyBOAT,phase_shift_hours,transient_artifact,difficult,True,circular_absolute_error_radians,radians,primary_error,11,2000,1947017022,0.11819712569396401,0.07668662700706541,0.16643788817832794,0.11479334629114035,0.09241375623340975,0.18527641247556437,0.014442148004661703,0.00040679508487784233,0.02472549270179414
CWT_pyBOAT,phase_shift_hours,transient_artifact,difficult,True,circular_absolute_error_radians,radians,phase_equivalent_absolute_error_hours,11,2000,3200824921,0.45147976352276264,0.2929213381732536,0.6357459029125686,0.43847828391107224,0.3529945467416788,0.7077037652116553,0.05516494185135995,0.0015538427660111154,0.09444442521295487
CWT_pyBOAT,phase_shift_hours,transient_artifact,eligible,True,circular_absolute_error_radians,radians,primary_error,41,2000,1697961228,0.10719239896632105,0.08844898631480702,0.1220199402672244,0.11632563739420698,0.10303968364832539,0.1354901968361486,0.012260487446841273,0.003967718003682563,0.018094947966058816
CWT_pyBOAT,phase_shift_hours,transient_artifact,eligible,True,circular_absolute_error_radians,radians,phase_equivalent_absolute_error_hours,41,2000,1853499722,0.4094448037768456,0.3378502412032546,0.4660818395833577,0.44433120479048316,0.393582599694147,0.5175344296072063,0.04683161236514211,0.015155566393938918,0.06911760993093355
CWT_pyBOAT,phase_shift_hours,transient_artifact,ineligible,True,circular_absolute_error_radians,radians,primary_error,1,0,27835155,0.060746659276013304,,,0.10638010684023946,,,0.013681487489648703,,
CWT_pyBOAT,phase_shift_hours,transient_artifact,ineligible,True,circular_absolute_error_radians,radians,phase_equivalent_absolute_error_hours,1,0,220195061,0.2320351464023197,,,0.4063420764064334,,,0.05225943270786041,,
CWT_pyBOAT,post_amplitude_trajectory,gaussian_noise,difficult,True,target_segment_calibrated_absolute_nrmse,NRMSE,primary_error,10,2000,1216128926,1.473991841687668,0.32916745369590034,2.2938323601159976,1.4740427738710697,0.3285365759818728,2.293717807850258,-5.1507479905676945e-05,-0.00015552078738460817,7.149188353317015e-05
CWT_pyBOAT,post_amplitude_trajectory,gaussian_noise,difficult,True,target_segment_calibrated_absolute_nrmse,NRMSE,target_segment_shape_nrmse,10,2000,412044319,0.10980322489260172,0.05505678964707668,0.17240485199316696,0.10980417982212433,0.054712975079030744,0.17246442063502962,-1.086969135206256e-05,-3.0407206025401257e-05,8.535896950853314e-05
CWT_pyBOAT,post_amplitude_trajectory,gaussian_noise,difficult,True,target_segment_calibrated_absolute_nrmse,NRMSE,trajectory_pearson,10,2000,4090550931,0.9972035446308043,0.9894815557959349,0.9986083518510087,0.9972014525411765,0.9894984429190345,0.9986079466047508,-1.356854346934444e-07,-1.373835824824976e-06,2.364818401240365e-06
CWT_pyBOAT,post_amplitude_trajectory,gaussian_noise,difficult,True,target_segment_calibrated_absolute_nrmse,NRMSE,envelope_log_rate_absolute_error_per_day,10,2000,3022090811,0.043782786118931605,0.02645966645504054,0.1284600682937405,0.04364560310898136,0.02619170930663771,0.1283330151645616,-0.00015259589812617602,-0.00046696277372332284,0.000275973003931021
CWT_pyBOAT,post_amplitude_trajectory,gaussian_noise,difficult,True,target_segment_calibrated_absolute_nrmse,NRMSE,ratio_log_error,10,2000,2592024630,0.9041449343008895,0.43620266949845504,1.0610010423603167,0.9041750766922061,0.43521804551604737,1.0611762497133514,3.1501683233708944e-05,-0.00012435047831260704,0.00022786399813421593
CWT_pyBOAT,post_amplitude_trajectory,gaussian_noise,eligible,True,target_segment_calibrated_absolute_nrmse,NRMSE,primary_error,42,2000,4170035510,0.08862162381292957,0.058469907272650404,0.11348606974597586,0.08856294900233147,0.05938835361128666,0.1143286822423098,2.9102694141247554e-06,-0.00013304447523015614,5.7271502137894864e-05
CWT_pyBOAT,post_amplitude_trajectory,gaussian_noise,eligible,True,target_segment_calibrated_absolute_nrmse,NRMSE,target_segment_shape_nrmse,42,2000,31411691,0.04072681420078963,0.0289660149639666,0.054117628597217374,0.040785655590101354,0.028705837576875816,0.05442199130600224,-2.9995623619994295e-05,-0.00011788493168066747,8.752543015078714e-05
CWT_pyBOAT,post_amplitude_trajectory,gaussian_noise,eligible,True,target_segment_calibrated_absolute_nrmse,NRMSE,trajectory_pearson,42,2000,2519608380,0.9965245418762281,0.9955511301134792,0.9979180149470983,0.9965959181184695,0.9955289456226124,0.9979197396235424,-4.0109615520589337e-07,-5.885666435473391e-06,7.1153985035377065e-06
CWT_pyBOAT,post_amplitude_trajectory,gaussian_noise,eligible,True,target_segment_calibrated_absolute_nrmse,NRMSE,envelope_log_rate_absolute_error_per_day,42,2000,1901117179,0.02306716917993519,0.011387045553820724,0.034518464044724584,0.022133593253533826,0.011815170780842682,0.03442287425528657,-7.31306713430413e-05,-0.00015627777478163796,8.110800413745067e-05
CWT_pyBOAT,post_amplitude_trajectory,gaussian_noise,eligible,True,target_segment_calibrated_absolute_nrmse,NRMSE,ratio_log_error,42,2000,346928805,0.0958903258733448,0.0626928267462444,0.12222019586677815,0.09535923048589229,0.062086995139194266,0.1226086264441392,-6.327331513797038e-05,-0.00017105952615863849,8.118203114606051e-05
CWT_pyBOAT,post_amplitude_trajectory,gaussian_noise,ineligible,True,target_segment_calibrated_absolute_nrmse,NRMSE,primary_error,1,0,3266083555,1.532618559212259,,,1.5326768565020397,,,-1.8658352601841344e-06,,
CWT_pyBOAT,post_amplitude_trajectory,gaussian_noise,ineligible,True,target_segment_calibrated_absolute_nrmse,NRMSE,target_segment_shape_nrmse,1,0,982559065,0.1543904773882215,,,0.15439511278780663,,,2.3903981372003225e-05,,
CWT_pyBOAT,post_amplitude_trajectory,gaussian_noise,ineligible,True,target_segment_calibrated_absolute_nrmse,NRMSE,trajectory_pearson,1,0,3117953177,0.9947184424486062,,,0.9947222751824895,,,2.3252400141449137e-06,,
CWT_pyBOAT,post_amplitude_trajectory,gaussian_noise,ineligible,True,target_segment_calibrated_absolute_nrmse,NRMSE,envelope_log_rate_absolute_error_per_day,1,0,447868020,0.08391151324280077,,,0.08331571911941849,,,-0.00033119912507606486,,
CWT_pyBOAT,post_amplitude_trajectory,gaussian_noise,ineligible,True,target_segment_calibrated_absolute_nrmse,NRMSE,ratio_log_error,1,0,2952661255,0.9209040326583742,,,0.9213212381524349,,,0.00010269234030413354,,
CWT_pyBOAT,post_amplitude_trajectory,missing_block_6h,difficult,True,target_segment_calibrated_absolute_nrmse,NRMSE,primary_error,10,2000,1216128926,1.473991841687668,0.32916745369590034,2.2938323601159976,1.4635664482112296,0.320574742038935,2.2671856994165758,-0.0006757368014792126,-0.002105575360678344,-0.00018357273070779279
CWT_pyBOAT,post_amplitude_trajectory,missing_block_6h,difficult,True,target_segment_calibrated_absolute_nrmse,NRMSE,target_segment_shape_nrmse,10,2000,412044319,0.10980322489260172,0.05505678964707668,0.17240485199316696,0.1069094274536867,0.056197526572791985,0.17235901858997366,-0.00015933074566401584,-0.0005215843537446085,0.00032626655152541515
CWT_pyBOAT,post_amplitude_trajectory,missing_block_6h,difficult,True,target_segment_calibrated_absolute_nrmse,NRMSE,trajectory_pearson,10,2000,4090550931,0.9972035446308043,0.9894815557959349,0.9986083518510087,0.9973087709365336,0.9897690026890211,0.9986329523552574,7.370820433449943e-07,-1.6817648345948662e-07,7.049941364523082e-06
CWT_pyBOAT,post_amplitude_trajectory,missing_block_6h,difficult,True,target_segment_calibrated_absolute_nrmse,NRMSE,envelope_log_rate_absolute_error_per_day,10,2000,3022090811,0.043782786118931605,0.02645966645504054,0.1284600682937405,0.03950866352475274,0.024334061334622556,0.12459261214441125,-0.0012757801135869495,-0.0038098654559334255,0.00026402895528757075
CWT_pyBOAT,post_amplitude_trajectory,missing_block_6h,difficult,True,target_segment_calibrated_absolute_nrmse,NRMSE,ratio_log_error,10,2000,2592024630,0.9041449343008895,0.43620266949845504,1.0610010423603167,0.8899280404619193,0.4280250522253086,1.0399541616256673,-0.0021178375068494175,-0.003297649092486643,-0.0005103778236875689
CWT_pyBOAT,post_amplitude_trajectory,missing_block_6h,eligible,True,target_segment_calibrated_absolute_nrmse,NRMSE,primary_error,42,2000,4170035510,0.08862162381292957,0.058469907272650404,0.11348606974597586,0.08021374687720417,0.05514607970223859,0.10089519982258277,-0.0038912765167695568,-0.004978401875579883,-0.0020015524254833935
CWT_pyBOAT,post_amplitude_trajectory,missing_block_6h,eligible,True,target_segment_calibrated_absolute_nrmse,NRMSE,target_segment_shape_nrmse,42,2000,31411691,0.04072681420078963,0.0289660149639666,0.054117628597217374,0.04056120776761915,0.027535928015777585,0.05318171486257518,-0.0006641088462302769,-0.0012331979600630058,-0.000108243052469733
CWT_pyBOAT,post_amplitude_trajectory,missing_block_6h,eligible,True,target_segment_calibrated_absolute_nrmse,NRMSE,trajectory_pearson,42,2000,2519608380,0.9965245418762281,0.9955511301134792,0.9979180149470983,0.9967747290291433,0.9955617413906254,0.9979286368393918,-6.84125912030209e-05,-0.00012151900917251046,-9.033833809901637e-07
CWT_pyBOAT,post_amplitude_trajectory,missing_block_6h,eligible,True,target_segment_calibrated_absolute_nrmse,NRMSE,envelope_log_rate_absolute_error_per_day,42,2000,1901117179,0.02306716917993519,0.011387045553820724,0.034518464044724584,0.0204892208602794,0.011400095594455026,0.03543927547089983,-0.00034897835877004124,-0.0011908600288657867,0.00045035351968054915
CWT_pyBOAT,post_amplitude_trajectory,missing_block_6h,eligible,True,target_segment_calibrated_absolute_nrmse,NRMSE,ratio_log_error,42,2000,346928805,0.0958903258733448,0.0626928267462444,0.12222019586677815,0.08873949708926378,0.05359669151553993,0.1105173029123965,-0.006625067049408646,-0.008608341909773123,-0.003745760827006432
CWT_pyBOAT,post_amplitude_trajectory,missing_block_6h,ineligible,True,target_segment_calibrated_absolute_nrmse,NRMSE,primary_error,1,0,3266083555,1.532618559212259,,,1.5335428803672522,,,-1.4174711394754347e-05,,
CWT_pyBOAT,post_amplitude_trajectory,missing_block_6h,ineligible,True,target_segment_calibrated_absolute_nrmse,NRMSE,target_segment_shape_nrmse,1,0,982559065,0.1543904773882215,,,0.15422915288524347,,,-1.1815371946638509e-05,,
CWT_pyBOAT,post_amplitude_trajectory,missing_block_6h,ineligible,True,target_segment_calibrated_absolute_nrmse,NRMSE,trajectory_pearson,1,0,3117953177,0.9947184424486062,,,0.9947163591144191,,,2.9700011600075626e-06,,
CWT_pyBOAT,post_amplitude_trajectory,missing_block_6h,ineligible,True,target_segment_calibrated_absolute_nrmse,NRMSE,envelope_log_rate_absolute_error_per_day,1,0,447868020,0.08391151324280077,,,0.0835528519353006,,,-0.0003974693939166052,,
CWT_pyBOAT,post_amplitude_trajectory,missing_block_6h,ineligible,True,target_segment_calibrated_absolute_nrmse,NRMSE,ratio_log_error,1,0,2952661255,0.9209040326583742,,,0.9202310609988587,,,-6.964944047083144e-05,,
CWT_pyBOAT,post_amplitude_trajectory,transient_artifact,difficult,True,target_segment_calibrated_absolute_nrmse,NRMSE,primary_error,10,2000,1216128926,1.473991841687668,0.32916745369590034,2.2938323601159976,1.4819506239294717,0.3268827305275306,2.2975567326921,-0.00015144608372996693,-0.0018873423812013207,0.0006274300894180684
CWT_pyBOAT,post_amplitude_trajectory,transient_artifact,difficult,True,target_segment_calibrated_absolute_nrmse,NRMSE,target_segment_shape_nrmse,10,2000,412044319,0.10980322489260172,0.05505678964707668,0.17240485199316696,0.11052536507148969,0.05985850063905406,0.17438245958568477,0.00010960049902832003,-0.0003859622997555226,0.0026275956486802674
CWT_pyBOAT,post_amplitude_trajectory,transient_artifact,difficult,True,target_segment_calibrated_absolute_nrmse,NRMSE,trajectory_pearson,10,2000,4090550931,0.9972035446308043,0.9894815557959349,0.9986083518510087,0.9971463359381698,0.9895777830212131,0.9983957893915613,-1.8009002914765038e-06,-4.659619426619632e-05,0.000167863552339248
CWT_pyBOAT,post_amplitude_trajectory,transient_artifact,difficult,True,target_segment_calibrated_absolute_nrmse,NRMSE,envelope_log_rate_absolute_error_per_day,10,2000,3022090811,0.043782786118931605,0.02645966645504054,0.1284600682937405,0.040421203494684255,0.028665870909677073,0.12563536041066944,0.001117142319425335,-0.004137751158761971,0.003845010591236833
CWT_pyBOAT,post_amplitude_trajectory,transient_artifact,difficult,True,target_segment_calibrated_absolute_nrmse,NRMSE,ratio_log_error,10,2000,2592024630,0.9041449343008895,0.43620266949845504,1.0610010423603167,0.9073442593786811,0.4332102015389906,1.0558554729171217,-0.0008678041078733767,-0.007819921662630153,0.0009496663965467376
CWT_pyBOAT,post_amplitude_trajectory,transient_artifact,eligible,True,target_segment_calibrated_absolute_nrmse,NRMSE,primary_error,42,2000,4170035510,0.08862162381292957,0.058469907272650404,0.11348606974597586,0.09246596482470747,0.06852412171916608,0.11748573340076565,0.003159077596855771,0.0002193901322518621,0.009439762496257477
CWT_pyBOAT,post_amplitude_trajectory,transient_artifact,eligible,True,target_segment_calibrated_absolute_nrmse,NRMSE,target_segment_shape_nrmse,42,2000,31411691,0.04072681420078963,0.0289660149639666,0.054117628597217374,0.047344609087699316,0.0349679432336863,0.05390793777199457,0.0032691239800613967,0.0016108079804652928,0.0048575724100921236
CWT_pyBOAT,post_amplitude_trajectory,transient_artifact,eligible,True,target_segment_calibrated_absolute_nrmse,NRMSE,trajectory_pearson,42,2000,2519608380,0.9965245418762281,0.9955511301134792,0.9979180149470983,0.9970798310318355,0.9959189128186403,0.9975705961218198,2.8118665748616545e-05,-0.00014259284815260065,0.00015122956308177837
CWT_pyBOAT,post_amplitude_trajectory,transient_artifact,eligible,True,target_segment_calibrated_absolute_nrmse,NRMSE,envelope_log_rate_absolute_error_per_day,42,2000,1901117179,0.02306716917993519,0.011387045553820724,0.034518464044724584,0.0295681559462298,0.02515549091498445,0.04011090034982473,0.006532115085617837,0.00308010396543712,0.009537760650979
CWT_pyBOAT,post_amplitude_trajectory,transient_artifact,eligible,True,target_segment_calibrated_absolute_nrmse,NRMSE,ratio_log_error,42,2000,346928805,0.0958903258733448,0.0626928267462444,0.12222019586677815,0.10205598573803554,0.06284090602152223,0.12551316899155593,0.002292188283260747,-0.0011337267130971489,0.005468930168972853
CWT_pyBOAT,post_amplitude_trajectory,transient_artifact,ineligible,True,target_segment_calibrated_absolute_nrmse,NRMSE,primary_error,1,0,3266083555,1.532618559212259,,,1.5332161935757647,,,0.00022153995164142515,,
CWT_pyBOAT,post_amplitude_trajectory,transient_artifact,ineligible,True,target_segment_calibrated_absolute_nrmse,NRMSE,target_segment_shape_nrmse,1,0,982559065,0.1543904773882215,,,0.15384528800763403,,,0.0002270107574435104,,
CWT_pyBOAT,post_amplitude_trajectory,transient_artifact,ineligible,True,target_segment_calibrated_absolute_nrmse,NRMSE,trajectory_pearson,1,0,3117953177,0.9947184424486062,,,0.9947018071420435,,,5.9846106717387215e-05,,
CWT_pyBOAT,post_amplitude_trajectory,transient_artifact,ineligible,True,target_segment_calibrated_absolute_nrmse,NRMSE,envelope_log_rate_absolute_error_per_day,1,0,447868020,0.08391151324280077,,,0.07996508500129551,,,-0.0027990413840500716,,
CWT_pyBOAT,post_amplitude_trajectory,transient_artifact,ineligible,True,target_segment_calibrated_absolute_nrmse,NRMSE,ratio_log_error,1,0,2952661255,0.9209040326583742,,,0.922121138030296,,,0.0007941931327105078,,
CWT_pyBOAT,post_period_hours,gaussian_noise,difficult,True,absolute_error_hours,hours,primary_error,3,2000,1711416290,0.043458974037386966,0.01907018347586309,0.18036410997247643,0.046609526863013784,0.019070183475864866,0.18248660336422873,0.0,0.0,0.0
CWT_pyBOAT,post_period_hours,gaussian_noise,eligible,True,absolute_error_hours,hours,primary_error,49,2000,3753122361,0.02778599630609513,0.023785993976236597,0.04962853442834714,0.030944547937943767,0.02390575934767014,0.0488426072589494,0.0,0.0,0.0
CWT_pyBOAT,post_period_hours,gaussian_noise,ineligible,True,absolute_error_hours,hours,primary_error,1,0,2265439225,0.02769192842863788,,,0.02769192842863788,,,0.0,,
CWT_pyBOAT,post_period_hours,missing_block_6h,difficult,True,absolute_error_hours,hours,primary_error,3,2000,1711416290,0.043458974037386966,0.01907018347586309,0.18036410997247643,0.04649563164267079,0.022638710124214256,0.18676168765117396,0.0,0.0,0.0
CWT_pyBOAT,post_period_hours,missing_block_6h,eligible,True,absolute_error_hours,hours,primary_error,49,2000,3753122361,0.02778599630609513,0.023785993976236597,0.04962853442834714,0.036166126327405124,0.028068215041999658,0.05233437130504193,0.0,0.0,0.0
CWT_pyBOAT,post_period_hours,missing_block_6h,ineligible,True,absolute_error_hours,hours,primary_error,1,0,2265439225,0.02769192842863788,,,0.03822353993798977,,,1.7763568394002505e-15,,
CWT_pyBOAT,post_period_hours,transient_artifact,difficult,True,absolute_error_hours,hours,primary_error,3,2000,1711416290,0.043458974037386966,0.01907018347586309,0.18036410997247643,0.10697816823321737,0.05341023819625157,0.24122864740264127,0.08482013834835378,0.0009839406824294628,0.13652176968759733
CWT_pyBOAT,post_period_hours,transient_artifact,eligible,True,absolute_error_hours,hours,primary_error,49,2000,3753122361,0.02778599630609513,0.023785993976236597,0.04962853442834714,0.07945149639549065,0.07101202404615847,0.09611338347710507,0.05414129015864333,0.030870757231024726,0.06425776931074978
CWT_pyBOAT,post_period_hours,transient_artifact,ineligible,True,absolute_error_hours,hours,primary_error,1,0,2265439225,0.02769192842863788,,,0.11442240657142655,,,0.06131419324463394,,
CWT_pyBOAT,pre_amplitude_trajectory,gaussian_noise,difficult,True,target_segment_calibrated_absolute_nrmse,NRMSE,primary_error,11,2000,2692181932,0.35165850642747576,0.2545681019758069,0.9680182650622244,0.3529458781379552,0.2552487910755767,0.9684637128423818,0.00013275512219923513,-0.00029771235857425915,0.0005812811114346839
CWT_pyBOAT,pre_amplitude_trajectory,gaussian_noise,difficult,True,target_segment_calibrated_absolute_nrmse,NRMSE,target_segment_shape_nrmse,11,2000,4206627201,0.2874272454102606,0.24315944508516396,0.5652550916176956,0.28757813489179945,0.24353268333969452,0.5647109983351516,0.0001392409573586495,-4.976879541697399e-05,0.00037269303039767776
CWT_pyBOAT,pre_amplitude_trajectory,gaussian_noise,difficult,True,target_segment_calibrated_absolute_nrmse,NRMSE,trajectory_pearson,11,2000,3610440229,0.9466713877436749,0.5343703467066302,0.9612031022320304,0.9467189586512905,0.5307009569668582,0.9613307505177575,-3.872469697296932e-06,-0.00018246930685522633,0.000444069042801587
CWT_pyBOAT,pre_amplitude_trajectory,gaussian_noise,difficult,True,target_segment_calibrated_absolute_nrmse,NRMSE,envelope_log_rate_absolute_error_per_day,11,2000,4040841049,0.32421672074675034,0.12825113765866897,0.521179876780457,0.32513588069238963,0.12765666955843652,0.5213867536437745,0.00026238901011541027,-0.00028491133866326984,0.00035287258798721854
CWT_pyBOAT,pre_amplitude_trajectory,gaussian_noise,difficult,True,target_segment_calibrated_absolute_nrmse,NRMSE,ratio_log_error,11,2000,2209644309,0.3745041424108003,0.07292508571847925,0.6090297765086992,0.3756867859039813,0.0732218049570548,0.6086912855008422,-0.0001590779541469356,-0.000254325491528512,0.00043108043456213663
CWT_pyBOAT,pre_amplitude_trajectory,gaussian_noise,eligible,True,target_segment_calibrated_absolute_nrmse,NRMSE,primary_error,41,2000,1289072035,0.13742012200198145,0.12348233950054785,0.15325303415743963,0.13606991062609936,0.1240018004470225,0.1527587027839673,-4.918721904144385e-05,-0.00018160375984899169,0.00013621818211230485
CWT_pyBOAT,pre_amplitude_trajectory,gaussian_noise,eligible,True,target_segment_calibrated_absolute_nrmse,NRMSE,target_segment_shape_nrmse,41,2000,3942826717,0.13428880272784183,0.12037733370018741,0.14921958471215147,0.13476030904459807,0.12059073439278128,0.15005825737191444,-2.5913415283081165e-05,-0.00017728838437677807,9.772372354109257e-05
CWT_pyBOAT,pre_amplitude_trajectory,gaussian_noise,eligible,True,target_segment_calibrated_absolute_nrmse,NRMSE,trajectory_pearson,41,2000,131069866,0.9776431532203029,0.9738990280112909,0.9814287965813617,0.9775883028478536,0.9738749092972329,0.9814334078820588,5.534199556456176e-06,-2.6414213518288765e-05,3.326598787334323e-05
CWT_pyBOAT,pre_amplitude_trajectory,gaussian_noise,eligible,True,target_segment_calibrated_absolute_nrmse,NRMSE,envelope_log_rate_absolute_error_per_day,41,2000,1058984653,0.10921232645440011,0.09860098680148432,0.12061741443069209,0.10762935558122023,0.09862719404073761,0.12188488476955227,-7.032574048559947e-05,-0.0002392248377540429,8.16821534266321e-05
CWT_pyBOAT,pre_amplitude_trajectory,gaussian_noise,eligible,True,target_segment_calibrated_absolute_nrmse,NRMSE,ratio_log_error,41,2000,4084207018,0.09120143958252765,0.08203134758268066,0.1069890209538686,0.09157164166106455,0.08137600186330644,0.10900636473592576,2.725157083258156e-07,-0.00011451336009269536,0.00029678898951997906
CWT_pyBOAT,pre_amplitude_trajectory,gaussian_noise,ineligible,True,target_segment_calibrated_absolute_nrmse,NRMSE,primary_error,1,0,3298018325,0.2512943208178909,,,0.2518661066428905,,,-0.0002489866717812067,,
CWT_pyBOAT,pre_amplitude_trajectory,gaussian_noise,ineligible,True,target_segment_calibrated_absolute_nrmse,NRMSE,target_segment_shape_nrmse,1,0,2368450464,0.22832039658347408,,,0.2287528438671544,,,0.00014338710397762688,,
CWT_pyBOAT,pre_amplitude_trajectory,gaussian_noise,ineligible,True,target_segment_calibrated_absolute_nrmse,NRMSE,trajectory_pearson,1,0,2201216010,0.9420471388674914,,,0.9420305490473329,,,9.881547459816842e-05,,
CWT_pyBOAT,pre_amplitude_trajectory,gaussian_noise,ineligible,True,target_segment_calibrated_absolute_nrmse,NRMSE,envelope_log_rate_absolute_error_per_day,1,0,455318662,0.20522853411123543,,,0.20580613794314995,,,2.047692990433947e-05,,
CWT_pyBOAT,pre_amplitude_trajectory,gaussian_noise,ineligible,True,target_segment_calibrated_absolute_nrmse,NRMSE,ratio_log_error,1,0,2577830810,0.2209427983363128,,,0.22030072062726852,,,-0.0005489801227612917,,
CWT_pyBOAT,pre_amplitude_trajectory,missing_block_6h,difficult,True,target_segment_calibrated_absolute_nrmse,NRMSE,primary_error,11,2000,2692181932,0.35165850642747576,0.2545681019758069,0.9680182650622244,0.34531786664623254,0.2526795144910463,0.9648134012285692,-0.00035951700814178256,-0.004330282000340163,-1.1387754852265619e-05
CWT_pyBOAT,pre_amplitude_trajectory,missing_block_6h,difficult,True,target_segment_calibrated_absolute_nrmse,NRMSE,target_segment_shape_nrmse,11,2000,4206627201,0.2874272454102606,0.24315944508516396,0.5652550916176956,0.2938857984416354,0.24628528614306533,0.5696492452833817,0.0004695951672418208,-9.847289524446412e-05,0.004139755988846264
CWT_pyBOAT,pre_amplitude_trajectory,missing_block_6h,difficult,True,target_segment_calibrated_absolute_nrmse,NRMSE,trajectory_pearson,11,2000,3610440229,0.9466713877436749,0.5343703467066302,0.9612031022320304,0.9450431710399164,0.5174291752897102,0.9606675010564584,0.0005107123716950879,5.374240060784796e-05,0.0017206304000095818
CWT_pyBOAT,pre_amplitude_trajectory,missing_block_6h,difficult,True,target_segment_calibrated_absolute_nrmse,NRMSE,envelope_log_rate_absolute_error_per_day,11,2000,4040841049,0.32421672074675034,0.12825113765866897,0.521179876780457,0.32265850639805754,0.13358760436987738,0.5203036582165177,0.0004190977691437836,-0.00029084803971446416,0.0016481219294643135
CWT_pyBOAT,pre_amplitude_trajectory,missing_block_6h,difficult,True,target_segment_calibrated_absolute_nrmse,NRMSE,ratio_log_error,11,2000,2209644309,0.3745041424108003,0.07292508571847925,0.6090297765086992,0.3731074742117215,0.06848860195070837,0.6044348029016531,-0.004899966875434161,-0.007118439096937407,-0.0023087786777826746
CWT_pyBOAT,pre_amplitude_trajectory,missing_block_6h,eligible,True,target_segment_calibrated_absolute_nrmse,NRMSE,primary_error,41,2000,1289072035,0.13742012200198145,0.12348233950054785,0.15325303415743963,0.13538896898354041,0.12302881388800391,0.15810597993763756,-0.0014734290742430822,-0.0019443720496898353,-0.0005810322131104273
CWT_pyBOAT,pre_amplitude_trajectory,missing_block_6h,eligible,True,target_segment_calibrated_absolute_nrmse,NRMSE,target_segment_shape_nrmse,41,2000,3942826717,0.13428880272784183,0.12037733370018741,0.14921958471215147,0.13500950989670438,0.12175342490207383,0.1554418842854297,-0.00034978943812271485,-0.0005153940565070375,0.00020505628416137012
CWT_pyBOAT,pre_amplitude_trajectory,missing_block_6h,eligible,True,target_segment_calibrated_absolute_nrmse,NRMSE,trajectory_pearson,41,2000,131069866,0.9776431532203029,0.9738990280112909,0.9814287965813617,0.9767347330230973,0.9731104657623448,0.981117852559922,0.00032968095363394845,0.00018476329220196153,0.000513124853353697
CWT_pyBOAT,pre_amplitude_trajectory,missing_block_6h,eligible,True,target_segment_calibrated_absolute_nrmse,NRMSE,envelope_log_rate_absolute_error_per_day,41,2000,1058984653,0.10921232645440011,0.09860098680148432,0.12061741443069209,0.11192913893876553,0.09820820172390038,0.1286617668045239,0.00022841952638427698,-0.00038123023342798157,0.0007331685928737702
CWT_pyBOAT,pre_amplitude_trajectory,missing_block_6h,eligible,True,target_segment_calibrated_absolute_nrmse,NRMSE,ratio_log_error,41,2000,4084207018,0.09120143958252765,0.08203134758268066,0.1069890209538686,0.08579680190785191,0.07321112981366792,0.09958782292512654,-0.00530300283237909,-0.0059785839575735335,-0.004109765606531486
CWT_pyBOAT,pre_amplitude_trajectory,missing_block_6h,ineligible,True,target_segment_calibrated_absolute_nrmse,NRMSE,primary_error,1,0,3298018325,0.2512943208178909,,,0.24798666122261087,,,-0.003970065622717844,,
CWT_pyBOAT,pre_amplitude_trajectory,missing_block_6h,ineligible,True,target_segment_calibrated_absolute_nrmse,NRMSE,target_segment_shape_nrmse,1,0,2368450464,0.22832039658347408,,,0.22540909499909678,,,-0.0020633885840034977,,
CWT_pyBOAT,pre_amplitude_trajectory,missing_block_6h,ineligible,True,target_segment_calibrated_absolute_nrmse,NRMSE,trajectory_pearson,1,0,2201216010,0.9420471388674914,,,0.9398675923402819,,,0.0007797416482458464,,
CWT_pyBOAT,pre_amplitude_trajectory,missing_block_6h,ineligible,True,target_segment_calibrated_absolute_nrmse,NRMSE,envelope_log_rate_absolute_error_per_day,1,0,455318662,0.20522853411123543,,,0.2027423945881333,,,-0.0034676714476513937,,
CWT_pyBOAT,pre_amplitude_trajectory,missing_block_6h,ineligible,True,target_segment_calibrated_absolute_nrmse,NRMSE,ratio_log_error,1,0,2577830810,0.2209427983363128,,,0.21704194346543626,,,-0.005832945861105485,,
CWT_pyBOAT,pre_amplitude_trajectory,transient_artifact,difficult,True,target_segment_calibrated_absolute_nrmse,NRMSE,primary_error,11,2000,2692181932,0.35165850642747576,0.2545681019758069,0.9680182650622244,0.35743923917698,0.25176815119564927,0.9490372141182861,0.0011945665467276156,-0.0013396812744601583,0.00730079354864252
CWT_pyBOAT,pre_amplitude_trajectory,transient_artifact,difficult,True,target_segment_calibrated_absolute_nrmse,NRMSE,target_segment_shape_nrmse,11,2000,4206627201,0.2874272454102606,0.24315944508516396,0.5652550916176956,0.3025353317267046,0.2393506979928726,0.5623648236745207,0.0002329333721450555,-0.0026584963587505117,0.004444915984662234
CWT_pyBOAT,pre_amplitude_trajectory,transient_artifact,difficult,True,target_segment_calibrated_absolute_nrmse,NRMSE,trajectory_pearson,11,2000,3610440229,0.9466713877436749,0.5343703467066302,0.9612031022320304,0.9134786612219972,0.5442280136792642,0.959361993265286,0.00033443364356267047,-0.001156558174267297,0.02461673382204732
CWT_pyBOAT,pre_amplitude_trajectory,transient_artifact,difficult,True,target_segment_calibrated_absolute_nrmse,NRMSE,envelope_log_rate_absolute_error_per_day,11,2000,4040841049,0.32421672074675034,0.12825113765866897,0.521179876780457,0.31118054165233233,0.12022955996501783,0.5214025036809845,0.002475489634428049,-0.002226748680884655,0.004791354010021176
CWT_pyBOAT,pre_amplitude_trajectory,transient_artifact,difficult,True,target_segment_calibrated_absolute_nrmse,NRMSE,ratio_log_error,11,2000,2209644309,0.3745041424108003,0.07292508571847925,0.6090297765086992,0.38471102868888,0.0885106884116636,0.6216652242343907,0.007607072346472623,-1.8854680522206735e-05,0.011058805042639341
CWT_pyBOAT,pre_amplitude_trajectory,transient_artifact,eligible,True,target_segment_calibrated_absolute_nrmse,NRMSE,primary_error,41,2000,1289072035,0.13742012200198145,0.12348233950054785,0.15325303415743963,0.1472023671650788,0.13061940158417307,0.1689621117729669,0.00461228632344797,0.002302410766931204,0.00895038342570785
CWT_pyBOAT,pre_amplitude_trajectory,transient_artifact,eligible,True,target_segment_calibrated_absolute_nrmse,NRMSE,target_segment_shape_nrmse,41,2000,3942826717,0.13428880272784183,0.12037733370018741,0.14921958471215147,0.1323613479585276,0.12344669157423609,0.15137053059453343,-0.0006105588660234862,-0.002775769238387772,0.000962974621544127
CWT_pyBOAT,pre_amplitude_trajectory,transient_artifact,eligible,True,target_segment_calibrated_absolute_nrmse,NRMSE,trajectory_pearson,41,2000,131069866,0.9776431532203029,0.9738990280112909,0.9814287965813617,0.9759194206416573,0.9719042970519687,0.9797734693935749,0.00047729949965641394,6.364645364115296e-05,0.001115266216337063
CWT_pyBOAT,pre_amplitude_trajectory,transient_artifact,eligible,True,target_segment_calibrated_absolute_nrmse,NRMSE,envelope_log_rate_absolute_error_per_day,41,2000,1058984653,0.10921232645440011,0.09860098680148432,0.12061741443069209,0.10721775059193861,0.09871585287091639,0.12167668325949793,-0.0016291443222597735,-0.0036444080295668785,0.0010077549789877238
CWT_pyBOAT,pre_amplitude_trajectory,transient_artifact,eligible,True,target_segment_calibrated_absolute_nrmse,NRMSE,ratio_log_error,41,2000,4084207018,0.09120143958252765,0.08203134758268066,0.1069890209538686,0.10409520512202786,0.08867553408030676,0.12880523564596752,0.007487300175434326,0.0010644855224459376,0.013050161681223346
CWT_pyBOAT,pre_amplitude_trajectory,transient_artifact,ineligible,True,target_segment_calibrated_absolute_nrmse,NRMSE,primary_error,1,0,3298018325,0.2512943208178909,,,0.2812997974313774,,,0.011309445282578809,,
CWT_pyBOAT,pre_amplitude_trajectory,transient_artifact,ineligible,True,target_segment_calibrated_absolute_nrmse,NRMSE,target_segment_shape_nrmse,1,0,2368450464,0.22832039658347408,,,0.2506636544735431,,,0.01779055192531144,,
CWT_pyBOAT,pre_amplitude_trajectory,transient_artifact,ineligible,True,target_segment_calibrated_absolute_nrmse,NRMSE,trajectory_pearson,1,0,2201216010,0.9420471388674914,,,0.9275416675996456,,,0.013585544171210662,,
CWT_pyBOAT,pre_amplitude_trajectory,transient_artifact,ineligible,True,target_segment_calibrated_absolute_nrmse,NRMSE,envelope_log_rate_absolute_error_per_day,1,0,455318662,0.20522853411123543,,,0.21033002518419514,,,0.002113891246951022,,
CWT_pyBOAT,pre_amplitude_trajectory,transient_artifact,ineligible,True,target_segment_calibrated_absolute_nrmse,NRMSE,ratio_log_error,1,0,2577830810,0.2209427983363128,,,0.2516125845031771,,,0.000858433085474522,,
CWT_pyBOAT,pre_period_hours,gaussian_noise,difficult,True,absolute_error_hours,hours,primary_error,10,2000,3184746417,0.05064235111304427,0.02922829339992994,0.15300347247726975,0.04947416683586692,0.027087526882743518,0.14132114143058416,0.0,-1.7763568394002505e-15,0.0
CWT_pyBOAT,pre_period_hours,gaussian_noise,eligible,True,absolute_error_hours,hours,primary_error,42,2000,3405876509,0.018669408216751116,0.016748443946661418,0.020812192196837387,0.01832009519625366,0.016565227058654486,0.020397361922983137,0.0,0.0,0.0
CWT_pyBOAT,pre_period_hours,gaussian_noise,ineligible,True,absolute_error_hours,hours,primary_error,1,0,3302353341,0.050086358535713416,,,0.05180432562031001,,,0.0,,
CWT_pyBOAT,pre_period_hours,missing_block_6h,difficult,True,absolute_error_hours,hours,primary_error,10,2000,3184746417,0.05064235111304427,0.02922829339992994,0.15300347247726975,0.05274209597248802,0.030821722363432613,0.14496989227145285,0.0,-8.881784197001252e-16,0.0006764592191723651
CWT_pyBOAT,pre_period_hours,missing_block_6h,eligible,True,absolute_error_hours,hours,primary_error,42,2000,3405876509,0.018669408216751116,0.016748443946661418,0.020812192196837387,0.02188641764322785,0.01894825711818804,0.02362870303211828,0.0,0.0,0.0
CWT_pyBOAT,pre_period_hours,missing_block_6h,ineligible,True,absolute_error_hours,hours,primary_error,1,0,3302353341,0.050086358535713416,,,0.05428262321044386,,,0.0,,
CWT_pyBOAT,pre_period_hours,transient_artifact,difficult,True,absolute_error_hours,hours,primary_error,10,2000,3184746417,0.05064235111304427,0.02922829339992994,0.15300347247726975,0.1063087525741997,0.06136580334920971,0.11739336665828581,0.00881991586722286,-0.03517587939698963,0.08590177102102992
CWT_pyBOAT,pre_period_hours,transient_artifact,eligible,True,absolute_error_hours,hours,primary_error,42,2000,3405876509,0.018669408216751116,0.016748443946661418,0.020812192196837387,0.05617112193244189,0.047674074478122996,0.06490749342085245,0.037512968334541874,0.026787654744055978,0.04490260663177548
CWT_pyBOAT,pre_period_hours,transient_artifact,ineligible,True,absolute_error_hours,hours,primary_error,1,0,3302353341,0.050086358535713416,,,0.1753466297562678,,,0.11460065190309976,,
Hilbert,phase_shift_hours,gaussian_noise,difficult,True,circular_absolute_error_radians,radians,primary_error,11,2000,2245538314,0.23949066021344656,0.16617246445955103,0.3374543410536157,0.2402902012929915,0.1722633093608772,0.33233021980450816,-0.0023931286379121897,-0.0037306225125242065,0.0013806357329393393
Hilbert,phase_shift_hours,gaussian_noise,difficult,True,circular_absolute_error_radians,radians,phase_equivalent_absolute_error_hours,11,2000,3190046182,0.9147869375354767,0.6347320589879963,1.28898063471603,0.9178409594958273,0.6579973727556474,1.2694079332968857,-0.009141078052284035,-0.014249928328275208,0.005273640036158378
Hilbert,phase_shift_hours,gaussian_noise,eligible,True,circular_absolute_error_radians,radians,primary_error,41,2000,3886506071,0.2145459701805812,0.1704743223449321,0.27617284312091517,0.2171448985490565,0.16760443058976238,0.2801865097292944,-0.00021785201555246658,-0.002074482489902607,0.0002127617336815657
Hilbert,phase_shift_hours,gaussian_noise,eligible,True,circular_absolute_error_radians,radians,phase_equivalent_absolute_error_hours,41,2000,1064538091,0.819505240192461,0.6511639457144902,1.0549025551304685,0.8294324153104914,0.6402017666991158,1.0702336322659831,-0.0008321334033049022,-0.007923939423013948,0.0008126899587893033
Hilbert,phase_shift_hours,gaussian_noise,ineligible,True,circular_absolute_error_radians,radians,primary_error,1,0,1770511428,0.3021299844038692,,,0.30211157081488516,,,-0.0032673323069829507,,
Hilbert,phase_shift_hours,gaussian_noise,ineligible,True,circular_absolute_error_radians,radians,phase_equivalent_absolute_error_hours,1,0,2017474137,1.1540515313796726,,,1.1539811966507076,,,-0.012480290097124258,,
Hilbert,phase_shift_hours,missing_block_6h,difficult,True,circular_absolute_error_radians,radians,primary_error,11,2000,2245538314,0.23949066021344656,0.16617246445955103,0.3374543410536157,0.24522478656715796,0.16230738239219855,0.3399181815395318,-0.0007709283574186543,-0.002479161075161329,0.0030808048485830852
Hilbert,phase_shift_hours,missing_block_6h,difficult,True,circular_absolute_error_radians,radians,phase_equivalent_absolute_error_hours,11,2000,3190046182,0.9147869375354767,0.6347320589879963,1.28898063471603,0.9366896868196369,0.6199685329925966,1.2983918121317934,-0.0029447294124694823,-0.009469697755990603,0.0117678076884834
Hilbert,phase_shift_hours,missing_block_6h,eligible,True,circular_absolute_error_radians,radians,primary_error,41,2000,3886506071,0.2145459701805812,0.1704743223449321,0.27617284312091517,0.2220187945249681,0.172656929973094,0.2804313453439251,0.0016983052947345811,-0.0006442053875055365,0.004210429740208355
Hilbert,phase_shift_hours,missing_block_6h,eligible,True,circular_absolute_error_radians,radians,phase_equivalent_absolute_error_hours,41,2000,1064538091,0.819505240192461,0.6511639457144902,1.0549025551304685,0.84804932659086,0.6595008927429393,1.0711688354255051,0.0064870483808674995,-0.002460683322910495,0.016082656936686812
Hilbert,phase_shift_hours,missing_block_6h,ineligible,True,circular_absolute_error_radians,radians,primary_error,1,0,1770511428,0.3021299844038692,,,0.3143564793923712,,,0.00830890841541887,,
Hilbert,phase_shift_hours,missing_block_6h,ineligible,True,circular_absolute_error_radians,radians,phase_equivalent_absolute_error_hours,1,0,2017474137,1.1540515313796726,,,1.2007533021182737,,,0.03173769230428225,,
Hilbert,phase_shift_hours,transient_artifact,difficult,True,circular_absolute_error_radians,radians,primary_error,11,2000,2245538314,0.23949066021344656,0.16617246445955103,0.3374543410536157,0.2688270656052243,0.19883260275128922,0.33302539220732363,0.010285572996785675,-0.007932992609656964,0.039270896913645714
Hilbert,phase_shift_hours,transient_artifact,difficult,True,circular_absolute_error_radians,radians,phase_equivalent_absolute_error_hours,11,2000,3190046182,0.9147869375354767,0.6347320589879963,1.28898063471603,1.0268437518710565,0.7594845978166769,1.2720632962779053,0.039287994839303064,-0.030301799696121123,0.1500037767230154
Hilbert,phase_shift_hours,transient_artifact,eligible,True,circular_absolute_error_radians,radians,primary_error,41,2000,3886506071,0.2145459701805812,0.1704743223449321,0.27617284312091517,0.24308418551133681,0.20144722946946714,0.27787042873107626,0.019974912146270896,-0.006554450624431496,0.028378506616924426
Hilbert,phase_shift_hours,transient_artifact,eligible,True,circular_absolute_error_radians,radians,phase_equivalent_absolute_error_hours,41,2000,1064538091,0.819505240192461,0.6511639457144902,1.0549025551304685,0.928513193078317,0.7694717362135925,1.06138685451876,0.07629854414172843,-0.025036157187120822,0.10839791053559
Hilbert,phase_shift_hours,transient_artifact,ineligible,True,circular_absolute_error_radians,radians,primary_error,1,0,1770511428,0.3021299844038692,,,0.25346744042628,,,-0.017349170924568114,,
Hilbert,phase_shift_hours,transient_artifact,ineligible,True,circular_absolute_error_radians,radians,phase_equivalent_absolute_error_hours,1,0,2017474137,1.1540515313796726,,,0.9681743053606312,,,-0.0662689514685888,,
Hilbert,post_amplitude_trajectory,gaussian_noise,difficult,True,target_segment_calibrated_absolute_nrmse,NRMSE,primary_error,10,2000,4265318464,0.4501467015474815,0.24833399334481887,0.5940041447966183,0.4503845604002893,0.24855581295399634,0.5939381800555048,1.7972386210304836e-05,-7.191037473601447e-05,0.00011689410275093903
Hilbert,post_amplitude_trajectory,gaussian_noise,difficult,True,target_segment_calibrated_absolute_nrmse,NRMSE,target_segment_shape_nrmse,10,2000,3763947,0.3080542580012652,0.07492907768168275,0.49422499977165096,0.3081395549910944,0.07516260669892186,0.4942859536357983,8.584396488223178e-06,-2.9836779377452902e-05,0.00011237685604376102
Hilbert,post_amplitude_trajectory,gaussian_noise,difficult,True,target_segment_calibrated_absolute_nrmse,NRMSE,trajectory_pearson,10,2000,323315522,0.9621192879351096,0.9218179312281274,0.995088539020972,0.9621354288945968,0.9217978683833934,0.995099426124715,5.372722295948762e-07,-6.004729166675382e-06,7.732973022894774e-06
Hilbert,post_amplitude_trajectory,gaussian_noise,difficult,True,target_segment_calibrated_absolute_nrmse,NRMSE,envelope_log_rate_absolute_error_per_day,10,2000,3592504560,0.5276765513712597,0.2004927538992703,0.9283874294318628,0.5279858887072559,0.2005343452255285,0.9284649345812175,-6.196691329757309e-06,-0.0002490401922184693,0.00026751023740061164
Hilbert,post_amplitude_trajectory,gaussian_noise,difficult,True,target_segment_calibrated_absolute_nrmse,NRMSE,ratio_log_error,10,2000,3903337782,0.1541514999398796,0.08520193424628718,0.6107881888710971,0.15465120821408956,0.08374856452330134,0.6111646869097478,-7.075904362102009e-05,-0.00029757262620640505,0.00013954886403626894
Hilbert,post_amplitude_trajectory,gaussian_noise,eligible,True,target_segment_calibrated_absolute_nrmse,NRMSE,primary_error,42,2000,1250257484,0.11415247174094842,0.0929048677833368,0.1290847350276078,0.11366874019065482,0.09223297824266698,0.1290320495598743,-2.6490867471060803e-05,-0.0002196001316456149,3.09988687005186e-05
Hilbert,post_amplitude_trajectory,gaussian_noise,eligible,True,target_segment_calibrated_absolute_nrmse,NRMSE,target_segment_shape_nrmse,42,2000,2990497488,0.06307099027999341,0.05521595639019668,0.06826181350535175,0.06279390889605332,0.05501403792350758,0.06875554918360752,6.671713136839619e-05,1.741094315336339e-06,0.00011149008431072908
Hilbert,post_amplitude_trajectory,gaussian_noise,eligible,True,target_segment_calibrated_absolute_nrmse,NRMSE,trajectory_pearson,42,2000,425215011,0.993661833065512,0.988987789372875,0.9960309899607853,0.9937176596941728,0.9888916850419551,0.9960579271449352,-3.7502062698868688e-06,-1.9444490196363073e-05,1.125012364161515e-05
Hilbert,post_amplitude_trajectory,gaussian_noise,eligible,True,target_segment_calibrated_absolute_nrmse,NRMSE,envelope_log_rate_absolute_error_per_day,42,2000,3229127445,0.06711660868991257,0.05428009059821336,0.08568387196374216,0.06755293765520302,0.05584292960879897,0.08584052896357108,-9.76137491458251e-05,-0.00024713363450283576,8.637102955884324e-05
Hilbert,post_amplitude_trajectory,gaussian_noise,eligible,True,target_segment_calibrated_absolute_nrmse,NRMSE,ratio_log_error,42,2000,1655637588,0.0476929242320369,0.03311127541362137,0.07075578863507542,0.04674115904996202,0.033581475255168386,0.06867414129903404,7.598591705831187e-05,-0.00033757457642057814,0.0003563823366857406
Hilbert,post_amplitude_trajectory,gaussian_noise,ineligible,True,target_segment_calibrated_absolute_nrmse,NRMSE,primary_error,1,0,1772042190,0.49236434875238355,,,0.49212357943593416,,,7.807263674322606e-05,,
Hilbert,post_amplitude_trajectory,gaussian_noise,ineligible,True,target_segment_calibrated_absolute_nrmse,NRMSE,target_segment_shape_nrmse,1,0,368983560,0.30586412328495305,,,0.3058168901022574,,,-4.7497242766203485e-05,,
Hilbert,post_amplitude_trajectory,gaussian_noise,ineligible,True,target_segment_calibrated_absolute_nrmse,NRMSE,trajectory_pearson,1,0,2753509845,0.9770285981055278,,,0.9770469514884578,,,-1.249109231415968e-05,,
Hilbert,post_amplitude_trajectory,gaussian_noise,ineligible,True,target_segment_calibrated_absolute_nrmse,NRMSE,envelope_log_rate_absolute_error_per_day,1,0,3190870914,0.3729863760425734,,,0.3727996774126155,,,-0.0002948610425331788,,
Hilbert,post_amplitude_trajectory,gaussian_noise,ineligible,True,target_segment_calibrated_absolute_nrmse,NRMSE,ratio_log_error,1,0,2995113385,0.41862210611289474,,,0.4202981665314193,,,0.00019129933527073373,,
Hilbert,post_amplitude_trajectory,missing_block_6h,difficult,True,target_segment_calibrated_absolute_nrmse,NRMSE,primary_error,10,2000,4265318464,0.4501467015474815,0.24833399334481887,0.5940041447966183,0.44312986820649575,0.2441770357559588,0.5937091246558424,-9.645866602091269e-05,-0.001326492253179129,-3.494668338785423e-05
Hilbert,post_amplitude_trajectory,missing_block_6h,difficult,True,target_segment_calibrated_absolute_nrmse,NRMSE,target_segment_shape_nrmse,10,2000,3763947,0.3080542580012652,0.07492907768168275,0.49422499977165096,0.3104306403768573,0.07555553133202664,0.4964802508645628,4.294077389328105e-05,-3.0183089888349834e-05,0.00041557464788620144
Hilbert,post_amplitude_trajectory,missing_block_6h,difficult,True,target_segment_calibrated_absolute_nrmse,NRMSE,trajectory_pearson,10,2000,323315522,0.9621192879351096,0.9218179312281274,0.995088539020972,0.9619683830028449,0.9210589778573525,0.9949469596909968,-9.828457759236686e-06,-5.6149049197429246e-05,-1.0042974606938593e-06
Hilbert,post_amplitude_trajectory,missing_block_6h,difficult,True,target_segment_calibrated_absolute_nrmse,NRMSE,envelope_log_rate_absolute_error_per_day,10,2000,3592504560,0.5276765513712597,0.2004927538992703,0.9283874294318628,0.5256079087001615,0.21004691672591075,0.9292410530136661,0.000495817694538575,-3.026657961244239e-05,0.0015283176456528658
Hilbert,post_amplitude_trajectory,missing_block_6h,difficult,True,target_segment_calibrated_absolute_nrmse,NRMSE,ratio_log_error,10,2000,3903337782,0.1541514999398796,0.08520193424628718,0.6107881888710971,0.1827574985823669,0.08056739332995935,0.6169173475342042,9.529755324710551e-05,-0.002783543643042183,0.0013325322911610094
Hilbert,post_amplitude_trajectory,missing_block_6h,eligible,True,target_segment_calibrated_absolute_nrmse,NRMSE,primary_error,42,2000,1250257484,0.11415247174094842,0.0929048677833368,0.1290847350276078,0.11123139028295245,0.08887022754708236,0.12492470935680684,-0.002076619931979863,-0.0030478334353639183,-0.00045246029844635337
Hilbert,post_amplitude_trajectory,missing_block_6h,eligible,True,target_segment_calibrated_absolute_nrmse,NRMSE,target_segment_shape_nrmse,42,2000,2990497488,0.06307099027999341,0.05521595639019668,0.06826181350535175,0.06438982635704521,0.05795298386605308,0.07121559092617637,0.0011145852292148775,0.0005105478511072386,0.0017894986814221971
Hilbert,post_amplitude_trajectory,missing_block_6h,eligible,True,target_segment_calibrated_absolute_nrmse,NRMSE,trajectory_pearson,42,2000,425215011,0.993661833065512,0.988987789372875,0.9960309899607853,0.9935900248629143,0.9898128356102529,0.9958045491543062,-2.92236716680494e-05,-7.408184357603487e-05,1.1375590453971407e-05
Hilbert,post_amplitude_trajectory,missing_block_6h,eligible,True,target_segment_calibrated_absolute_nrmse,NRMSE,envelope_log_rate_absolute_error_per_day,42,2000,3229127445,0.06711660868991257,0.05428009059821336,0.08568387196374216,0.07203743496229505,0.056765531408731085,0.08985149456663964,0.0014381732780185397,0.0005451332317851776,0.002421081125207891
Hilbert,post_amplitude_trajectory,missing_block_6h,eligible,True,target_segment_calibrated_absolute_nrmse,NRMSE,ratio_log_error,42,2000,1655637588,0.0476929242320369,0.03311127541362137,0.07075578863507542,0.04192755001283309,0.030693108622770096,0.0631043528257239,-0.0032799367332152756,-0.006534299654675675,-0.0003546232153933934
Hilbert,post_amplitude_trajectory,missing_block_6h,ineligible,True,target_segment_calibrated_absolute_nrmse,NRMSE,primary_error,1,0,1772042190,0.49236434875238355,,,0.4919474580961415,,,-3.98762765444205e-05,,
Hilbert,post_amplitude_trajectory,missing_block_6h,ineligible,True,target_segment_calibrated_absolute_nrmse,NRMSE,target_segment_shape_nrmse,1,0,368983560,0.30586412328495305,,,0.3016040501343925,,,-7.87794630406069e-05,,
Hilbert,post_amplitude_trajectory,missing_block_6h,ineligible,True,target_segment_calibrated_absolute_nrmse,NRMSE,trajectory_pearson,1,0,2753509845,0.9770285981055278,,,0.9775202008732604,,,-2.1350714618728617e-05,,
Hilbert,post_amplitude_trajectory,missing_block_6h,ineligible,True,target_segment_calibrated_absolute_nrmse,NRMSE,envelope_log_rate_absolute_error_per_day,1,0,3190870914,0.3729863760425734,,,0.3769743891060106,,,-0.00042592512806227667,,
Hilbert,post_amplitude_trajectory,missing_block_6h,ineligible,True,target_segment_calibrated_absolute_nrmse,NRMSE,ratio_log_error,1,0,2995113385,0.41862210611289474,,,0.4271785523820941,,,0.000754005342824382,,
Hilbert,post_amplitude_trajectory,transient_artifact,difficult,True,target_segment_calibrated_absolute_nrmse,NRMSE,primary_error,10,2000,4265318464,0.4501467015474815,0.24833399334481887,0.5940041447966183,0.45084574134301075,0.25514966847397214,0.5961734904194851,0.0003697170140518069,-0.0005705997106482397,0.002590855039913358
Hilbert,post_amplitude_trajectory,transient_artifact,difficult,True,target_segment_calibrated_absolute_nrmse,NRMSE,target_segment_shape_nrmse,10,2000,3763947,0.3080542580012652,0.07492907768168275,0.49422499977165096,0.30722951668082726,0.08470553484168161,0.4962381451185799,0.0007321636702424111,-0.0015240695793841408,0.004988262400217224
Hilbert,post_amplitude_trajectory,transient_artifact,difficult,True,target_segment_calibrated_absolute_nrmse,NRMSE,trajectory_pearson,10,2000,323315522,0.9621192879351096,0.9218179312281274,0.995088539020972,0.9621027713301267,0.9211607213022736,0.9946399189665838,-4.523598336383938e-05,-0.00031305632025008245,0.0003638060278384758
Hilbert,post_amplitude_trajectory,transient_artifact,difficult,True,target_segment_calibrated_absolute_nrmse,NRMSE,envelope_log_rate_absolute_error_per_day,10,2000,3592504560,0.5276765513712597,0.2004927538992703,0.9283874294318628,0.5131985636988743,0.22002766959666964,0.935659719834071,0.0017638617168120874,-0.0020445318106973587,0.009093901141357955
Hilbert,post_amplitude_trajectory,transient_artifact,difficult,True,target_segment_calibrated_absolute_nrmse,NRMSE,ratio_log_error,10,2000,3903337782,0.1541514999398796,0.08520193424628718,0.6107881888710971,0.14424597204867853,0.08206469068154267,0.6139216326172924,-0.0026427265787836276,-0.005231569164512548,-0.00013927893173332206
Hilbert,post_amplitude_trajectory,transient_artifact,eligible,True,target_segment_calibrated_absolute_nrmse,NRMSE,primary_error,42,2000,1250257484,0.11415247174094842,0.0929048677833368,0.1290847350276078,0.12115134434550534,0.10560578331128298,0.13209690035622682,0.003321265643711581,0.00043469684246615764,0.007017080523748245
Hilbert,post_amplitude_trajectory,transient_artifact,eligible,True,target_segment_calibrated_absolute_nrmse,NRMSE,target_segment_shape_nrmse,42,2000,2990497488,0.06307099027999341,0.05521595639019668,0.06826181350535175,0.06836825503483762,0.06207752521827561,0.0766877677265343,0.00427915856497757,0.0003532997182818347,0.007980513424426797
Hilbert,post_amplitude_trajectory,transient_artifact,eligible,True,target_segment_calibrated_absolute_nrmse,NRMSE,trajectory_pearson,42,2000,425215011,0.993661833065512,0.988987789372875,0.9960309899607853,0.9927363584405389,0.9895025560139183,0.9954632220902371,0.00042383396821804586,2.2936621517088973e-06,0.0006894476640812324
Hilbert,post_amplitude_trajectory,transient_artifact,eligible,True,target_segment_calibrated_absolute_nrmse,NRMSE,envelope_log_rate_absolute_error_per_day,42,2000,3229127445,0.06711660868991257,0.05428009059821336,0.08568387196374216,0.06347094278816057,0.05291007129261967,0.07274413820609948,-0.00047400490021289043,-0.005286744377190802,0.0044421597547378705
Hilbert,post_amplitude_trajectory,transient_artifact,eligible,True,target_segment_calibrated_absolute_nrmse,NRMSE,ratio_log_error,42,2000,1655637588,0.0476929242320369,0.03311127541362137,0.07075578863507542,0.05506204777753747,0.0420215096058137,0.06551021408872762,0.004211074650850307,0.0015690136828125072,0.007901817213722318
Hilbert,post_amplitude_trajectory,transient_artifact,ineligible,True,target_segment_calibrated_absolute_nrmse,NRMSE,primary_error,1,0,1772042190,0.49236434875238355,,,0.4880855291147874,,,0.000978612697078135,,
Hilbert,post_amplitude_trajectory,transient_artifact,ineligible,True,target_segment_calibrated_absolute_nrmse,NRMSE,target_segment_shape_nrmse,1,0,368983560,0.30586412328495305,,,0.30417824765932644,,,-0.001144359480710011,,
Hilbert,post_amplitude_trajectory,transient_artifact,ineligible,True,target_segment_calibrated_absolute_nrmse,NRMSE,trajectory_pearson,1,0,2753509845,0.9770285981055278,,,0.977023029458482,,,-0.00018747242438410527,,
Hilbert,post_amplitude_trajectory,transient_artifact,ineligible,True,target_segment_calibrated_absolute_nrmse,NRMSE,envelope_log_rate_absolute_error_per_day,1,0,3190870914,0.3729863760425734,,,0.3907458011267979,,,-0.004114786109908897,,
Hilbert,post_amplitude_trajectory,transient_artifact,ineligible,True,target_segment_calibrated_absolute_nrmse,NRMSE,ratio_log_error,1,0,2995113385,0.41862210611289474,,,0.39462840351764017,,,-0.01507640925628076,,
Hilbert,post_period_hours,gaussian_noise,difficult,True,absolute_error_hours,hours,primary_error,3,2000,1781911076,0.16217995621904713,0.05837036804609674,0.3745380396546132,0.16179321337254038,0.06755025572569551,0.35469853319372113,-0.0004978414643019846,-0.005799863106931369,0.0033575217482280095
Hilbert,post_period_hours,gaussian_noise,eligible,True,absolute_error_hours,hours,primary_error,49,2000,529752147,0.20193839121440327,0.16536082376012828,0.2409793491340828,0.20129561920575867,0.16316696511291617,0.2516570752981053,0.0009646840652148825,-0.0022267055959090953,0.002168976331127226
Hilbert,post_period_hours,gaussian_noise,ineligible,True,absolute_error_hours,hours,primary_error,1,0,922490617,0.07755540938646988,,,0.07222843438182025,,,-0.008188005169278867,,
Hilbert,post_period_hours,missing_block_6h,difficult,True,absolute_error_hours,hours,primary_error,3,2000,1781911076,0.16217995621904713,0.05837036804609674,0.3745380396546132,0.1578825970259139,0.0756493439952397,0.32075821225993373,-0.0027159947104955506,-0.0028297470719955697,-0.0007399118600979193
Hilbert,post_period_hours,missing_block_6h,eligible,True,absolute_error_hours,hours,primary_error,49,2000,529752147,0.20193839121440327,0.16536082376012828,0.2409793491340828,0.20213327079539312,0.16376128477052454,0.2286871384717024,0.0016788448630045139,-0.00029112457014512927,0.005015000538573844
Hilbert,post_period_hours,missing_block_6h,ineligible,True,absolute_error_hours,hours,primary_error,1,0,922490617,0.07755540938646988,,,0.08514001787252568,,,0.0005838722557900411,,
Hilbert,post_period_hours,transient_artifact,difficult,True,absolute_error_hours,hours,primary_error,3,2000,1781911076,0.16217995621904713,0.05837036804609674,0.3745380396546132,0.20039214822923235,0.16085559480497658,0.4153857584035965,0.082019772340308,0.005640119251680176,0.12715097715116208
Hilbert,post_period_hours,transient_artifact,eligible,True,absolute_error_hours,hours,primary_error,49,2000,529752147,0.20193839121440327,0.16536082376012828,0.2409793491340828,0.18160076471174058,0.12901534205604293,0.23558686858982725,-0.007289011270920298,-0.02543294988557676,0.01401354255368048
Hilbert,post_period_hours,transient_artifact,ineligible,True,absolute_error_hours,hours,primary_error,1,0,922490617,0.07755540938646988,,,0.11663743497144985,,,0.029440781606748345,,
Hilbert,pre_amplitude_trajectory,gaussian_noise,difficult,True,target_segment_calibrated_absolute_nrmse,NRMSE,primary_error,11,2000,2961594961,0.42888785300820653,0.23919657914431808,0.6720825022354491,0.4291621479645784,0.23865660047175344,0.672734288835775,-0.0001457151401538792,-0.00021973795699342658,6.209382393673746e-05
Hilbert,pre_amplitude_trajectory,gaussian_noise,difficult,True,target_segment_calibrated_absolute_nrmse,NRMSE,target_segment_shape_nrmse,11,2000,4113847584,0.19283840743891345,0.15117451751162508,0.29702716678909885,0.1948243970478108,0.15087497824322535,0.296856033481803,0.00013393221854543502,-0.00033069121563647497,0.0002842706860545635
Hilbert,pre_amplitude_trajectory,gaussian_noise,difficult,True,target_segment_calibrated_absolute_nrmse,NRMSE,trajectory_pearson,11,2000,588509622,0.9758003896492407,0.8320432651633136,0.983350848547488,0.9758524329900673,0.8312398377959866,0.9833830822703694,-8.234581827593068e-05,-0.0005649007850825893,-5.484725763005294e-07
Hilbert,pre_amplitude_trajectory,gaussian_noise,difficult,True,target_segment_calibrated_absolute_nrmse,NRMSE,envelope_log_rate_absolute_error_per_day,11,2000,29269776,0.159753748317187,0.0511358101136985,0.26784142030792923,0.15936235797624876,0.05115084293430623,0.2681050330526824,0.0001091068609301582,-0.00040743457486875495,0.00042707203841688135
Hilbert,pre_amplitude_trajectory,gaussian_noise,difficult,True,target_segment_calibrated_absolute_nrmse,NRMSE,ratio_log_error,11,2000,2000503744,0.0523704895870758,0.02494562711543845,0.5235845398994834,0.050471804967871466,0.02529164400422668,0.5215346829274452,0.0005222620434981191,-0.0003947227766592787,0.0014533470451319683
Hilbert,pre_amplitude_trajectory,gaussian_noise,eligible,True,target_segment_calibrated_absolute_nrmse,NRMSE,primary_error,41,2000,1996728675,0.1977180889340599,0.18149705809902617,0.21224904846011516,0.19789731892483498,0.18253079943254086,0.21225720013180413,0.00013069184091840658,-0.00013552187266613336,0.0003826414353555324
Hilbert,pre_amplitude_trajectory,gaussian_noise,eligible,True,target_segment_calibrated_absolute_nrmse,NRMSE,target_segment_shape_nrmse,41,2000,4027141436,0.13383596325662578,0.12489946105974785,0.1364609858525277,0.13213715492146547,0.12480004576595813,0.1359917005359879,0.0001257763792789704,-0.000296156906209738,0.000313275607713312
Hilbert,pre_amplitude_trajectory,gaussian_noise,eligible,True,target_segment_calibrated_absolute_nrmse,NRMSE,trajectory_pearson,41,2000,1850470833,0.992153644274688,0.9912385716452936,0.9946024496360678,0.9921309375014259,0.9912775468656894,0.9945972031854198,2.320887993456644e-06,-1.5461366109414953e-05,3.203206036145323e-05
Hilbert,pre_amplitude_trajectory,gaussian_noise,eligible,True,target_segment_calibrated_absolute_nrmse,NRMSE,envelope_log_rate_absolute_error_per_day,41,2000,1472531146,0.14789684074645093,0.12472278233842732,0.1742672144092969,0.14692548465753363,0.12578880547643173,0.17247256132860891,-0.0001639063249059547,-0.00047870009469747066,0.00038897174676860713
Hilbert,pre_amplitude_trajectory,gaussian_noise,eligible,True,target_segment_calibrated_absolute_nrmse,NRMSE,ratio_log_error,41,2000,3877184168,0.04651614308798925,0.035274123698498555,0.053493751022764754,0.043786296076012414,0.034655479105256085,0.05328186730975804,-3.404238741390453e-05,-0.0005524285608634362,0.0004379404245209509
Hilbert,pre_amplitude_trajectory,gaussian_noise,ineligible,True,target_segment_calibrated_absolute_nrmse,NRMSE,primary_error,1,0,232994489,0.260002183661168,,,0.2572812410061467,,,3.783314246132152e-05,,
Hilbert,pre_amplitude_trajectory,gaussian_noise,ineligible,True,target_segment_calibrated_absolute_nrmse,NRMSE,target_segment_shape_nrmse,1,0,3356375500,0.16403828967123607,,,0.16329206797589738,,,-0.0006083732101263006,,
Hilbert,pre_amplitude_trajectory,gaussian_noise,ineligible,True,target_segment_calibrated_absolute_nrmse,NRMSE,trajectory_pearson,1,0,53607683,0.9817885954104146,,,0.9816183352758523,,,-0.00011682445849203749,,
Hilbert,pre_amplitude_trajectory,gaussian_noise,ineligible,True,target_segment_calibrated_absolute_nrmse,NRMSE,envelope_log_rate_absolute_error_per_day,1,0,2910439977,0.16242527519669264,,,0.16104330265586586,,,0.0004422688880448,,
Hilbert,pre_amplitude_trajectory,gaussian_noise,ineligible,True,target_segment_calibrated_absolute_nrmse,NRMSE,ratio_log_error,1,0,1533201831,0.01759647338167565,,,0.01667203141316922,,,-0.002176912946550526,,
Hilbert,pre_amplitude_trajectory,missing_block_6h,difficult,True,target_segment_calibrated_absolute_nrmse,NRMSE,primary_error,11,2000,2961594961,0.42888785300820653,0.23919657914431808,0.6720825022354491,0.41120665704360804,0.22439490304770332,0.6688276246449473,-0.0032767763924579085,-0.006290629818089144,-0.00038579795748841517
Hilbert,pre_amplitude_trajectory,missing_block_6h,difficult,True,target_segment_calibrated_absolute_nrmse,NRMSE,target_segment_shape_nrmse,11,2000,4113847584,0.19283840743891345,0.15117451751162508,0.29702716678909885,0.19765162569050815,0.1513206363019307,0.3047880723765741,0.0005150129395249947,-0.0012560052335166827,0.0008191697018821165
Hilbert,pre_amplitude_trajectory,missing_block_6h,difficult,True,target_segment_calibrated_absolute_nrmse,NRMSE,trajectory_pearson,11,2000,588509622,0.9758003896492407,0.8320432651633136,0.983350848547488,0.9747879317677755,0.8319619283899364,0.9834578056020185,0.00010249597454692339,5.236840659139652e-05,0.0016934339078753524
Hilbert,pre_amplitude_trajectory,missing_block_6h,difficult,True,target_segment_calibrated_absolute_nrmse,NRMSE,envelope_log_rate_absolute_error_per_day,11,2000,29269776,0.159753748317187,0.0511358101136985,0.26784142030792923,0.15375126020300173,0.05057274008290184,0.27043111707727713,0.0003821599538049725,-0.0008805454616064856,0.0018271710846042843
Hilbert,pre_amplitude_trajectory,missing_block_6h,difficult,True,target_segment_calibrated_absolute_nrmse,NRMSE,ratio_log_error,11,2000,2000503744,0.0523704895870758,0.02494562711543845,0.5235845398994834,0.055311955276248326,0.028668346794797694,0.5152521721826985,0.0013943613964914926,-0.002053814434718901,0.003160324993679183
Hilbert,pre_amplitude_trajectory,missing_block_6h,eligible,True,target_segment_calibrated_absolute_nrmse,NRMSE,primary_error,41,2000,1996728675,0.1977180889340599,0.18149705809902617,0.21224904846011516,0.18977506645064848,0.17332862653872838,0.20380704303447322,-0.0028016534029475376,-0.00543572950983922,-0.000796261516728694
Hilbert,pre_amplitude_trajectory,missing_block_6h,eligible,True,target_segment_calibrated_absolute_nrmse,NRMSE,target_segment_shape_nrmse,41,2000,4027141436,0.13383596325662578,0.12489946105974785,0.1364609858525277,0.13008884603822451,0.12635460070102855,0.1361962239393985,0.000640413249749408,-0.00028382077035733755,0.0013475449248487592
Hilbert,pre_amplitude_trajectory,missing_block_6h,eligible,True,target_segment_calibrated_absolute_nrmse,NRMSE,trajectory_pearson,41,2000,1850470833,0.992153644274688,0.9912385716452936,0.9946024496360678,0.9921943719047284,0.9907953446332481,0.9945481545686763,0.00017082652666294829,3.9931946679061525e-05,0.0002639761220836201
Hilbert,pre_amplitude_trajectory,missing_block_6h,eligible,True,target_segment_calibrated_absolute_nrmse,NRMSE,envelope_log_rate_absolute_error_per_day,41,2000,1472531146,0.14789684074645093,0.12472278233842732,0.1742672144092969,0.14772590704245375,0.12777119240386248,0.16898091808370683,-0.00041128779263377435,-0.0017091863623981407,0.0005719565795337112
Hilbert,pre_amplitude_trajectory,missing_block_6h,eligible,True,target_segment_calibrated_absolute_nrmse,NRMSE,ratio_log_error,41,2000,3877184168,0.04651614308798925,0.035274123698498555,0.053493751022764754,0.051343073664435836,0.04109736334309051,0.0658078808861648,0.0033919768700732293,0.0024122021102900796,0.004213052124388023
Hilbert,pre_amplitude_trajectory,missing_block_6h,ineligible,True,target_segment_calibrated_absolute_nrmse,NRMSE,primary_error,1,0,232994489,0.260002183661168,,,0.26188678923085285,,,0.0014588330808340821,,
Hilbert,pre_amplitude_trajectory,missing_block_6h,ineligible,True,target_segment_calibrated_absolute_nrmse,NRMSE,target_segment_shape_nrmse,1,0,3356375500,0.16403828967123607,,,0.16923012642241275,,,0.00409283372292131,,
Hilbert,pre_amplitude_trajectory,missing_block_6h,ineligible,True,target_segment_calibrated_absolute_nrmse,NRMSE,trajectory_pearson,1,0,53607683,0.9817885954104146,,,0.9809917932662672,,,0.0007968021441475126,,
Hilbert,pre_amplitude_trajectory,missing_block_6h,ineligible,True,target_segment_calibrated_absolute_nrmse,NRMSE,envelope_log_rate_absolute_error_per_day,1,0,2910439977,0.16242527519669264,,,0.17126424770553,,,0.001825880801955615,,
Hilbert,pre_amplitude_trajectory,missing_block_6h,ineligible,True,target_segment_calibrated_absolute_nrmse,NRMSE,ratio_log_error,1,0,1533201831,0.01759647338167565,,,0.01164555092868923,,,-0.008440060915699519,,
Hilbert,pre_amplitude_trajectory,transient_artifact,difficult,True,target_segment_calibrated_absolute_nrmse,NRMSE,primary_error,11,2000,2961594961,0.42888785300820653,0.23919657914431808,0.6720825022354491,0.42797353173414565,0.23227242143786803,0.6468845339145513,-0.00018929446100762748,-0.00921389301439407,0.006264216474281825
Hilbert,pre_amplitude_trajectory,transient_artifact,difficult,True,target_segment_calibrated_absolute_nrmse,NRMSE,target_segment_shape_nrmse,11,2000,4113847584,0.19283840743891345,0.15117451751162508,0.29702716678909885,0.20684213637361587,0.1577316733544895,0.3065313810029333,0.00016400858932499873,-0.0028297719129065924,0.004843857592963768
Hilbert,pre_amplitude_trajectory,transient_artifact,difficult,True,target_segment_calibrated_absolute_nrmse,NRMSE,trajectory_pearson,11,2000,588509622,0.9758003896492407,0.8320432651633136,0.983350848547488,0.9744727383370444,0.8158773714949245,0.9862794613374979,0.00018702888731958467,-0.00055887563641005,0.013992620874953177
Hilbert,pre_amplitude_trajectory,transient_artifact,difficult,True,target_segment_calibrated_absolute_nrmse,NRMSE,envelope_log_rate_absolute_error_per_day,11,2000,29269776,0.159753748317187,0.0511358101136985,0.26784142030792923,0.12682448591096904,0.05331722877397228,0.28640739582445784,-5.995879828285533e-05,-0.00473132368804105,0.0028007514588033328
Hilbert,pre_amplitude_trajectory,transient_artifact,difficult,True,target_segment_calibrated_absolute_nrmse,NRMSE,ratio_log_error,11,2000,2000503744,0.0523704895870758,0.02494562711543845,0.5235845398994834,0.09506925140918887,0.037383550617567984,0.4876071653383942,0.00404496155283907,-0.0007071395937212031,0.017242396222463666
Hilbert,pre_amplitude_trajectory,transient_artifact,eligible,True,target_segment_calibrated_absolute_nrmse,NRMSE,primary_error,41,2000,1996728675,0.1977180889340599,0.18149705809902617,0.21224904846011516,0.21399894117059873,0.19825206551133354,0.2372807495639177,0.010006390080180172,0.0052532887172255655,0.01706479253403005
Hilbert,pre_amplitude_trajectory,transient_artifact,eligible,True,target_segment_calibrated_absolute_nrmse,NRMSE,target_segment_shape_nrmse,41,2000,4027141436,0.13383596325662578,0.12489946105974785,0.1364609858525277,0.1305241537778969,0.12620695750685554,0.13929864305634504,0.0031503802504219275,0.0010389143476459833,0.005220224122844355
Hilbert,pre_amplitude_trajectory,transient_artifact,eligible,True,target_segment_calibrated_absolute_nrmse,NRMSE,trajectory_pearson,41,2000,1850470833,0.992153644274688,0.9912385716452936,0.9946024496360678,0.9909914580239065,0.9890647517289306,0.9923764864225886,0.0011486719212455698,0.0008075117344617522,0.0016669895216711028
Hilbert,pre_amplitude_trajectory,transient_artifact,eligible,True,target_segment_calibrated_absolute_nrmse,NRMSE,envelope_log_rate_absolute_error_per_day,41,2000,1472531146,0.14789684074645093,0.12472278233842732,0.1742672144092969,0.1492078549479627,0.12335630559454037,0.17032360859242812,0.002019985658183454,-0.00013819677623660986,0.00408903749812678
Hilbert,pre_amplitude_trajectory,transient_artifact,eligible,True,target_segment_calibrated_absolute_nrmse,NRMSE,ratio_log_error,41,2000,3877184168,0.04651614308798925,0.035274123698498555,0.053493751022764754,0.06303562188409537,0.05249188031082863,0.07618109547658544,0.009700864213061128,0.006759101450258792,0.014673387936556266
Hilbert,pre_amplitude_trajectory,transient_artifact,ineligible,True,target_segment_calibrated_absolute_nrmse,NRMSE,primary_error,1,0,232994489,0.260002183661168,,,0.2780009194698018,,,-0.006900898904176889,,
Hilbert,pre_amplitude_trajectory,transient_artifact,ineligible,True,target_segment_calibrated_absolute_nrmse,NRMSE,target_segment_shape_nrmse,1,0,3356375500,0.16403828967123607,,,0.1699865831684087,,,-0.0006967137795534373,,
Hilbert,pre_amplitude_trajectory,transient_artifact,ineligible,True,target_segment_calibrated_absolute_nrmse,NRMSE,trajectory_pearson,1,0,53607683,0.9817885954104146,,,0.9765343901926202,,,0.0039566221188793715,,
Hilbert,pre_amplitude_trajectory,transient_artifact,ineligible,True,target_segment_calibrated_absolute_nrmse,NRMSE,envelope_log_rate_absolute_error_per_day,1,0,2910439977,0.16242527519669264,,,0.10318247242862275,,,-0.008719283383585796,,
Hilbert,pre_amplitude_trajectory,transient_artifact,ineligible,True,target_segment_calibrated_absolute_nrmse,NRMSE,ratio_log_error,1,0,1533201831,0.01759647338167565,,,0.02499051710582658,,,0.007553229999232755,,
Hilbert,pre_period_hours,gaussian_noise,difficult,True,absolute_error_hours,hours,primary_error,10,2000,2237289457,0.22817121730024414,0.08472959981130757,0.24103448812316078,0.21601174227414432,0.08521512842778023,0.2514052827004658,0.004400938133799492,-0.002265877371180558,0.010892794008065643
Hilbert,pre_period_hours,gaussian_noise,eligible,True,absolute_error_hours,hours,primary_error,42,2000,235668008,0.032663394197050444,0.021539727415527565,0.04564890334792793,0.033289152785004106,0.024022799464009204,0.04178522402218743,0.0017683234151117944,-0.001063524838049723,0.0032727295518251154
Hilbert,pre_period_hours,gaussian_noise,ineligible,True,absolute_error_hours,hours,primary_error,1,0,2977474443,0.21366228438719226,,,0.20285133607416483,,,0.0038392747063351607,,
Hilbert,pre_period_hours,missing_block_6h,difficult,True,absolute_error_hours,hours,primary_error,10,2000,2237289457,0.22817121730024414,0.08472959981130757,0.24103448812316078,0.21198509531399523,0.09426003636252744,0.24793212114170693,0.008740290059230382,0.0009982647547586154,0.02025640084776436
Hilbert,pre_period_hours,missing_block_6h,eligible,True,absolute_error_hours,hours,primary_error,42,2000,235668008,0.032663394197050444,0.021539727415527565,0.04564890334792793,0.041871960261905095,0.031139125931141542,0.04734786981042305,0.005117334162578757,0.0014527971084064006,0.008726269018431765
Hilbert,pre_period_hours,missing_block_6h,ineligible,True,absolute_error_hours,hours,primary_error,1,0,2977474443,0.21366228438719226,,,0.20078126530019347,,,-0.0005481648463820932,,
Hilbert,pre_period_hours,transient_artifact,difficult,True,absolute_error_hours,hours,primary_error,10,2000,2237289457,0.22817121730024414,0.08472959981130757,0.24103448812316078,0.20693943890001965,0.16871755556007706,0.2623689337775881,0.058256456441971416,0.036515039422624795,0.11429118797882865
Hilbert,pre_period_hours,transient_artifact,eligible,True,absolute_error_hours,hours,primary_error,42,2000,235668008,0.032663394197050444,0.021539727415527565,0.04564890334792793,0.06631193502973254,0.05323214332194759,0.08691999061602473,0.035348013251535804,0.026999831400029706,0.049617042909878784
Hilbert,pre_period_hours,transient_artifact,ineligible,True,absolute_error_hours,hours,primary_error,1,0,2977474443,0.21366228438719226,,,0.2818190876741653,,,0.06799181072762828,,
STFT,post_amplitude_trajectory,gaussian_noise,difficult,True,target_segment_calibrated_absolute_nrmse,NRMSE,primary_error,10,2000,2380669964,0.4653715812775822,0.12472091955194056,0.6586862235691452,0.46558048518952816,0.12467534448604518,0.6586967725096479,-3.637913937268658e-06,-0.00012926126536852434,0.0001310492137874264
STFT,post_amplitude_trajectory,gaussian_noise,difficult,True,target_segment_calibrated_absolute_nrmse,NRMSE,target_segment_shape_nrmse,10,2000,410981143,0.041713222082835545,0.014504710792156079,0.0499221936487161,0.04173533753355238,0.015049231285501386,0.04991166446445451,1.572113346644602e-05,-7.438516018456326e-05,0.00024905125394770696
STFT,post_amplitude_trajectory,gaussian_noise,difficult,True,target_segment_calibrated_absolute_nrmse,NRMSE,trajectory_pearson,10,2000,1793563320,0.9994497945625778,0.9993715213842913,0.9998892714076054,0.9994459213700181,0.9993719988723375,0.9998914621443721,5.071818046653576e-07,-4.893567289165901e-07,1.2801048400734594e-06
STFT,post_amplitude_trajectory,gaussian_noise,difficult,True,target_segment_calibrated_absolute_nrmse,NRMSE,envelope_log_rate_absolute_error_per_day,10,2000,3426384389,0.011017956121210037,0.0016725875626539821,0.025304541448917278,0.010071243117422968,0.00213259013597189,0.024815996275794644,0.0004911526991192849,-0.0005157126065598039,0.0009750534487558138
STFT,post_amplitude_trajectory,gaussian_noise,difficult,True,target_segment_calibrated_absolute_nrmse,NRMSE,ratio_log_error,10,2000,531003096,0.30299203619275633,0.1001035325065374,0.3523936344700942,0.30330457092924235,0.09988454055260568,0.3516967579797278,0.00011886067012510573,-0.00035313876653129267,0.0003438820635118939
STFT,post_amplitude_trajectory,gaussian_noise,eligible,True,target_segment_calibrated_absolute_nrmse,NRMSE,primary_error,42,2000,2577936986,0.050580665249367496,0.04000355475594183,0.06084642771118743,0.050066380449407366,0.04067647488679055,0.06155473434797212,-0.0001430489655278762,-0.0002660573763171078,1.1112566548841449e-05
STFT,post_amplitude_trajectory,gaussian_noise,eligible,True,target_segment_calibrated_absolute_nrmse,NRMSE,target_segment_shape_nrmse,42,2000,2216876211,0.0058212833046787,0.004312695707187874,0.0069906697277043,0.005764959047744825,0.004777634326210199,0.0072509038986345396,0.00029445155694566563,6.137305550731682e-05,0.00037319208634724365
STFT,post_amplitude_trajectory,gaussian_noise,eligible,True,target_segment_calibrated_absolute_nrmse,NRMSE,trajectory_pearson,42,2000,1508389177,0.9999550143376295,0.9999279743247509,0.9999654018666103,0.9999498262914321,0.9999275142918652,0.9999591682813935,4.441125043358474e-06,1.143762376559776e-06,7.1745126315192476e-06
STFT,post_amplitude_trajectory,gaussian_noise,eligible,True,target_segment_calibrated_absolute_nrmse,NRMSE,envelope_log_rate_absolute_error_per_day,42,2000,557898388,0.0037572123053441486,0.002885622948774841,0.004897007723023122,0.003567882584122925,0.002794387328791073,0.005115877430129846,0.0002991300932487645,-4.5479252778757306e-05,0.0004762526283958032
STFT,post_amplitude_trajectory,gaussian_noise,eligible,True,target_segment_calibrated_absolute_nrmse,NRMSE,ratio_log_error,42,2000,500506001,0.02852559713420395,0.018887558504738274,0.033886248848893324,0.027867721088915158,0.01822746140719455,0.03349513151842942,6.673594673424141e-05,-0.00014031720601743493,0.00033188543639539494
STFT,post_amplitude_trajectory,gaussian_noise,ineligible,True,target_segment_calibrated_absolute_nrmse,NRMSE,primary_error,1,0,1613391064,0.4924381182115903,,,0.4922026343595205,,,9.331630043513117e-05,,
STFT,post_amplitude_trajectory,gaussian_noise,ineligible,True,target_segment_calibrated_absolute_nrmse,NRMSE,target_segment_shape_nrmse,1,0,1513566067,0.052913002496970604,,,0.05274715346581917,,,-0.00010788673587967465,,
STFT,post_amplitude_trajectory,gaussian_noise,ineligible,True,target_segment_calibrated_absolute_nrmse,NRMSE,trajectory_pearson,1,0,3854286918,0.9993225716348502,,,0.99932316219977,,,3.811240833484497e-07,,
STFT,post_amplitude_trajectory,gaussian_noise,ineligible,True,target_segment_calibrated_absolute_nrmse,NRMSE,envelope_log_rate_absolute_error_per_day,1,0,1592627224,0.01844839633963702,,,0.01958366567051728,,,-0.0004061049014154605,,
STFT,post_amplitude_trajectory,gaussian_noise,ineligible,True,target_segment_calibrated_absolute_nrmse,NRMSE,ratio_log_error,1,0,3498297058,0.31927219052171263,,,0.31935512326746335,,,-0.0005560834355905764,,
STFT,post_amplitude_trajectory,missing_block_6h,difficult,True,target_segment_calibrated_absolute_nrmse,NRMSE,primary_error,10,2000,2380669964,0.4653715812775822,0.12472091955194056,0.6586862235691452,0.4534933106129487,0.11819956894002809,0.6317046879256603,-0.0009593547055814691,-0.002446767982289183,-0.00030935476502140513
STFT,post_amplitude_trajectory,missing_block_6h,difficult,True,target_segment_calibrated_absolute_nrmse,NRMSE,target_segment_shape_nrmse,10,2000,410981143,0.041713222082835545,0.014504710792156079,0.0499221936487161,0.037409984008270454,0.016137019743293738,0.04784118380740428,-6.241795118627248e-05,-0.0007281557928639848,0.0007570795506455217
STFT,post_amplitude_trajectory,missing_block_6h,difficult,True,target_segment_calibrated_absolute_nrmse,NRMSE,trajectory_pearson,10,2000,1793563320,0.9994497945625778,0.9993715213842913,0.9998892714076054,0.9995323070502709,0.9993920686784805,0.9998591872393081,3.017721899478687e-06,9.885500232481582e-07,1.5857766917184165e-05
STFT,post_amplitude_trajectory,missing_block_6h,difficult,True,target_segment_calibrated_absolute_nrmse,NRMSE,envelope_log_rate_absolute_error_per_day,10,2000,3426384389,0.011017956121210037,0.0016725875626539821,0.025304541448917278,0.008975374473875086,0.004500964756751699,0.02339201277049449,-0.00013594322008753101,-0.0024242044069456847,0.002367880040934564
STFT,post_amplitude_trajectory,missing_block_6h,difficult,True,target_segment_calibrated_absolute_nrmse,NRMSE,ratio_log_error,10,2000,531003096,0.30299203619275633,0.1001035325065374,0.3523936344700942,0.28569020708737364,0.09137745702200144,0.336447566130463,-0.0015911475055911811,-0.005974993306518808,-0.0004686773234730268
STFT,post_amplitude_trajectory,missing_block_6h,eligible,True,target_segment_calibrated_absolute_nrmse,NRMSE,primary_error,42,2000,2577936986,0.050580665249367496,0.04000355475594183,0.06084642771118743,0.044572357088102824,0.03539469574906289,0.051462651521013904,-0.003690359535005617,-0.0047282258841913685,-0.002404327809269831
STFT,post_amplitude_trajectory,missing_block_6h,eligible,True,target_segment_calibrated_absolute_nrmse,NRMSE,target_segment_shape_nrmse,42,2000,2216876211,0.0058212833046787,0.004312695707187874,0.0069906697277043,0.010692511562604604,0.008644652741080722,0.013620110879402632,0.00360178044883871,0.001835137306672493,0.005302803066126457
STFT,post_amplitude_trajectory,missing_block_6h,eligible,True,target_segment_calibrated_absolute_nrmse,NRMSE,trajectory_pearson,42,2000,1508389177,0.9999550143376295,0.9999279743247509,0.9999654018666103,0.9997351040935412,0.9996819387211371,0.999817615439961,0.00018302788115007185,8.085229474666389e-05,0.0002381156667128348
STFT,post_amplitude_trajectory,missing_block_6h,eligible,True,target_segment_calibrated_absolute_nrmse,NRMSE,envelope_log_rate_absolute_error_per_day,42,2000,557898388,0.0037572123053441486,0.002885622948774841,0.004897007723023122,0.007403640717636578,0.005103091911144594,0.009492263392655048,0.0024384926853242977,0.0020498098179910565,0.0039032005423163736
STFT,post_amplitude_trajectory,missing_block_6h,eligible,True,target_segment_calibrated_absolute_nrmse,NRMSE,ratio_log_error,42,2000,500506001,0.02852559713420395,0.018887558504738274,0.033886248848893324,0.021843107201781592,0.0165963648061278,0.029160982356404186,-0.001381030277243588,-0.0036267048158049545,-0.0005037699779823811
STFT,post_amplitude_trajectory,missing_block_6h,ineligible,True,target_segment_calibrated_absolute_nrmse,NRMSE,primary_error,1,0,1613391064,0.4924381182115903,,,0.4861228470337815,,,-0.0001364680279765107,,
STFT,post_amplitude_trajectory,missing_block_6h,ineligible,True,target_segment_calibrated_absolute_nrmse,NRMSE,target_segment_shape_nrmse,1,0,1513566067,0.052913002496970604,,,0.05278071076288626,,,-3.9097743291981873e-05,,
STFT,post_amplitude_trajectory,missing_block_6h,ineligible,True,target_segment_calibrated_absolute_nrmse,NRMSE,trajectory_pearson,1,0,3854286918,0.9993225716348502,,,0.9993185878433606,,,1.2528374990772306e-06,,
STFT,post_amplitude_trajectory,missing_block_6h,ineligible,True,target_segment_calibrated_absolute_nrmse,NRMSE,envelope_log_rate_absolute_error_per_day,1,0,1592627224,0.01844839633963702,,,0.016670877475324808,,,-0.0009475567389091166,,
STFT,post_amplitude_trajectory,missing_block_6h,ineligible,True,target_segment_calibrated_absolute_nrmse,NRMSE,ratio_log_error,1,0,3498297058,0.31927219052171263,,,0.3209176720429999,,,-0.0002008016587458361,,
STFT,post_amplitude_trajectory,transient_artifact,difficult,True,target_segment_calibrated_absolute_nrmse,NRMSE,primary_error,10,2000,2380669964,0.4653715812775822,0.12472091955194056,0.6586862235691452,0.47215955402077014,0.13521864733496297,0.6638807842806416,-3.499379885334164e-05,-0.001293892013201632,0.009234851742782161
STFT,post_amplitude_trajectory,transient_artifact,difficult,True,target_segment_calibrated_absolute_nrmse,NRMSE,target_segment_shape_nrmse,10,2000,410981143,0.041713222082835545,0.014504710792156079,0.0499221936487161,0.04728453512387812,0.031469486813891494,0.05184645592383358,0.0010308729537439575,2.00776123240997e-05,0.015630891831747387
STFT,post_amplitude_trajectory,transient_artifact,difficult,True,target_segment_calibrated_absolute_nrmse,NRMSE,trajectory_pearson,10,2000,1793563320,0.9994497945625778,0.9993715213842913,0.9998892714076054,0.9993948457639121,0.9983605247805982,0.9995761881716894,1.8748049721573068e-06,-1.8788707656591797e-05,0.0013378291966757994
STFT,post_amplitude_trajectory,transient_artifact,difficult,True,target_segment_calibrated_absolute_nrmse,NRMSE,envelope_log_rate_absolute_error_per_day,10,2000,3426384389,0.011017956121210037,0.0016725875626539821,0.025304541448917278,0.022926586225215956,0.018741265432141274,0.04713934340317008,0.015642028522784374,0.005183939546729688,0.021748782416259327
STFT,post_amplitude_trajectory,transient_artifact,difficult,True,target_segment_calibrated_absolute_nrmse,NRMSE,ratio_log_error,10,2000,531003096,0.30299203619275633,0.1001035325065374,0.3523936344700942,0.29013008514802907,0.09604971537915477,0.3470531635293882,-0.0024953870789298505,-0.004088917888701998,0.0007448002952203797
STFT,post_amplitude_trajectory,transient_artifact,eligible,True,target_segment_calibrated_absolute_nrmse,NRMSE,primary_error,42,2000,2577936986,0.050580665249367496,0.04000355475594183,0.06084642771118743,0.07267051127428888,0.065174516656407,0.07866516607125768,0.009540087791823365,0.005439967757854054,0.01656389124598758
STFT,post_amplitude_trajectory,transient_artifact,eligible,True,target_segment_calibrated_absolute_nrmse,NRMSE,target_segment_shape_nrmse,42,2000,2216876211,0.0058212833046787,0.004312695707187874,0.0069906697277043,0.035768417233448674,0.030271859552498188,0.04014650591574347,0.02600736563531151,0.020967200160635836,0.032059104507019834
STFT,post_amplitude_trajectory,transient_artifact,eligible,True,target_segment_calibrated_absolute_nrmse,NRMSE,trajectory_pearson,42,2000,1508389177,0.9999550143376295,0.9999279743247509,0.9999654018666103,0.9982838817012949,0.9962306028035385,0.9990010918292928,0.001685332136707851,0.0009631374367027323,0.003737936700065614
STFT,post_amplitude_trajectory,transient_artifact,eligible,True,target_segment_calibrated_absolute_nrmse,NRMSE,envelope_log_rate_absolute_error_per_day,42,2000,557898388,0.0037572123053441486,0.002885622948774841,0.004897007723023122,0.023075353886660474,0.0199140844767246,0.02674047838192524,0.01661443192566314,0.013036475999828268,0.02043650265352795
STFT,post_amplitude_trajectory,transient_artifact,eligible,True,target_segment_calibrated_absolute_nrmse,NRMSE,ratio_log_error,42,2000,500506001,0.02852559713420395,0.018887558504738274,0.033886248848893324,0.036662543911658504,0.029759874085299835,0.043348844446292445,0.0022381365871024846,0.001415126194118062,0.006638487833066793
STFT,post_amplitude_trajectory,transient_artifact,ineligible,True,target_segment_calibrated_absolute_nrmse,NRMSE,primary_error,1,0,1613391064,0.4924381182115903,,,0.4935042006279346,,,0.00014704226541917276,,
STFT,post_amplitude_trajectory,transient_artifact,ineligible,True,target_segment_calibrated_absolute_nrmse,NRMSE,target_segment_shape_nrmse,1,0,1513566067,0.052913002496970604,,,0.05323124625283804,,,0.00043544842053226326,,
STFT,post_amplitude_trajectory,transient_artifact,ineligible,True,target_segment_calibrated_absolute_nrmse,NRMSE,trajectory_pearson,1,0,3854286918,0.9993225716348502,,,0.9993485607000027,,,-2.3439254925150532e-05,,
STFT,post_amplitude_trajectory,transient_artifact,ineligible,True,target_segment_calibrated_absolute_nrmse,NRMSE,envelope_log_rate_absolute_error_per_day,1,0,1592627224,0.01844839633963702,,,0.03892018768579841,,,0.018342591329608693,,
STFT,post_amplitude_trajectory,transient_artifact,ineligible,True,target_segment_calibrated_absolute_nrmse,NRMSE,ratio_log_error,1,0,3498297058,0.31927219052171263,,,0.31965552152982496,,,0.0021490639145528567,,
STFT,post_period_hours,gaussian_noise,difficult,True,absolute_error_hours,hours,primary_error,3,2000,1530181734,0.08047218926332533,0.054780815975933095,0.26655303753785553,0.08047218926332533,0.054780815975933095,0.22357840578689192,0.0,-3.552713678800501e-15,0.0
STFT,post_period_hours,gaussian_noise,eligible,True,absolute_error_hours,hours,primary_error,49,2000,664323476,0.11003701412006706,0.09572735097494522,0.1271606468938291,0.11003701412006706,0.09572735097494522,0.1271606468938291,0.0,0.0,0.0
STFT,post_period_hours,gaussian_noise,ineligible,True,absolute_error_hours,hours,primary_error,1,0,3766806874,0.13888132919132623,,,0.13888132919132623,,,0.0,,
STFT,post_period_hours,missing_block_6h,difficult,True,absolute_error_hours,hours,primary_error,3,2000,1530181734,0.08047218926332533,0.054780815975933095,0.26655303753785553,0.08047218926332533,0.054780815975933095,0.22357840578689192,0.0,-3.552713678800501e-15,0.0
STFT,post_period_hours,missing_block_6h,eligible,True,absolute_error_hours,hours,primary_error,49,2000,664323476,0.11003701412006706,0.09572735097494522,0.1271606468938291,0.1105910730835884,0.09600291089312485,0.12823797226847233,0.0,0.0,0.0
STFT,post_period_hours,missing_block_6h,ineligible,True,absolute_error_hours,hours,primary_error,1,0,3766806874,0.13888132919132623,,,0.13888132919132623,,,0.0,,
STFT,post_period_hours,transient_artifact,difficult,True,absolute_error_hours,hours,primary_error,3,2000,1530181734,0.08047218926332533,0.054780815975933095,0.26655303753785553,0.08047218926332533,0.054780815975933095,0.22357840578689192,0.0,-3.552713678800501e-15,0.0
STFT,post_period_hours,transient_artifact,eligible,True,absolute_error_hours,hours,primary_error,49,2000,664323476,0.11003701412006706,0.09572735097494522,0.1271606468938291,0.11449198335269983,0.09600291089312485,0.1401835167104064,0.0,0.0,0.0
STFT,post_period_hours,transient_artifact,ineligible,True,absolute_error_hours,hours,primary_error,1,0,3766806874,0.13888132919132623,,,0.13888132919132623,,,0.0,,
STFT,pre_amplitude_trajectory,gaussian_noise,difficult,True,target_segment_calibrated_absolute_nrmse,NRMSE,primary_error,11,2000,2351776658,0.14443697743767275,0.0730871773866453,0.3316434557851994,0.144435194462719,0.07455328729567637,0.3308805559948663,3.552772892639888e-05,-0.0005739130513420371,0.0005489271554964537
STFT,pre_amplitude_trajectory,gaussian_noise,difficult,True,target_segment_calibrated_absolute_nrmse,NRMSE,target_segment_shape_nrmse,11,2000,1716644318,0.08674497308153556,0.049236158739786,0.19161954665444453,0.08784758074832211,0.05056825401663244,0.191215492415851,0.00021760863866874397,-8.464047753879711e-05,0.0004610523093825508
STFT,pre_amplitude_trajectory,gaussian_noise,difficult,True,target_segment_calibrated_absolute_nrmse,NRMSE,trajectory_pearson,11,2000,348878486,0.994359173490633,0.9372066163541801,0.9971483404918674,0.9925351607248857,0.9348735463665612,0.9971928651102138,1.6490864349683054e-05,-2.925746820348074e-05,0.00012708185947640782
STFT,pre_amplitude_trajectory,gaussian_noise,difficult,True,target_segment_calibrated_absolute_nrmse,NRMSE,envelope_log_rate_absolute_error_per_day,11,2000,2194376191,0.14013192960295917,0.027031151802618544,0.2412049236643623,0.14145810523832603,0.025978680489354235,0.24013033376351534,-0.0001470872300824433,-0.00038998067431448777,0.0010667976257537348
STFT,pre_amplitude_trajectory,gaussian_noise,difficult,True,target_segment_calibrated_absolute_nrmse,NRMSE,ratio_log_error,11,2000,4192167504,0.10384046817086225,0.00610614775886165,0.206816069264355,0.10344252217558855,0.004348949211587906,0.20674620588682258,0.0007033150688612568,-0.0016911543313368749,0.0014515295461993705
STFT,pre_amplitude_trajectory,gaussian_noise,eligible,True,target_segment_calibrated_absolute_nrmse,NRMSE,primary_error,41,2000,4177320154,0.050177399494095554,0.042235997672491046,0.05255319212125035,0.04942109695354828,0.043252612344671135,0.05263745371742365,0.00024396025817517014,-1.6671881300264757e-05,0.0005300251110167201
STFT,pre_amplitude_trajectory,gaussian_noise,eligible,True,target_segment_calibrated_absolute_nrmse,NRMSE,target_segment_shape_nrmse,41,2000,1562606705,0.022747364596222598,0.01642994313440055,0.0322013684814086,0.0238599939595347,0.018257613801470274,0.03247503360217503,0.0001567488102546099,3.9307830372967145e-05,0.000365501828453723
STFT,pre_amplitude_trajectory,gaussian_noise,eligible,True,target_segment_calibrated_absolute_nrmse,NRMSE,trajectory_pearson,41,2000,2487045839,0.9990250957027482,0.9986659808779741,0.9995379325557758,0.9989937441957856,0.9984509343203241,0.999585913989301,8.888938408391223e-06,-8.048346658573458e-07,1.662823141640457e-05
STFT,pre_amplitude_trajectory,gaussian_noise,eligible,True,target_segment_calibrated_absolute_nrmse,NRMSE,envelope_log_rate_absolute_error_per_day,41,2000,152058098,0.022615575435408902,0.01642995446485053,0.03198393500126151,0.023804489474642254,0.016625657383164738,0.03271684006472375,-0.00015405521411693268,-0.0003754709642184162,0.00029413360699603874
STFT,pre_amplitude_trajectory,gaussian_noise,eligible,True,target_segment_calibrated_absolute_nrmse,NRMSE,ratio_log_error,41,2000,809263735,0.02250482089656285,0.019590529222050602,0.0258168499068405,0.02228639924452669,0.01922921787600767,0.026969964486046542,0.00025548613799210654,-0.00032550493967510325,0.0008387495131613413
STFT,pre_amplitude_trajectory,gaussian_noise,ineligible,True,target_segment_calibrated_absolute_nrmse,NRMSE,primary_error,1,0,1998510397,0.1154475783489405,,,0.11357363035187654,,,-0.0008329311215486343,,
STFT,pre_amplitude_trajectory,gaussian_noise,ineligible,True,target_segment_calibrated_absolute_nrmse,NRMSE,target_segment_shape_nrmse,1,0,330103796,0.0901074610952663,,,0.08974192248608648,,,-0.0003655386091798163,,
STFT,pre_amplitude_trajectory,gaussian_noise,ineligible,True,target_segment_calibrated_absolute_nrmse,NRMSE,trajectory_pearson,1,0,3761596544,0.9924962844572016,,,0.9927000973910676,,,-0.00015645098671784874,,
STFT,pre_amplitude_trajectory,gaussian_noise,ineligible,True,target_segment_calibrated_absolute_nrmse,NRMSE,envelope_log_rate_absolute_error_per_day,1,0,3506463523,0.10104329440685308,,,0.1012605174571766,,,-0.00021977141187007332,,
STFT,pre_amplitude_trajectory,gaussian_noise,ineligible,True,target_segment_calibrated_absolute_nrmse,NRMSE,ratio_log_error,1,0,3619659230,0.03820015552134575,,,0.03401852976397976,,,-0.0010478905208501955,,
STFT,pre_amplitude_trajectory,missing_block_6h,difficult,True,target_segment_calibrated_absolute_nrmse,NRMSE,primary_error,11,2000,2351776658,0.14443697743767275,0.0730871773866453,0.3316434557851994,0.12777449535808835,0.07117934666406435,0.33105591478192187,-0.0023668746387156825,-0.004717640887168306,-0.0006934618650836707
STFT,pre_amplitude_trajectory,missing_block_6h,difficult,True,target_segment_calibrated_absolute_nrmse,NRMSE,target_segment_shape_nrmse,11,2000,1716644318,0.08674497308153556,0.049236158739786,0.19161954665444453,0.09248700268858089,0.05325251763834822,0.20411239078970467,0.0008736218637122872,-6.277430546411389e-05,0.00449308733104882
STFT,pre_amplitude_trajectory,missing_block_6h,difficult,True,target_segment_calibrated_absolute_nrmse,NRMSE,trajectory_pearson,11,2000,348878486,0.994359173490633,0.9372066163541801,0.9971483404918674,0.9920035731420227,0.9469211294809723,0.9970179727542512,0.00015596571630316358,7.880854788405722e-05,0.003166509034792264
STFT,pre_amplitude_trajectory,missing_block_6h,difficult,True,target_segment_calibrated_absolute_nrmse,NRMSE,envelope_log_rate_absolute_error_per_day,11,2000,2194376191,0.14013192960295917,0.027031151802618544,0.2412049236643623,0.1428874829710366,0.036392808464425344,0.239165723040215,0.000740951134288681,-5.278221049224985e-06,0.001914168683367622
STFT,pre_amplitude_trajectory,missing_block_6h,difficult,True,target_segment_calibrated_absolute_nrmse,NRMSE,ratio_log_error,11,2000,4192167504,0.10384046817086225,0.00610614775886165,0.206816069264355,0.10088293219616982,0.011163343946779009,0.20727663350303338,-0.000765362180466406,-0.005300596370095889,-0.00016046475910180824
STFT,pre_amplitude_trajectory,missing_block_6h,eligible,True,target_segment_calibrated_absolute_nrmse,NRMSE,primary_error,41,2000,4177320154,0.050177399494095554,0.042235997672491046,0.05255319212125035,0.045390736882832294,0.038768656516092966,0.05167073140429341,-0.0033743853934249217,-0.0038758222683127827,-0.0028200969006855377
STFT,pre_amplitude_trajectory,missing_block_6h,eligible,True,target_segment_calibrated_absolute_nrmse,NRMSE,target_segment_shape_nrmse,41,2000,1562606705,0.022747364596222598,0.01642994313440055,0.0322013684814086,0.028577496687605206,0.020729078350379994,0.03356966706877371,0.0019950042416572895,0.0007929473838945988,0.00373564015708031
STFT,pre_amplitude_trajectory,missing_block_6h,eligible,True,target_segment_calibrated_absolute_nrmse,NRMSE,trajectory_pearson,41,2000,2487045839,0.9990250957027482,0.9986659808779741,0.9995379325557758,0.9984180277595069,0.9979082293898547,0.9991548451220379,0.0003253663852855193,0.00022017314538919086,0.0005006253831907892
STFT,pre_amplitude_trajectory,missing_block_6h,eligible,True,target_segment_calibrated_absolute_nrmse,NRMSE,envelope_log_rate_absolute_error_per_day,41,2000,152058098,0.022615575435408902,0.01642995446485053,0.03198393500126151,0.026391231300805063,0.018062810953374198,0.034390752109808076,0.0006058035271432616,-6.246500424028634e-05,0.0014023491114619202
STFT,pre_amplitude_trajectory,missing_block_6h,eligible,True,target_segment_calibrated_absolute_nrmse,NRMSE,ratio_log_error,41,2000,809263735,0.02250482089656285,0.019590529222050602,0.0258168499068405,0.021544503651463424,0.017652687977803987,0.023942763434933467,-0.0007734080430756851,-0.0010119273409999342,-0.000435450478225477
STFT,pre_amplitude_trajectory,missing_block_6h,ineligible,True,target_segment_calibrated_absolute_nrmse,NRMSE,primary_error,1,0,1998510397,0.1154475783489405,,,0.11152678033958226,,,-0.0017867779932340191,,
STFT,pre_amplitude_trajectory,missing_block_6h,ineligible,True,target_segment_calibrated_absolute_nrmse,NRMSE,target_segment_shape_nrmse,1,0,330103796,0.0901074610952663,,,0.08866219837732522,,,0.0006297703395724968,,
STFT,pre_amplitude_trajectory,missing_block_6h,ineligible,True,target_segment_calibrated_absolute_nrmse,NRMSE,trajectory_pearson,1,0,3761596544,0.9924962844572016,,,0.991510269164676,,,0.000762249296894113,,
STFT,pre_amplitude_trajectory,missing_block_6h,ineligible,True,target_segment_calibrated_absolute_nrmse,NRMSE,envelope_log_rate_absolute_error_per_day,1,0,3506463523,0.10104329440685308,,,0.09403551687164644,,,-0.005501441363253978,,
STFT,pre_amplitude_trajectory,missing_block_6h,ineligible,True,target_segment_calibrated_absolute_nrmse,NRMSE,ratio_log_error,1,0,3619659230,0.03820015552134575,,,0.02807904145647968,,,-0.007167678063437511,,
STFT,pre_amplitude_trajectory,transient_artifact,difficult,True,target_segment_calibrated_absolute_nrmse,NRMSE,primary_error,11,2000,2351776658,0.14443697743767275,0.0730871773866453,0.3316434557851994,0.13576663582976195,0.09202906511596423,0.3784762125277975,0.009592842574982191,0.00411171892881719,0.020047394958075566
STFT,pre_amplitude_trajectory,transient_artifact,difficult,True,target_segment_calibrated_absolute_nrmse,NRMSE,target_segment_shape_nrmse,11,2000,1716644318,0.08674497308153556,0.049236158739786,0.19161954665444453,0.0954227881964705,0.06842919372779943,0.18971836842541834,0.0078415848350777,0.002595183211128116,0.02597843334374828
STFT,pre_amplitude_trajectory,transient_artifact,difficult,True,target_segment_calibrated_absolute_nrmse,NRMSE,trajectory_pearson,11,2000,348878486,0.994359173490633,0.9372066163541801,0.9971483404918674,0.9923215231417158,0.8827908667434069,0.9963402417587289,0.001266214001992838,0.00042947519664499056,0.034460848197869265
STFT,pre_amplitude_trajectory,transient_artifact,difficult,True,target_segment_calibrated_absolute_nrmse,NRMSE,envelope_log_rate_absolute_error_per_day,11,2000,2194376191,0.14013192960295917,0.027031151802618544,0.2412049236643623,0.14347727015661893,0.034179471155331376,0.25512877554885505,0.0036898794078456254,-0.0013949151668874449,0.018299919150278565
STFT,pre_amplitude_trajectory,transient_artifact,difficult,True,target_segment_calibrated_absolute_nrmse,NRMSE,ratio_log_error,11,2000,4192167504,0.10384046817086225,0.00610614775886165,0.206816069264355,0.09146759841933491,0.031123035102780024,0.23971450339536338,0.0018421760410365848,-0.0025607767701936734,0.014514556217363202
STFT,pre_amplitude_trajectory,transient_artifact,eligible,True,target_segment_calibrated_absolute_nrmse,NRMSE,primary_error,41,2000,4177320154,0.050177399494095554,0.042235997672491046,0.05255319212125035,0.10136380842728612,0.08447724571958312,0.11102211483355864,0.040643365555255793,0.03394255085411706,0.04925074041405602
STFT,pre_amplitude_trajectory,transient_artifact,eligible,True,target_segment_calibrated_absolute_nrmse,NRMSE,target_segment_shape_nrmse,41,2000,1562606705,0.022747364596222598,0.01642994313440055,0.0322013684814086,0.06298165293626273,0.057373660992544165,0.07267027845121063,0.0303615637643343,0.02621736880944585,0.03806512060858133
STFT,pre_amplitude_trajectory,transient_artifact,eligible,True,target_segment_calibrated_absolute_nrmse,NRMSE,trajectory_pearson,41,2000,2487045839,0.9990250957027482,0.9986659808779741,0.9995379325557758,0.9937898564198234,0.9903792375867468,0.9958484265740095,0.004094522092648767,0.0025492964717050426,0.008046991370995404
STFT,pre_amplitude_trajectory,transient_artifact,eligible,True,target_segment_calibrated_absolute_nrmse,NRMSE,envelope_log_rate_absolute_error_per_day,41,2000,152058098,0.022615575435408902,0.01642995446485053,0.03198393500126151,0.028175374623120475,0.021701576455264687,0.039827018095320355,0.0020473673553851324,0.0003428757054080023,0.0046230081141687696
STFT,pre_amplitude_trajectory,transient_artifact,eligible,True,target_segment_calibrated_absolute_nrmse,NRMSE,ratio_log_error,41,2000,809263735,0.02250482089656285,0.019590529222050602,0.0258168499068405,0.03937262471393002,0.028315091634161134,0.04414061750090995,0.006240102878061645,0.0037764395072262622,0.013674559571993258
STFT,pre_amplitude_trajectory,transient_artifact,ineligible,True,target_segment_calibrated_absolute_nrmse,NRMSE,primary_error,1,0,1998510397,0.1154475783489405,,,0.13760240867877632,,,0.009004110985627874,,
STFT,pre_amplitude_trajectory,transient_artifact,ineligible,True,target_segment_calibrated_absolute_nrmse,NRMSE,target_segment_shape_nrmse,1,0,330103796,0.0901074610952663,,,0.10431842991256671,,,0.014367486913072103,,
STFT,pre_amplitude_trajectory,transient_artifact,ineligible,True,target_segment_calibrated_absolute_nrmse,NRMSE,trajectory_pearson,1,0,3761596544,0.9924962844572016,,,0.9911520320139127,,,0.001486067347385378,,
STFT,pre_amplitude_trajectory,transient_artifact,ineligible,True,target_segment_calibrated_absolute_nrmse,NRMSE,envelope_log_rate_absolute_error_per_day,1,0,3506463523,0.10104329440685308,,,0.10131409635451791,,,0.00964962074617165,,
STFT,pre_amplitude_trajectory,transient_artifact,ineligible,True,target_segment_calibrated_absolute_nrmse,NRMSE,ratio_log_error,1,0,3619659230,0.03820015552134575,,,0.04964577687330908,,,0.0122180941661399,,
STFT,pre_period_hours,gaussian_noise,difficult,True,absolute_error_hours,hours,primary_error,10,2000,1882252016,0.16165841614175225,0.09051158813708149,0.3417464840480129,0.16165841614175225,0.11221197255111015,0.2621197173317972,-8.881784197001252e-16,-3.552713678800501e-15,0.0
STFT,pre_period_hours,gaussian_noise,eligible,True,absolute_error_hours,hours,primary_error,42,2000,2050904923,0.11643777489507201,0.09988754038072223,0.14354799315066735,0.1164377748950729,0.10198647740038425,0.14344394364458335,0.0,0.0,0.0
STFT,pre_period_hours,gaussian_noise,ineligible,True,absolute_error_hours,hours,primary_error,1,0,2861008655,0.07752639332526101,,,0.07752639332526101,,,0.0,,
STFT,pre_period_hours,missing_block_6h,difficult,True,absolute_error_hours,hours,primary_error,10,2000,1882252016,0.16165841614175225,0.09051158813708149,0.3417464840480129,0.19431652335784566,0.11221197255111015,0.3417184679590607,-8.881784197001252e-16,-3.552713678800501e-15,0.0
STFT,pre_period_hours,missing_block_6h,eligible,True,absolute_error_hours,hours,primary_error,42,2000,2050904923,0.11643777489507201,0.09988754038072223,0.14354799315066735,0.1164377748950729,0.10161587541544481,0.14577116750197305,0.0,0.0,0.0
STFT,pre_period_hours,missing_block_6h,ineligible,True,absolute_error_hours,hours,primary_error,1,0,2861008655,0.07752639332526101,,,0.07752639332526101,,,0.0,,
STFT,pre_period_hours,transient_artifact,difficult,True,absolute_error_hours,hours,primary_error,10,2000,1882252016,0.16165841614175225,0.09051158813708149,0.3417464840480129,0.16831381222486197,0.10084894479049922,0.328024273416923,-1.7763568394002505e-15,-3.552713678800501e-15,0.0
STFT,pre_period_hours,transient_artifact,eligible,True,absolute_error_hours,hours,primary_error,42,2000,2050904923,0.11643777489507201,0.09988754038072223,0.14354799315066735,0.12124524019779948,0.10161587541544481,0.14354799315066735,0.0,0.0,0.0
STFT,pre_period_hours,transient_artifact,ineligible,True,absolute_error_hours,hours,primary_error,1,0,2861008655,0.07752639332526101,,,0.1317719152634993,,,0.0,,
