synthetic_id,model_spec_version,global_synthetic_number,anchor_index,variant_number,variant_type,is_exact_anchor_fit,anchor_recording_uid,anchor_recording_id,tissue,source_neighbour_recording_uid,interpolation_fraction,random_seed,residual_noise_added,n_time_points,duration_days,fit_start_day_original,forskolin_day_original,forskolin_day_zero,drift_reference_day_original,drift_reference_day_zero,reference_window_start_day_original,reference_window_end_day_original,reference_window_n_points,profiled_initial_phase_radians,transition_duration_days,acute_transient_shape,acute_transient_sigma_hours,fit_pre_amplitude,fit_post_amplitude,fit_pre_period_hours,fit_post_period_hours,fit_pre_envelope_log_rate_per_day,fit_post_envelope_log_rate_per_day,fit_baseline_step,fit_phase_shift_angle_radians,fit_linear_drift_slope_per_day,fit_signed_acute_transient_amplitude,fit_phase_shift_hours,derived_pre_envelope_final_fraction,derived_post_envelope_final_fraction,pre_period_status,pre_period_reason,post_period_status,post_period_reason,pre_amplitude_envelope_status,pre_amplitude_envelope_reason,post_amplitude_envelope_status,post_amplitude_envelope_reason,phase_shift_status,phase_shift_reason,variant_pre_envelope_median,variant_pre_envelope_p10,variant_pre_median_envelope_to_anchor_residual,variant_pre_observable_fraction,variant_post_envelope_median,variant_post_envelope_p10,variant_post_median_envelope_to_anchor_residual,variant_post_observable_fraction,variant_transition_envelope_to_anchor_residual,variant_acute_transient_to_transition_envelope
SYN_A001_1B-L1m2_V000,msc_x10_causal_angle_halfgaussian_v1,1,1,0,anchor_exact_fit,True,250625 to 250728::1B-L1m2_Raw.csv,1B-L1m2,DRG,250625 to 250728::1B-L1m2_Raw.csv,0.0,123,False,938,13.05556,0.94444,7.715275,6.770835,4.201385,3.256945,0.94444,7.465275,470,-1.2032777771125425,0.2,causal_half_gaussian,3.0,1.4084505459037675,2.009637355792351,24.57107264291958,24.87972258368305,-0.3160018761893767,-0.1684434023495742,4.670904381578673,2.027111761301533,0.1036813873020379,-0.0743412798438336,8.02681694103054,0.11770231887140871,0.346934089170237,eligible,none,eligible,none,eligible,none,eligible,none,eligible,none,0.48693237322364996,0.20818667915309336,1.269273784497757,0.6123711340206186,1.1610716196646298,0.7641760653118209,0.951927251506085,0.45253863134657835,0.1815408484903295,0.3357379411275865
SYN_A001_1B-L1m2_V001,msc_x10_causal_angle_halfgaussian_v1,2,1,1,local_same_tissue_variant,False,250625 to 250728::1B-L1m2_Raw.csv,1B-L1m2,DRG,250625 to 250728::6B-T5_Raw.csv,0.19444444444444445,123,False,938,13.05556,0.94444,7.715275,6.770835,4.201385,3.256945,0.94444,7.465275,470,-1.2032777771125425,0.2,causal_half_gaussian,3.0,1.2558189046134036,2.0903826942318133,24.566829259281374,25.02649746058964,-0.28729567324614497,-0.19561057119433461,4.4259644199510095,2.095561338379053,0.11850925903903382,-0.7033150288117362,8.346811043998104,0.14295411136548594,0.29248010051575235,eligible,none,eligible,none,eligible,none,eligible,none,eligible,none,0.4781420763316695,0.2208326315983041,1.2463603492519588,0.6144329896907217,1.1084596130522595,0.6819530421799954,0.908792269992025,0.4194260485651214,0.19443912281723405,2.965589223220527
SYN_A001_1B-L1m2_V002,msc_x10_causal_angle_halfgaussian_v1,3,1,2,local_same_tissue_variant,False,250625 to 250728::1B-L1m2_Raw.csv,1B-L1m2,DRG,250625 to 250728::4C-T5m1_Raw.csv,0.11666666666666667,123,False,938,13.05556,0.94444,7.715275,6.770835,4.201385,3.256945,0.94444,7.465275,470,-1.2032777771125425,0.2,causal_half_gaussian,3.0,1.3695281343019061,2.0915102354967305,24.77450850134201,24.931820412060496,-0.3198435051855985,-0.18007620402315155,4.477375161082856,1.6697650881649686,0.09001314435943764,0.00126506762224185,6.6256653708570115,0.11468023377927566,0.3224750786199099,eligible,none,eligible,none,eligible,none,eligible,none,eligible,none,0.46740173299264226,0.19778279139147625,1.2183637793248432,0.5917525773195876,1.1640300916488873,0.7457987493937175,0.9543528125627281,0.45916114790286977,0.17662207484099077,0.005872371315684462
SYN_A001_1B-L1m2_V003,msc_x10_causal_angle_halfgaussian_v1,4,1,3,local_same_tissue_variant,False,250625 to 250728::1B-L1m2_Raw.csv,1B-L1m2,DRG,250625 to 250728::5D-T10_Raw.csv,0.35,123,False,938,13.05556,0.94444,7.715275,6.770835,4.201385,3.256945,0.94444,7.465275,470,-1.2032777771125425,0.2,causal_half_gaussian,3.0,1.3441082888721776,2.399445017085607,24.823630908591763,24.96547878232986,-0.3352753666626969,-0.23016865898432876,3.9532963245529587,2.609744222555703,0.0645880227934218,1.4911216847401678,10.369503815377463,0.1033024498524845,0.23538172397588217,eligible,none,eligible,none,eligible,none,eligible,none,eligible,none,0.4355394377150541,0.17680923514099836,1.1353091739347139,0.5567010309278351,1.1374487858146378,0.6442929340976169,0.9325596096494155,0.45253863134657835,0.16970424291964836,7.203857868193403
SYN_A001_1B-L1m2_V004,msc_x10_causal_angle_halfgaussian_v1,5,1,4,local_same_tissue_variant,False,250625 to 250728::1B-L1m2_Raw.csv,1B-L1m2,DRG,250625 to 250728::7D-L2_Raw.csv,0.3111111111111111,123,False,938,13.05556,0.94444,7.715275,6.770835,4.201385,3.256945,0.94444,7.465275,470,-1.2032777771125425,0.2,causal_half_gaussian,3.0,1.2991444028452948,2.045424446718016,26.253354501330673,24.93784658259153,-0.4250474801756085,-0.19254905876031203,4.088265791524133,2.142618843993449,0.13290027845856492,0.4654694968526278,8.504014668391674,0.056251287153258576,0.2981621290172123,eligible,none,eligible,none,eligible,none,eligible,none,eligible,none,0.31132132823599495,0.09927823912052908,0.8115131016427097,0.4268041237113402,1.0954422177929495,0.679087754513618,0.898119704164826,0.4083885209713024,0.10870240425908226,3.510725117633851
SYN_A001_1B-L1m2_V005,msc_x10_causal_angle_halfgaussian_v1,6,1,5,local_same_tissue_variant,False,250625 to 250728::1B-L1m2_Raw.csv,1B-L1m2,DRG,250625 to 250728::6A-T7_Raw.csv,0.23333333333333334,123,False,938,13.05556,0.94444,7.715275,6.770835,4.201385,3.256945,0.94444,7.465275,470,-1.2032777771125425,0.2,causal_half_gaussian,3.0,1.3745007896486006,1.8777053073507117,24.74466686203343,24.963238470228607,-0.34649236060305333,-0.21644268158887875,3.944800427382218,2.2877387924368904,0.06056100233106827,-0.2069012717709885,9.089238378492187,0.09574732368296457,0.2565882209837079,eligible,none,eligible,none,eligible,none,eligible,none,eligible,none,0.4289084440565742,0.16894420203217425,1.1180243375206567,0.5484536082474227,0.9306378473045797,0.5436857750594399,0.7630016211989371,0.2980132450331126,0.15106014360443593,1.1229437884258218
SYN_A001_1B-L1m2_V006,msc_x10_causal_angle_halfgaussian_v1,7,1,6,local_same_tissue_variant,False,250625 to 250728::1B-L1m2_Raw.csv,1B-L1m2,DRG,250625 to 250728::7D-L2_Raw.csv,0.27222222222222225,123,False,938,13.05556,0.94444,7.715275,6.770835,4.201385,3.256945,0.94444,7.465275,470,-1.2032777771125425,0.2,causal_half_gaussian,3.0,1.3128076707276037,2.040951060352308,26.043069269029285,24.930581082727972,-0.41141677967732954,-0.1895358517089698,4.16109561528095,2.12818045865696,0.12924791706399905,0.39799314976557015,8.44424808267207,0.06168989539445551,0.30386228027574697,eligible,none,eligible,none,eligible,none,eligible,none,eligible,none,0.32934380867057667,0.10894619541688635,0.8584918264208455,0.44536082474226807,1.1009626858850519,0.6893959103538476,0.9026457677847946,0.41501103752759383,0.11488234345921056,2.840318622461972
SYN_A001_1B-L1m2_V007,msc_x10_causal_angle_halfgaussian_v1,8,1,7,local_same_tissue_variant,False,250625 to 250728::1B-L1m2_Raw.csv,1B-L1m2,DRG,250625 to 250728::6B-T5_Raw.csv,0.07777777777777778,123,False,938,13.05556,0.94444,7.715275,6.770835,4.201385,3.256945,0.94444,7.465275,470,-1.2032777771125425,0.2,causal_half_gaussian,3.0,1.347397889387622,2.041935491168136,24.569375289464297,24.938432534445685,-0.304519395012084,-0.17931026988747836,4.572928396927607,2.054491592132541,0.10961253599683626,-0.32593077943099463,8.154430827376336,0.12721832449880444,0.32403111432976517,eligible,none,eligible,none,eligible,none,eligible,none,eligible,none,0.48415460771202756,0.2134898118193147,1.2620330563448048,0.6144329896907217,1.1415478001044197,0.731321773802036,0.9359202665982809,0.4392935982339956,0.1868094856655122,1.4304451208638416
SYN_A001_1B-L1m2_V008,msc_x10_causal_angle_halfgaussian_v1,9,1,8,local_same_tissue_variant,False,250625 to 250728::1B-L1m2_Raw.csv,1B-L1m2,DRG,250625 to 250728::4C-T5m1_Raw.csv,0.03888888888888889,123,False,938,13.05556,0.94444,7.715275,6.770835,4.201385,3.256945,0.94444,7.465275,470,-1.2032777771125425,0.2,causal_half_gaussian,3.0,1.395476408703147,2.0369283156938107,24.638884595727056,24.89708852647553,-0.3172824191881173,-0.17232100290743332,4.6063946414134005,1.9079962035893452,0.09912530632117114,-0.04913916402180844,7.560424858815232,0.1166862104885008,0.3385816125844078,eligible,none,eligible,none,eligible,none,eligible,none,eligible,none,0.480374910603294,0.20467709146689028,1.2521806195029153,0.6061855670103092,1.1620700222124025,0.7593187022709744,0.9527458113408974,0.45474613686534215,0.17987088055780687,0.22398124444336392
SYN_A001_1B-L1m2_V009,msc_x10_causal_angle_halfgaussian_v1,10,1,9,local_same_tissue_variant,False,250625 to 250728::1B-L1m2_Raw.csv,1B-L1m2,DRG,250625 to 250728::5D-T10_Raw.csv,0.15555555555555556,123,False,938,13.05556,0.94444,7.715275,6.770835,4.201385,3.256945,0.94444,7.465275,470,-1.2032777771125425,0.2,causal_half_gaussian,3.0,1.3798539872230609,2.1828852052560204,24.683320760996107,24.9178364497483,-0.3245678719552968,-0.19587684974279845,4.351967467345022,2.2860595218589417,0.08630655863154185,0.621420037749056,9.066047632715915,0.1110699043124217,0.2919910480637255,eligible,none,eligible,none,eligible,none,eligible,none,eligible,none,0.46350695969059824,0.1936589228768747,1.2082113764026088,0.5855670103092784,1.1565114387429936,0.7110454297491481,0.9481884980841752,0.45474613686534215,0.1758462775307757,2.8973223995941937
SYN_A002_1C-SCN_V000,msc_x10_causal_angle_halfgaussian_v1,11,2,0,anchor_exact_fit,True,250625 to 250728::1C-SCN_Raw.csv,1C-SCN,SCN,250625 to 250728::1C-SCN_Raw.csv,0.0,123,False,943,13.10903,0.89583,7.720135,6.824305,4.180555,3.284725,0.89583,7.470135,474,0.1058101550726635,0.2,causal_half_gaussian,3.0,1.9783209606251375,1.0521000707830233,24.280517506096064,25.541174853060205,-0.3705367463215727,-0.4989164448748203,0.3643970734691665,-0.5113842595702649,0.0386407055199998,1.7239838663551197,-2.0787791784307377,0.07976617228475875,0.043475720157422446,eligible,none,eligible,none,eligible,none,eligible,none,eligible,none,0.5621256623782123,0.20542879206800504,3.090143774063435,0.9469387755102041,0.21597762187590216,0.0625648409569185,2.5232758045474877,0.7991169977924945,0.9815559710900618,9.65524729734972
SYN_A002_1C-SCN_V001,msc_x10_causal_angle_halfgaussian_v1,12,2,1,local_same_tissue_variant,False,250625 to 250728::1C-SCN_Raw.csv,1C-SCN,SCN,250625 to 250728::7B-SCNcm2_Raw.csv,0.11666666666666667,123,False,943,13.10903,0.89583,7.720135,6.824305,4.180555,3.284725,0.89583,7.470135,474,0.1058101550726635,0.2,causal_half_gaussian,3.0,1.9448170957759512,1.128388939161915,24.24259924880199,25.681945380511994,-0.3676782392092411,-0.6030981916462704,0.33242932603653713,-0.6217199128515327,0.03289015590579285,1.6481767779766305,-2.541223290929333,0.08133747299060366,0.022588682273557877,eligible,none,eligible,none,eligible,none,eligible,none,eligible,none,0.5579960258740717,0.20550934679149402,3.067442140982985,0.9469387755102041,0.16782499553986913,0.03722041102563468,1.9607066091660237,0.6799116997792495,0.9894883250648769,9.156687447859191
SYN_A002_1C-SCN_V002,msc_x10_causal_angle_halfgaussian_v1,13,2,2,local_same_tissue_variant,False,250625 to 250728::1C-SCN_Raw.csv,1C-SCN,SCN,250625 to 250728::7A-SCNmm2_Raw.csv,0.03888888888888889,123,False,943,13.10903,0.89583,7.720135,6.824305,4.180555,3.284725,0.89583,7.470135,474,0.1058101550726635,0.2,causal_half_gaussian,3.0,1.9828030887424781,1.0876102494699298,24.27649951976478,25.552604668852137,-0.3768342821973104,-0.5216194306436188,0.3561179453929159,-0.5202874936862436,0.03904934325163547,1.7346230203120256,-2.115917323832718,0.0764107354614149,0.03769474152878746,eligible,none,eligible,none,eligible,none,eligible,none,eligible,none,0.5514786933047006,0.19811920241969924,3.031614752178962,0.9326530612244898,0.20774656249922852,0.05688142676509624,2.4271119853954826,0.7748344370860927,0.9494309192742213,10.043544510442192
SYN_A002_1C-SCN_V003,msc_x10_causal_angle_halfgaussian_v1,14,2,3,local_same_tissue_variant,False,250625 to 250728::1C-SCN_Raw.csv,1C-SCN,SCN,250728::7A-SCNcM1_Raw.csv,0.35,123,False,943,13.10903,0.89583,7.720135,6.824305,4.180555,3.284725,0.89583,7.470135,474,0.1058101550726635,0.2,causal_half_gaussian,3.0,1.9615159435923168,0.8874660536088227,24.302854116765264,25.483491543342197,-0.3563539772904993,-0.3711918359101829,0.503624635609189,-0.5670021336517079,0.026841359832077874,0.7267436125401814,-2.299660661203111,0.08787251316019921,0.09701995393728631,eligible,none,eligible,none,eligible,none,eligible,none,eligible,none,0.5848507274492765,0.22212952664770316,3.2150690764369934,0.9816326530612245,0.27183477537149553,0.1086965285339116,3.1758573206422884,1.0,1.0489822658880699,3.8085385085796823
SYN_A002_1C-SCN_V004,msc_x10_causal_angle_halfgaussian_v1,15,2,4,local_same_tissue_variant,False,250625 to 250728::1C-SCN_Raw.csv,1C-SCN,SCN,250811::1A-1FSCN_Raw.csv,0.3111111111111111,123,False,943,13.10903,0.89583,7.720135,6.824305,4.180555,3.284725,0.89583,7.470135,474,0.1058101550726635,0.2,causal_half_gaussian,3.0,1.9369306411209917,0.9954028324880073,24.277234413299887,25.425270228698103,-0.38176029429518693,-0.4757275443955305,0.38923817894102486,-0.37401671114090096,0.06389450287774226,0.8917387993285159,-1.5134801037843284,0.07388476086910371,0.05029665065590665,eligible,none,eligible,none,eligible,none,eligible,none,eligible,none,0.5297834833911886,0.18779514262102828,2.9123508182791946,0.9122448979591836,0.21849509933243147,0.06749040938710575,2.5526876014706152,0.8189845474613686,0.8947661080911987,5.478648166859948
SYN_A002_1C-SCN_V005,msc_x10_causal_angle_halfgaussian_v1,16,2,5,local_same_tissue_variant,False,250625 to 250728::1C-SCN_Raw.csv,1C-SCN,SCN,250625 to 250728::6C-SCNmm1_Raw.csv,0.15555555555555556,123,False,943,13.10903,0.89583,7.720135,6.824305,4.180555,3.284725,0.89583,7.470135,474,0.1058101550726635,0.2,causal_half_gaussian,3.0,1.8862612300958403,1.0841227810343008,24.22363618181581,25.335540734516904,-0.367820543107057,-0.5519448101046599,0.22715940059740147,-0.5974120436197712,0.0413459193910006,1.6170860971822423,-2.4089305704742747,0.08125852246239412,0.031153728475153856,eligible,none,eligible,none,eligible,none,eligible,none,eligible,none,0.5409340418629773,0.1991484317349607,2.9736481956185425,0.9346938775510204,0.18807975727729387,0.04776096212034891,2.1973438578541504,0.7306843267108167,0.9581164858942458,9.278122541531395
SYN_A002_1C-SCN_V006,msc_x10_causal_angle_halfgaussian_v1,17,2,6,local_same_tissue_variant,False,250625 to 250728::1C-SCN_Raw.csv,1C-SCN,SCN,250625 to 250728::7A-SCNmm2_Raw.csv,0.23333333333333334,123,False,943,13.10903,0.89583,7.720135,6.824305,4.180555,3.284725,0.89583,7.470135,474,0.1058101550726635,0.2,causal_half_gaussian,3.0,2.005213729329182,1.2651611429044625,24.256409588108358,25.609753747811798,-0.4083219615759989,-0.6351343594876118,0.314722305011663,-0.5648036642661363,0.04109253190981381,1.7878187900965556,-2.3020939301582333,0.06163572631024154,0.01846931103272386,eligible,none,eligible,none,eligible,none,eligible,none,eligible,none,0.5011552557046286,0.16527980007273274,2.7549743712160604,0.8653061224489796,0.16855849627667158,0.03481469634746821,1.969276129682621,0.673289183222958,0.8082210043142867,12.160141775749224
SYN_A002_1C-SCN_V007,msc_x10_causal_angle_halfgaussian_v1,18,2,7,local_same_tissue_variant,False,250625 to 250728::1C-SCN_Raw.csv,1C-SCN,SCN,250625 to 250728::6C-SCNmm1_Raw.csv,0.07777777777777778,123,False,943,13.10903,0.89583,7.720135,6.824305,4.180555,3.284725,0.89583,7.470135,474,0.1058101550726635,0.2,causal_half_gaussian,3.0,1.932291095360489,1.0681114259086621,24.252076843955937,25.438357793788555,-0.36917864471431483,-0.5254306274897401,0.295778237033284,-0.5543981515950183,0.0399933124555002,1.670534981768681,-2.244558747037764,0.08050888958581075,0.03680259204249222,eligible,none,eligible,none,eligible,none,eligible,none,eligible,none,0.5515845840499796,0.20232165024401416,3.032196859791467,0.9408163265306122,0.20156921569106998,0.05467017975607972,2.354941778121503,0.7637969094922737,0.9699915439787523,9.46744737944611
SYN_A002_1C-SCN_V008,msc_x10_causal_angle_halfgaussian_v1,19,2,8,local_same_tissue_variant,False,250625 to 250728::1C-SCN_Raw.csv,1C-SCN,SCN,250728::7A-SCNcM1_Raw.csv,0.27222222222222225,123,False,943,13.10903,0.89583,7.720135,6.824305,4.180555,3.284725,0.89583,7.470135,474,0.1058101550726635,0.2,causal_half_gaussian,3.0,1.9652503918218325,0.924051390758645,24.297890425505443,25.496310056612863,-0.3595057037418489,-0.399575082346769,0.47268517735585075,-0.5546426060780538,0.029463436651616076,0.9483525578323898,-2.250664139893346,0.08600270140172339,0.08116919226570382,eligible,none,eligible,none,eligible,none,eligible,none,eligible,none,0.5797262489214476,0.21830601304188524,3.186898550737995,0.9734693877551021,0.2585580193373469,0.09638928957647462,3.020744411384049,0.9470198675496688,1.0334022414012274,5.044820225372189
SYN_A002_1C-SCN_V009,msc_x10_causal_angle_halfgaussian_v1,20,2,9,local_same_tissue_variant,False,250625 to 250728::1C-SCN_Raw.csv,1C-SCN,SCN,250811::1A-1FSCN_Raw.csv,0.19444444444444445,123,False,943,13.10903,0.89583,7.720135,6.824305,4.180555,3.284725,0.89583,7.470135,474,0.1058101550726635,0.2,causal_half_gaussian,3.0,1.9524520109350463,1.0166642968486383,24.278465573098455,25.468734462833893,-0.3775514638050816,-0.4844233820752642,0.37992276438907796,-0.42552954180191227,0.054424328868588834,1.2038306994634924,-1.7248733526704048,0.07603767466844927,0.0476216523479243,eligible,none,eligible,none,eligible,none,eligible,none,eligible,none,0.5417162095738943,0.19423321845344346,2.977947964947588,0.9244897959183673,0.21706140752197078,0.06562314664052649,2.5359377186582566,0.8123620309050773,0.9264335829252218,7.1432590225924155
SYN_A003_1D-L2m2_V000,msc_x10_causal_angle_halfgaussian_v1,21,3,0,anchor_exact_fit,True,250625 to 250728::1D-L2m2_Raw.csv,1D-L2m2,DRG,250625 to 250728::1D-L2m2_Raw.csv,0.0,123,False,939,13.06945,0.93194,7.716665,6.784725,4.19583,3.26389,0.93194,7.466665,471,1.2959302295943198,0.2,causal_half_gaussian,3.0,1.7052810363822255,2.005206886939565,29.997202650807186,25.30036900234005,-0.8562372925960673,-0.4029704772569354,-1.3819993992378976,0.7257000451575228,0.0460290453923051,-2.556215919419509,2.922160978846233,0.002999425330963304,0.07945546263912419,difficult,fit_r_squared_below_0.60;fit_pre_period_hours_at_bound,difficult,fit_r_squared_below_0.60,difficult,fit_r_squared_below_0.60,difficult,fit_r_squared_below_0.60,difficult,fit_r_squared_below_0.60;fit_pre_period_hours_at_bound,0.09535857753707139,0.009493050646607028,0.2671186489600888,0.2716049382716049,0.5488590223601457,0.20177044027348467,1.4971166700218352,0.6622516556291391,0.17785107484880464,39.204496392481396
SYN_A003_1D-L2m2_V001,msc_x10_causal_angle_halfgaussian_v1,22,3,1,local_same_tissue_variant,False,250625 to 250728::1D-L2m2_Raw.csv,1D-L2m2,DRG,250625 to 250728::6A-T7_Raw.csv,0.03888888888888889,123,False,939,13.06945,0.93194,7.716665,6.784725,4.19583,3.26389,0.93194,7.466665,471,1.2959302295943198,0.2,causal_half_gaussian,3.0,1.68807933570998,1.9833905082102337,29.815118853686087,25.29792984492765,-0.8403098849158643,-0.40184985977264437,-1.2676260223499956,0.819748339307905,0.041084350082521995,-2.4817919043127583,3.300545020470872,0.0033417138196597785,0.08001702455910548,difficult,fit_r_squared_below_0.60;fit_pre_period_hours_at_bound,difficult,fit_r_squared_below_0.60,difficult,fit_r_squared_below_0.60,difficult,fit_r_squared_below_0.60,difficult,fit_r_squared_below_0.60;fit_pre_period_hours_at_bound,0.09959874533280906,0.010349941050588764,0.27899621595212165,0.2757201646090535,0.544847113295199,0.20085376179094122,1.4861734301459273,0.6578366445916115,0.1774589335701663,38.147170870798185
SYN_A003_1D-L2m2_V002,msc_x10_causal_angle_halfgaussian_v1,23,3,2,local_same_tissue_variant,False,250625 to 250728::1D-L2m2_Raw.csv,1D-L2m2,DRG,250625 to 250728::7D-L2_Raw.csv,0.07777777777777778,123,False,939,13.06945,0.93194,7.716665,6.784725,4.19583,3.26389,0.93194,7.466665,471,1.2959302295943198,0.2,causal_half_gaussian,3.0,1.6548676846915051,2.014498251692865,29.995740781463144,25.282183058393848,-0.8414803834276604,-0.39075589664460286,-1.0568776415769106,0.8557977270861468,0.05781783921886052,-2.2282285310561742,3.4435455488518074,0.003315280662740965,0.08579510267134985,difficult,fit_r_squared_below_0.60;fit_pre_period_hours_at_bound,difficult,fit_r_squared_below_0.60,difficult,fit_r_squared_below_0.60,difficult,fit_r_squared_below_0.60,difficult,fit_r_squared_below_0.60;fit_pre_period_hours_at_bound,0.09725505567739587,0.010074569530329636,0.27243106753542756,0.2716049382716049,0.5734884352689107,0.21731753970861917,1.5642980465436336,0.6843267108167771,0.17963710162503793,33.8344039428716
SYN_A003_1D-L2m2_V003,msc_x10_causal_angle_halfgaussian_v1,24,3,3,local_same_tissue_variant,False,250625 to 250728::1D-L2m2_Raw.csv,1D-L2m2,DRG,250625 to 250728::8A-L3_Raw.csv,0.27222222222222225,123,False,939,13.06945,0.93194,7.716665,6.784725,4.19583,3.26389,0.93194,7.466665,471,1.2959302295943198,0.2,causal_half_gaussian,3.0,1.5713481865627972,1.8229078632450504,29.996759669891222,24.868385693492474,-0.8094476219972352,-0.3701101207966447,-0.8182870403164086,0.9134740239491137,0.032900645686888684,-1.775231088611699,3.615463055433939,0.004120093106729934,0.09768177000264201,difficult,fit_r_squared_below_0.60;fit_pre_period_hours_at_bound,difficult,fit_r_squared_below_0.60,difficult,fit_r_squared_below_0.60,difficult,fit_r_squared_below_0.60,difficult,fit_r_squared_below_0.60;fit_pre_period_hours_at_bound,0.10286699757383738,0.011616480156351566,0.2881512510379258,0.2716049382716049,0.554564107612799,0.22120160429263305,1.5126783678124902,0.6799116997792495,0.16660965870964667,29.063610091366378
SYN_A003_1D-L2m2_V004,msc_x10_causal_angle_halfgaussian_v1,25,3,4,local_same_tissue_variant,False,250625 to 250728::1D-L2m2_Raw.csv,1D-L2m2,DRG,250811::4A-2MT10_Raw.csv,0.23333333333333334,123,False,939,13.06945,0.93194,7.716665,6.784725,4.19583,3.26389,0.93194,7.466665,471,1.2959302295943198,0.2,causal_half_gaussian,3.0,1.5178601299889052,2.198035301614093,29.380164412604902,25.14302496687951,-0.7370216483922111,-0.4232267651651204,-0.5712413098858253,0.4761343849271311,0.05419086505246932,-2.482929732150356,1.9053168325520002,0.006734651578717525,0.06995774712344578,difficult,fit_r_squared_below_0.60;fit_pre_period_hours_at_bound,difficult,fit_r_squared_below_0.60,difficult,fit_r_squared_below_0.60,difficult,fit_r_squared_below_0.60,difficult,fit_r_squared_below_0.60;fit_pre_period_hours_at_bound,0.12681594215096764,0.017407001046609853,0.35523708520922637,0.29218106995884774,0.5637036996709136,0.19706127573286333,1.5376083317375875,0.6644591611479028,0.20708622754580933,32.704540432704334
SYN_A003_1D-L2m2_V005,msc_x10_causal_angle_halfgaussian_v1,26,3,5,local_same_tissue_variant,False,250625 to 250728::1D-L2m2_Raw.csv,1D-L2m2,DRG,250625 to 250728::4D-T7m1_Raw.csv,0.3111111111111111,123,False,939,13.06945,0.93194,7.716665,6.784725,4.19583,3.26389,0.93194,7.466665,471,1.2959302295943198,0.2,causal_half_gaussian,3.0,1.5042648878118252,2.1290122948936494,29.982238733604657,25.013778083851477,-0.7238133307755372,-0.42072472677842243,-0.5891994239315159,1.0682925909391194,0.08659027732343476,-1.3636717730313506,4.252943768479895,0.00736604464040235,0.07106650085809574,difficult,fit_r_squared_below_0.60;fit_pre_period_hours_at_bound,difficult,fit_r_squared_below_0.60,difficult,fit_r_squared_below_0.60,difficult,fit_r_squared_below_0.60,difficult,fit_r_squared_below_0.60;fit_pre_period_hours_at_bound,0.13139729251186344,0.018689283954636357,0.36807037352395144,0.2962962962962963,0.5504123606515561,0.19361411780963791,1.5013536936572558,0.6556291390728477,0.20371147553312202,18.25951319806759
SYN_A003_1D-L2m2_V006,msc_x10_causal_angle_halfgaussian_v1,27,3,6,local_same_tissue_variant,False,250625 to 250728::1D-L2m2_Raw.csv,1D-L2m2,DRG,250625 to 250728::7D-L2_Raw.csv,0.35,123,False,939,13.06945,0.93194,7.716665,6.784725,4.19583,3.26389,0.93194,7.466665,471,1.2959302295943198,0.2,causal_half_gaussian,3.0,1.4784209537739834,2.047018028329414,29.990624238759,25.21853225458214,-0.7898312013382364,-0.3480048645014391,0.08104851023654436,1.3111396138363318,0.09907861761180448,-1.0802726717845037,5.262460841956964,0.004706609424937573,0.1122401090001471,difficult,fit_r_squared_below_0.60;fit_pre_period_hours_at_bound,difficult,fit_r_squared_below_0.60,difficult,fit_r_squared_below_0.60,difficult,fit_r_squared_below_0.60,difficult,fit_r_squared_below_0.60;fit_pre_period_hours_at_bound,0.10339390567662929,0.01230972144272444,0.2896272271292133,0.2674897119341564,0.6653906185622243,0.28174286449410024,1.8149786129815857,0.7770419426048565,0.18634573228270376,15.812799969228474
SYN_A003_1D-L2m2_V007,msc_x10_causal_angle_halfgaussian_v1,28,3,7,local_same_tissue_variant,False,250625 to 250728::1D-L2m2_Raw.csv,1D-L2m2,DRG,250625 to 250728::4D-T7m1_Raw.csv,0.15555555555555556,123,False,939,13.06945,0.93194,7.716665,6.784725,4.19583,3.26389,0.93194,7.466665,471,1.2959302295943198,0.2,causal_half_gaussian,3.0,1.6047729620970255,2.067109590916607,29.98972069220592,25.157073543095766,-0.7900253116858023,-0.4118476020176789,-0.9855994115847068,0.8969963180483216,0.06630966135786993,-1.9599438462254297,3.5914589874092298,0.004700414969279767,0.07514400643979342,difficult,fit_r_squared_below_0.60;fit_pre_period_hours_at_bound,difficult,fit_r_squared_below_0.60,difficult,fit_r_squared_below_0.60,difficult,fit_r_squared_below_0.60,difficult,fit_r_squared_below_0.60;fit_pre_period_hours_at_bound,0.11215703056935024,0.013346046767429958,0.31417451110167127,0.28189300411522633,0.549881763141938,0.19773889579019968,1.4999063887130728,0.6578366445916115,0.1893153345482802,28.23921850788314
SYN_A003_1D-L2m2_V008,msc_x10_causal_angle_halfgaussian_v1,29,3,8,local_same_tissue_variant,False,250625 to 250728::1D-L2m2_Raw.csv,1D-L2m2,DRG,250625 to 250728::6A-T7_Raw.csv,0.19444444444444445,123,False,939,13.06945,0.93194,7.716665,6.784725,4.19583,3.26389,0.93194,7.466665,471,1.2959302295943198,0.2,causal_half_gaussian,3.0,1.6192725330209974,1.8961249932929076,29.086783665201693,25.288173215278043,-0.7766002541950524,-0.3973673898354801,-0.8101325147983879,1.1959415159094338,0.02130556884338957,-2.1840958438857565,4.813350988566594,0.005148658108867151,0.0823032428662089,difficult,fit_r_squared_below_0.60;fit_pre_period_hours_at_bound,difficult,fit_r_squared_below_0.60,difficult,fit_r_squared_below_0.60,difficult,fit_r_squared_below_0.60,difficult,fit_r_squared_below_0.60;fit_pre_period_hours_at_bound,0.11840495193983985,0.014608505015462608,0.3316762016511684,0.29012345679012347,0.528436248623646,0.19698458604183153,1.4414096965306804,0.6490066225165563,0.17745313740065957,33.572435547121785
SYN_A003_1D-L2m2_V009,msc_x10_causal_angle_halfgaussian_v1,30,3,9,local_same_tissue_variant,False,250625 to 250728::1D-L2m2_Raw.csv,1D-L2m2,DRG,250625 to 250728::8A-L3_Raw.csv,0.11666666666666667,123,False,939,13.06945,0.93194,7.716665,6.784725,4.19583,3.26389,0.93194,7.466665,471,1.2959302295943198,0.2,causal_half_gaussian,3.0,1.6478812436024706,1.9270787339276303,29.9970128018432,25.115233298548233,-0.8361845766251392,-0.38888746734538227,-1.1404083882715452,0.8061746074967759,0.040402588375698066,-2.2215081347875905,3.222452045702234,0.003436566551077327,0.08680849545390912,difficult,fit_r_squared_below_0.60;fit_pre_period_hours_at_bound,difficult,fit_r_squared_below_0.60,difficult,fit_r_squared_below_0.60,difficult,fit_r_squared_below_0.60,difficult,fit_r_squared_below_0.60;fit_pre_period_hours_at_bound,0.0985873206785548,0.010359348331852829,0.2761630110727358,0.2716049382716049,0.5519074528288682,0.21011229588744565,1.5054318400130324,0.6688741721854304,0.17294499058842433,35.037632998211095
SYN_A004_2C-L3m2_V000,msc_x10_causal_angle_halfgaussian_v1,31,4,0,anchor_exact_fit,True,250625 to 250728::2C-L3m2_Raw.csv,2C-L3m2,DRG,250625 to 250728::2C-L3m2_Raw.csv,0.0,123,False,939,13.05556,0.9375,7.722225,6.784725,4.20139,3.26389,0.9375,7.472225,471,-0.9618488342217332,0.2,causal_half_gaussian,3.0,0.9711584302874242,5.61230019016966,25.99389975836706,24.433149715349057,-0.3330202795587821,-0.316721639165635,9.999999999995238,-2.754290567228268,0.2913003870970173,4.773301882760652,-10.710490061747034,0.10440778720496198,0.1372283242347817,eligible,none,eligible,none,eligible,none,eligible,none,eligible,none,0.3156222772494297,0.1284314523855828,0.4646706322465731,0.1601642710472279,2.022665650866692,0.9227928020309395,2.078522996927753,0.8716814159292036,0.19939060708810458,24.600557018500044
SYN_A004_2C-L3m2_V001,msc_x10_causal_angle_halfgaussian_v1,32,4,1,local_same_tissue_variant,False,250625 to 250728::2C-L3m2_Raw.csv,2C-L3m2,DRG,250811::8C-2ML4_Raw.csv,0.07777777777777778,123,False,939,13.05556,0.9375,7.722225,6.784725,4.20139,3.26389,0.9375,7.472225,471,-0.9618488342217332,0.2,causal_half_gaussian,3.0,0.9624998362794754,5.517655916457111,26.087352811981518,24.45134248483432,-0.33493410240002797,-0.3274618388663155,9.35756662274728,-2.5843868541559094,0.28148690785253205,4.670512830485757,-10.05727588713047,0.1030608407850512,0.1282903582366798,eligible,none,eligible,none,eligible,none,eligible,none,eligible,none,0.3107943068081379,0.12581507373562797,0.4575627180113245,0.1540041067761807,1.9209149651790949,0.8572474370653225,1.9739623939115227,0.8362831858407079,0.19551274450042389,24.548232730581866
SYN_A004_2C-L3m2_V002,msc_x10_causal_angle_halfgaussian_v1,33,4,2,local_same_tissue_variant,False,250625 to 250728::2C-L3m2_Raw.csv,2C-L3m2,DRG,250811::2D-1FL2_Raw.csv,0.23333333333333334,123,False,939,13.05556,0.9375,7.722225,6.784725,4.20139,3.26389,0.9375,7.472225,471,-0.9618488342217332,0.2,causal_half_gaussian,3.0,0.9162736109701863,5.405555927534142,25.79577754968991,24.624490328745495,-0.33477058882264565,-0.3243905777858402,8.415641789086719,-2.845197549112098,0.27496570188567676,4.298570863096982,-11.150640337063473,0.10317523937595209,0.13078509633424976,eligible,none,eligible,none,eligible,none,eligible,none,eligible,none,0.296031031425961,0.11989155523781515,0.43582768534617117,0.13347022587268995,1.900604570040111,0.8546262878007542,1.9530911128102795,0.834070796460177,0.18887512316352664,23.387298820892763
SYN_A004_2C-L3m2_V003,msc_x10_causal_angle_halfgaussian_v1,34,4,3,local_same_tissue_variant,False,250625 to 250728::2C-L3m2_Raw.csv,2C-L3m2,DRG,250811::6A-1FL1_Raw.csv,0.19444444444444445,123,False,939,13.05556,0.9375,7.722225,6.784725,4.20139,3.26389,0.9375,7.472225,471,-0.9618488342217332,0.2,causal_half_gaussian,3.0,1.003617066546079,5.71007015888171,26.42835545371126,24.44398955993769,-0.40568917381200925,-0.31450170080449646,9.771657245759572,3.0148293588740565,0.31215281771441067,4.554202045261812,11.728837169437432,0.063768912020592,0.13915202020074785,eligible,none,eligible,none,eligible,none,eligible,none,eligible,none,0.25522993839731467,0.08535418833519469,0.3757588275355123,0.1437371663244353,2.0726749628869934,0.950824033934779,2.1299133515571467,0.8871681415929203,0.16330425535307516,28.65797681541173
SYN_A004_2C-L3m2_V004,msc_x10_causal_angle_halfgaussian_v1,35,4,4,local_same_tissue_variant,False,250625 to 250728::2C-L3m2_Raw.csv,2C-L3m2,DRG,250811::4D-1FL4_Raw.csv,0.3111111111111111,123,False,939,13.05556,0.9375,7.722225,6.784725,4.20139,3.26389,0.9375,7.472225,471,-0.9618488342217332,0.2,causal_half_gaussian,3.0,0.9570858869601969,6.4813939846652895,25.654220333084563,24.66640054713572,-0.32351248219457174,-0.3417267780292836,9.507253604894291,-2.9209357932880993,0.22395279885056915,4.610515911366104,-11.466950078232122,0.11136488398235583,0.11731270230935194,eligible,none,eligible,none,eligible,none,eligible,none,eligible,none,0.3211918172087437,0.13409634317623875,0.4728703121828906,0.15811088295687886,2.1550621560916294,0.928524920097942,2.2145757255163767,0.8783185840707964,0.21959293460101098,21.57555107963463
SYN_A004_2C-L3m2_V005,msc_x10_causal_angle_halfgaussian_v1,36,4,5,local_same_tissue_variant,False,250625 to 250728::2C-L3m2_Raw.csv,2C-L3m2,DRG,250625 to 250728::3B-T10m2_Raw.csv,0.15555555555555556,123,False,939,13.05556,0.9375,7.722225,6.784725,4.20139,3.26389,0.9375,7.472225,471,-0.9618488342217332,0.2,causal_half_gaussian,3.0,0.9864799089985162,5.732276369188425,26.50664953099718,24.320397983692324,-0.3479591563367188,-0.3458976450434543,9.245798468344022,-2.2738139162141993,0.2621373692636696,4.8220704163157375,-8.801277804109617,0.09434403917331848,0.11428418760030613,eligible,none,eligible,none,eligible,none,eligible,none,eligible,none,0.304838097157847,0.11913952420610159,0.4487937688480606,0.1601642710472279,1.884382107622521,0.8019597087546023,1.9364206555909615,0.8075221238938053,0.19299407818861017,25.67558215422912
SYN_A004_2C-L3m2_V006,msc_x10_causal_angle_halfgaussian_v1,37,4,6,local_same_tissue_variant,False,250625 to 250728::2C-L3m2_Raw.csv,2C-L3m2,DRG,250625 to 250728::3B-T10m2_Raw.csv,0.11666666666666667,123,False,939,13.05556,0.9375,7.722225,6.784725,4.20139,3.26389,0.9375,7.472225,471,-0.9618488342217332,0.2,causal_half_gaussian,3.0,0.9826495393207432,5.702282324433734,26.37846208783965,24.348585916606506,-0.34422443714223466,-0.3386036435739995,9.434348851256825,-2.3939330789677165,0.26942812372200653,4.809878282926967,-9.27696421514849,0.09676517185866072,0.11963287756055044,eligible,none,eligible,none,eligible,none,eligible,none,eligible,none,0.3075061415838959,0.1214002816559676,0.45272176119739127,0.1601642710472279,1.9151842557602596,0.8315459584002293,1.968073426888893,0.8230088495575221,0.19452852096490325,25.408646801495806
SYN_A004_2C-L3m2_V007,msc_x10_causal_angle_halfgaussian_v1,38,4,7,local_same_tissue_variant,False,250625 to 250728::2C-L3m2_Raw.csv,2C-L3m2,DRG,250811::6A-1FL1_Raw.csv,0.03888888888888889,123,False,939,13.05556,0.9375,7.722225,6.784725,4.20139,3.26389,0.9375,7.472225,471,-0.9618488342217332,0.2,causal_half_gaussian,3.0,0.9776501575391552,5.63185418391207,26.0807908974359,24.435317684266785,-0.34755405840942755,-0.3162776514934073,9.954331449148105,-2.8571036434437205,0.295470873220496,4.729481915260884,-11.111280627781106,0.09460369836302657,0.13761092405456707,eligible,none,eligible,none,eligible,none,eligible,none,eligible,none,0.302522890832393,0.11836406543496665,0.4453852376239487,0.15605749486652978,2.0326187088958787,0.9283543735537095,2.0887509157113433,0.8761061946902655,0.19073091831040834,25.481395227925596
SYN_A004_2C-L3m2_V008,msc_x10_causal_angle_halfgaussian_v1,39,4,8,local_same_tissue_variant,False,250625 to 250728::2C-L3m2_Raw.csv,2C-L3m2,DRG,250811::2D-1FL2_Raw.csv,0.27222222222222225,123,False,939,13.05556,0.9375,7.722225,6.784725,4.20139,3.26389,0.9375,7.472225,471,-0.9618488342217332,0.2,causal_half_gaussian,3.0,0.9071261410839799,5.371098550428222,25.762757181577047,24.656380430978235,-0.3350623070332896,-0.32566873422254106,8.151582087268633,-2.860348712759403,0.2722432543504534,4.21944902648637,-11.224537010943669,0.10297123402325288,0.1297410293909307,eligible,none,eligible,none,eligible,none,eligible,none,eligible,none,0.2927872480136426,0.11848447494937556,0.4310520690550506,0.1293634496919918,1.8807275720518373,0.8430293020072208,1.9326651974293512,0.827433628318584,0.18713723498674176,23.170012655887856
SYN_A004_2C-L3m2_V009,msc_x10_causal_angle_halfgaussian_v1,40,4,9,local_same_tissue_variant,False,250625 to 250728::2C-L3m2_Raw.csv,2C-L3m2,DRG,250811::4D-1FL4_Raw.csv,0.35,123,False,939,13.05556,0.9375,7.722225,6.784725,4.20139,3.26389,0.9375,7.472225,471,-0.9618488342217332,0.2,causal_half_gaussian,3.0,0.9553268190442934,6.590030708977244,25.61176040492425,24.69555690110905,-0.32232400752404544,-0.3448524203872396,9.445660305506674,-2.941766446545578,0.21553435031976315,4.590167664941785,-11.562377539211937,0.1122665020090279,0.1150357156922705,eligible,none,eligible,none,eligible,none,eligible,none,eligible,none,0.3218900332075208,0.13481976994121322,0.47389825125114604,0.15811088295687886,2.170170891012599,0.9274574380626515,2.2301016988645994,0.8761061946902655,0.22213416093358393,21.23459255303212
SYN_A005_3A-L5m2_V000,msc_x10_causal_angle_halfgaussian_v1,41,5,0,anchor_exact_fit,True,250625 to 250728::3A-L5m2_Raw.csv,3A-L5m2,DRG,250625 to 250728::3A-L5m2_Raw.csv,0.0,123,False,939,13.05556,0.94097,7.725695,6.784725,4.20486,3.26389,0.94097,7.475695,471,-1.5047393256992414,0.2,causal_half_gaussian,3.0,1.2565342196856206,3.764097487345372,24.55443766155443,24.13441265541922,-0.16615998166359,-0.5422136943322643,1.2002408679013652,2.020471588959687,0.0552855864305885,0.8735961467817567,7.760855792488551,0.32389050054498547,0.03336884456108881,eligible,none,eligible,none,eligible,none,eligible,none,eligible,none,0.7171769860654578,0.4579180986806213,2.0994975531034847,1.0,0.6716642098441219,0.17640280411137158,2.500222763895673,0.7765486725663717,1.3629585749833226,1.8763639548817999
SYN_A005_3A-L5m2_V001,msc_x10_causal_angle_halfgaussian_v1,42,5,1,local_same_tissue_variant,False,250625 to 250728::3A-L5m2_Raw.csv,3A-L5m2,DRG,250625 to 250728::5B-T12m2_Raw.csv,0.23333333333333334,123,False,939,13.05556,0.94097,7.725695,6.784725,4.20486,3.26389,0.94097,7.475695,471,-1.5047393256992414,0.2,causal_half_gaussian,3.0,1.1300966393670842,3.8780776804943438,24.44152283136858,24.061859284184116,-0.12266814730235823,-0.5289093889456778,1.9172381183397538,1.7382395682112755,0.014493347149879897,0.38262562533469363,6.656699404473766,0.4350607311905502,0.0362722059235402,eligible,none,eligible,none,eligible,none,eligible,none,eligible,none,0.7469912208109397,0.5363833158981901,2.186777142538162,1.0,0.7264866582640924,0.19591811971136494,2.7042954709168154,0.8030973451327433,1.6093769320583766,0.695993699776793
SYN_A005_3A-L5m2_V002,msc_x10_causal_angle_halfgaussian_v1,43,5,2,local_same_tissue_variant,False,250625 to 250728::3A-L5m2_Raw.csv,3A-L5m2,DRG,250811::8C-2ML4_Raw.csv,0.15555555555555556,123,False,939,13.05556,0.94097,7.725695,6.784725,4.20486,3.26389,0.94097,7.475695,471,-1.5047393256992414,0.2,causal_half_gaussian,3.0,1.1948252422077814,3.862307138137385,24.965260094954196,24.21726840371216,-0.19594367368533377,-0.5286175518188163,1.284225533953384,1.6175382352529448,0.07237204137861808,1.274638934495351,6.234474344028422,0.26462965957982326,0.036338647103495644,eligible,none,eligible,none,eligible,none,eligible,none,eligible,none,0.6167386264599881,0.36336110095059415,1.8054695874456954,0.946611909650924,0.7189052148403089,0.19544308134112126,2.6760740811903476,0.8030973451327433,1.1035704848059373,3.38124103886462
SYN_A005_3A-L5m2_V003,msc_x10_causal_angle_halfgaussian_v1,44,5,3,local_same_tissue_variant,False,250625 to 250728::3A-L5m2_Raw.csv,3A-L5m2,DRG,250625 to 250728::8C-L3m1_Raw.csv,0.03888888888888889,123,False,939,13.05556,0.94097,7.725695,6.784725,4.20486,3.26389,0.94097,7.475695,471,-1.5047393256992414,0.2,causal_half_gaussian,3.0,1.2491115711827805,3.660258801767228,24.547870371669784,24.118322132539763,-0.17151573443951776,-0.5457973535288323,1.1401853882541972,1.9685664980653899,0.05328966989011855,0.8562575686221952,7.556441298240029,0.312332456948052,0.03262732513359823,eligible,none,eligible,none,eligible,none,eligible,none,eligible,none,0.7001693475191435,0.4406405217863323,2.0497085941633046,1.0,0.6468316186824135,0.16810151239407506,2.4077851904787018,0.7632743362831859,1.3095966331855025,1.9140615602451065
SYN_A005_3A-L5m2_V004,msc_x10_causal_angle_halfgaussian_v1,45,5,4,local_same_tissue_variant,False,250625 to 250728::3A-L5m2_Raw.csv,3A-L5m2,DRG,250811::4A-2MT10_Raw.csv,0.3111111111111111,123,False,939,13.05556,0.94097,7.725695,6.784725,4.20486,3.26389,0.94097,7.475695,471,-1.5047393256992414,0.2,causal_half_gaussian,3.0,1.1462497985779152,3.4739916312296026,25.425024673941135,24.287362582736087,-0.22189650834855248,-0.5259019662308532,1.4778880150385798,1.2848995616918248,0.06328819987667485,-0.09574157967754415,4.966719905833277,0.22190480672525353,0.03696275642432587,eligible,none,eligible,none,eligible,none,eligible,none,eligible,none,0.5420456007749308,0.29774260390258594,1.58680972006763,0.8069815195071869,0.6522357458590841,0.17850858477029674,2.4279016736678756,0.7721238938053098,0.9063483399070766,0.3092391516830107
SYN_A005_3A-L5m2_V005,msc_x10_causal_angle_halfgaussian_v1,46,5,5,local_same_tissue_variant,False,250625 to 250728::3A-L5m2_Raw.csv,3A-L5m2,DRG,250625 to 250728::4D-T7m1_Raw.csv,0.35,123,False,939,13.05556,0.94097,7.725695,6.784725,4.20486,3.26389,0.94097,7.475695,471,-1.5047393256992414,0.2,causal_half_gaussian,3.0,1.187452438387732,3.287766861151684,26.44257100094005,24.220082593541864,-0.25871008344186075,-0.513452099067572,1.1883567466223026,1.952718162633226,0.09767718298971016,1.014774088297992,7.527232266545384,0.17285939322401506,0.039964113356247055,eligible,none,eligible,none,eligible,none,eligible,none,eligible,none,0.49592214645190663,0.24663307929915393,1.4517857561460783,0.7125256673511293,0.6422049923706059,0.1812384366882981,2.390562899555229,0.7743362831858407,0.7555365171316392,3.931904287414457
SYN_A005_3A-L5m2_V006,msc_x10_causal_angle_halfgaussian_v1,47,5,6,local_same_tissue_variant,False,250625 to 250728::3A-L5m2_Raw.csv,3A-L5m2,DRG,250625 to 250728::4D-T7m1_Raw.csv,0.07777777777777778,123,False,939,13.05556,0.94097,7.725695,6.784725,4.20486,3.26389,0.94097,7.475695,471,-1.5047393256992414,0.2,causal_half_gaussian,3.0,1.2411827127305344,3.658246237080108,24.97402284808457,24.15345041944647,-0.18672667094765016,-0.5358222287178882,1.1975999520615734,2.0054152719982508,0.06470594122150443,0.9049690226742534,7.709099123220569,0.28170661764863586,0.034733425470875975,eligible,none,eligible,none,eligible,none,eligible,none,eligible,none,0.6609098789986808,0.39919705427316104,1.934778584282408,1.0,0.6654969046770934,0.17774003466605015,2.4772654043334077,0.7765486725663717,1.1922622067685693,2.2220353506996604
SYN_A005_3A-L5m2_V007,msc_x10_causal_angle_halfgaussian_v1,48,5,7,local_same_tissue_variant,False,250625 to 250728::3A-L5m2_Raw.csv,3A-L5m2,DRG,250625 to 250728::8C-L3m1_Raw.csv,0.27222222222222225,123,False,939,13.05556,0.94097,7.725695,6.784725,4.20486,3.26389,0.94097,7.475695,471,-1.5047393256992414,0.2,causal_half_gaussian,3.0,1.2045756801657401,3.037226688298362,24.508466632361905,24.021778995263038,-0.20365025109508428,-0.5672993087082403,0.7798525103711891,1.6571359526996066,0.04131417064729885,0.7522260996648262,6.33553710016607,0.2511484827885935,0.028511711094223322,eligible,none,eligible,none,eligible,none,eligible,none,eligible,none,0.605807969490701,0.3495711487685199,1.773470669456521,0.9158110882956879,0.5038397009915376,0.12354588068172656,1.8755078375633296,0.6814159292035398,1.0277912372722946,2.1425576446021464
SYN_A005_3A-L5m2_V008,msc_x10_causal_angle_halfgaussian_v1,49,5,8,local_same_tissue_variant,False,250625 to 250728::3A-L5m2_Raw.csv,3A-L5m2,DRG,250625 to 250728::5B-T12m2_Raw.csv,0.19444444444444445,123,False,939,13.05556,0.94097,7.725695,6.784725,4.20486,3.26389,0.94097,7.475695,471,-1.5047393256992414,0.2,causal_half_gaussian,3.0,1.1511695694201736,3.8590809816361817,24.460341969732887,24.0739515127233,-0.1299167863625635,-0.5311267731767756,1.7977385766000225,1.7852782383360104,0.021292053696664662,0.4644540455758708,6.840272830615207,0.4141820496514058,0.035771336643894605,eligible,none,eligible,none,eligible,none,eligible,none,eligible,none,0.7425309605065502,0.522846988107049,2.173719967284053,1.0,0.7178695955703023,0.19253354726753527,2.672219061322309,0.7986725663716814,1.5662824663043562,0.8680838805678743
SYN_A005_3A-L5m2_V009,msc_x10_causal_angle_halfgaussian_v1,50,5,9,local_same_tissue_variant,False,250625 to 250728::3A-L5m2_Raw.csv,3A-L5m2,DRG,250811::8C-2ML4_Raw.csv,0.11666666666666667,123,False,939,13.05556,0.94097,7.725695,6.784725,4.20486,3.26389,0.94097,7.475695,471,-1.5047393256992414,0.2,causal_half_gaussian,3.0,1.210252486577241,3.837754725439382,24.862554486604253,24.196554466638926,-0.18849775067989785,-0.5320165874471783,1.2632293674403792,1.7182715736796306,0.06810042764161069,1.1743782375669525,6.6170659766327065,0.2783418062957292,0.03557229276945122,eligible,none,eligible,none,eligible,none,eligible,none,eligible,none,0.6405994476082891,0.3850834790644978,1.8753208746303702,0.9897330595482546,0.7066542912807445,0.19051031325193338,2.6304708801957957,0.7964601769911505,1.1626388036757878,2.957006022879837
SYN_A006_3B-T10m2_V000,msc_x10_causal_angle_halfgaussian_v1,51,6,0,anchor_exact_fit,True,250625 to 250728::3B-T10m2_Raw.csv,3B-T10m2,DRG,250625 to 250728::3B-T10m2_Raw.csv,0.0,123,False,940,13.06944,0.93403,7.71875,6.78472,4.19792,3.26389,0.93403,7.46875,471,-0.0338154304192865,0.2,causal_half_gaussian,3.0,1.0696536505730154,6.383575626718868,29.290148296703546,23.70831715469863,-0.4290559159883753,-0.5042816769516165,5.151561582237419,0.3344879035764601,0.1038238438826392,5.086813884186203,1.2621218243140875,0.054419961432689574,0.042034307841563076,eligible,none,eligible,none,eligible,none,eligible,none,eligible,none,0.2513952665311348,0.07893158549698988,0.6158682031375795,0.3326488706365503,1.2703927004799878,0.3631392791359828,1.8717976991148464,0.6997792494481236,0.24177673575326647,30.999326444853153
SYN_A006_3B-T10m2_V001,msc_x10_causal_angle_halfgaussian_v1,52,6,1,local_same_tissue_variant,False,250625 to 250728::3B-T10m2_Raw.csv,3B-T10m2,DRG,250811::5C-1FT7_Raw.csv,0.11666666666666667,123,False,940,13.06944,0.93403,7.71875,6.78472,4.19792,3.26389,0.93403,7.46875,471,-0.0338154304192865,0.2,causal_half_gaussian,3.0,1.0720117231254005,6.219843839821817,29.371567422407626,23.890485554651228,-0.4199307188723792,-0.5150085544713434,4.857265899476528,0.5503097349892427,0.10073920888150321,4.939668618902879,2.092436579790448,0.05789568935813756,0.03929395603243647,eligible,none,eligible,none,eligible,none,eligible,none,eligible,none,0.259829618080559,0.08361466479726379,0.6365306802201828,0.3408624229979466,1.1960226148641226,0.33289386621906913,1.762220750911228,0.6777041942604857,0.24328919309184419,29.915475920995103
SYN_A006_3B-T10m2_V002,msc_x10_causal_angle_halfgaussian_v1,53,6,2,local_same_tissue_variant,False,250625 to 250728::3B-T10m2_Raw.csv,3B-T10m2,DRG,250625 to 250728::2C-L3m2_Raw.csv,0.19444444444444445,123,False,940,13.06944,0.93403,7.71875,6.78472,4.19792,3.26389,0.93403,7.46875,471,-0.0338154304192865,0.2,causal_half_gaussian,3.0,1.0505018021841506,6.233605402945411,28.649211080915897,23.849256819269545,-0.41038232001595437,-0.46781166960434234,6.09431349680144,-0.2661079101911259,0.14027761617432383,5.025853217242346,-1.0100730093914898,0.06177051485606442,0.05286227374833544,eligible,none,eligible,none,eligible,none,eligible,none,eligible,none,0.26295499760769586,0.08683034704230218,0.6441872359702585,0.3408624229979466,1.3941811878328167,0.43630182058689015,2.0541877630032706,0.7461368653421634,0.24786143415183604,29.87595260450206
SYN_A006_3B-T10m2_V003,msc_x10_causal_angle_halfgaussian_v1,54,6,3,local_same_tissue_variant,False,250625 to 250728::3B-T10m2_Raw.csv,3B-T10m2,DRG,250625 to 250728::4B-T12m2_Raw.csv,0.3111111111111111,123,False,940,13.06944,0.93403,7.71875,6.78472,4.19792,3.26389,0.93403,7.46875,471,-0.0338154304192865,0.2,causal_half_gaussian,3.0,1.0097378784876858,6.042019264342978,29.374227244927923,23.83710190102833,-0.44345533695789396,-0.4948179656370051,6.51185595038865,0.17619733049064878,0.05349804060896304,5.36196081343966,0.6684561279444556,0.04935479800754049,0.04461021702120825,eligible,none,eligible,none,eligible,none,eligible,none,eligible,none,0.22605634620078066,0.06826936995761128,0.5537929081305083,0.30390143737166325,1.2394069317454581,0.36270678729583355,1.8261432407724112,0.695364238410596,0.22124785440263067,35.707996817739904
SYN_A006_3B-T10m2_V004,msc_x10_causal_angle_halfgaussian_v1,55,6,4,local_same_tissue_variant,False,250625 to 250728::3B-T10m2_Raw.csv,3B-T10m2,DRG,250811::8C-2ML4_Raw.csv,0.23333333333333334,123,False,940,13.06944,0.93403,7.71875,6.78472,4.19792,3.26389,0.93403,7.46875,471,-0.0338154304192865,0.2,causal_half_gaussian,3.0,1.020695650482531,5.919678537053072,28.801382798601733,23.932023060639516,-0.41238906934520775,-0.49273826723692904,4.3555637479703675,0.12348406627243325,0.11812793289920508,4.70529392702889,0.47033843141257914,0.060935194391421095,0.0451971140393518,eligible,none,eligible,none,eligible,none,eligible,none,eligible,none,0.2537695508447232,0.08334442106985399,0.6216847255969088,0.33059548254620125,1.2224227924329778,0.35958878322010845,1.8011187952804502,0.6909492273730684,0.2361401290936555,29.358771639133984
SYN_A006_3B-T10m2_V005,msc_x10_causal_angle_halfgaussian_v1,56,6,5,local_same_tissue_variant,False,250625 to 250728::3B-T10m2_Raw.csv,3B-T10m2,DRG,250625 to 250728::4D-T7m1_Raw.csv,0.15555555555555556,123,False,940,13.06944,0.93403,7.71875,6.78472,4.19792,3.26389,0.93403,7.46875,471,-0.0338154304192865,0.2,causal_half_gaussian,3.0,1.0680209474136924,5.7643987489524635,29.39265257096285,23.812674205087454,-0.4292943714393068,-0.4973992817598541,4.531629861661116,0.5666393984909792,0.11511415786081872,4.494170210152727,2.1475093807298955,0.054331989091776264,0.04389235086491179,eligible,none,eligible,none,eligible,none,eligible,none,eligible,none,0.2508096110018146,0.07869702152179293,0.6144334640373691,0.3326488706365503,1.1727269557973534,0.3410002866886215,1.727896906776995,0.6777041942604857,0.22625808863575356,29.266199049633897
SYN_A006_3B-T10m2_V006,msc_x10_causal_angle_halfgaussian_v1,57,6,6,local_same_tissue_variant,False,250625 to 250728::3B-T10m2_Raw.csv,3B-T10m2,DRG,250811::8C-2ML4_Raw.csv,0.07777777777777778,123,False,940,13.06944,0.93403,7.71875,6.78472,4.19792,3.26389,0.93403,7.46875,471,-0.0338154304192865,0.2,causal_half_gaussian,3.0,1.0533343172095206,6.228943263496936,29.12722646400294,23.78288579001226,-0.4235003004406528,-0.5004338737133873,4.886228970815068,0.2641532911417843,0.10859187355482783,4.959640565133765,0.9998634843862247,0.056510379010149735,0.043063187085077295,eligible,none,eligible,none,eligible,none,eligible,none,eligible,none,0.2522454037318556,0.08039544107301658,0.6179508695196988,0.3326488706365503,1.254983843528437,0.3621789388962517,1.8490942760103173,0.6975717439293598,0.23987702387728602,30.46368744467474
SYN_A006_3B-T10m2_V007,msc_x10_causal_angle_halfgaussian_v1,58,6,7,local_same_tissue_variant,False,250625 to 250728::3B-T10m2_Raw.csv,3B-T10m2,DRG,250625 to 250728::4D-T7m1_Raw.csv,0.27222222222222225,123,False,940,13.06944,0.93403,7.71875,6.78472,4.19792,3.26389,0.93403,7.46875,471,-0.0338154304192865,0.2,causal_half_gaussian,3.0,1.0667964200442002,5.300016090627659,29.469530776657326,23.89094199287907,-0.42947321302750546,-0.49223748536603223,4.066681071228889,0.7407530196768688,0.12358189334445337,4.04968745462762,2.8166107728715217,0.054266103174827045,0.04533958581524017,eligible,none,eligible,none,eligible,none,eligible,none,eligible,none,0.2503708810044232,0.07852143570790594,0.6133586631515595,0.3326488706365503,1.0962175827670932,0.32286543228277664,1.615167930654374,0.6578366445916115,0.21461684952326485,27.802164634420908
SYN_A006_3B-T10m2_V008,msc_x10_causal_angle_halfgaussian_v1,59,6,8,local_same_tissue_variant,False,250625 to 250728::3B-T10m2_Raw.csv,3B-T10m2,DRG,250625 to 250728::2C-L3m2_Raw.csv,0.03888888888888889,123,False,940,13.06944,0.93403,7.71875,6.78472,4.19792,3.26389,0.93403,7.46875,471,-0.0338154304192865,0.2,causal_half_gaussian,3.0,1.0658232808952424,6.3535815819641766,29.161960853546017,23.736505087612812,-0.4253211967938911,-0.49698767548216166,5.340111965150223,0.21436874082294288,0.11111459834097612,5.074621750797431,0.8098383954002808,0.055816529251705146,0.04400603990764853,eligible,none,eligible,none,eligible,none,eligible,none,eligible,none,0.25367242619271496,0.08045374559836414,0.6214467895938247,0.3347022587268994,1.2942965049778337,0.37673461725036356,1.9070175852510418,0.7086092715231788,0.24291317521090014,30.780347966134226
SYN_A006_3B-T10m2_V009,msc_x10_causal_angle_halfgaussian_v1,60,6,9,local_same_tissue_variant,False,250625 to 250728::3B-T10m2_Raw.csv,3B-T10m2,DRG,250625 to 250728::4B-T12m2_Raw.csv,0.35,123,False,940,13.06944,0.93403,7.71875,6.78472,4.19792,3.26389,0.93403,7.46875,471,-0.0338154304192865,0.2,causal_half_gaussian,3.0,1.0022484069770197,5.999324719045992,29.38473711345597,23.853199994319542,-0.4452552645790838,-0.49363500172267866,6.681892746407554,0.15641100885492243,0.04720731519975353,5.396354179596342,0.5937916666673146,0.04875574225177259,0.044943111942016854,eligible,none,eligible,none,eligible,none,eligible,none,eligible,none,0.2230207115649568,0.06702608009403152,0.5463562094434409,0.2997946611909651,1.2353184090013782,0.3625738606192211,1.8201192078397157,0.695364238410596,0.21879283481324885,36.34028007839839
SYN_A007_4B-T12m2_V000,msc_x10_causal_angle_halfgaussian_v1,61,7,0,anchor_exact_fit,True,250625 to 250728::4B-T12m2_Raw.csv,4B-T12m2,DRG,250625 to 250728::4B-T12m2_Raw.csv,0.0,123,False,940,13.06944,0.93542,7.720135,6.784715,4.19931,3.2638899999999995,0.93542,7.470135,471,1.0411209561362158,0.2,causal_half_gaussian,3.0,0.8770672402987418,5.28571589051065,29.56040205885333,24.122268125044094,-0.4753397691046854,-0.4738626048689369,9.523936337009234,-0.1743032241993614,-0.0579376666398913,5.971214728215172,-0.6691811403989989,0.039753998110597134,0.05088962743549396,difficult,pre_rhythm_to_residual_below_0.35,eligible,none,difficult,pre_rhythm_to_residual_below_0.35,eligible,none,difficult,pre_rhythm_to_residual_below_0.35,0.17632201244833975,0.04885719684839211,0.2561414532511673,0.07597535934291581,1.1594974671575133,0.3574470618121131,1.5852592821258007,0.6578366445916115,0.16798388040156834,48.598803854014974
SYN_A007_4B-T12m2_V001,msc_x10_causal_angle_halfgaussian_v1,62,7,1,local_same_tissue_variant,False,250625 to 250728::4B-T12m2_Raw.csv,4B-T12m2,DRG,250811::5A-2ML2_Raw.csv,0.3111111111111111,123,False,940,13.06944,0.93542,7.720135,6.784715,4.19931,3.2638899999999995,0.93542,7.470135,471,1.0411209561362158,0.2,causal_half_gaussian,3.0,0.6897304240041253,4.526641884771666,29.69712828101993,24.434756308876548,-0.5007190294370263,-0.4278459938966758,8.515166618815899,0.30302100027178946,-0.005337999709245617,5.137030913559542,1.1784220799046952,0.03346564429522073,0.06795602908994355,difficult,pre_rhythm_to_residual_below_0.35,eligible,none,difficult,pre_rhythm_to_residual_below_0.35,eligible,none,difficult,pre_rhythm_to_residual_below_0.35,0.12727805556129043,0.03293185848930007,0.18489572382803593,0.002053388090349076,1.1437742645800606,0.39528539076069114,1.5637625962453603,0.6688741721854304,0.13484309992667382,52.085153894285895
SYN_A007_4B-T12m2_V002,msc_x10_causal_angle_halfgaussian_v1,63,7,2,local_same_tissue_variant,False,250625 to 250728::4B-T12m2_Raw.csv,4B-T12m2,DRG,250625 to 250728::3B-T10m2_Raw.csv,0.35,123,False,940,13.06944,0.93542,7.720135,6.784715,4.19931,3.2638899999999995,0.93542,7.470135,471,1.0411209561362158,0.2,causal_half_gaussian,3.0,0.9444724838947376,5.669966798183526,29.465813242100907,23.977385285423182,-0.45914042051397685,-0.48450928009787475,7.993605172839099,0.0037736705221762534,-0.0013211379570056345,5.661674432805033,0.014400777253389693,0.0443724322270166,0.047595950953590205,difficult,pre_rhythm_to_residual_below_0.35,eligible,none,difficult,pre_rhythm_to_residual_below_0.35,eligible,none,difficult,pre_rhythm_to_residual_below_0.35,0.2005427887688899,0.05805293194063102,0.29132676425954096,0.1026694045174538,1.2021091936189667,0.3609138123273445,1.6435178267227317,0.6644591611479028,0.18622646867094647,41.565593372874176
SYN_A007_4B-T12m2_V003,msc_x10_causal_angle_halfgaussian_v1,64,7,3,local_same_tissue_variant,False,250625 to 250728::4B-T12m2_Raw.csv,4B-T12m2,DRG,250625 to 250728::2C-L3m2_Raw.csv,0.19444444444444445,123,False,940,13.06944,0.93542,7.720135,6.784715,4.19931,3.2638899999999995,0.93542,7.470135,471,1.0411209561362158,0.2,causal_half_gaussian,3.0,0.8953627494632078,5.349218393222124,28.866915500425446,24.182717323158947,-0.4476665350263153,-0.44330741709329485,9.616504271478735,-0.6759674297883156,0.009969732697840926,5.738287230487905,-2.6016627673791937,0.04796470480133079,0.06166336978841644,difficult,pre_rhythm_to_residual_below_0.35,eligible,none,difficult,pre_rhythm_to_residual_below_0.35,eligible,none,difficult,pre_rhythm_to_residual_below_0.35,0.1976216585016779,0.059007300351884326,0.28708326373802284,0.08829568788501027,1.286069627372823,0.4303621778319041,1.7583081222685244,0.7064017660044151,0.1803701814091445,43.49587195674751
SYN_A007_4B-T12m2_V004,msc_x10_causal_angle_halfgaussian_v1,65,7,4,local_same_tissue_variant,False,250625 to 250728::4B-T12m2_Raw.csv,4B-T12m2,DRG,250625 to 250728::8D-L4-1m1_Raw.csv,0.27222222222222225,123,False,940,13.06944,0.93542,7.720135,6.784715,4.19931,3.2638899999999995,0.93542,7.470135,471,1.0411209561362158,0.2,causal_half_gaussian,3.0,0.9835097546073721,4.707422544767922,28.708346546705453,24.518769577889067,-0.4496364855878753,-0.5034264184610286,8.973846770174056,0.20781755384615774,-0.02936816273681377,5.4051228901542006,0.8109629857919544,0.04732789512781869,0.04226074669987797,difficult,pre_rhythm_to_residual_below_0.35,eligible,none,difficult,pre_rhythm_to_residual_below_0.35,eligible,none,difficult,pre_rhythm_to_residual_below_0.35,0.21563872052456176,0.06404541130331766,0.3132564929666196,0.11909650924024641,0.9393883649390004,0.2690932490984937,1.2843271910642566,0.5783664459161147,0.17037014338838324,43.37530923660146
SYN_A007_4B-T12m2_V005,msc_x10_causal_angle_halfgaussian_v1,66,7,5,local_same_tissue_variant,False,250625 to 250728::4B-T12m2_Raw.csv,4B-T12m2,DRG,250811::4D-1FL4_Raw.csv,0.15555555555555556,123,False,940,13.06944,0.93542,7.720135,6.784715,4.19931,3.2638899999999995,0.93542,7.470135,471,1.0411209561362158,0.2,causal_half_gaussian,3.0,0.884667375966701,5.771064789927644,28.835773099469773,24.28725289942931,-0.44844728315988414,-0.46192102408024754,9.351617487034362,-0.6589572017004404,-0.03728554129292958,5.703479744336084,-2.547157122568279,0.04771130014813516,0.054855840969249246,difficult,pre_rhythm_to_residual_below_0.35,eligible,none,difficult,pre_rhythm_to_residual_below_0.35,eligible,none,difficult,pre_rhythm_to_residual_below_0.35,0.1947471688578791,0.05802656544506007,0.28290751764430255,0.08418891170431211,1.3153002224160195,0.41768195157944554,1.798272049251379,0.7041942604856513,0.18900383434016654,41.25720368215162
SYN_A007_4B-T12m2_V006,msc_x10_causal_angle_halfgaussian_v1,67,7,6,local_same_tissue_variant,False,250625 to 250728::4B-T12m2_Raw.csv,4B-T12m2,DRG,250811::5A-2ML2_Raw.csv,0.03888888888888889,123,False,940,13.06944,0.93542,7.720135,6.784715,4.19931,3.2638899999999995,0.93542,7.470135,471,1.0411209561362158,0.2,causal_half_gaussian,3.0,0.8536501382619148,5.190831639793277,29.577492836624156,24.16132914802315,-0.478512176646228,-0.46811052849740425,9.397840122235067,-0.1146376961404676,-0.05136270827356059,5.8669417513832185,-0.44082721960403487,0.03890748063616211,0.05276295516625246,difficult,pre_rhythm_to_residual_below_0.35,eligible,none,difficult,pre_rhythm_to_residual_below_0.35,eligible,none,difficult,pre_rhythm_to_residual_below_0.35,0.16978668236533387,0.04664506693586253,0.24664763610551932,0.06776180698151951,1.159845976987223,0.36269854271724694,1.5857357630652662,0.6578366445916115,0.16360040875901688,49.02954833512262
SYN_A007_4B-T12m2_V007,msc_x10_causal_angle_halfgaussian_v1,68,7,7,local_same_tissue_variant,False,250625 to 250728::4B-T12m2_Raw.csv,4B-T12m2,DRG,250625 to 250728::8D-L4-1m1_Raw.csv,0.07777777777777778,123,False,940,13.06944,0.93542,7.720135,6.784715,4.19931,3.2638899999999995,0.93542,7.470135,471,1.0411209561362158,0.2,causal_half_gaussian,3.0,0.9074793872440647,5.120489220298442,29.31695762681108,24.235554254428372,-0.46799597381416824,-0.4823094087523917,9.36676788934204,-0.06512585904349866,-0.049774951239012,5.8094742030548945,-0.2512040013226135,0.04178493949754259,0.048258562832030304,difficult,pre_rhythm_to_residual_below_0.35,eligible,none,difficult,pre_rhythm_to_residual_below_0.35,eligible,none,difficult,pre_rhythm_to_residual_below_0.35,0.18701417955506583,0.05285763945756206,0.2716738713712449,0.08829568788501027,1.0932851424109906,0.33003923497490084,1.4947341146557331,0.6357615894039735,0.16828072308485395,47.19901751961725
SYN_A007_4B-T12m2_V008,msc_x10_causal_angle_halfgaussian_v1,69,7,8,local_same_tissue_variant,False,250625 to 250728::4B-T12m2_Raw.csv,4B-T12m2,DRG,250811::4D-1FL4_Raw.csv,0.23333333333333334,123,False,940,13.06944,0.93542,7.720135,6.784715,4.19931,3.2638899999999995,0.93542,7.470135,471,1.0411209561362158,0.2,causal_half_gaussian,3.0,0.8884674438006805,6.013739239636141,28.473458619777993,24.369745286621914,-0.43500104018748353,-0.4559502336859029,9.265458062046925,-0.9012841904509798,-0.026959478619448723,5.5696122523965395,-3.4956896985119963,0.0522686725617516,0.05695340324502462,difficult,pre_rhythm_to_residual_below_0.35,eligible,none,difficult,pre_rhythm_to_residual_below_0.35,eligible,none,difficult,pre_rhythm_to_residual_below_0.35,0.2046639763525972,0.06323593967030706,0.29731357760266075,0.08829568788501027,1.391454043399957,0.4502723457138617,1.9023891818916814,0.7284768211920529,0.20026779477984313,38.02282197372155
SYN_A007_4B-T12m2_V009,msc_x10_causal_angle_halfgaussian_v1,70,7,9,local_same_tissue_variant,False,250625 to 250728::4B-T12m2_Raw.csv,4B-T12m2,DRG,250625 to 250728::2C-L3m2_Raw.csv,0.11666666666666667,123,False,940,13.06944,0.93542,7.720135,6.784715,4.19931,3.2638899999999995,0.93542,7.470135,471,1.0411209561362158,0.2,causal_half_gaussian,3.0,0.8880445457974214,5.323817392137534,29.1443101237966,24.158537643913007,-0.4587358286576633,-0.45552949220355166,9.579477097690933,-0.4753017475527339,-0.017193227037251964,5.8314582295788115,-1.8275117793119329,0.044494403679435635,0.057104201254572454,difficult,pre_rhythm_to_residual_below_0.35,eligible,none,difficult,pre_rhythm_to_residual_below_0.35,eligible,none,difficult,pre_rhythm_to_residual_below_0.35,0.18881892446476076,0.05471886065497986,0.2742956085979133,0.08213552361396304,1.230638890384257,0.39956972599840096,1.6825234889983758,0.6865342163355408,0.1751449613038821,45.520814253447874
SYN_A008_4C-T5m1_V000,msc_x10_causal_angle_halfgaussian_v1,71,8,0,anchor_exact_fit,True,250625 to 250728::4C-T5m1_Raw.csv,4C-T5m1,DRG,250625 to 250728::4C-T5m1_Raw.csv,0.0,123,False,939,13.05556,0.94097,7.725695,6.784725,4.20486,3.26389,0.94097,7.475695,471,-1.3917517793457,0.2,causal_half_gaussian,3.0,1.0748298750306695,2.711404896115604,26.31480857225468,25.326275398346866,-0.3489301247284209,-0.2681531309802373,3.0120824916145232,-1.0358597227261606,-0.0134749807773929,0.5737131270082417,-4.175345358960003,0.0937245666036798,0.18608642938000525,eligible,none,eligible,none,eligible,none,eligible,none,eligible,none,0.33105300592225384,0.12904586564730597,0.9318524014607046,0.4702258726899384,1.1427301467195248,0.5880141676939018,3.089785252798804,0.9933628318584071,0.39113952968526894,3.965954149359483
SYN_A008_4C-T5m1_V001,msc_x10_causal_angle_halfgaussian_v1,72,8,1,local_same_tissue_variant,False,250625 to 250728::4C-T5m1_Raw.csv,4C-T5m1,DRG,250811::4A-2MT10_Raw.csv,0.15555555555555556,123,False,939,13.05556,0.94097,7.725695,6.784725,4.20486,3.26389,0.94097,7.475695,471,-1.3917517793457,0.2,causal_half_gaussian,3.0,1.0479527847564758,2.730104148915683,26.476266603450213,25.21734949088322,-0.348367476927484,-0.3026289101176248,2.8690640348277503,-0.9282164212089596,0.0012224141780029334,0.1356927335211381,-3.7253648830087225,0.09408303553405488,0.1499076319474681,eligible,none,eligible,none,eligible,none,eligible,none,eligible,none,0.3233882379552384,0.1262497524562663,0.9102775107062622,0.459958932238193,1.0296356895274288,0.48643936373248553,2.783993384956193,0.9933628318584071,0.3862099692618167,0.9499871318446549
SYN_A008_4C-T5m1_V002,msc_x10_causal_angle_halfgaussian_v1,73,8,2,local_same_tissue_variant,False,250625 to 250728::4C-T5m1_Raw.csv,4C-T5m1,DRG,250811::8C-2ML4_Raw.csv,0.11666666666666667,123,False,939,13.05556,0.94097,7.725695,6.784725,4.20486,3.26389,0.94097,7.475695,471,-1.3917517793457,0.2,causal_half_gaussian,3.0,1.0497469821320344,2.9078762698530864,26.41754879105614,25.249366556225016,-0.3499447103871651,-0.2899297564862211,2.863689468387002,-0.9814877516428684,0.0073619266078937835,0.9094815701003476,-3.9441688888848185,0.09308161172826643,0.1623336222954276,eligible,none,eligible,none,eligible,none,eligible,none,eligible,none,0.3222220960789131,0.12525993569564867,0.9069950390523035,0.45790554414784396,1.1424871287316647,0.5570085377374612,3.089128165561532,0.9933628318584071,0.39197986673178814,6.273570071997258
SYN_A008_4C-T5m1_V003,msc_x10_causal_angle_halfgaussian_v1,74,8,3,local_same_tissue_variant,False,250625 to 250728::4C-T5m1_Raw.csv,4C-T5m1,DRG,250625 to 250728::5D-T10_Raw.csv,0.03888888888888889,123,False,939,13.05556,0.94097,7.725695,6.784725,4.20486,3.26389,0.94097,7.475695,471,-1.3917517793457,0.2,causal_half_gaussian,3.0,1.0806548725611134,2.7274258985800612,26.275058648966336,25.318437922070697,-0.3497910806711603,-0.27113389227068424,2.996858003221383,-1.0963533201538267,-0.013262606964150159,0.7224513405844389,-4.41781550597476,0.09317868456736365,0.1826404338478379,eligible,none,eligible,none,eligible,none,eligible,none,eligible,none,0.3318813755709344,0.12906838985700872,0.9341841073585855,0.4702258726899384,1.1384947471047353,0.5815239086300534,3.0783333143800493,0.9933628318584071,0.3917444317023296,4.9864375053173005
SYN_A008_4C-T5m1_V004,msc_x10_causal_angle_halfgaussian_v1,75,8,4,local_same_tissue_variant,False,250625 to 250728::4C-T5m1_Raw.csv,4C-T5m1,DRG,250625 to 250728::1B-L1m2_Raw.csv,0.23333333333333334,123,False,939,13.05556,0.94097,7.725695,6.784725,4.20486,3.26389,0.94097,7.475695,471,-1.3917517793457,0.2,causal_half_gaussian,3.0,1.1526746982343923,2.547659136706845,25.907936855409822,25.222079741591976,-0.34124686673597726,-0.24488752763308258,3.399140932606158,-0.32116637645303214,0.013861505107807618,0.42250043207609084,-1.289232063227607,0.09873990108588868,0.21531584564402104,eligible,none,eligible,none,eligible,none,eligible,none,eligible,none,0.3643562763527401,0.14500471768196044,1.0255948897389473,0.5112936344969199,1.1533761467520236,0.6308529698823283,3.1185705736342957,0.9933628318584071,0.42020175552942896,2.7186537947947587
SYN_A008_4C-T5m1_V005,msc_x10_causal_angle_halfgaussian_v1,76,8,5,local_same_tissue_variant,False,250625 to 250728::4C-T5m1_Raw.csv,4C-T5m1,DRG,250625 to 250728::6A-T7_Raw.csv,0.3111111111111111,123,False,939,13.05556,0.94097,7.725695,6.784725,4.20486,3.26389,0.94097,7.475695,471,-1.3917517793457,0.2,causal_half_gaussian,3.0,1.1333566309620775,2.3171678189817397,26.003771908613334,25.298702371401088,-0.3793397599567316,-0.3011313655031037,2.56002180734143,-1.6902013150818282,-0.03452017955841837,0.19534954452916725,-6.805449453980861,0.07625167070324426,0.15132202358905442,eligible,none,eligible,none,eligible,none,eligible,none,eligible,none,0.31502981609061814,0.11312020235815268,0.8867501137407224,0.4537987679671458,0.8781273507866743,0.416403257847821,2.374335661248544,0.9646017699115044,0.33572728536776963,1.5732957712186304
SYN_A008_4C-T5m1_V006,msc_x10_causal_angle_halfgaussian_v1,77,8,6,local_same_tissue_variant,False,250625 to 250728::4C-T5m1_Raw.csv,4C-T5m1,DRG,250625 to 250728::5D-T10_Raw.csv,0.27222222222222225,123,False,939,13.05556,0.94097,7.725695,6.784725,4.20486,3.26389,0.94097,7.475695,471,-1.3917517793457,0.2,causal_half_gaussian,3.0,1.1156048577437763,2.8235519133668063,26.03655910923627,25.27141306441368,-0.3549568163275968,-0.2890184600133659,2.905511072862542,-1.459314904719822,-0.011988364084693712,1.6148806220416225,-5.8694671484684315,0.08996951523348612,0.1632639480436689,eligible,none,eligible,none,eligible,none,eligible,none,eligible,none,0.33669341045790674,0.12912618921982616,0.9477290871205,0.4784394250513347,1.1126188806987354,0.5436727890175639,3.008368528158063,0.9933628318584071,0.39521317408155004,11.048253269700261
SYN_A008_4C-T5m1_V007,msc_x10_causal_angle_halfgaussian_v1,78,8,7,local_same_tissue_variant,False,250625 to 250728::4C-T5m1_Raw.csv,4C-T5m1,DRG,250625 to 250728::1B-L1m2_Raw.csv,0.35,123,False,939,13.05556,0.94097,7.725695,6.784725,4.20486,3.26389,0.94097,7.475695,471,-1.3917517793457,0.2,causal_half_gaussian,3.0,1.1915971098362539,2.465786257002465,25.704500996987395,25.16998191321453,-0.3374052377397554,-0.23325472595950522,3.5926701531019756,0.03618029668353184,0.02752974805040788,0.34689408461001536,0.14493562876438712,0.10134732991472052,0.23160964259367656,eligible,none,eligible,none,eligible,none,eligible,none,eligible,none,0.38157488332025974,0.15344060998460093,1.0740620535026237,0.5318275154004107,1.1591350563281555,0.6524375800083637,3.1341418735878457,0.9933628318584071,0.43604453156230794,2.1510507703117945
SYN_A008_4C-T5m1_V008,msc_x10_causal_angle_halfgaussian_v1,79,8,8,local_same_tissue_variant,False,250625 to 250728::4C-T5m1_Raw.csv,4C-T5m1,DRG,250625 to 250728::6A-T7_Raw.csv,0.19444444444444445,123,False,939,13.05556,0.94097,7.725695,6.784725,4.20486,3.26389,0.94097,7.475695,471,-1.3917517793457,0.2,causal_half_gaussian,3.0,1.1114090974877995,2.4650067229069386,26.12041065747884,25.309042256505755,-0.3679361467461151,-0.2887645275570288,2.72954456394384,-1.4448232179484528,-0.02662823001553382,0.3372358879588202,-5.81983342659877,0.08238552102421817,0.1635241315164166,eligible,none,eligible,none,eligible,none,eligible,none,eligible,none,0.3210508273195894,0.11888691895928874,0.9036981361799338,0.459958932238193,0.97212946378628,0.47532267372919595,2.6285044545650607,0.9933628318584071,0.3557635550741399,2.563049183199901
SYN_A008_4C-T5m1_V009,msc_x10_causal_angle_halfgaussian_v1,80,8,9,local_same_tissue_variant,False,250625 to 250728::4C-T5m1_Raw.csv,4C-T5m1,DRG,250811::8C-2ML4_Raw.csv,0.07777777777777778,123,False,939,13.05556,0.94097,7.725695,6.784725,4.20486,3.26389,0.94097,7.475695,471,-1.3917517793457,0.2,causal_half_gaussian,3.0,1.0581079464315795,2.8423858119405923,26.383302051455654,25.2750028369323,-0.34960651516758373,-0.28267088131755985,2.9131538094628424,-0.9996117420039656,0.00041629081279822254,0.7975587557363123,-4.021079815378257,0.09329543844205268,0.16989367886189885,eligible,none,eligible,none,eligible,none,eligible,none,eligible,none,0.3251594402076289,0.12651726581434616,0.9152631143492941,0.4620123203285421,1.1431846655365352,0.5674637409578809,3.09101420920811,0.9933628318584071,0.3916896810016495,5.505606500957411
SYN_A009_4D-T7m1_V000,msc_x10_causal_angle_halfgaussian_v1,81,9,0,anchor_exact_fit,True,250625 to 250728::4D-T7m1_Raw.csv,4D-T7m1,DRG,250625 to 250728::4D-T7m1_Raw.csv,0.0,123,False,939,13.05556,0.9375,7.722225,6.784725,4.20139,3.26389,0.9375,7.472225,471,-0.1901442991941166,0.2,causal_half_gaussian,3.0,1.0591577016916534,2.4031528410776923,29.949104345513344,24.379183907198207,-0.4305888438872208,-0.4600377078617151,1.1662862356754724,1.826890370884084,0.1764044337423647,1.2769616939710005,7.088458186834061,0.05385678453312226,0.05586481303154414,eligible,none,eligible,none,eligible,none,eligible,none,eligible,none,0.24764391854061404,0.07743261209216684,0.5695652250049471,0.3059548254620123,0.5527904996152969,0.17681525517164456,2.2592839218264116,0.7853982300884956,0.2216365479906133,13.251110950362856
SYN_A009_4D-T7m1_V001,msc_x10_causal_angle_halfgaussian_v1,82,9,1,local_same_tissue_variant,False,250625 to 250728::4D-T7m1_Raw.csv,4D-T7m1,DRG,250625 to 250728::8A-L3_Raw.csv,0.19444444444444445,123,False,939,13.05556,0.9375,7.722225,6.784725,4.20139,3.26389,0.9375,7.472225,471,-0.1901442991941166,0.2,causal_half_gaussian,3.0,1.0891264732485617,2.195560872753165,29.95814037882495,24.249743724933868,-0.479932626740172,-0.4254696187248638,1.0734379360529045,1.7468943003360078,0.14167623542439695,1.0894679101982656,6.742080175367501,0.038534131769698894,0.06938741440566767,eligible,none,eligible,none,eligible,none,eligible,none,eligible,none,0.2155857275277059,0.05900061076700775,0.49583342942877573,0.28336755646817247,0.5606799477421622,0.19653466167396452,2.291528512349431,0.8141592920353983,0.1796054775995915,13.951171043753092
SYN_A009_4D-T7m1_V002,msc_x10_causal_angle_halfgaussian_v1,83,9,2,local_same_tissue_variant,False,250625 to 250728::4D-T7m1_Raw.csv,4D-T7m1,DRG,250625 to 250728::7D-L2_Raw.csv,0.27222222222222225,123,False,939,13.05556,0.9375,7.722225,6.784725,4.20139,3.26389,0.9375,7.472225,471,-0.1901442991941166,0.2,causal_half_gaussian,3.0,1.058600100773232,2.3273428857544176,29.957081230361414,24.566300157064,-0.4948106283907605,-0.40175170738725013,1.6105124090958434,1.9824637800753715,0.18217413419557021,1.3814414251530327,7.751132250737435,0.03483425488005788,0.08051444513427501,eligible,none,eligible,none,eligible,none,eligible,none,eligible,none,0.19928117831542588,0.05239104774776928,0.4583340056778408,0.2669404517453799,0.6413237121390142,0.23700497037079396,2.6211238299682416,0.8871681415929203,0.17321598036303304,18.34257556614009
SYN_A009_4D-T7m1_V003,msc_x10_causal_angle_halfgaussian_v1,84,9,3,local_same_tissue_variant,False,250625 to 250728::4D-T7m1_Raw.csv,4D-T7m1,DRG,250811::4A-2MT10_Raw.csv,0.3111111111111111,123,False,939,13.05556,0.9375,7.722225,6.784725,4.20139,3.26389,0.9375,7.472225,471,-0.1901442991941166,0.2,causal_half_gaussian,3.0,1.0102793084042934,2.5364519860229793,29.141350611779494,24.455982778406057,-0.40405861343594257,-0.4692918422178081,1.4544970461718536,1.1515436114619648,0.14672562802478734,0.18213246394171279,4.482142313758819,0.0644782980560704,0.05271518579747174,eligible,none,eligible,none,eligible,none,eligible,none,eligible,none,0.25834200147848796,0.08677611687716974,0.59417013374464,0.31006160164271046,0.5664575854486734,0.1770794933811412,2.315142022323902,0.7898230088495575,0.24506920313974598,1.7092847673456035
SYN_A009_4D-T7m1_V004,msc_x10_causal_angle_halfgaussian_v1,85,9,4,local_same_tissue_variant,False,250625 to 250728::4D-T7m1_Raw.csv,4D-T7m1,DRG,250811::8C-2ML4_Raw.csv,0.11666666666666667,123,False,939,13.05556,0.9375,7.722225,6.784725,4.20139,3.26389,0.9375,7.472225,471,-0.1901442991941166,0.2,causal_half_gaussian,3.0,1.0359032290159034,2.635586954569598,29.62784339076796,24.412769072377035,-0.4220765789774384,-0.45942779939819317,1.233236108974174,1.547274831046181,0.175088742767013,1.5306844709174512,6.011801545733398,0.05705876842420763,0.05607888468176768,eligible,none,eligible,none,eligible,none,eligible,none,eligible,none,0.24926598922236531,0.07975182329548139,0.5732958841637509,0.3059548254620123,0.6074389887773971,0.19458893548254444,2.482635178770882,0.8207964601769911,0.2352679301809954,14.963691384429294
SYN_A009_4D-T7m1_V005,msc_x10_causal_angle_halfgaussian_v1,86,9,5,local_same_tissue_variant,False,250625 to 250728::4D-T7m1_Raw.csv,4D-T7m1,DRG,250811::5C-1FT7_Raw.csv,0.23333333333333334,123,False,939,13.05556,0.9375,7.722225,6.784725,4.20139,3.26389,0.9375,7.472225,471,-0.1901442991941166,0.2,causal_half_gaussian,3.0,1.0663229015354077,3.0044545839331986,29.95818618553255,24.58698513152017,-0.41198076647883136,-0.4918150556888126,1.5075924510181444,1.9103067913378702,0.15329969277282343,1.871636674454567,7.4752983365931716,0.061104106483032626,0.04577161843641754,eligible,none,eligible,none,eligible,none,eligible,none,eligible,none,0.26547916990429404,0.08728633208143406,0.6105851661197466,0.32238193018480493,0.6243951833027508,0.18459647075733085,2.551936039934655,0.8075221238938053,0.2630960029615068,16.361499161497377
SYN_A009_4D-T7m1_V006,msc_x10_causal_angle_halfgaussian_v1,87,9,6,local_same_tissue_variant,False,250625 to 250728::4D-T7m1_Raw.csv,4D-T7m1,DRG,250811::4A-2MT10_Raw.csv,0.35,123,False,939,13.05556,0.9375,7.722225,6.784725,4.20139,3.26389,0.9375,7.472225,471,-0.1901442991941166,0.2,causal_half_gaussian,3.0,1.0041695092433733,2.5531143791411397,29.040381395062763,24.465582637307037,-0.4007423346295328,-0.4704486090123198,1.4905233974839014,1.0671252665342,0.14301577731009016,0.04527881018805191,4.155192011115478,0.06594550655087486,0.05233417900528881,eligible,none,eligible,none,eligible,none,eligible,none,eligible,none,0.259669778356996,0.0880065951606868,0.5972239359176167,0.31006160164271046,0.5680757093934952,0.17707706188990152,2.32175538021374,0.7898230088495575,0.24814985697704076,0.41965922573989334
SYN_A009_4D-T7m1_V007,msc_x10_causal_angle_halfgaussian_v1,88,9,7,local_same_tissue_variant,False,250625 to 250728::4D-T7m1_Raw.csv,4D-T7m1,DRG,250811::8C-2ML4_Raw.csv,0.07777777777777778,123,False,939,13.05556,0.9375,7.722225,6.784725,4.20139,3.26389,0.9375,7.472225,471,-0.1901442991941166,0.2,causal_half_gaussian,3.0,1.04365471990782,2.558108916738963,29.73493037568309,24.401574017317426,-0.4249140006140325,-0.45963110221936715,1.2109194845412734,1.6404800109921487,0.17552730642546358,1.4461102119353009,6.371019229118284,0.055970828544753,0.056007436473943864,eligible,none,eligible,none,eligible,none,eligible,none,eligible,none,0.24873777612121717,0.07897547095941303,0.5720810277054177,0.3059548254620123,0.5891994062045323,0.1886509543565704,2.408089042980963,0.8097345132743363,0.23071288664849057,14.416018733340032
SYN_A009_4D-T7m1_V008,msc_x10_causal_angle_halfgaussian_v1,89,9,8,local_same_tissue_variant,False,250625 to 250728::4D-T7m1_Raw.csv,4D-T7m1,DRG,250811::5C-1FT7_Raw.csv,0.03888888888888889,123,False,939,13.05556,0.9375,7.722225,6.784725,4.20139,3.26389,0.9375,7.472225,471,-0.1901442991941166,0.2,causal_half_gaussian,3.0,1.0603519016656124,2.5033697982202767,29.950617985516544,24.413817444585202,-0.4274874976524892,-0.4653339324995647,1.223170604899251,1.8407931076263822,0.1725536435807745,1.3760741907182616,7.1525483788435835,0.05500203400577575,0.054039916523624346,eligible,none,eligible,none,eligible,none,eligible,none,eligible,none,0.2505317878648854,0.07899428480775884,0.5762071403451525,0.31006160164271046,0.5661827564043873,0.1787378716644168,2.314018781527545,0.7920353982300885,0.22838195643315076,13.85785007480186
SYN_A009_4D-T7m1_V009,msc_x10_causal_angle_halfgaussian_v1,90,9,9,local_same_tissue_variant,False,250625 to 250728::4D-T7m1_Raw.csv,4D-T7m1,DRG,250625 to 250728::8A-L3_Raw.csv,0.15555555555555556,123,False,939,13.05556,0.9375,7.722225,6.784725,4.20139,3.26389,0.9375,7.472225,471,-0.1901442991941166,0.2,causal_half_gaussian,3.0,1.0831327189371802,2.2370792664180703,29.95633317216263,24.275631761386734,-0.4700638701695818,-0.43238323655223404,1.092007595977418,1.762893514445623,0.1486218750879905,1.1269666669528124,6.811092097238964,0.04120259284250637,0.06644345902633533,eligible,none,eligible,none,eligible,none,eligible,none,eligible,none,0.22166056497169623,0.06230126741724595,0.509805168270759,0.2874743326488706,0.5587503623827255,0.19255020180895432,2.283642195233994,0.8097345132743363,0.18720869586757777,13.845251559033983
SYN_A010_5A-T10m1_V000,msc_x10_causal_angle_halfgaussian_v1,91,10,0,anchor_exact_fit,True,250625 to 250728::5A-T10m1_Raw.csv,5A-T10m1,DRG,250625 to 250728::5A-T10m1_Raw.csv,0.0,123,False,938,13.05556,0.94444,7.715275,6.770835,4.201385,3.256945,0.94444,7.465275,470,-0.6066250768229771,0.2,causal_half_gaussian,3.0,0.9292285774642312,2.0206006108988017,29.86057121238873,27.911011849153976,-0.5013998202695678,-1.3998568501158766,-1.0405841485328489,2.8212019075469774,0.0672389876577656,-3.914344670388624,12.532274001281316,0.0335440609508041,0.00015107784225693377,ineligible,fit_r_squared_below_0.40,ineligible,fit_r_squared_below_0.40,ineligible,fit_r_squared_below_0.40,ineligible,fit_r_squared_below_0.40;fit_post_envelope_log_rate_per_day_at_bound,ineligible,fit_r_squared_below_0.40,0.1722746131031051,0.04474097105429904,0.4023356099455529,0.2309278350515464,0.02471552044123943,0.0007351096794641482,0.07948953048063977,0.20309050772626933,0.20944760803900564,43.64664322921593
SYN_A010_5A-T10m1_V001,msc_x10_causal_angle_halfgaussian_v1,92,10,1,local_same_tissue_variant,False,250625 to 250728::5A-T10m1_Raw.csv,5A-T10m1,DRG,251003::2C- M1L1_Raw.csv,0.35,123,False,938,13.05556,0.94444,7.715275,6.770835,4.201385,3.256945,0.94444,7.465275,470,-0.6066250768229771,0.2,causal_half_gaussian,3.0,0.6441732760328368,2.0098213648807315,28.36031240601632,28.624704889243965,-0.30262081171989147,-1.3951311355786444,0.8172243339992489,2.1315455524005653,0.06646685727850005,-0.44487118066161546,9.710816952307143,0.12886427197956837,0.00015563212229375843,ineligible,fit_r_squared_below_0.40,ineligible,fit_r_squared_below_0.40,ineligible,fit_r_squared_below_0.40,ineligible,fit_r_squared_below_0.40;fit_post_envelope_log_rate_per_day_at_bound,ineligible,fit_r_squared_below_0.40,0.2329497789598237,0.10324582049063971,0.5440383218181385,0.2020618556701031,0.02495186996826697,0.0007509985109785391,0.08024967279596777,0.2052980132450331,0.3261231681485379,3.1858095472422265
SYN_A010_5A-T10m1_V002,msc_x10_causal_angle_halfgaussian_v1,93,10,2,local_same_tissue_variant,False,250625 to 250728::5A-T10m1_Raw.csv,5A-T10m1,DRG,250625 to 250728::8D-L4-1m1_Raw.csv,0.03888888888888889,123,False,938,13.05556,0.94444,7.715275,6.770835,4.201385,3.256945,0.94444,7.465275,470,-0.6066250768229771,0.2,causal_half_gaussian,3.0,0.9424061544915681,2.064963981110936,29.727175751507897,27.82031488013073,-0.49671447619011927,-1.3680693647424451,-0.7083259090398092,2.7592987238903284,0.06645236435774082,-3.6107765119119484,12.217459074341726,0.03462526156100475,0.00018448549078071646,ineligible,fit_r_squared_below_0.40,ineligible,fit_r_squared_below_0.40,ineligible,fit_r_squared_below_0.40,ineligible,fit_r_squared_below_0.40;fit_post_envelope_log_rate_per_day_at_bound,ineligible,fit_r_squared_below_0.40,0.17749090768991627,0.04668007856583309,0.41451791020696344,0.23711340206185566,0.02791453644414442,0.0008992458344918224,0.0897781376202521,0.2141280353200883,0.215898912750688,39.05866029974971
SYN_A010_5A-T10m1_V003,msc_x10_causal_angle_halfgaussian_v1,94,10,3,local_same_tissue_variant,False,250625 to 250728::5A-T10m1_Raw.csv,5A-T10m1,DRG,250811::4C-2MT5_Raw.csv,0.3111111111111111,123,False,938,13.05556,0.94444,7.715275,6.770835,4.201385,3.256945,0.94444,7.465275,470,-0.6066250768229771,0.2,causal_half_gaussian,3.0,0.8002448293124669,4.5030757709162,29.353515385836143,27.292986534471584,-0.5683932808318329,-1.2922137532288624,0.2255662647229728,2.275585001112523,0.08366983932762194,-0.8298850969557181,9.88471734590438,0.021311741380516416,0.00029716943896761704,ineligible,fit_r_squared_below_0.40,ineligible,fit_r_squared_below_0.40,ineligible,fit_r_squared_below_0.40,ineligible,fit_r_squared_below_0.40;fit_post_envelope_log_rate_per_day_at_bound,ineligible,fit_r_squared_below_0.40,0.11844866896286384,0.025691073026174568,0.27662878828171195,0.16494845360824742,0.0759044904603863,0.003011857800025854,0.24412240569293608,0.32450331125827814,0.34877319844330307,5.557021168068461
SYN_A010_5A-T10m1_V004,msc_x10_causal_angle_halfgaussian_v1,95,10,4,local_same_tissue_variant,False,250625 to 250728::5A-T10m1_Raw.csv,5A-T10m1,DRG,250811::5C-1FT7_Raw.csv,0.07777777777777778,123,False,938,13.05556,0.94444,7.715275,6.770835,4.201385,3.256945,0.94444,7.465275,470,-0.6066250768229771,0.2,causal_half_gaussian,3.0,0.941722575963171,2.2507885875312175,29.87048440274927,27.705581195109183,-0.48968960741481093,-1.3373522549940298,-0.7551699357579776,2.7716720392911256,0.06802805314116511,-3.3123514041105757,12.221632973811525,0.03631198114708724,0.00022377014960411038,ineligible,fit_r_squared_below_0.40,ineligible,fit_r_squared_below_0.40,ineligible,fit_r_squared_below_0.40,ineligible,fit_r_squared_below_0.40;fit_post_envelope_log_rate_per_day_at_bound,ineligible,fit_r_squared_below_0.40,0.18159976871673583,0.0486714295863262,0.4241138749148776,0.23917525773195877,0.033513434424956745,0.0011661792394753975,0.10778519406730845,0.22958057395143489,0.23232014685828517,33.29789047506828
SYN_A010_5A-T10m1_V005,msc_x10_causal_angle_halfgaussian_v1,96,10,5,local_same_tissue_variant,False,250625 to 250728::5A-T10m1_Raw.csv,5A-T10m1,DRG,250811::8D-2MT7_Raw.csv,0.27222222222222225,123,False,938,13.05556,0.94444,7.715275,6.770835,4.201385,3.256945,0.94444,7.465275,470,-0.6066250768229771,0.2,causal_half_gaussian,3.0,0.813920855268117,2.4984537576795165,28.51536519266684,27.212639462113938,-0.39779626209756025,-1.175866631528511,-0.3629258509956732,2.9811047949845424,0.09155409070389708,-1.845456393242527,12.911242629116169,0.06764966649214037,0.0006173969315686412,ineligible,fit_r_squared_below_0.40,ineligible,fit_r_squared_below_0.40,ineligible,fit_r_squared_below_0.40,ineligible,fit_r_squared_below_0.40;fit_post_envelope_log_rate_per_day_at_bound,ineligible,fit_r_squared_below_0.40,0.21375321730304725,0.07334672245404163,0.49920606125509126,0.24123711340206186,0.06182729402072857,0.0032272601273679864,0.1988476263035035,0.27593818984547464,0.29719548148167163,14.50202919184949
SYN_A010_5A-T10m1_V006,msc_x10_causal_angle_halfgaussian_v1,97,10,6,local_same_tissue_variant,False,250625 to 250728::5A-T10m1_Raw.csv,5A-T10m1,DRG,250811::4C-2MT5_Raw.csv,0.23333333333333334,123,False,938,13.05556,0.94444,7.715275,6.770835,4.201385,3.256945,0.94444,7.465275,470,-0.6066250768229771,0.2,causal_half_gaussian,3.0,0.832490766350408,3.8824569809118508,29.48027934247429,27.44749286314218,-0.5516449156912666,-1.319124527450616,-0.09097133859098261,2.4119892277211363,0.07956212641015786,-1.6009999903139445,10.536543787464566,0.023870862579444454,0.0002509304131335178,ineligible,fit_r_squared_below_0.40,ineligible,fit_r_squared_below_0.40,ineligible,fit_r_squared_below_0.40,ineligible,fit_r_squared_below_0.40;fit_post_envelope_log_rate_per_day_at_bound,ineligible,fit_r_squared_below_0.40,0.13035706919137022,0.02957635524386779,0.3044400448743731,0.17938144329896907,0.06010858804211909,0.0022300698157595843,0.19331996073810523,0.30022075055187636,0.31225919345171804,11.974111152484612
SYN_A010_5A-T10m1_V007,msc_x10_causal_angle_halfgaussian_v1,98,10,7,local_same_tissue_variant,False,250625 to 250728::5A-T10m1_Raw.csv,5A-T10m1,DRG,251003::2C- M1L1_Raw.csv,0.19444444444444445,123,False,938,13.05556,0.94444,7.715275,6.770835,4.201385,3.256945,0.94444,7.465275,470,-0.6066250768229771,0.2,causal_half_gaussian,3.0,0.7708645211134565,2.0146121408887625,29.027094097737393,28.307507982537302,-0.39096703774196984,-1.3972314531507475,-0.008468324903905478,2.438059488021193,0.0668100263359514,-1.9868593983180636,10.984140216300665,0.070851205158533,0.00015359129002839427,ineligible,fit_r_squared_below_0.40,ineligible,fit_r_squared_below_0.40,ineligible,fit_r_squared_below_0.40,ineligible,fit_r_squared_below_0.40;fit_post_envelope_log_rate_per_day_at_bound,ineligible,fit_r_squared_below_0.40,0.20714634203345347,0.07239694031634522,0.4837761546452572,0.22474226804123712,0.024846635760817266,0.0007438974735249567,0.07991122077912406,0.2052980132450331,0.26214258243478733,17.700957165543027
SYN_A010_5A-T10m1_V008,msc_x10_causal_angle_halfgaussian_v1,99,10,8,local_same_tissue_variant,False,250625 to 250728::5A-T10m1_Raw.csv,5A-T10m1,DRG,250811::8D-2MT7_Raw.csv,0.15555555555555556,123,False,938,13.05556,0.94444,7.715275,6.770835,4.201385,3.256945,0.94444,7.465275,470,-0.6066250768229771,0.2,causal_half_gaussian,3.0,0.863338450495023,2.293659551916353,29.091882058261938,27.511941913702525,-0.4421977870284206,-1.2718624394945248,-0.6533508356544628,2.9125749860827286,0.08113333225555502,-2.7321227977337115,12.753180101953767,0.050084271948887926,0.00033771585894015033,ineligible,fit_r_squared_below_0.40,ineligible,fit_r_squared_below_0.40,ineligible,fit_r_squared_below_0.40,ineligible,fit_r_squared_below_0.40;fit_post_envelope_log_rate_per_day_at_bound,ineligible,fit_r_squared_below_0.40,0.19529807228184592,0.05947243582959846,0.45610532868055476,0.23711340206185566,0.04196493972723768,0.0017212839980699347,0.13496674543015158,0.24282560706401765,0.25596704980620605,24.927765002912476
SYN_A010_5A-T10m1_V009,msc_x10_causal_angle_halfgaussian_v1,100,10,9,local_same_tissue_variant,False,250625 to 250728::5A-T10m1_Raw.csv,5A-T10m1,DRG,250811::5C-1FT7_Raw.csv,0.11666666666666667,123,False,938,13.05556,0.94444,7.715275,6.770835,4.201385,3.256945,0.94444,7.465275,470,-0.6066250768229771,0.2,causal_half_gaussian,3.0,0.9479695752126409,2.3658825758474253,29.875440997929537,27.602865868086784,-0.4838345009874326,-1.3060999574331065,-0.612462829370542,2.7469071051631992,0.06842258588286487,-3.0113547709715514,12.067527005653407,0.03778044744688839,0.00027233461242979465,ineligible,fit_r_squared_below_0.40,ineligible,fit_r_squared_below_0.40,ineligible,fit_r_squared_below_0.40,ineligible,fit_r_squared_below_0.40;fit_post_envelope_log_rate_per_day_at_bound,ineligible,fit_r_squared_below_0.40,0.18643759841080132,0.050760940139509124,0.4354122962302087,0.24536082474226803,0.03886645168202844,0.0014628617250825803,0.12500145416715253,0.24061810154525387,0.2440121403592173,28.821572917887025
SYN_A011_5B-T12m2_V000,msc_x10_causal_angle_halfgaussian_v1,101,11,0,anchor_exact_fit,True,250625 to 250728::5B-T12m2_Raw.csv,5B-T12m2,DRG,250625 to 250728::5B-T12m2_Raw.csv,0.0,123,False,939,13.05556,0.9375,7.722225,6.784725,4.20139,3.26389,0.9375,7.472225,471,-1.6591581256158174,0.2,causal_half_gaussian,3.0,0.714658875463321,4.252584029412394,24.07051696075792,23.82346963584021,0.0202335941702605,-0.4851952426754651,4.273086226923031,0.8109057857522077,-0.1195382962010198,-1.2305632308485135,3.0746489909059598,1.14714858518956,0.04771166748654557,eligible,none,eligible,none,eligible,none,eligible,none,eligible,none,0.7651666948984601,0.7244864782824312,1.6320640008089273,1.0,0.9202646203196222,0.2749600418844473,1.9460641235275262,0.7212389380530974,1.855021193542391,1.4028120215624695
SYN_A011_5B-T12m2_V001,msc_x10_causal_angle_halfgaussian_v1,102,11,1,local_same_tissue_variant,False,250625 to 250728::5B-T12m2_Raw.csv,5B-T12m2,DRG,250625 to 250728::3A-L5m2_Raw.csv,0.11666666666666667,123,False,939,13.05556,0.9375,7.722225,6.784725,4.20139,3.26389,0.9375,7.472225,471,-1.6591581256158174,0.2,causal_half_gaussian,3.0,0.7778776656225892,4.195593932837908,24.126974375850846,23.85974632145776,-0.0015123230103553896,-0.4918473953687583,3.9145876017038366,0.9520217961264139,-0.0991421765606655,-0.985077970124982,3.615204301251332,0.9897917656187452,0.045762337039960604,eligible,none,eligible,none,eligible,none,eligible,none,eligible,none,0.7739174231986297,0.7707637554916482,1.6507288861663092,1.0,0.8838457452588929,0.26127832820528624,1.8690498989121096,0.7079646017699115,1.7492803473841236,1.1908460220734414
SYN_A011_5B-T12m2_V002,msc_x10_causal_angle_halfgaussian_v1,103,11,2,local_same_tissue_variant,False,250625 to 250728::5B-T12m2_Raw.csv,5B-T12m2,DRG,250625 to 250728::8C-L3m1_Raw.csv,0.23333333333333334,123,False,939,13.05556,0.9375,7.722225,6.784725,4.20139,3.26389,0.9375,7.472225,471,-1.6591581256158174,0.2,causal_half_gaussian,3.0,0.7965605647648171,3.5155717227945567,24.144028051635892,23.79947986979858,-0.05539275684653779,-0.5200015032414596,3.195756098601634,0.7817072611348364,-0.09072155616313089,-0.8436241783588194,2.960954566180866,0.6867227584116078,0.03835602620143535,eligible,none,eligible,none,eligible,none,eligible,none,eligible,none,0.6607348407471151,0.5689499448369579,1.4093158456232702,1.0,0.6774230752092278,0.1867628052266263,1.4325322456235452,0.6150442477876106,1.261687223440248,1.413975008361521
SYN_A011_5B-T12m2_V003,msc_x10_causal_angle_halfgaussian_v1,104,11,3,local_same_tissue_variant,False,250625 to 250728::5B-T12m2_Raw.csv,5B-T12m2,DRG,250625 to 250728::4C-T5m1_Raw.csv,0.19444444444444445,123,False,939,13.05556,0.9375,7.722225,6.784725,4.20139,3.26389,0.9375,7.472225,471,-1.6591581256158174,0.2,causal_half_gaussian,3.0,0.7846921253791943,3.952910309049129,24.506906996326734,24.115681867438724,-0.05154824006003866,-0.4429926098458375,4.027891056168599,0.4518124924369693,-0.0989148737575368,-0.8797317168208111,1.7341150704077257,0.7048708862300065,0.06216683862013787,eligible,none,eligible,none,eligible,none,eligible,none,eligible,none,0.6593906385934161,0.5737169482782684,1.4064487266549608,1.0,0.9660851343562105,0.32432990257755073,2.0429597951846894,0.7632743362831859,1.2900441731062668,1.4420824408909507
SYN_A011_5B-T12m2_V004,msc_x10_causal_angle_halfgaussian_v1,105,11,4,local_same_tissue_variant,False,250625 to 250728::5B-T12m2_Raw.csv,5B-T12m2,DRG,250811::4A-2MT10_Raw.csv,0.03888888888888889,123,False,939,13.05556,0.9375,7.722225,6.784725,4.20139,3.26389,0.9375,7.472225,471,-1.6591581256158174,0.2,causal_half_gaussian,3.0,0.7219462528779472,4.197324098539761,24.19815947567057,23.854680605294,0.0060178892744348934,-0.48537366089388645,4.188292578575451,0.7659979524684601,-0.11173926297347424,-1.269902026414749,2.908180422367101,1.0416747180386523,0.047658316035141625,eligible,none,eligible,none,eligible,none,eligible,none,eligible,none,0.7367591717163778,0.7248848352419167,1.571472111163529,1.0,0.9025235701389304,0.2711139228677214,1.9085475000389966,0.7168141592920354,1.712140035361898,1.5684668857834114
SYN_A011_5B-T12m2_V005,msc_x10_causal_angle_halfgaussian_v1,106,11,5,local_same_tissue_variant,False,250625 to 250728::5B-T12m2_Raw.csv,5B-T12m2,DRG,251003::2B- 1MT7_Raw.csv,0.3111111111111111,123,False,939,13.05556,0.9375,7.722225,6.784725,4.20139,3.26389,0.9375,7.472225,471,-1.6591581256158174,0.2,causal_half_gaussian,3.0,0.5904421830881237,3.518598851424238,24.37300582039914,24.025938364608585,0.05127119182141589,-0.4325097214379765,3.6314044997742516,0.9224760412280046,-0.172998827746501,-2.714388003473417,3.527407107354743,1.4160353178296243,0.06639077923844658,eligible,none,eligible,none,eligible,none,eligible,none,eligible,none,0.7019849685335718,0.6112341069036119,1.4973003972744343,1.0,0.899839850512533,0.30629294951268027,1.9028722949216634,0.7389380530973452,1.862957565859858,3.081153854874974
SYN_A011_5B-T12m2_V006,msc_x10_causal_angle_halfgaussian_v1,107,11,6,local_same_tissue_variant,False,250625 to 250728::5B-T12m2_Raw.csv,5B-T12m2,DRG,250625 to 250728::4C-T5m1_Raw.csv,0.07777777777777778,123,False,939,13.05556,0.9375,7.722225,6.784725,4.20139,3.26389,0.9375,7.472225,471,-1.6591581256158174,0.2,causal_half_gaussian,3.0,0.7426721754296703,4.132714541267088,24.245072974985447,23.940354528479617,-0.008479139521859164,-0.46831418954361403,4.1750081586212575,0.6672684684261125,-0.1112889272236266,-1.0902306252374325,2.542443508954455,0.9440948606651755,0.053039359403604644,eligible,none,eligible,none,eligible,none,eligible,none,eligible,none,0.7217202756751684,0.7053851691772102,1.5393948644610664,1.0,0.9379561707918863,0.29392290276664057,1.9834760710298567,0.7367256637168141,1.6041237579942358,1.4372255425101894
SYN_A011_5B-T12m2_V007,msc_x10_causal_angle_halfgaussian_v1,108,11,7,local_same_tissue_variant,False,250625 to 250728::5B-T12m2_Raw.csv,5B-T12m2,DRG,250625 to 250728::3A-L5m2_Raw.csv,0.27222222222222225,123,False,939,13.05556,0.9375,7.722225,6.784725,4.20139,3.26389,0.9375,7.472225,471,-1.6591581256158174,0.2,causal_half_gaussian,3.0,0.8621693858349471,4.11960713740526,24.202250929308082,23.908115235614495,-0.030506879251176587,-0.5007169322931493,3.4365894347449104,1.1401764766253546,-0.07194735037352643,-0.6577642891602732,4.338479490800217,0.8130352712309817,0.04328655223649722,eligible,none,eligible,none,eligible,none,eligible,none,eligible,none,0.7778168126817376,0.7163168569941116,1.6590460976222494,1.0,0.8438028256469465,0.24401887477581144,1.7843719839543,0.6880530973451328,1.6031956566243997,0.8676172623837023
SYN_A011_5B-T12m2_V008,msc_x10_causal_angle_halfgaussian_v1,109,11,8,local_same_tissue_variant,False,250625 to 250728::5B-T12m2_Raw.csv,5B-T12m2,DRG,250811::4A-2MT10_Raw.csv,0.15555555555555556,123,False,939,13.05556,0.9375,7.722225,6.784725,4.20139,3.26389,0.9375,7.472225,471,-1.6591581256158174,0.2,causal_half_gaussian,3.0,0.743808385121826,4.031544305921861,24.581087020408507,23.94831351365538,-0.03662922541304193,-0.4859089155491505,3.9339116335327122,0.6312744526172178,-0.08834216329083756,-1.3879184131134552,2.4060978254395162,0.7799548688739423,0.047498619361499766,eligible,none,eligible,none,eligible,none,eligible,none,eligible,none,0.6573126753273981,0.5954164567236365,1.4020165302929362,1.0,0.8595877180879196,0.2596203061866018,1.8177519620550007,0.7035398230088495,1.348907621022149,2.1758359577429016
SYN_A011_5B-T12m2_V009,msc_x10_causal_angle_halfgaussian_v1,110,11,9,local_same_tissue_variant,False,250625 to 250728::5B-T12m2_Raw.csv,5B-T12m2,DRG,250625 to 250728::8C-L3m1_Raw.csv,0.35,123,False,939,13.05556,0.9375,7.722225,6.784725,4.20139,3.26389,0.9375,7.472225,471,-1.6591581256158174,0.2,causal_half_gaussian,3.0,0.8375114094155651,3.1470655694856378,24.18078359707488,23.78748498677777,-0.09320593235493693,-0.5374046335244568,2.6570910344409358,0.7671079988261509,-0.07631318614418645,-0.6501546521139724,2.9041909657611584,0.5313275359355479,0.034390470096307774,eligible,none,eligible,none,eligible,none,eligible,none,eligible,none,0.6114693707101353,0.4754251335131995,1.30423495192212,0.9219712525667351,0.5738998711092055,0.15154412106405626,1.2136139160438422,0.5597345132743363,1.0372316287784384,1.3255171265962176
SYN_A012_5C-T12_V000,msc_x10_causal_angle_halfgaussian_v1,111,12,0,anchor_exact_fit,True,250625 to 250728::5C-T12_Raw.csv,5C-T12,DRG,250625 to 250728::5C-T12_Raw.csv,0.0,123,False,942,13.10903,0.88889,7.727085,6.838195,4.18056,3.29167,0.88889,7.477085,475,-1.1569699761191736,0.2,causal_half_gaussian,3.0,2.147625246042577,3.457483857481017,29.995160377586597,25.56491188486716,-1.035995215190215,-0.2416534650211763,7.023837584015315,3.111004566183928,0.2303212215210187,4.223854124906294,12.657999680040042,0.0008381300316069162,0.21972708920035494,difficult,fit_pre_period_hours_at_bound,eligible,none,eligible,none,eligible,none,difficult,fit_pre_period_hours_at_bound,0.06369302418014378,0.0038175449761743063,0.07475990983741672,0.1326530612244898,1.5817397191120066,0.8691507204660442,1.7193065362102353,0.8606194690265486,0.11518419875113302,39.85972510728131
SYN_A012_5C-T12_V001,msc_x10_causal_angle_halfgaussian_v1,112,12,1,local_same_tissue_variant,False,250625 to 250728::5C-T12_Raw.csv,5C-T12,DRG,250811::6A-1FL1_Raw.csv,0.03888888888888889,123,False,942,13.10903,0.88889,7.727085,6.838195,4.18056,3.29167,0.88889,7.477085,475,-1.1569699761191736,0.2,causal_half_gaussian,3.0,2.1083654860149412,3.560836264161319,29.926446937019122,25.52306688052585,-1.0231910798774158,-0.2441287952323442,7.093908682678512,3.024442774503874,0.23686311963911955,4.201401570211973,12.285656309034783,0.0009148228422495787,0.21634273479917138,difficult,fit_pre_period_hours_at_bound,eligible,none,eligible,none,eligible,none,difficult,fit_pre_period_hours_at_bound,0.06530740582673716,0.0040528602947414545,0.07665479593987513,0.1306122448979592,1.6160246678128067,0.8825602995282952,1.7565733100559418,0.8716814159292036,0.11870034902590615,38.47339322641689
SYN_A012_5C-T12_V002,msc_x10_causal_angle_halfgaussian_v1,113,12,2,local_same_tissue_variant,False,250625 to 250728::5C-T12_Raw.csv,5C-T12,DRG,250625 to 250728::7D-L2_Raw.csv,0.11666666666666667,123,False,942,13.10903,0.88889,7.727085,6.838195,4.18056,3.29167,0.88889,7.477085,475,-1.1569699761191736,0.2,causal_half_gaussian,3.0,2.020398394046122,3.3019885913811304,29.993205838779605,25.50676963265303,-0.9928880938016208,-0.2421519121968494,6.530839239127254,3.027865561623784,0.22650365837916858,3.9248270356132857,12.291706448754914,0.0011254611698210326,0.21904136486901105,difficult,fit_pre_period_hours_at_bound,eligible,none,eligible,none,eligible,none,difficult,fit_pre_period_hours_at_bound,0.06936550031017989,0.004674073880690039,0.08141799852915454,0.12857142857142856,1.508168619503862,0.827701231692572,1.6393368225436467,0.8296460176991151,0.11058766144945124,38.57732785845384
SYN_A012_5C-T12_V003,msc_x10_causal_angle_halfgaussian_v1,114,12,3,local_same_tissue_variant,False,250625 to 250728::5C-T12_Raw.csv,5C-T12,DRG,250811::7C-1FT12_Raw.csv,0.19444444444444445,123,False,942,13.10903,0.88889,7.727085,6.838195,4.18056,3.29167,0.88889,7.477085,475,-1.1569699761191736,0.2,causal_half_gaussian,3.0,2.062116862336404,3.2919612397232436,29.346796377555002,25.50033987855558,-0.993165358331222,-0.16582963197046052,6.753666595879643,-2.7844310857389125,0.2796797008709934,3.636376099204111,-11.300627879560382,0.0011233293295245805,0.3534934721341512,difficult,fit_pre_period_hours_at_bound,eligible,none,eligible,none,eligible,none,difficult,fit_pre_period_hours_at_bound,0.07073117620549535,0.004762508902946842,0.08302096538643788,0.1326530612244898,1.920408392696971,1.2733468657804523,2.0874298481993727,0.9889380530973452,0.11047562411517148,35.77837607877725
SYN_A012_5C-T12_V004,msc_x10_causal_angle_halfgaussian_v1,115,12,4,local_same_tissue_variant,False,250625 to 250728::5C-T12_Raw.csv,5C-T12,DRG,250625 to 250728::8B-L2m1_Raw.csv,0.3111111111111111,123,False,942,13.10903,0.88889,7.727085,6.838195,4.18056,3.29167,0.88889,7.477085,475,-1.1569699761191736,0.2,causal_half_gaussian,3.0,2.4607355414258034,3.842484993101655,29.135528096310725,25.260127258849952,-1.1492411481987912,-0.281432818657795,7.754652755999117,-2.3001515086459516,0.2503598255952941,2.5990090239727723,-9.247239573953212,0.000386362282330285,0.17121781358247476,difficult,fit_pre_period_hours_at_bound,eligible,none,eligible,none,eligible,none,difficult,fit_pre_period_hours_at_bound,0.04968058048273832,0.0021891024808139716,0.05831275505234862,0.13673469387755102,1.551593929428757,0.7725597234160065,1.686538911666592,0.7986725663716814,0.12679958427763485,22.27964423166957
SYN_A012_5C-T12_V005,msc_x10_causal_angle_halfgaussian_v1,116,12,5,local_same_tissue_variant,False,250625 to 250728::5C-T12_Raw.csv,5C-T12,DRG,250811::3D-1FT10_Raw.csv,0.07777777777777778,123,False,942,13.10903,0.88889,7.727085,6.838195,4.18056,3.29167,0.88889,7.477085,475,-1.1569699761191736,0.2,causal_half_gaussian,3.0,2.104043022834949,3.562383815369783,29.74874568866104,25.652189930929257,-1.0011760793498645,-0.24298268994811723,6.950722154974136,-2.9305961107843386,0.23205930196636093,3.9273734788540313,-11.96466511321592,0.0010634496587111652,0.21790319890677554,difficult,fit_pre_period_hours_at_bound,eligible,none,eligible,none,eligible,none,difficult,fit_pre_period_hours_at_bound,0.07023251801895539,0.004627130474725976,0.0824356635964023,0.1346938775510204,1.6227344248981141,0.8887449807184461,1.76386662707502,0.8761061946902655,0.1190792888957633,35.849595882892984
SYN_A012_5C-T12_V006,msc_x10_causal_angle_halfgaussian_v1,117,12,6,local_same_tissue_variant,False,250625 to 250728::5C-T12_Raw.csv,5C-T12,DRG,250811::6A-1FL1_Raw.csv,0.35,123,False,942,13.10903,0.88889,7.727085,6.838195,4.18056,3.29167,0.88889,7.477085,475,-1.1569699761191736,0.2,causal_half_gaussian,3.0,1.7942874057938523,4.387655517603734,29.376739412479314,25.18830684579537,-0.9207579973750223,-0.26393143692168747,7.654477471984089,2.3319484410634432,0.2891983045839263,4.0217811326574076,9.34841644968873,0.0018430697891602204,0.19107858567150027,difficult,fit_pre_period_hours_at_bound,eligible,none,eligible,none,eligible,none,difficult,fit_pre_period_hours_at_bound,0.07869986542098456,0.006451019826494455,0.09237424221605478,0.12040816326530612,1.867658582433696,0.9747127219226781,2.030092289766931,0.9336283185840708,0.14718367286224024,29.701411585171492
SYN_A012_5C-T12_V007,msc_x10_causal_angle_halfgaussian_v1,118,12,7,local_same_tissue_variant,False,250625 to 250728::5C-T12_Raw.csv,5C-T12,DRG,250625 to 250728::8B-L2m1_Raw.csv,0.15555555555555556,123,False,942,13.10903,0.88889,7.727085,6.838195,4.18056,3.29167,0.88889,7.477085,475,-1.1569699761191736,0.2,causal_half_gaussian,3.0,2.3041803937341903,3.649984425291336,29.56534423694866,25.412519571858557,-1.092618181694503,-0.2615431418394856,7.389245170007216,-2.736166124820805,0.2403405235581564,3.4114315744395336,-11.066500795291235,0.0005690534525870149,0.19396183077535176,difficult,fit_pre_period_hours_at_bound,eligible,none,eligible,none,eligible,none,difficult,fit_pre_period_hours_at_bound,0.056382455756980435,0.0028975428780947973,0.0661791045889459,0.1346938775510204,1.5657143499457777,0.8219535719709862,1.701887411167243,0.827433628318584,0.12092686619027564,30.664236819312798
SYN_A012_5C-T12_V008,msc_x10_causal_angle_halfgaussian_v1,119,12,8,local_same_tissue_variant,False,250625 to 250728::5C-T12_Raw.csv,5C-T12,DRG,250811::7C-1FT12_Raw.csv,0.23333333333333334,123,False,942,13.10903,0.88889,7.727085,6.838195,4.18056,3.29167,0.88889,7.477085,475,-1.1569699761191736,0.2,causal_half_gaussian,3.0,2.0450151855951693,3.258856716171689,29.217123577548683,25.48742547729326,-0.9845993869594234,-0.15066486536031734,6.6996323982525094,-2.7068811546875633,0.28955139674098834,3.518880494063674,-10.980327386995032,0.0011910945497394805,0.38875944849577565,difficult,fit_pre_period_hours_at_bound,eligible,none,eligible,none,eligible,none,difficult,fit_pre_period_hours_at_bound,0.07221493021375663,0.0049768945487214025,0.08476252684165764,0.1326530612244898,1.9971400223582403,1.3746836917667264,2.170834969039827,0.9889380530973452,0.10954883294683654,34.915241996489165
SYN_A012_5C-T12_V009,msc_x10_causal_angle_halfgaussian_v1,120,12,9,local_same_tissue_variant,False,250625 to 250728::5C-T12_Raw.csv,5C-T12,DRG,250625 to 250728::7D-L2_Raw.csv,0.27222222222222225,123,False,942,13.10903,0.88889,7.727085,6.838195,4.18056,3.29167,0.88889,7.477085,475,-1.1569699761191736,0.2,causal_half_gaussian,3.0,1.8507625913841819,3.0946615699146154,29.990599787036945,25.42924662970085,-0.9354119319501618,-0.2428165084310802,5.873508112609839,2.9170135555435914,0.22141357419003507,3.5261242498892744,11.805708967605723,0.0016673342323478423,0.218130393507889,difficult,fit_pre_period_hours_at_bound,eligible,none,eligible,none,eligible,none,difficult,fit_pre_period_hours_at_bound,0.07723630113389074,0.006083961926786633,0.09065637851664973,0.12244897959183673,1.4104362357580955,0.7727908911629529,1.53310447335042,0.7853982300884956,0.1046489483004472,36.62528705382966
SYN_A013_5D-T10_V000,msc_x10_causal_angle_halfgaussian_v1,121,13,0,anchor_exact_fit,True,250625 to 250728::5D-T10_Raw.csv,5D-T10,DRG,250625 to 250728::5D-T10_Raw.csv,0.0,123,False,942,13.09513,0.89931,7.723615,6.824305,4.184025,3.2847150000000003,0.89931,7.473615,474,-1.6898299871404718,0.2,causal_half_gaussian,3.0,1.2246155258135107,3.12337353091594,25.292667687697246,25.124740294102505,-0.3710689918274344,-0.344801278448873,2.62059564721949,-2.591409370866141,-0.0080139398654367,4.398410047539028,-10.362337613108126,0.0794769706795664,0.11507301064083492,eligible,none,eligible,none,eligible,none,eligible,none,eligible,none,0.3473386284950631,0.12675100476181442,0.7899145920861282,0.4061224489795918,1.0332201236502918,0.43970030589365167,2.298106885680921,0.8893805309734514,0.32945208905156825,29.694828176253647
SYN_A013_5D-T10_V001,msc_x10_causal_angle_halfgaussian_v1,122,13,1,local_same_tissue_variant,False,250625 to 250728::5D-T10_Raw.csv,5D-T10,DRG,250625 to 250728::4C-T5m1_Raw.csv,0.3111111111111111,123,False,942,13.09513,0.89931,7.723615,6.824305,4.184025,3.2847150000000003,0.89931,7.473615,474,-1.6898299871404718,0.2,causal_half_gaussian,3.0,1.1780155455699601,2.99520551120028,25.610667074004002,25.18744010431186,-0.36418134428551907,-0.32095518812529744,2.742391554364611,-2.1074605914448137,-0.009712930371378627,3.2085043389294503,-8.4481890671853,0.08330184603966448,0.13363356457612352,eligible,none,eligible,none,eligible,none,eligible,none,eligible,none,0.34202835595258707,0.12717061471889501,0.7778380148639787,0.3979591836734694,1.064842717677075,0.4828875451520827,2.368442431236593,0.9336283185840708,0.3264717847362222,21.859204111380414
SYN_A013_5D-T10_V002,msc_x10_causal_angle_halfgaussian_v1,123,13,2,local_same_tissue_variant,False,250625 to 250728::5D-T10_Raw.csv,5D-T10,DRG,250811::2D-1FL2_Raw.csv,0.23333333333333334,123,False,942,13.09513,0.89931,7.723615,6.824305,4.184025,3.2847150000000003,0.89931,7.473615,474,-1.6898299871404718,0.2,causal_half_gaussian,3.0,1.110590717540186,3.49737882210629,25.258166295509717,25.154709772456474,-0.36394126822861245,-0.3459183012363226,2.7580984519586456,-2.7203219652344677,0.04549138454779539,4.011153789427071,-10.890799200991262,0.08343843566575401,0.11426978042734948,eligible,none,eligible,none,eligible,none,eligible,none,eligible,none,0.3227150280954406,0.12006795101908725,0.7339158068383306,0.37551020408163266,1.1528032700506308,0.4892345226739308,2.5640858826666815,0.9380530973451328,0.33321930765324803,26.774201250154647
SYN_A013_5D-T10_V003,msc_x10_causal_angle_halfgaussian_v1,124,13,3,local_same_tissue_variant,False,250625 to 250728::5D-T10_Raw.csv,5D-T10,DRG,250811::8C-2ML4_Raw.csv,0.35,123,False,942,13.09513,0.89931,7.723615,6.824305,4.184025,3.2847150000000003,0.89931,7.473615,474,-1.6898299871404718,0.2,causal_half_gaussian,3.0,1.0969418693436108,3.56859862994827,25.95863765369673,24.96455105422248,-0.3663641453190124,-0.38330430335280197,2.312436973075188,-1.8838510807672708,0.052585417971238675,4.067071454629571,-7.484976836609878,0.08207016977175778,0.0903888637234443,eligible,none,eligible,none,eligible,none,eligible,none,eligible,none,0.31613716362127575,0.11684895994039077,0.718956482689961,0.3673469387755102,1.043321971373489,0.40359852559609327,2.3205755980872977,0.8539823008849557,0.3300100928880857,27.411446136814252
SYN_A013_5D-T10_V004,msc_x10_causal_angle_halfgaussian_v1,125,13,4,local_same_tissue_variant,False,250625 to 250728::5D-T10_Raw.csv,5D-T10,DRG,250625 to 250728::7C-L1_Raw.csv,0.11666666666666667,123,False,942,13.09513,0.89931,7.723615,6.824305,4.184025,3.2847150000000003,0.89931,7.473615,474,-1.6898299871404718,0.2,causal_half_gaussian,3.0,1.2391294163106874,3.0759998613260446,25.379654255295648,25.013644106139804,-0.39291696741101134,-0.3467736880121114,2.46115656358402,-2.65558237287041,-0.016845613635891734,4.299645817843071,-10.571993204404803,0.06846824449014181,0.11365848048786836,eligible,none,eligible,none,eligible,none,eligible,none,eligible,none,0.32632401236649755,0.11221998497360863,0.7421233285604869,0.3877551020408163,1.0111299624122534,0.42820171567350185,2.2489735495360663,0.8761061946902655,0.3003727384904228,31.838275466782626
SYN_A013_5D-T10_V005,msc_x10_causal_angle_halfgaussian_v1,126,13,5,local_same_tissue_variant,False,250625 to 250728::5D-T10_Raw.csv,5D-T10,DRG,250625 to 250728::6A-T7_Raw.csv,0.27222222222222225,123,False,942,13.09513,0.89931,7.723615,6.824305,4.184025,3.2847150000000003,0.89931,7.473615,474,-1.6898299871404718,0.2,causal_half_gaussian,3.0,1.235051454540386,2.6662690711726063,25.298760070029484,25.155476229458134,-0.39165073105303033,-0.3527919046232525,2.3316139672325145,-2.7405030821836887,-0.027915105491533174,3.026174417836457,-10.971928531513248,0.06906245477037685,0.10944903243389688,eligible,none,eligible,none,eligible,none,eligible,none,eligible,none,0.32665163520063967,0.11271973759760559,0.7428684056586223,0.3877551020408163,0.8596845957036949,0.35867774492857374,1.9121260258856183,0.7964601769911505,0.2860560756359681,23.529903555119127
SYN_A013_5D-T10_V006,msc_x10_causal_angle_halfgaussian_v1,127,13,6,local_same_tissue_variant,False,250625 to 250728::5D-T10_Raw.csv,5D-T10,DRG,250811::2D-1FL2_Raw.csv,0.19444444444444445,123,False,942,13.09513,0.89931,7.723615,6.824305,4.184025,3.2847150000000003,0.89931,7.473615,474,-1.6898299871404718,0.2,causal_half_gaussian,3.0,1.1295948522524069,3.435044606907898,25.26391652754097,25.149714859397477,-0.3651292221617494,-0.3457321307717477,2.735181317835453,-2.6988365328397466,0.036573830478923375,4.0756964991123965,-10.80263686883245,0.08276473811750942,0.1144032617151584,eligible,none,eligible,none,eligible,none,eligible,none,eligible,none,0.3269157799103096,0.12123895830669121,0.743469121339152,0.3816326530612245,1.1329332060509132,0.48102376986635526,2.5198905269516323,0.9292035398230089,0.33269543201518587,27.247857930682247
SYN_A013_5D-T10_V007,msc_x10_causal_angle_halfgaussian_v1,128,13,7,local_same_tissue_variant,False,250625 to 250728::5D-T10_Raw.csv,5D-T10,DRG,250625 to 250728::4C-T5m1_Raw.csv,0.03888888888888889,123,False,942,13.09513,0.89931,7.723615,6.824305,4.184025,3.2847150000000003,0.89931,7.473615,474,-1.6898299871404718,0.2,causal_half_gaussian,3.0,1.2187905282830669,3.1073525284514827,25.33241761098559,25.132577770378674,-0.370208035884695,-0.34182051715842604,2.63582013561263,-2.5309157734384753,-0.00822631367867944,4.2496718339628305,-10.123597251466917,0.07994530622324558,0.11724416427807204,eligible,none,eligible,none,eligible,none,eligible,none,eligible,none,0.34669862181702105,0.126813717060467,0.7884590942734939,0.4061224489795918,1.0377977133748701,0.44492231227266027,2.3082884435359015,0.8938053097345132,0.32909637171532885,28.721668679404537
SYN_A013_5D-T10_V008,msc_x10_causal_angle_halfgaussian_v1,129,13,8,local_same_tissue_variant,False,250625 to 250728::5D-T10_Raw.csv,5D-T10,DRG,250625 to 250728::7C-L1_Raw.csv,0.15555555555555556,123,False,942,13.09513,0.89931,7.723615,6.824305,4.184025,3.2847150000000003,0.89931,7.473615,474,-1.6898299871404718,0.2,causal_half_gaussian,3.0,1.2439673798097464,3.0602086381294127,25.408649777828447,24.97661204348557,-0.4001996259388703,-0.3474311578665242,2.4080102023721963,-2.6769733735385,-0.01978950489271008,4.266724407944419,-10.641374101319474,0.06514861017759611,0.11319084505812751,eligible,none,eligible,none,eligible,none,eligible,none,eligible,none,0.3195957828357868,0.10775311370107972,0.7268220454632377,0.3836734693877551,1.0038194760587236,0.4244138468186953,2.232713433572229,0.8716814159292036,0.2914762446231516,32.55883033532156
SYN_A013_5D-T10_V009,msc_x10_causal_angle_halfgaussian_v1,130,13,9,local_same_tissue_variant,False,250625 to 250728::5D-T10_Raw.csv,5D-T10,DRG,250625 to 250728::6A-T7_Raw.csv,0.07777777777777778,123,False,942,13.09513,0.89931,7.723615,6.824305,4.184025,3.2847150000000003,0.89931,7.473615,474,-1.6898299871404718,0.2,causal_half_gaussian,3.0,1.227597219735475,2.992772256703559,25.294408368363598,25.1335219899184,-0.3769494887490333,-0.3470843144986957,2.5380294529374967,-2.634007574099726,-0.013699987187178547,4.006342724766865,-10.53635760345957,0.07635068459534605,0.11343730239847719,eligible,none,eligible,none,eligible,none,eligible,none,eligible,none,0.34130038605688534,0.12257363075717115,0.7761824718404294,0.4020408163265306,0.9827918023504982,0.41588062379078755,2.185943301407169,0.8628318584070797,0.31669663885242744,28.13727350819203
SYN_A014_6A-T7_V000,msc_x10_causal_angle_halfgaussian_v1,131,14,0,anchor_exact_fit,True,250625 to 250728::6A-T7_Raw.csv,6A-T7,DRG,250625 to 250728::6A-T7_Raw.csv,0.0,123,False,943,13.10903,0.89236,7.730555,6.838195,4.18403,3.29167,0.89236,7.480555,475,-1.463800848507918,0.2,causal_half_gaussian,3.0,1.2629515905244808,1.444214291042469,25.315047867693217,25.237647811735435,-0.4466753808194195,-0.3741545990894508,1.5590302921652954,-3.1391005552979494,-0.0811202625735462,-0.6424555309602118,-12.608813903627306,0.04714848717692462,0.09572634267101843,eligible,none,eligible,none,eligible,none,eligible,none,eligible,none,0.2762396373607188,0.08188534893204538,1.006963293443176,0.5030549898167006,0.4348115247026423,0.17205866154660465,2.0488928355825275,0.8097345132743363,0.30523523143769804,7.672485151673085
SYN_A014_6A-T7_V001,msc_x10_causal_angle_halfgaussian_v1,132,14,1,local_same_tissue_variant,False,250625 to 250728::6A-T7_Raw.csv,6A-T7,DRG,250625 to 250728::7C-L1_Raw.csv,0.07777777777777778,123,False,943,13.10903,0.89236,7.730555,6.838195,4.18403,3.29167,0.89236,7.480555,475,-1.463800848507918,0.2,causal_half_gaussian,3.0,1.2696458236006343,1.5432331188615862,25.371298232092464,25.154801990611073,-0.4553602009535386,-0.37318650274845366,1.5353037640236415,-3.139284353400544,-0.08132199776544104,-0.31623102798535324,-12.568159689923519,0.044429933918192166,0.09630924304940255,eligible,none,eligible,none,eligible,none,eligible,none,eligible,none,0.26961706564455884,0.07805486919983126,0.9828223457859794,0.49490835030549896,0.4660685977744965,0.18487027983526605,2.1961805440258555,0.8407079646017699,0.2989942200642747,3.855399008124333
SYN_A014_6A-T7_V002,msc_x10_causal_angle_halfgaussian_v1,133,14,2,local_same_tissue_variant,False,250625 to 250728::6A-T7_Raw.csv,6A-T7,DRG,250625 to 250728::1B-L1m2_Raw.csv,0.11666666666666667,123,False,943,13.10903,0.89236,7.730555,6.838195,4.18403,3.29167,0.89236,7.480555,475,-1.463800848507918,0.2,causal_half_gaussian,3.0,1.2799264686520642,1.5101803152632884,25.228250758136294,25.195889868462658,-0.43143013861258117,-0.3501549594697985,1.9220822692635229,3.013771236313958,-0.059560070088061384,-0.5761755349966343,12.085374606433943,0.05232906026044549,0.11127351880757207,eligible,none,eligible,none,eligible,none,eligible,none,eligible,none,0.29485864199832607,0.09110824543601749,1.0748342710105132,0.5254582484725051,0.49106408200750856,0.20622415022187557,2.3139627684090707,0.8871681415929203,0.3366094488482379,6.239591466123322
SYN_A014_6A-T7_V003,msc_x10_causal_angle_halfgaussian_v1,134,14,3,local_same_tissue_variant,False,250625 to 250728::6A-T7_Raw.csv,6A-T7,DRG,250811::4A-2MT10_Raw.csv,0.03888888888888889,123,False,943,13.10903,0.89236,7.730555,6.838195,4.18403,3.29167,0.89236,7.480555,475,-1.463800848507918,0.2,causal_half_gaussian,3.0,1.2489164734645064,1.4981687388842218,25.39429195844727,25.213862963237748,-0.4427335144656464,-0.3786512645584394,1.579783263502739,-3.030397030874191,-0.07481526398706906,-0.7046651815221034,-12.160713352406702,0.04843667012340916,0.09306476758390236,eligible,none,eligible,none,eligible,none,eligible,none,eligible,none,0.2768585939834006,0.08295421732026295,1.0092195467644915,0.5030549898167006,0.4445951294809606,0.17398845908935448,2.094994552298008,0.8163716814159292,0.3116634072583159,8.241848802166302
SYN_A014_6A-T7_V004,msc_x10_causal_angle_halfgaussian_v1,135,14,4,local_same_tissue_variant,False,250625 to 250728::6A-T7_Raw.csv,6A-T7,DRG,250625 to 250728::4C-T5m1_Raw.csv,0.27222222222222225,123,False,943,13.10903,0.89236,7.730555,6.838195,4.18403,3.29167,0.89236,7.480555,475,-1.463800848507918,0.2,causal_half_gaussian,3.0,1.211740679084499,1.7891717335346002,25.587204948379394,25.261774210312993,-0.42006694999464766,-0.3452986438819427,1.954583390904252,-2.56655166198674,-0.0627057136401489,-0.3113873962910216,-10.318913960746478,0.056557372299005225,0.1147142733920525,eligible,none,eligible,none,eligible,none,eligible,none,eligible,none,0.2901557264120792,0.09247174273176148,1.0576909551100204,0.5193482688391039,0.5909189989288315,0.25116270740222935,2.784493129851773,0.9778761061946902,0.3574289133440424,3.1756965243040463
SYN_A014_6A-T7_V005,msc_x10_causal_angle_halfgaussian_v1,136,14,5,local_same_tissue_variant,False,250625 to 250728::6A-T7_Raw.csv,6A-T7,DRG,250625 to 250728::5D-T10_Raw.csv,0.19444444444444445,123,False,943,13.10903,0.89236,7.730555,6.838195,4.18403,3.29167,0.89236,7.480555,475,-1.463800848507918,0.2,causal_half_gaussian,3.0,1.2554973557195699,1.7707174765734217,25.310696166027334,25.2156935721957,-0.4319741385154224,-0.368447008964894,1.7654457778702777,-3.0326050472139867,-0.06690514426919157,0.337712775970196,-12.170457476188568,0.052134758960386066,0.09921457010060507,eligible,none,eligible,none,eligible,none,eligible,none,eligible,none,0.288695965939873,0.08907203942239014,1.0523697592571188,0.5173116089613035,0.5429644124652868,0.21791582073833224,2.5585243984441295,0.911504424778761,0.34510266404066087,3.567194775139278
SYN_A014_6A-T7_V006,msc_x10_causal_angle_halfgaussian_v1,137,14,6,local_same_tissue_variant,False,250625 to 250728::6A-T7_Raw.csv,6A-T7,DRG,250625 to 250728::4C-T5m1_Raw.csv,0.23333333333333334,123,False,943,13.10903,0.89236,7.730555,6.838195,4.18403,3.29167,0.89236,7.480555,475,-1.463800848507918,0.2,causal_half_gaussian,3.0,1.2190565235759248,1.739892098892867,25.548325365424226,25.25832758194477,-0.4238681543981865,-0.349420923197301,1.8980758053701152,-2.6483443610311985,-0.06533636348777709,-0.35868284410090595,-10.646311727315458,0.05510619737708484,0.11178689371005256,eligible,none,eligible,none,eligible,none,eligible,none,eligible,none,0.2881561206325553,0.09088909722991115,1.0504018866744573,0.5173116089613035,0.5670932158889981,0.23858640681056503,2.6722227014038555,0.9535398230088495,0.3497145196858723,3.7387341521343926
SYN_A014_6A-T7_V007,msc_x10_causal_angle_halfgaussian_v1,138,14,7,local_same_tissue_variant,False,250625 to 250728::6A-T7_Raw.csv,6A-T7,DRG,250811::4A-2MT10_Raw.csv,0.15555555555555556,123,False,943,13.10903,0.89236,7.730555,6.838195,4.18403,3.29167,0.89236,7.480555,475,-1.463800848507918,0.2,causal_half_gaussian,3.0,1.2068111222845832,1.6600320824094803,25.632024230709423,25.14250841774468,-0.43090791540432727,-0.3921412609654051,1.642042177515069,-2.704286457602915,-0.05590026822763763,-0.8912941332077782,-10.821349634011495,0.05251626475125758,0.0855158838554955,eligible,none,eligible,none,eligible,none,eligible,none,eligible,none,0.27850942121281497,0.08617893219744237,1.0152372292365621,0.505091649694501,0.47176328484691843,0.17951875529631547,2.2230147075212896,0.8296460176991151,0.33108469639534877,9.813175938415297
SYN_A014_6A-T7_V008,msc_x10_causal_angle_halfgaussian_v1,139,14,8,local_same_tissue_variant,False,250625 to 250728::6A-T7_Raw.csv,6A-T7,DRG,250625 to 250728::1B-L1m2_Raw.csv,0.3111111111111111,123,False,943,13.10903,0.89236,7.730555,6.838195,4.18403,3.29167,0.89236,7.480555,475,-1.463800848507918,0.2,causal_half_gaussian,3.0,1.3082179321980367,1.6201236889646544,25.083588908874752,25.12629329634136,-0.40602140160118394,-0.3101555601037114,2.5271688977605686,2.79658204370116,-0.023626415945586697,-0.4657088750573386,11.18345826551136,0.06225891641437862,0.1429966119381728,eligible,none,eligible,none,eligible,none,eligible,none,eligible,none,0.328592909685382,0.10880312409972535,1.1978042025402669,0.5661914460285132,0.5963755866737784,0.2777379712808938,2.8102053359507146,0.9933628318584071,0.39654546069858815,4.281038918599053
SYN_A014_6A-T7_V009,msc_x10_causal_angle_halfgaussian_v1,140,14,9,local_same_tissue_variant,False,250625 to 250728::6A-T7_Raw.csv,6A-T7,DRG,250625 to 250728::5D-T10_Raw.csv,0.35,123,False,943,13.10903,0.89236,7.730555,6.838195,4.18403,3.29167,0.89236,7.480555,475,-1.463800848507918,0.2,causal_half_gaussian,3.0,1.2495339678756412,2.031920024998184,25.307214804694627,25.19813018056391,-0.4202131446722247,-0.3638809368652486,1.9305781664342634,-2.9474086407468163,-0.055533049625707875,1.121847421514522,-11.820308170760505,0.05650085971041964,0.1020964509721733,eligible,none,eligible,none,eligible,none,eligible,none,eligible,none,0.2990566590688636,0.09527052000832653,1.0901371042160142,0.5295315682281059,0.6322529283816601,0.25663847540529083,2.9792643976563493,0.9845132743362832,0.378520400271495,10.803690839225373
SYN_A015_6B-T5_V000,msc_x10_causal_angle_halfgaussian_v1,141,15,0,anchor_exact_fit,True,250625 to 250728::6B-T5_Raw.csv,6B-T5,DRG,250625 to 250728::6B-T5_Raw.csv,0.0,123,False,942,13.09513,0.89931,7.723615,6.824305,4.184025,3.2847150000000003,0.89931,7.473615,474,-1.9614430898641029,0.2,causal_half_gaussian,3.0,0.62348781926761,2.4248990963381587,24.549249527065932,25.634564807774066,-0.1683699753384706,-0.3081602706940564,3.4112131503506897,2.379138157700206,0.179939013378017,-3.3090634173930464,9.706568930972795,0.3169510084413432,0.14479749057337615,eligible,none,eligible,none,eligible,none,eligible,none,eligible,none,0.3519802059895367,0.22277630890764322,0.8228314155954852,0.3306122448979592,0.9022283445621326,0.4204451596886402,2.0158998336999847,0.8672566371681416,0.5254751378161534,14.07036617187571
SYN_A015_6B-T5_V001,msc_x10_causal_angle_halfgaussian_v1,142,15,1,local_same_tissue_variant,False,250625 to 250728::6B-T5_Raw.csv,6B-T5,DRG,250625 to 250728::4C-T5m1_Raw.csv,0.3111111111111111,123,False,942,13.09513,0.89931,7.723615,6.824305,4.184025,3.2847150000000003,0.89931,7.473615,474,-1.9614430898641029,0.2,causal_half_gaussian,3.0,0.7639053477272285,2.5140342340466972,25.098534563346877,25.538652547063382,-0.22454424403756623,-0.2957136050053127,3.2870391676327713,-3.011722172267268,0.11976577075188946,-2.101088492468201,-12.24145435244957,0.2160255897377981,0.15655181037067997,eligible,none,eligible,none,eligible,none,eligible,none,eligible,none,0.3563566836144074,0.19362394718443213,0.8330623979578893,0.3795918367346939,0.9695110022586755,0.4678678399437802,2.166233282298498,0.922566371681416,0.45788075975172876,10.252845937576387
SYN_A015_6B-T5_V002,msc_x10_causal_angle_halfgaussian_v1,143,15,2,local_same_tissue_variant,False,250625 to 250728::6B-T5_Raw.csv,6B-T5,DRG,250811::2D-1FL2_Raw.csv,0.15555555555555556,123,False,942,13.09513,0.89931,7.723615,6.824305,4.184025,3.2847150000000003,0.89931,7.473615,474,-1.9614430898641029,0.2,causal_half_gaussian,3.0,0.6409800347703114,2.7828875358438245,24.641891423928005,25.575238424550022,-0.19514911772642807,-0.31460466486977207,3.3798967419119403,2.497384527016715,0.18637210359341225,-2.36829393936714,10.16541795182311,0.26401295637922,0.1390626403196387,eligible,none,eligible,none,eligible,none,eligible,none,eligible,none,0.33040096923457535,0.19444509841928442,0.7723851870167031,0.30612244897959184,1.0098138574601867,0.4651545599503164,2.256284231803739,0.918141592920354,0.47617413291338617,11.112768982760388
SYN_A015_6B-T5_V003,msc_x10_causal_angle_halfgaussian_v1,144,15,3,local_same_tissue_variant,False,250625 to 250728::6B-T5_Raw.csv,6B-T5,DRG,250811::4A-2MT10_Raw.csv,0.23333333333333334,123,False,942,13.09513,0.89931,7.723615,6.824305,4.184025,3.2847150000000003,0.89931,7.473615,474,-1.9614430898641029,0.2,causal_half_gaussian,3.0,0.6884853302010334,2.5197993288196816,25.20340035106994,25.399241751045587,-0.20965670516138699,-0.35053894013357983,3.1035549781320917,1.743770271209855,0.1568551738415151,-3.060112813930068,7.049042883732272,0.2391268053779299,0.11100629703174644,eligible,none,eligible,none,eligible,none,eligible,none,eligible,none,0.3378282365069717,0.19113270774491767,0.7897480635073588,0.3346938775510204,0.8183522860952649,0.3450202218140511,1.8284908109909614,0.7787610619469026,0.4564051245855161,14.980951828347516
SYN_A015_6B-T5_V004,msc_x10_causal_angle_halfgaussian_v1,145,15,4,local_same_tissue_variant,False,250625 to 250728::6B-T5_Raw.csv,6B-T5,DRG,250625 to 250728::1B-L1m2_Raw.csv,0.35,123,False,942,13.09513,0.89931,7.723615,6.824305,4.184025,3.2847150000000003,0.89931,7.473615,474,-1.9614430898641029,0.2,causal_half_gaussian,3.0,0.8982247735902651,2.279557487147126,24.55688761761471,25.37037002934221,-0.2200411406362877,-0.2592593667734876,3.8521050812804836,2.25592891896067,0.15324884425142432,-2.176910669250822,9.1090344524022,0.22276723180042016,0.19676008822870758,eligible,none,eligible,none,eligible,none,eligible,none,eligible,none,0.4254724944024687,0.23402302537846312,0.9946358599396146,0.4959183673469388,0.9886570654677957,0.5200681439653263,2.209012414512535,0.9933628318584071,0.5291586491678769,9.191940213730582
SYN_A015_6B-T5_V005,msc_x10_causal_angle_halfgaussian_v1,146,15,5,local_same_tissue_variant,False,250625 to 250728::6B-T5_Raw.csv,6B-T5,DRG,250811::8A-1FT5_Raw.csv,0.11666666666666667,123,False,942,13.09513,0.89931,7.723615,6.824305,4.184025,3.2847150000000003,0.89931,7.473615,474,-1.9614430898641029,0.2,causal_half_gaussian,3.0,0.5639959303711253,2.4215349817963827,24.555605739461207,25.63966817274361,-0.15159107478711467,-0.32282406681191267,3.118072804995958,2.5105119164860055,0.18197893769133391,-2.89454867673924,10.244595588939235,0.3554027130047691,0.13207659906362226,eligible,none,eligible,none,eligible,none,eligible,none,eligible,none,0.33706332761599556,0.22328454445126772,0.7879599201548257,0.2693877551020408,0.8595708758173396,0.3862736092838672,1.9205878379430512,0.827433628318584,0.5311715871257119,12.175827969507154
SYN_A015_6B-T5_V006,msc_x10_causal_angle_halfgaussian_v1,147,15,6,local_same_tissue_variant,False,250625 to 250728::6B-T5_Raw.csv,6B-T5,DRG,250811::4A-2MT10_Raw.csv,0.19444444444444445,123,False,942,13.09513,0.89931,7.723615,6.824305,4.184025,3.2847150000000003,0.89931,7.473615,474,-1.9614430898641029,0.2,causal_half_gaussian,3.0,0.6776524117121295,2.5039826234060945,25.09437521373594,25.43846226050033,-0.20277558352423425,-0.34347582856032594,3.1548313401685246,1.849664918958247,0.16070248043093208,-3.101604581173898,7.488658846608471,0.25062376001055536,0.11603344474871506,eligible,none,eligible,none,eligible,none,eligible,none,eligible,none,0.340374024519409,0.19620681756980554,0.79569940485677,0.3346938775510204,0.8318539069335442,0.35517081706955983,1.8586582462822756,0.7920353982300885,0.46730087127133996,14.83003994774602
SYN_A015_6B-T5_V007,msc_x10_causal_angle_halfgaussian_v1,148,15,7,local_same_tissue_variant,False,250625 to 250728::6B-T5_Raw.csv,6B-T5,DRG,250811::8A-1FT5_Raw.csv,0.03888888888888889,123,False,942,13.09513,0.89931,7.723615,6.824305,4.184025,3.2847150000000003,0.89931,7.473615,474,-1.9614430898641029,0.2,causal_half_gaussian,3.0,0.6036571896354485,2.4237777248242334,24.551368264531025,25.636265929430582,-0.16277700848801863,-0.31304820273334183,3.3134997018991124,2.4229294106288055,0.18061898814912264,-3.170891837175111,9.885887438039108,0.3292822632896972,0.14042657904002423,eligible,none,eligible,none,eligible,none,eligible,none,eligible,none,0.34731941960699586,0.2231920023889106,0.8119357987634175,0.3122448979591837,0.8877792044395008,0.40873140681572734,1.9836153024658678,0.8539823008849557,0.5277206442057687,13.425480133023676
SYN_A015_6B-T5_V008,msc_x10_causal_angle_halfgaussian_v1,149,15,8,local_same_tissue_variant,False,250625 to 250728::6B-T5_Raw.csv,6B-T5,DRG,250625 to 250728::4C-T5m1_Raw.csv,0.07777777777777778,123,False,942,13.09513,0.89931,7.723615,6.824305,4.184025,3.2847150000000003,0.89931,7.473615,474,-1.9614430898641029,0.2,causal_half_gaussian,3.0,0.6585922013825146,2.4471828807652933,24.68657078613617,25.610586742596393,-0.18241354251324451,-0.30504860427187047,3.38016965467121,2.602219402003234,0.1648957027214851,-3.0070696861618353,10.606780233286905,0.28798535517069723,0.14765062853395955,eligible,none,eligible,none,eligible,none,eligible,none,eligible,none,0.3544831677327192,0.21596194706366253,0.8286826410885046,0.3489795918367347,0.9157664160747211,0.4318830815881912,2.046148712795099,0.8805309734513275,0.509114712897608,13.197155285703966
SYN_A015_6B-T5_V009,msc_x10_causal_angle_halfgaussian_v1,150,15,9,local_same_tissue_variant,False,250625 to 250728::6B-T5_Raw.csv,6B-T5,DRG,250811::2D-1FL2_Raw.csv,0.27222222222222225,123,False,942,13.09513,0.89931,7.723615,6.824305,4.184025,3.2847150000000003,0.89931,7.473615,474,-1.9614430898641029,0.2,causal_half_gaussian,3.0,0.6540991963973374,3.0513788654730742,24.711372846574562,25.53074363713199,-0.21523347451739622,-0.3194379605015588,3.3564094355828784,2.586069304004096,0.1911969212549587,-1.66271683084771,10.508089321023398,0.23019721606503005,0.1349110578158141,eligible,none,eligible,none,eligible,none,eligible,none,eligible,none,0.3149345753679037,0.17550104907517491,0.7362290778295602,0.29183673469387755,1.0901296686975055,0.49620623546089243,2.4357383927072815,0.9513274336283186,0.4452628497953019,8.343616101921702
SYN_A016_6C-SCNmm1_V000,msc_x10_causal_angle_halfgaussian_v1,151,16,0,anchor_exact_fit,True,250625 to 250728::6C-SCNmm1_Raw.csv,6C-SCNmm1,SCN,250625 to 250728::6C-SCNmm1_Raw.csv,0.0,123,False,938,13.05556,0.94444,7.715275,6.770835,4.201385,3.256945,0.94444,7.465275,470,0.2742509593877527,0.2,causal_half_gaussian,3.0,1.386508407222513,1.257960350969808,23.914851850008706,24.219241233853264,-0.3530754399425432,-0.8398130784952175,-0.5178451092778943,-1.0644200141742344,0.0560313661192907,1.0367839216723362,-4.102926117421681,0.09157329891071427,0.005102655187419258,eligible,none,eligible,none,eligible,none,eligible,none,eligible,none,0.42318735726800266,0.16376606749627726,0.9278940027923617,0.46804123711340206,0.08959804884529785,0.010875143317226934,0.5983361200881161,0.3995584988962472,0.3520727910206478,6.456861540556764
SYN_A016_6C-SCNmm1_V001,msc_x10_causal_angle_halfgaussian_v1,152,16,1,local_same_tissue_variant,False,250625 to 250728::6C-SCNmm1_Raw.csv,6C-SCNmm1,SCN,250811::1C-3FSCN_Raw.csv,0.07777777777777778,123,False,938,13.05556,0.94444,7.715275,6.770835,4.201385,3.256945,0.94444,7.465275,470,0.2742509593877527,0.2,causal_half_gaussian,3.0,1.375120904880607,1.2409168173457028,23.92990302910416,24.295120459088185,-0.33888832391758156,-0.8304926197743661,-0.5211950825648441,-1.023424547034809,0.055156040399447256,1.0233870310672073,-3.9572639410438724,0.10080604804761056,0.0054104785698154585,eligible,none,eligible,none,eligible,none,eligible,none,eligible,none,0.4402103204686842,0.17697772576442947,0.9652190910597417,0.4845360824742268,0.09101396931575476,0.011308602172752839,0.6077916425192945,0.40176600441501104,0.3757533882519501,5.971764692815484
SYN_A016_6C-SCNmm1_V002,msc_x10_causal_angle_halfgaussian_v1,153,16,2,local_same_tissue_variant,False,250625 to 250728::6C-SCNmm1_Raw.csv,6C-SCNmm1,SCN,250625 to 250728::1C-SCN_Raw.csv,0.35,123,False,938,13.05556,0.94444,7.715275,6.770835,4.201385,3.256945,0.94444,7.465275,470,0.2742509593877527,0.2,causal_half_gaussian,3.0,1.5936428009134316,1.1859092529044335,24.042834829639283,24.681918000575692,-0.3591868971752035,-0.7204992567280785,-0.20906034531642304,-0.8708575000628453,0.04994463490953888,1.2773039023113104,-3.420945325641839,0.08786135529481574,0.010800750125054319,eligible,none,eligible,none,eligible,none,eligible,none,eligible,none,0.4765189448466919,0.18139891705723352,1.0448305308425654,0.5175257731958763,0.1229396128139326,0.02013474603157912,0.8209912144764758,0.45474613686534215,0.3753144485732343,7.462161400378917
SYN_A016_6C-SCNmm1_V003,msc_x10_causal_angle_halfgaussian_v1,154,16,3,local_same_tissue_variant,False,250625 to 250728::6C-SCNmm1_Raw.csv,6C-SCNmm1,SCN,250811::1A-1FSCN_Raw.csv,0.11666666666666667,123,False,938,13.05556,0.94444,7.715275,6.770835,4.201385,3.256945,0.94444,7.465275,470,0.2742509593877527,0.2,causal_half_gaussian,3.0,1.440031835305431,1.212681853920719,23.956281683420332,24.330002588624954,-0.3593214228435353,-0.7913459668931041,-0.4056014400721236,-0.9483863454760932,0.06347262972519352,0.8048653484170178,-3.6723797106674128,0.08778136311839857,0.006919638284240409,eligible,none,eligible,none,eligible,none,eligible,none,eligible,none,0.4303927136398372,0.16378055374384404,0.9436926953822562,0.4762886597938144,0.10059934577553836,0.013790736347943894,0.6718028239506396,0.41721854304635764,0.3480082063627841,5.071067930226729
SYN_A016_6C-SCNmm1_V004,msc_x10_causal_angle_halfgaussian_v1,155,16,4,local_same_tissue_variant,False,250625 to 250728::6C-SCNmm1_Raw.csv,6C-SCNmm1,SCN,250811::1D-4FSCN_Raw.csv,0.27222222222222225,123,False,938,13.05556,0.94444,7.715275,6.770835,4.201385,3.256945,0.94444,7.465275,470,0.2742509593877527,0.2,causal_half_gaussian,3.0,1.3039896067669556,1.4900209791389738,24.012865604243565,24.82359768501096,-0.3221432362533947,-0.9374718175746869,-0.6634345583577599,-0.9204925750130348,0.06881160263882975,0.9471811925116522,-3.6366804792552414,0.11290836719228924,0.002762131627041691,eligible,none,eligible,none,eligible,none,eligible,none,eligible,none,0.441607596903609,0.18571594103236333,0.9682828036256839,0.4845360824742268,0.07805500914420083,0.007413707806034195,0.5212516558861935,0.38852097130242824,0.41010890062911626,5.064068296895002
SYN_A016_6C-SCNmm1_V005,msc_x10_causal_angle_halfgaussian_v1,156,16,5,local_same_tissue_variant,False,250625 to 250728::6C-SCNmm1_Raw.csv,6C-SCNmm1,SCN,250625 to 250728::7B-SCNcm2_Raw.csv,0.03888888888888889,123,False,938,13.05556,0.94444,7.715275,6.770835,4.201385,3.256945,0.94444,7.465275,470,0.2742509593877527,0.2,causal_half_gaussian,3.0,1.3983553849051085,1.2753842961999526,23.916432761980744,24.317573272639684,-0.35280165504206157,-0.8612832361115743,-0.49419160687082947,-1.0796916192556134,0.05343821278013818,1.0382393345060592,-4.178689435293609,0.09174321057053911,0.004458565122744519,eligible,none,eligible,none,eligible,none,eligible,none,eligible,none,0.4271962037315268,0.1654391673592877,0.9366839265170057,0.47216494845360824,0.08490626403183094,0.009764766764397501,0.567004362781378,0.39293598233995586,0.35598475302438454,6.394870647555555
SYN_A016_6C-SCNmm1_V006,msc_x10_causal_angle_halfgaussian_v1,157,16,6,local_same_tissue_variant,False,250625 to 250728::6C-SCNmm1_Raw.csv,6C-SCNmm1,SCN,250625 to 250728::1C-SCN_Raw.csv,0.19444444444444445,123,False,938,13.05556,0.94444,7.715275,6.770835,4.201385,3.256945,0.94444,7.465275,470,0.2742509593877527,0.2,causal_half_gaussian,3.0,1.5015830703841344,1.217931963155711,23.985953505359024,24.47628388203239,-0.3564706939606878,-0.773527621957918,-0.34629801818818806,-0.9568852841123512,0.052649848780539694,1.170406133138433,-3.727567262692497,0.08949216037231292,0.007739575917444115,eligible,none,eligible,none,eligible,none,eligible,none,eligible,none,0.4531097781240026,0.17375200594490764,0.9935028504681397,0.49690721649484537,0.10685997372098795,0.015319309351852809,0.7136113218194202,0.4282560706401766,0.3653308076315565,7.024509028997463
SYN_A016_6C-SCNmm1_V007,msc_x10_causal_angle_halfgaussian_v1,158,16,7,local_same_tissue_variant,False,250625 to 250728::6C-SCNmm1_Raw.csv,6C-SCNmm1,SCN,250811::1C-3FSCN_Raw.csv,0.23333333333333334,123,False,938,13.05556,0.94444,7.715275,6.770835,4.201385,3.256945,0.94444,7.465275,470,0.2742509593877527,0.2,causal_half_gaussian,3.0,1.352345900196795,1.2068297500974925,23.960005387295073,24.446878909558027,-0.3105140918676583,-0.8118517023326632,-0.5278950291387438,-0.9414336127559584,0.05340538895976036,0.9965932498569494,-3.66296908450783,0.12215803774270027,0.006082954947649544,eligible,none,eligible,none,eligible,none,eligible,none,eligible,none,0.4762395303885633,0.2066417881663376,1.0442178778520206,0.5216494845360825,0.09385965728585777,0.012221055233459295,0.6267951578966522,0.4083885209713024,0.43007173589006414,5.080924277315282
SYN_A016_6C-SCNmm1_V008,msc_x10_causal_angle_halfgaussian_v1,159,16,8,local_same_tissue_variant,False,250625 to 250728::6C-SCNmm1_Raw.csv,6C-SCNmm1,SCN,250811::1A-1FSCN_Raw.csv,0.3111111111111111,123,False,938,13.05556,0.94444,7.715275,6.770835,4.201385,3.256945,0.94444,7.465275,470,0.2742509593877527,0.2,causal_half_gaussian,3.0,1.5292375487769614,1.1372176921722368,24.02533140577304,24.514604846577768,-0.3697313943451888,-0.7105674475562486,-0.21852865806250593,-0.7549968976458574,0.07587473573503155,0.4183343929914871,-2.945711402945784,0.0818071798963593,0.011496403842748073,eligible,none,eligible,none,eligible,none,eligible,none,eligible,none,0.4413388606503163,0.16331017510275714,0.9676935640052637,0.4865979381443299,0.12163344720159344,0.020423891242894152,0.8122686354164236,0.4503311258278146,0.3404269549771438,2.6944201280345874
SYN_A016_6C-SCNmm1_V009,msc_x10_causal_angle_halfgaussian_v1,160,16,9,local_same_tissue_variant,False,250625 to 250728::6C-SCNmm1_Raw.csv,6C-SCNmm1,SCN,250811::1D-4FSCN_Raw.csv,0.15555555555555556,123,False,938,13.05556,0.94444,7.715275,6.770835,4.201385,3.256945,0.94444,7.465275,470,0.2742509593877527,0.2,causal_half_gaussian,3.0,1.3393548069621943,1.3905664242093314,23.97085970957148,24.564587777371948,-0.3353998949773155,-0.8956180722549143,-0.6010390801806746,-0.9821757632249772,0.06333435841617016,0.9855823621519454,-3.8398903691378345,0.10321538599910597,0.00359319575807524,eligible,none,eligible,none,eligible,none,eligible,none,eligible,none,0.4338175242481291,0.17605125754158255,0.9512020435930563,0.47835051546391755,0.08309626576578166,0.008767177220751958,0.5549171872922772,0.39293598233995586,0.38459600406872574,5.618932801923987
SYN_A017_7A-SCNmm2_V000,msc_x10_causal_angle_halfgaussian_v1,161,17,0,anchor_exact_fit,True,250625 to 250728::7A-SCNmm2_Raw.csv,7A-SCNmm2,SCN,250625 to 250728::7A-SCNmm2_Raw.csv,0.0,123,False,940,13.06944,0.93403,7.71875,6.78472,4.19792,3.26389,0.93403,7.46875,471,0.2245451074320987,0.2,causal_half_gaussian,3.0,2.0935756836424697,1.965218951303477,24.17719785757733,25.83508440199561,-0.5324733831262565,-1.0827075075010693,0.1515052086512943,-0.740324565409713,0.049148532904917,1.997562110961274,-3.044052768963477,0.02697936911348163,0.0011087594219739698,eligible,none,eligible,none,eligible,none,eligible,none,eligible,none,0.3470715895056875,0.08242276103142321,0.8185904236984781,0.44353182751540043,0.06421946629760995,0.00429977853759725,0.16244481687958623,0.22737306843267108,0.20902140741502265,22.540166469094707
SYN_A017_7A-SCNmm2_V001,msc_x10_causal_angle_halfgaussian_v1,162,17,1,local_same_tissue_variant,False,250625 to 250728::7A-SCNmm2_Raw.csv,7A-SCNmm2,SCN,250625 to 250728::7B-SCNcm2_Raw.csv,0.35,123,False,940,13.06944,0.93403,7.71875,6.78472,4.19792,3.26389,0.93403,7.46875,471,0.2245451074320987,0.2,causal_half_gaussian,3.0,1.9527249360388446,1.8744939482579936,24.099604962676665,26.154527642223584,-0.4672200389076223,-1.1909258758962324,0.13011411903966155,-0.9912024182097094,0.02821914447757513,1.674388460213653,-4.12600134783256,0.0420053981163717,0.0005616477574001261,eligible,none,eligible,none,eligible,none,eligible,none,eligible,none,0.40347456423127825,0.11427710716165894,0.95162042780868,0.48459958932238195,0.04424063273957624,0.002223577454437693,0.1119078357131248,0.1986754966887417,0.2674652765699213,14.765100556511937
SYN_A017_7A-SCNmm2_V002,msc_x10_causal_angle_halfgaussian_v1,163,17,2,local_same_tissue_variant,False,250625 to 250728::7A-SCNmm2_Raw.csv,7A-SCNmm2,SCN,250728::6B-SCNrM2_Raw.csv,0.3111111111111111,123,False,940,13.06944,0.93403,7.71875,6.78472,4.19792,3.26389,0.93403,7.46875,471,0.2245451074320987,0.2,causal_half_gaussian,3.0,2.05061700690938,1.8981753646027446,24.017553689702677,26.16070895384852,-0.5159809429939751,-1.18142072734607,0.21569928640382605,-1.0359422502359656,0.027187101589713165,1.757377235074994,-4.313255518733566,0.03017365085909356,0.0005962214058446275,eligible,none,eligible,none,eligible,none,eligible,none,eligible,none,0.3594087510916491,0.08923916403983635,0.8476884041591444,0.4517453798767967,0.04615935286032933,0.002376054765577405,0.11676128835962418,0.20309050772626933,0.21961375154510163,18.873526725092933
SYN_A017_7A-SCNmm2_V003,msc_x10_causal_angle_halfgaussian_v1,164,17,3,local_same_tissue_variant,False,250625 to 250728::7A-SCNmm2_Raw.csv,7A-SCNmm2,SCN,250625 to 250728::6C-SCNmm1_Raw.csv,0.11666666666666667,123,False,940,13.06944,0.93403,7.71875,6.78472,4.19792,3.26389,0.93403,7.46875,471,0.2245451074320987,0.2,causal_half_gaussian,3.0,2.0110845013934746,1.8827054479312157,24.14659082336099,25.646569365712335,-0.5115436230881566,-1.0543698241170532,0.07341433822622229,-0.7781357010989072,0.049951530113260596,1.8854713222108979,-3.1761774097871474,0.03109587048522874,0.0013248989043946296,eligible,none,eligible,none,eligible,none,eligible,none,eligible,none,0.3577983932961613,0.08991007460910348,0.8438902728514451,0.4517453798767967,0.06827863220675572,0.004835445941657107,0.17271258303851464,0.22737306843267108,0.22080004776752105,20.14041259271161
SYN_A017_7A-SCNmm2_V004,msc_x10_causal_angle_halfgaussian_v1,165,17,4,local_same_tissue_variant,False,250625 to 250728::7A-SCNmm2_Raw.csv,7A-SCNmm2,SCN,250625 to 250728::1C-SCN_Raw.csv,0.27222222222222225,123,False,940,13.06944,0.93403,7.71875,6.78472,4.19792,3.26389,0.93403,7.46875,471,0.2245451074320987,0.2,causal_half_gaussian,3.0,2.062200786821085,1.7166477004951313,24.20532376189632,25.75507569145208,-0.48839063199609256,-0.9237866071194792,0.2094591051850484,-0.6780019265978634,0.046288068783467314,1.9230880332629319,-2.7791621740847074,0.03638518150580843,0.00301022586299719,eligible,none,eligible,none,eligible,none,eligible,none,eligible,none,0.3967120297612679,0.1061192454197847,0.935670560045186,0.4804928131416838,0.09268638947393577,0.00922885145974805,0.23445264237401264,0.24282560706401765,0.2455799715197097,18.46944374396611
SYN_A017_7A-SCNmm2_V005,msc_x10_causal_angle_halfgaussian_v1,166,17,5,local_same_tissue_variant,False,250625 to 250728::7A-SCNmm2_Raw.csv,7A-SCNmm2,SCN,250811::1A-1FSCN_Raw.csv,0.23333333333333334,123,False,940,13.06944,0.93403,7.71875,6.78472,4.19792,3.26389,0.93403,7.46875,471,0.2245451074320987,0.2,causal_half_gaussian,3.0,2.035640175310316,1.7096349504607757,24.198843455967904,25.67957703897244,-0.5031058288520409,-0.9290979175288105,0.21981080621269156,-0.5838794993918186,0.06563705453340983,1.3095433869498851,-2.386333977604636,0.03292799144535541,0.0029114027646144854,eligible,none,eligible,none,eligible,none,eligible,none,eligible,none,0.3726290640545656,0.09579453049249277,0.8788693533262987,0.4620123203285421,0.09077154681852191,0.00891910382532197,0.22960899787733607,0.24061810154525387,0.22586478459288054,13.674736385531512
SYN_A017_7A-SCNmm2_V006,msc_x10_causal_angle_halfgaussian_v1,167,17,6,local_same_tissue_variant,False,250625 to 250728::7A-SCNmm2_Raw.csv,7A-SCNmm2,SCN,250728::6B-SCNrM2_Raw.csv,0.15555555555555556,123,False,940,13.06944,0.93403,7.71875,6.78472,4.19792,3.26389,0.93403,7.46875,471,0.2245451074320987,0.2,causal_half_gaussian,3.0,2.072096345275925,1.9316971579531108,24.097375773640003,25.997896677922064,-0.5242271630601157,-1.1320641174235695,0.18360224752756016,-0.8881334078228393,0.03816781724731508,1.877469673018134,-3.6748240651768267,0.028531842983389764,0.0008130597157114584,eligible,none,eligible,none,eligible,none,eligible,none,eligible,none,0.3532052828257492,0.08576787693184548,0.8330571296044755,0.44763860369609854,0.054864855539909725,0.003196808735634398,0.1387820847031437,0.2141280353200883,0.21417878192419132,20.67493158789686
SYN_A017_7A-SCNmm2_V007,msc_x10_causal_angle_halfgaussian_v1,168,17,7,local_same_tissue_variant,False,250625 to 250728::7A-SCNmm2_Raw.csv,7A-SCNmm2,SCN,250625 to 250728::6C-SCNmm1_Raw.csv,0.03888888888888889,123,False,940,13.06944,0.93403,7.71875,6.78472,4.19792,3.26389,0.93403,7.46875,471,0.2245451074320987,0.2,causal_half_gaussian,3.0,2.0660786228928045,1.93771445017939,24.16699551283855,25.77224605656785,-0.5254967964468898,-1.0732616130397306,0.12547491850960363,-0.7529282773061112,0.04941619864103153,1.9601985147111487,-3.0883464161892222,0.028287122172986352,0.0011765736807299648,eligible,none,eligible,none,eligible,none,eligible,none,eligible,none,0.3506736491859256,0.08486172424993434,0.8270861106085845,0.4455852156057495,0.06523905254980243,0.004472303387971333,0.1650238869276429,0.22737306843267108,0.21281382345188785,21.724401286589174
SYN_A017_7A-SCNmm2_V008,msc_x10_causal_angle_halfgaussian_v1,169,17,8,local_same_tissue_variant,False,250625 to 250728::7A-SCNmm2_Raw.csv,7A-SCNmm2,SCN,250625 to 250728::7B-SCNcm2_Raw.csv,0.19444444444444445,123,False,940,13.06944,0.93403,7.71875,6.78472,4.19792,3.26389,0.93403,7.46875,471,0.2245451074320987,0.2,causal_half_gaussian,3.0,2.0153252683071226,1.914816171833764,24.134090693743627,26.012552868788926,-0.49622152522701524,-1.1428288232761599,0.13962126997816499,-0.8797011502986001,0.03752109488972707,1.8180211938792623,-3.6419859612812653,0.03450247885562702,0.0007598730620744442,eligible,none,eligible,none,eligible,none,eligible,none,eligible,none,0.37758217880253553,0.09888897954614119,0.890551589564484,0.46611909650924027,0.052574526010696856,0.0029816616817533352,0.13298863635458993,0.2097130242825607,0.23879971765935706,17.95612945389603
SYN_A017_7A-SCNmm2_V009,msc_x10_causal_angle_halfgaussian_v1,170,17,9,local_same_tissue_variant,False,250625 to 250728::7A-SCNmm2_Raw.csv,7A-SCNmm2,SCN,250625 to 250728::1C-SCN_Raw.csv,0.07777777777777778,123,False,940,13.06944,0.93403,7.71875,6.78472,4.19792,3.26389,0.93403,7.46875,471,0.2245451074320987,0.2,causal_half_gaussian,3.0,2.0846114274077885,1.894198593929664,24.1852338302399,25.812224770411746,-0.519878311374781,-1.037301535963472,0.16806346480379547,-0.7225180971777561,0.04833125744164566,1.976283803047462,-2.9682077820833856,0.02938623896139044,0.001474922682659254,eligible,none,eligible,none,eligible,none,eligible,none,eligible,none,0.3605924777655299,0.08859587893065851,0.8504802988253005,0.4537987679671458,0.07144791432622885,0.005358119920280828,0.1807293649150828,0.23178807947019867,0.21822400442353934,21.35966246317964
SYN_A018_7B-SCNcm2_V000,msc_x10_causal_angle_halfgaussian_v1,171,18,0,anchor_exact_fit,True,250625 to 250728::7B-SCNcm2_Raw.csv,7B-SCNcm2,SCN,250625 to 250728::7B-SCNcm2_Raw.csv,0.0,123,False,939,13.05556,0.94097,7.725695,6.784725,4.20486,3.26389,0.94097,7.475695,471,0.6285708570678299,0.2,causal_half_gaussian,3.0,1.6911449762035404,1.70600465688781,23.955503872146863,26.747779374075535,-0.3460352567873017,-1.391902845772964,0.090387809760915,-1.4571184305525602,-0.0106497197446312,1.074208823110928,-6.203013343850294,0.09558359657349741,0.00016192244339001586,eligible,none,eligible,none,eligible,none,eligible,none,eligible,none,0.5259952001848042,0.20664401723815257,2.9219557723271823,0.9589322381930184,0.021605032132165237,0.0006606083770398724,0.19370291551226565,0.31194690265486724,1.0632062545439778,5.612586525318537
SYN_A018_7B-SCNcm2_V001,msc_x10_causal_angle_halfgaussian_v1,172,18,1,local_same_tissue_variant,False,250625 to 250728::7B-SCNcm2_Raw.csv,7B-SCNcm2,SCN,250625 to 250728::7A-SCNmm2_Raw.csv,0.3111111111111111,123,False,939,13.05556,0.94097,7.725695,6.784725,4.20486,3.26389,0.94097,7.475695,471,0.6285708570678299,0.2,causal_half_gaussian,3.0,1.8163456407400962,1.7866491040393508,24.024475334280787,26.463829827206226,-0.40403822942608764,-1.295708740532819,0.10940211163792189,-1.234115894730341,0.007954181079672685,1.3614742904421466,-5.197910204538334,0.06448721601498737,0.0002959927136652053,eligible,none,eligible,none,eligible,none,eligible,none,eligible,none,0.46449595389176257,0.156030419012597,2.5803213284452067,0.8459958932238193,0.03060154245389253,0.0011907147579760667,0.27436237799741225,0.3407079646017699,0.8207295966151843,9.215124490410435
SYN_A018_7B-SCNcm2_V002,msc_x10_causal_angle_halfgaussian_v1,173,18,2,local_same_tissue_variant,False,250625 to 250728::7B-SCNcm2_Raw.csv,7B-SCNcm2,SCN,250625 to 250728::6C-SCNmm1_Raw.csv,0.35,123,False,939,13.05556,0.94097,7.725695,6.784725,4.20486,3.26389,0.94097,7.475695,471,0.6285708570678299,0.2,causal_half_gaussian,3.0,1.5845221770601807,1.5491891498165093,23.941275664398507,25.86279102499774,-0.3484993208916362,-1.1986714272257528,-0.12249371190266824,-1.3196739848201462,0.012688660307741467,1.0611101076074207,-5.432030223830857,0.09399891353318772,0.0005439404742950095,eligible,none,eligible,none,eligible,none,eligible,none,eligible,none,0.4887509071088569,0.19073890833033053,2.7150600114889194,0.9240246406570842,0.035982180802334146,0.001785437228210659,0.3226032382300876,0.3495575221238938,0.9785783118678463,6.023608285608461
SYN_A018_7B-SCNcm2_V003,msc_x10_causal_angle_halfgaussian_v1,174,18,3,local_same_tissue_variant,False,250625 to 250728::7B-SCNcm2_Raw.csv,7B-SCNcm2,SCN,250728::6B-SCNrM2_Raw.csv,0.27222222222222225,123,False,939,13.05556,0.94097,7.725695,6.784725,4.20486,3.26389,0.94097,7.475695,471,0.6285708570678299,0.2,causal_half_gaussian,3.0,1.7631067155315736,1.7179054097822675,23.876165254623725,26.784245003436187,-0.3823569727304932,-1.3941070710522128,0.16319514193676132,-1.5206566859310895,-0.013587558924168654,1.1154043406252494,-6.482323734038405,0.07470659443613269,0.0001596996946285963,eligible,none,eligible,none,eligible,none,eligible,none,eligible,none,0.4851110958176914,0.17277932310616498,2.6948404969217408,0.8829568788501027,0.021605743216095666,0.0006569915795823554,0.19370929083398036,0.31194690265486724,0.8966613366089908,6.91028156494739
SYN_A018_7B-SCNcm2_V004,msc_x10_causal_angle_halfgaussian_v1,175,18,4,local_same_tissue_variant,False,250625 to 250728::7B-SCNcm2_Raw.csv,7B-SCNcm2,SCN,250728::7B-SCNcM2_Raw.csv,0.15555555555555556,123,False,939,13.05556,0.94097,7.725695,6.784725,4.20486,3.26389,0.94097,7.475695,471,0.6285708570678299,0.2,causal_half_gaussian,3.0,1.7096480739034678,1.6404355417729817,23.926164011110988,27.21708090337838,-0.358886722446009,-1.3931624030971697,0.1377412325033837,-1.4276268309523839,-0.015128340197651809,0.8163843512050097,-6.184098201507037,0.0876023269577903,0.0001606485404012261,eligible,none,eligible,none,eligible,none,eligible,none,eligible,none,0.5091792600152286,0.19321562869222184,2.828541548341229,0.9281314168377823,0.020692686556576592,0.0006307182966246544,0.1855231545720756,0.3075221238938053,0.9913878871074616,4.574492500336951
SYN_A018_7B-SCNcm2_V005,msc_x10_causal_angle_halfgaussian_v1,176,18,5,local_same_tissue_variant,False,250625 to 250728::7B-SCNcm2_Raw.csv,7B-SCNcm2,SCN,250625 to 250728::1C-SCN_Raw.csv,0.23333333333333334,123,False,939,13.05556,0.94097,7.725695,6.784725,4.20486,3.26389,0.94097,7.475695,471,0.6285708570678299,0.2,causal_half_gaussian,3.0,1.758152705901913,1.5534269201300264,24.03134038673501,26.466238319171957,-0.35175227101196493,-1.183539352230064,0.1543233046261737,-1.2364471239900248,0.000851379483782699,1.225822999867906,-5.208202950051786,0.09194704854341423,0.0005980836123276646,eligible,none,eligible,none,eligible,none,eligible,none,eligible,none,0.5363865214164069,0.2074986107820454,2.9796805976566145,0.9589322381930184,0.037835682147566274,0.001949956252905555,0.33922106190565865,0.35398230088495575,1.0520297562652379,6.472791214603973
SYN_A018_7B-SCNcm2_V006,msc_x10_causal_angle_halfgaussian_v1,177,18,6,local_same_tissue_variant,False,250625 to 250728::7B-SCNcm2_Raw.csv,7B-SCNcm2,SCN,250625 to 250728::7A-SCNmm2_Raw.csv,0.11666666666666667,123,False,939,13.05556,0.94097,7.725695,6.784725,4.20486,3.26389,0.94097,7.475695,471,0.6285708570678299,0.2,causal_half_gaussian,3.0,1.7380952254047488,1.7362463245696378,23.981368170447084,26.641298293999544,-0.3677863715268464,-1.3558300563079098,0.09751817296479258,-1.373492479619228,-0.003673256935517244,1.181933373360135,-5.823737652984532,0.08246928239696438,0.00020302395699182762,eligible,none,eligible,none,eligible,none,eligible,none,eligible,none,0.5023344287649362,0.18609249059992483,2.790517828399734,0.9117043121149897,0.02462405236981822,0.000824141763614006,0.22077036065405214,0.3230088495575221,0.9634665251255333,6.814723233367603
SYN_A018_7B-SCNcm2_V007,msc_x10_causal_angle_halfgaussian_v1,178,18,7,local_same_tissue_variant,False,250625 to 250728::7B-SCNcm2_Raw.csv,7B-SCNcm2,SCN,250625 to 250728::6C-SCNmm1_Raw.csv,0.07777777777777778,123,False,939,13.05556,0.94097,7.725695,6.784725,4.20486,3.26389,0.94097,7.475695,471,0.6285708570678299,0.2,causal_half_gaussian,3.0,1.6674510208383495,1.6711567664275209,23.952342048202784,26.55111529650269,-0.3465828265882649,-1.3489625305402504,0.043080804946785387,-1.4265752203898014,-0.005463413066326164,1.071297997443482,-6.028337746528401,0.09522915175703889,0.00021195820473593775,eligible,none,eligible,none,eligible,none,eligible,none,eligible,none,0.5176681318371856,0.20307217010617812,2.8756980775490963,0.9507186858316222,0.024217371998688723,0.0008245982822494701,0.21712421131775403,0.3185840707964602,1.0442239983567045,5.699128903852837
SYN_A018_7B-SCNcm2_V008,msc_x10_causal_angle_halfgaussian_v1,179,18,8,local_same_tissue_variant,False,250625 to 250728::7B-SCNcm2_Raw.csv,7B-SCNcm2,SCN,250728::6B-SCNrM2_Raw.csv,0.03888888888888889,123,False,939,13.05556,0.94097,7.725695,6.784725,4.20486,3.26389,0.94097,7.475695,471,0.6285708570678299,0.2,causal_half_gaussian,3.0,1.7014252246789736,1.707704764444161,23.944169783929272,26.752988749698485,-0.35122407335061473,-1.392217735098571,0.10078885721460733,-1.4661953241780643,-0.011069411055993694,1.0800938970415452,-6.2428696743632655,0.09227714809494224,0.00016160302372595815,eligible,none,eligible,none,eligible,none,eligible,none,eligible,none,0.5200059733445221,0.2014489598609265,2.8886850201766108,0.946611909650924,0.021605197741722135,0.0006600924314168828,0.1937044003077435,0.31194690265486724,1.0374094430726442,5.783665562626251
SYN_A018_7B-SCNcm2_V009,msc_x10_causal_angle_halfgaussian_v1,180,18,9,local_same_tissue_variant,False,250625 to 250728::7B-SCNcm2_Raw.csv,7B-SCNcm2,SCN,250728::7B-SCNcM2_Raw.csv,0.19444444444444445,123,False,939,13.05556,0.94097,7.725695,6.784725,4.20486,3.26389,0.94097,7.475695,471,0.6285708570678299,0.2,causal_half_gaussian,3.0,1.7142738483284499,1.6240432629942745,23.91882904585202,27.334406285704095,-0.36209958886068583,-1.393477292428221,0.14957958818900086,-1.4202539310523399,-0.01624799531090696,0.7519282332285302,-6.178681048272229,0.08571339770075607,0.00016033163372282922,eligible,none,eligible,none,eligible,none,eligible,none,eligible,none,0.5050506622232347,0.18999366272331944,2.8056067760359005,0.9219712525667351,0.020465674127648423,0.0006233069259264927,0.18348784311908123,0.3053097345132743,0.9741790494032171,4.287750076548401
SYN_A019_7C-L1_V000,msc_x10_causal_angle_halfgaussian_v1,181,19,0,anchor_exact_fit,True,250625 to 250728::7C-L1_Raw.csv,7C-L1,DRG,250625 to 250728::7C-L1_Raw.csv,0.0,123,False,943,13.10903,0.89236,7.730555,6.838195,4.18403,3.29167,0.89236,7.480555,475,-0.8065927186800268,0.2,causal_half_gaussian,3.0,1.3490203015035964,2.717313505859692,26.03826683854069,24.1724872544222,-0.5583373539723795,-0.3617076461337735,1.2539749303440326,-3.141463673759877,-0.0837140007550513,3.551859507287969,-12.085747419771355,0.021971267493296733,0.1034973813934368,eligible,none,eligible,none,eligible,none,eligible,none,eligible,none,0.20179144711493846,0.04413784652741634,0.5547189280687062,0.34623217922606925,0.8514362696001571,0.34747353121592095,6.138701248650454,0.995575221238938,0.20556945069115337,47.497137178707504
SYN_A019_7C-L1_V001,msc_x10_causal_angle_halfgaussian_v1,182,19,1,local_same_tissue_variant,False,250625 to 250728::7C-L1_Raw.csv,7C-L1,DRG,250625 to 250728::5D-T10_Raw.csv,0.07777777777777778,123,False,943,13.10903,0.89236,7.730555,6.838195,4.18403,3.29167,0.89236,7.480555,475,-0.8065927186800268,0.2,causal_half_gaussian,3.0,1.3393443745054787,2.7488959522529557,25.980275793475087,24.24655137973067,-0.5437720369166615,-0.3603927064249479,1.3602676527676794,-3.0986816724236976,-0.0778262182414146,3.6177023270852735,-11.957683994135857,0.024272306615370567,0.1043543252160508,eligible,none,eligible,none,eligible,none,eligible,none,eligible,none,0.21052383743353853,0.04791036044962009,0.5787240197922036,0.35234215885947046,0.8649736453430334,0.354150170274603,6.236303275182953,0.995575221238938,0.21478515191997966,46.30189909543706
SYN_A019_7C-L1_V002,msc_x10_causal_angle_halfgaussian_v1,183,19,2,local_same_tissue_variant,False,250625 to 250728::7C-L1_Raw.csv,7C-L1,DRG,250625 to 250728::3A-L5m2_Raw.csv,0.19444444444444445,123,False,943,13.10903,0.89236,7.730555,6.838195,4.18403,3.29167,0.89236,7.480555,475,-0.8065927186800268,0.2,causal_half_gaussian,3.0,1.3310368967056567,2.9208548355930186,25.74974449857114,24.16508386017162,-0.48208064269011486,-0.39680604439459116,1.243526640424625,2.9237007914413713,-0.05668630324673245,3.0310860760784273,11.244531452303306,0.03701021066683948,0.08305059891903481,eligible,none,eligible,none,eligible,none,eligible,none,eligible,none,0.25808762775538,0.06947518250734322,0.709475521698963,0.395112016293279,0.8177450925046654,0.30592738670168096,5.895793965640626,0.995575221238938,0.26790470706866343,31.101988439317594
SYN_A019_7C-L1_V003,msc_x10_causal_angle_halfgaussian_v1,184,19,3,local_same_tissue_variant,False,250625 to 250728::7C-L1_Raw.csv,7C-L1,DRG,250625 to 250728::6A-T7_Raw.csv,0.3111111111111111,123,False,943,13.10903,0.89236,7.730555,6.838195,4.18403,3.29167,0.89236,7.480555,475,-0.8065927186800268,0.2,causal_half_gaussian,3.0,1.3222433691989828,2.3212381945832226,25.813265380943697,24.503870538919653,-0.523598073435903,-0.36558003149776197,1.3488810429106477,-3.1407284813494996,-0.08290705998747193,2.2469614953885344,-12.248565073665143,0.027862718790892995,0.10101441426615633,eligible,none,eligible,none,eligible,none,eligible,none,eligible,none,0.22260436388865046,0.053519543986520146,0.6119330421838629,0.3625254582484725,0.7183506839263001,0.2903615069605125,5.179178287129046,0.995575221238938,0.20673521243600596,29.87799194674437
SYN_A019_7C-L1_V004,msc_x10_causal_angle_halfgaussian_v1,185,19,4,local_same_tissue_variant,False,250625 to 250728::7C-L1_Raw.csv,7C-L1,DRG,250625 to 250728::4C-T5m1_Raw.csv,0.15555555555555556,123,False,943,13.10903,0.89236,7.730555,6.838195,4.18403,3.29167,0.89236,7.480555,475,-0.8065927186800268,0.2,causal_half_gaussian,3.0,1.3063684573855856,2.7163943887883892,26.081284441562865,24.351965410143816,-0.5257628960899859,-0.3471547215543345,1.5274583287638868,-2.8139252813768545,-0.07278793098074887,3.088592292577789,-10.906030583009796,0.02745329155660094,0.11338683608444364,eligible,none,eligible,none,eligible,none,eligible,none,eligible,none,0.21831761000382646,0.052180489368334144,0.6001488781180317,0.35845213849287166,0.8883466745196433,0.3773222958987513,6.404818581042048,0.995575221238938,0.2223837344910039,38.1792853204301
SYN_A019_7C-L1_V005,msc_x10_causal_angle_halfgaussian_v1,186,19,5,local_same_tissue_variant,False,250625 to 250728::7C-L1_Raw.csv,7C-L1,DRG,250625 to 250728::8A-L3_Raw.csv,0.03888888888888889,123,False,943,13.10903,0.89236,7.730555,6.838195,4.18403,3.29167,0.89236,7.480555,475,-0.8065927186800268,0.2,causal_half_gaussian,3.0,1.343741621377847,2.66357775300882,26.19216217047417,24.154637421132843,-0.5632381129285469,-0.3586179751513787,1.2319951545157417,3.0745900924337084,-0.08054392352152312,3.4258925022377618,11.819738758378287,0.02124715982927215,0.10552217588331488,eligible,none,eligible,none,eligible,none,eligible,none,eligible,none,0.19767768893889934,0.04266503852339531,0.5434103242682363,0.3421588594704684,0.8429130518171176,0.3466387701890056,6.077250392590687,0.995575221238938,0.20015265045213476,47.05249057030359
SYN_A019_7C-L1_V006,msc_x10_causal_angle_halfgaussian_v1,187,19,6,local_same_tissue_variant,False,250625 to 250728::7C-L1_Raw.csv,7C-L1,DRG,250625 to 250728::3A-L5m2_Raw.csv,0.11666666666666667,123,False,943,13.10903,0.89236,7.730555,6.838195,4.18403,3.29167,0.89236,7.480555,475,-0.8065927186800268,0.2,causal_half_gaussian,3.0,1.3382302586248325,2.839438303699688,25.86515343455896,24.168045217871853,-0.5125833272030207,-0.38276668509026407,1.247705956392388,3.010909128232706,-0.06749738225006,3.2393954485622443,11.581353151383556,0.030042424533808242,0.09069375970666824,eligible,none,eligible,none,eligible,none,eligible,none,eligible,none,0.23390031571841757,0.057947094959676704,0.6429852913257954,0.3727087576374745,0.8315764409072675,0.32211448719530406,5.9955154817905605,0.995575221238938,0.23970385078794876,37.15003155632413
SYN_A019_7C-L1_V007,msc_x10_causal_angle_halfgaussian_v1,188,19,7,local_same_tissue_variant,False,250625 to 250728::7C-L1_Raw.csv,7C-L1,DRG,250625 to 250728::4C-T5m1_Raw.csv,0.27222222222222225,123,False,943,13.10903,0.89236,7.730555,6.838195,4.18403,3.29167,0.89236,7.480555,475,-0.8065927186800268,0.2,causal_half_gaussian,3.0,1.2743795742970774,2.715705050984912,26.1135476438295,24.486574026935028,-0.5013320526781908,-0.3362400281197553,1.7325708775787774,-2.5682714870895875,-0.06459337865002207,2.741141881545154,-10.008963099978205,0.03244508419310835,0.12141926329190995,eligible,none,eligible,none,eligible,none,eligible,none,eligible,none,0.23143337810698086,0.05911920965790313,0.6362037502496313,0.36863543788187375,0.9190773340942446,0.40137978144087916,6.626381069084809,0.995575221238938,0.23719673014831213,31.76823214610656
SYN_A019_7C-L1_V008,msc_x10_causal_angle_halfgaussian_v1,189,19,8,local_same_tissue_variant,False,250625 to 250728::7C-L1_Raw.csv,7C-L1,DRG,250625 to 250728::6A-T7_Raw.csv,0.23333333333333334,123,False,943,13.10903,0.89236,7.730555,6.838195,4.18403,3.29167,0.89236,7.480555,475,-0.8065927186800268,0.2,causal_half_gaussian,3.0,1.328937602275136,2.42025702240234,25.869515745342945,24.421024717795287,-0.5322828935700221,-0.3646119351567649,1.325154514768994,-3.140912279452094,-0.08310879517936677,2.5731859983633933,-12.207867930503161,0.02625617127470461,0.10162951496524335,eligible,none,eligible,none,eligible,none,eligible,none,eligible,none,0.21721627629308257,0.05100391444541722,0.5971213431842949,0.35845213849287166,0.7513238751227099,0.30441881024731654,5.416909021884386,0.995575221238938,0.20604333368949693,34.330714478104454
SYN_A019_7C-L1_V009,msc_x10_causal_angle_halfgaussian_v1,190,19,9,local_same_tissue_variant,False,250625 to 250728::7C-L1_Raw.csv,7C-L1,DRG,250625 to 250728::5D-T10_Raw.csv,0.35,123,False,943,13.10903,0.89236,7.730555,6.838195,4.18403,3.29167,0.89236,7.480555,475,-0.8065927186800268,0.2,causal_half_gaussian,3.0,1.3054786300120664,2.8594345146293785,25.777307135745485,24.50577581831031,-0.4927934272216487,-0.3557904174440583,1.7322921812504426,-2.9489446677470696,-0.05721897944368619,3.8481521963758394,-11.501519276510136,0.034395912303160255,0.10740989140847719,eligible,none,eligible,none,eligible,none,eligible,none,eligible,none,0.24407056895970067,0.06381353256797354,0.6709430271805683,0.38085539714867617,0.9131399410688904,0.37815897549619243,6.583573541052691,0.995575221238938,0.25339591123148153,41.74676889052308
SYN_A020_7D-L2_V000,msc_x10_causal_angle_halfgaussian_v1,191,20,0,anchor_exact_fit,True,250625 to 250728::7D-L2_Raw.csv,7D-L2,DRG,250625 to 250728::7D-L2_Raw.csv,0.0,123,False,942,13.10903,0.88889,7.727085,6.838195,4.18056,3.29167,0.88889,7.477085,475,-0.5055076932651854,0.2,causal_half_gaussian,3.0,1.057109371787248,2.124667290910561,29.978407187812373,25.066549723031734,-0.6665056032879789,-0.2459258693840887,2.798137484974794,2.398384527096977,0.1975992517337319,1.660764788109078,9.568271834149169,0.010486198826469109,0.21391842052522891,eligible,none,eligible,none,eligible,none,eligible,none,eligible,none,0.10994289693058933,0.017980403456529626,0.16690917456686155,0.10612244897959183,0.958652635078252,0.5212233494038803,1.4512239391950448,0.745575221238938,0.1132176626349637,22.20583492723759
SYN_A020_7D-L2_V001,msc_x10_causal_angle_halfgaussian_v1,192,20,1,local_same_tissue_variant,False,250625 to 250728::7D-L2_Raw.csv,7D-L2,DRG,250625 to 250728::1B-L1m2_Raw.csv,0.23333333333333334,123,False,942,13.10903,0.88889,7.727085,6.838195,4.18056,3.29167,0.88889,7.477085,475,-0.5055076932651854,0.2,causal_half_gaussian,3.0,1.1390889790811025,2.097826972716312,28.716695794004053,25.022956723850374,-0.5847214002983051,-0.2278466270760353,3.2351164275156994,2.3117542150780395,0.17568508336633665,1.255906705586732,9.20662416465367,0.01834425273645171,0.23959899584820624,eligible,none,eligible,none,eligible,none,eligible,none,eligible,none,0.1563934472347942,0.031940604479387555,0.23742780947554565,0.13877551020408163,1.0035729053859435,0.5706454631020341,1.519224974440009,0.7964601769911505,0.1264306596464251,15.037586511689973
SYN_A020_7D-L2_V002,msc_x10_causal_angle_halfgaussian_v1,193,20,2,local_same_tissue_variant,False,250625 to 250728::7D-L2_Raw.csv,7D-L2,DRG,250811::2D-1FL2_Raw.csv,0.27222222222222225,123,False,942,13.10903,0.88889,7.727085,6.838195,4.18056,3.29167,0.88889,7.477085,475,-0.5055076932651854,0.2,causal_half_gaussian,3.0,0.9696793262866295,2.832876829300767,28.662593144117803,25.117354881013963,-0.5777655148584273,-0.2741451462148601,2.9102265902259767,2.600076383953968,0.20404965028050678,1.954213696489947,10.393938434203292,0.01923789485258186,0.179223978649628,eligible,none,eligible,none,eligible,none,eligible,none,eligible,none,0.13631619066392228,0.028371274883005258,0.20694763826514925,0.1,1.1710942664996833,0.5937286745011144,1.7728215334845192,0.834070796460177,0.15656791982983512,18.894805891474988
SYN_A020_7D-L2_V003,msc_x10_causal_angle_halfgaussian_v1,194,20,3,local_same_tissue_variant,False,250625 to 250728::7D-L2_Raw.csv,7D-L2,DRG,250625 to 250728::8A-L3_Raw.csv,0.3111111111111111,123,False,942,13.10903,0.88889,7.727085,6.838195,4.18056,3.29167,0.88889,7.477085,475,-0.5055076932651854,0.2,causal_half_gaussian,3.0,1.105696664470783,1.8791600905322026,29.98374840128458,24.645598288705028,-0.6720593307057984,-0.2572294987359437,2.1418931502411187,2.092592632287155,0.13544019104989147,1.2413693270075223,8.208129296826895,0.010095426747702484,0.19928013238621195,eligible,none,eligible,none,eligible,none,eligible,none,eligible,none,0.11284770610333641,0.018179104053836857,0.17131909385071997,0.11428571428571428,0.817424740680607,0.4337089368836577,1.2374308573920176,0.6349557522123894,0.10210900407506547,18.403911381057732
SYN_A020_7D-L2_V004,msc_x10_causal_angle_halfgaussian_v1,195,20,4,local_same_tissue_variant,False,250625 to 250728::7D-L2_Raw.csv,7D-L2,DRG,250811::5A-2ML2_Raw.csv,0.03888888888888889,123,False,942,13.10903,0.88889,7.727085,6.838195,4.18056,3.29167,0.88889,7.477085,475,-0.5055076932651854,0.2,causal_half_gaussian,3.0,1.0266906313036457,2.1527127079554136,29.979242210568124,25.068888683866827,-0.6622437839446157,-0.24903799939252239,2.9336001144464112,2.3580010870499013,0.1942366632744217,1.7241204200590277,9.408041284433407,0.010796296372353702,0.20978413554468164,eligible,none,eligible,none,eligible,none,eligible,none,eligible,none,0.10833582417907445,0.01792390434792807,0.1644694063425115,0.1,0.961573673824615,0.5187955376947196,1.4556458551225928,0.745575221238938,0.11449007845704462,22.796748397836996
SYN_A020_7D-L2_V005,msc_x10_causal_angle_halfgaussian_v1,196,20,5,local_same_tissue_variant,False,250625 to 250728::7D-L2_Raw.csv,7D-L2,DRG,250625 to 250728::4D-T7m1_Raw.csv,0.15555555555555556,123,False,942,13.10903,0.88889,7.727085,6.838195,4.18056,3.29167,0.88889,7.477085,475,-0.5055076932651854,0.2,causal_half_gaussian,3.0,1.0574280008834889,2.1679872653810035,29.97384896789919,24.959626151679853,-0.6298074407145277,-0.27923215536949725,2.544293957306011,2.309485436130527,0.1943022800461859,1.601062084576488,9.17431052410622,0.013477332321826206,0.17359699739512785,eligible,none,eligible,none,eligible,none,eligible,none,eligible,none,0.12457179792652573,0.022508677657085977,0.1891179562000544,0.11224489795918367,0.8816621505340219,0.44139183584280645,1.3346744924272982,0.665929203539823,0.11977357167747435,20.235798018434135
SYN_A020_7D-L2_V006,msc_x10_causal_angle_halfgaussian_v1,197,20,6,local_same_tissue_variant,False,250625 to 250728::7D-L2_Raw.csv,7D-L2,DRG,250625 to 250728::1B-L1m2_Raw.csv,0.19444444444444445,123,False,942,13.10903,0.88889,7.727085,6.838195,4.18056,3.29167,0.88889,7.477085,475,-0.5055076932651854,0.2,causal_half_gaussian,3.0,1.1254257111987935,2.10230035908202,28.92698102630544,25.030222223713935,-0.5983521007965841,-0.23085983412737754,3.162286603758882,2.3261926004145295,0.17933744476090252,1.3233830526737895,9.266815297808067,0.016711664273015733,0.23511419940988598,eligible,none,eligible,none,eligible,none,eligible,none,eligible,none,0.14752833825669767,0.029034742689991483,0.22396929543517496,0.1326530612244898,0.9959538296897217,0.5621007600697213,1.5076910938243326,0.7876106194690266,0.12356374015611875,16.213160677164606
SYN_A020_7D-L2_V007,msc_x10_causal_angle_halfgaussian_v1,198,20,7,local_same_tissue_variant,False,250625 to 250728::7D-L2_Raw.csv,7D-L2,DRG,250811::2D-1FL2_Raw.csv,0.35,123,False,942,13.10903,0.88889,7.727085,6.838195,4.18056,3.29167,0.88889,7.477085,475,-0.5055076932651854,0.2,causal_half_gaussian,3.0,0.9446993132864527,3.0352224116979682,28.286646274490785,25.131870640437455,-0.5524112038785554,-0.28220779673793767,2.9422520488691717,2.6577026287702505,0.20589262129387104,2.0380562417416237,10.630442267981868,0.022879921754291196,0.1703877547342789,eligible,none,eligible,none,eligible,none,eligible,none,eligible,none,0.14474545958491464,0.032273820879748,0.2197444842377742,0.09591836734693877,1.222564886637052,0.6075639047402237,1.8507385947592392,0.8517699115044248,0.17011718918924715,18.135984237385344
SYN_A020_7D-L2_V008,msc_x10_causal_angle_halfgaussian_v1,199,20,8,local_same_tissue_variant,False,250625 to 250728::7D-L2_Raw.csv,7D-L2,DRG,250811::5A-2ML2_Raw.csv,0.11666666666666667,123,False,942,13.10903,0.88889,7.727085,6.838195,4.18056,3.29167,0.88889,7.477085,475,-0.5055076932651854,0.2,causal_half_gaussian,3.0,0.965853150336441,2.208803542045119,29.980912256079627,25.073566605537014,-0.6537201452578892,-0.25526225940938974,3.204525373389645,2.277234206955752,0.18751148635580134,1.8508316839589274,9.08748998684917,0.01144427322982027,0.20175372461146024,eligible,none,eligible,none,eligible,none,eligible,none,eligible,none,0.10490932032314698,0.01776360624806996,0.15926747928574048,0.08775510204081632,0.9669541554937806,0.5137143543245707,1.463790915718035,0.7411504424778761,0.11699072202536731,23.949070787465608
SYN_A020_7D-L2_V009,msc_x10_causal_angle_halfgaussian_v1,200,20,9,local_same_tissue_variant,False,250625 to 250728::7D-L2_Raw.csv,7D-L2,DRG,250625 to 250728::8A-L3_Raw.csv,0.07777777777777778,123,False,942,13.10903,0.88889,7.727085,6.838195,4.18056,3.29167,0.88889,7.477085,475,-0.5055076932651854,0.2,causal_half_gaussian,3.0,1.0692561949581318,2.0632904908159713,29.979742491180424,24.961311864450057,-0.6678940351424337,-0.24875177672205245,2.6340764012913755,2.3219365533945213,0.1820594865627718,1.555915922833689,9.224394889725694,0.010387110134938387,0.21016100579118294,eligible,none,eligible,none,eligible,none,eligible,none,eligible,none,0.11068312155198629,0.018033313226685287,0.1680329423044848,0.10816326530612246,0.9224846102818167,0.4980590061642191,1.3964721954482573,0.7190265486725663,0.11044303810888159,21.32656662993172
SYN_A021_8A-L3_V000,msc_x10_causal_angle_halfgaussian_v1,201,21,0,anchor_exact_fit,True,250625 to 250728::8A-L3_Raw.csv,8A-L3,DRG,250625 to 250728::8A-L3_Raw.csv,0.0,123,False,943,13.10903,0.89583,7.720135,6.824305,4.180555,3.284725,0.89583,7.470135,474,0.1217927688984952,0.2,causal_half_gaussian,3.0,1.213282812555754,1.335537003980123,29.995575373973036,23.713491541267317,-0.6843568699881127,-0.2822589637293369,0.6887806947594084,1.415482008065406,-0.0021977290357552,0.3127079488540781,5.34219810240521,0.009369832963319492,0.16966659630182002,difficult,fit_r_squared_below_0.60;fit_pre_period_hours_at_bound,difficult,fit_r_squared_below_0.60,difficult,fit_r_squared_below_0.60,difficult,fit_r_squared_below_0.60,difficult,fit_r_squared_below_0.60;fit_pre_period_hours_at_bound,0.1187634044692619,0.018503472283883736,0.3757965751543653,0.2897959183673469,0.5367997666357314,0.2663160242397726,1.0295242995945266,0.5165562913907285,0.06452418227042553,9.294813814969086
SYN_A021_8A-L3_V001,msc_x10_causal_angle_halfgaussian_v1,202,21,1,local_same_tissue_variant,False,250625 to 250728::8A-L3_Raw.csv,8A-L3,DRG,250625 to 250728::6A-T7_Raw.csv,0.15555555555555556,123,False,943,13.10903,0.89583,7.720135,6.824305,4.180555,3.284725,0.89583,7.470135,474,0.1217927688984952,0.2,causal_half_gaussian,3.0,1.2210090669064448,1.352442359745377,29.26749331744062,23.950582516673467,-0.6473841938952049,-0.29655384034091015,0.8241528543558797,1.684375768214597,-0.014474567586078244,0.16412696310518857,6.420593831541425,0.012058961634842918,0.15508850357083365,difficult,fit_r_squared_below_0.60;fit_pre_period_hours_at_bound,difficult,fit_r_squared_below_0.60,difficult,fit_r_squared_below_0.60,difficult,fit_r_squared_below_0.60,difficult,fit_r_squared_below_0.60;fit_pre_period_hours_at_bound,0.13550832847065425,0.02334309661051552,0.428781626560264,0.3081632653061224,0.5190722818553564,0.2485397672537229,0.995524887734735,0.4966887417218543,0.07138481360366175,4.409591787817295
SYN_A021_8A-L3_V002,msc_x10_causal_angle_halfgaussian_v1,203,21,2,local_same_tissue_variant,False,250625 to 250728::8A-L3_Raw.csv,8A-L3,DRG,250625 to 250728::7C-L1_Raw.csv,0.35,123,False,943,13.10903,0.89583,7.720135,6.824305,4.180555,3.284725,0.89583,7.470135,474,0.1217927688984952,0.2,causal_half_gaussian,3.0,1.260790933687499,1.8191587796379722,28.610517386571715,23.874140040871527,-0.640250039382606,-0.3100660025708897,0.8865986772140269,2.0196658769394116,-0.03072842413750883,1.4464109943059398,7.674098983953928,0.012660586390055932,0.1424620603319064,difficult,fit_r_squared_below_0.60;fit_pre_period_hours_at_bound,difficult,fit_r_squared_below_0.60,difficult,fit_r_squared_below_0.60,difficult,fit_r_squared_below_0.60,difficult,fit_r_squared_below_0.60;fit_pre_period_hours_at_bound,0.14335454844610543,0.02517799385182711,0.4536089932719135,0.3183673469387755,0.6683901636681301,0.30947482231034884,1.2819005481670762,0.6291390728476821,0.08875812257403262,31.254164246531612
SYN_A021_8A-L3_V003,msc_x10_causal_angle_halfgaussian_v1,204,21,3,local_same_tissue_variant,False,250625 to 250728::8A-L3_Raw.csv,8A-L3,DRG,250625 to 250728::7D-L2_Raw.csv,0.23333333333333334,123,False,943,13.10903,0.89583,7.720135,6.824305,4.180555,3.284725,0.89583,7.470135,474,0.1217927688984952,0.2,causal_half_gaussian,3.0,1.1768423430431025,1.519667404263892,29.99156946386888,24.029205117012346,-0.6801915744247482,-0.27378124171544566,1.180963945809665,1.6448259291727725,0.04442156647712513,0.6272545446802447,6.290417630801112,0.009639994293651907,0.17895161546588984,difficult,fit_r_squared_below_0.60;fit_pre_period_hours_at_bound,difficult,fit_r_squared_below_0.60,difficult,fit_r_squared_below_0.60,difficult,fit_r_squared_below_0.60,difficult,fit_r_squared_below_0.60;fit_pre_period_hours_at_bound,0.11683736823360064,0.018410549419930887,0.36970212354935056,0.2857142857142857,0.6277608210335873,0.31806974255381293,1.2039778326246187,0.6070640176600441,0.07042872244765436,17.08119652245009
SYN_A021_8A-L3_V004,msc_x10_causal_angle_halfgaussian_v1,205,21,4,local_same_tissue_variant,False,250625 to 250728::8A-L3_Raw.csv,8A-L3,DRG,250625 to 250728::1D-L2m2_Raw.csv,0.03888888888888889,123,False,943,13.10903,0.89583,7.720135,6.824305,4.180555,3.284725,0.89583,7.470135,474,0.1217927688984952,0.2,causal_half_gaussian,3.0,1.2324160768156722,1.3615797216507681,29.99563865696103,23.775203442531257,-0.6910411086450887,-0.2869533003665213,0.6082503577706243,1.3886571539523214,-0.00032224336355285476,0.20113868731010526,5.254596949323946,0.008952026990681372,0.16473410650277015,difficult,fit_r_squared_below_0.60;fit_pre_period_hours_at_bound,difficult,fit_r_squared_below_0.60,difficult,fit_r_squared_below_0.60,difficult,fit_r_squared_below_0.60,difficult,fit_r_squared_below_0.60;fit_pre_period_hours_at_bound,0.11792888167394955,0.01804282071926616,0.3731559401054787,0.2897959183673469,0.5390338880267669,0.2643249981424522,1.03380910447574,0.5187637969094923,0.06472760651719414,5.959781622223987
SYN_A021_8A-L3_V005,msc_x10_causal_angle_halfgaussian_v1,206,21,5,local_same_tissue_variant,False,250625 to 250728::8A-L3_Raw.csv,8A-L3,DRG,250625 to 250728::4D-T7m1_Raw.csv,0.07777777777777778,123,False,943,13.10903,0.89583,7.720135,6.824305,4.180555,3.284725,0.89583,7.470135,474,0.1217927688984952,0.2,causal_half_gaussian,3.0,1.2012953039329906,1.418573791309934,29.991960960648395,23.76526761417305,-0.6646193568469323,-0.29608619938407743,0.7259200146084356,1.4474804362846365,0.011693550291431905,0.38770546236317205,5.474891834763634,0.010720846091294261,0.15554497833820866,difficult,fit_r_squared_below_0.60;fit_pre_period_hours_at_bound,difficult,fit_r_squared_below_0.60,difficult,fit_r_squared_below_0.60,difficult,fit_r_squared_below_0.60,difficult,fit_r_squared_below_0.60;fit_pre_period_hours_at_bound,0.12574155536733686,0.020669813377921308,0.39787715814308927,0.29591836734693877,0.5452765628173758,0.2613901558611924,1.0457818842548328,0.5231788079470199,0.0700392735730561,10.616578370080713
SYN_A021_8A-L3_V006,msc_x10_causal_angle_halfgaussian_v1,207,21,6,local_same_tissue_variant,False,250625 to 250728::8A-L3_Raw.csv,8A-L3,DRG,250625 to 250728::7D-L2_Raw.csv,0.11666666666666667,123,False,943,13.10903,0.89583,7.720135,6.824305,4.180555,3.284725,0.89583,7.470135,474,0.1217927688984952,0.2,causal_half_gaussian,3.0,1.1950625777994284,1.4276022041220076,29.99357241892096,23.87134832913983,-0.6822742222064304,-0.27802010272239125,0.9348723202845367,1.5301539686190893,0.021111918720684963,0.4699812467671614,5.813426884033483,0.009503953719314475,0.17424727113733998,difficult,fit_r_squared_below_0.60;fit_pre_period_hours_at_bound,difficult,fit_r_squared_below_0.60,difficult,fit_r_squared_below_0.60,difficult,fit_r_squared_below_0.60,difficult,fit_r_squared_below_0.60;fit_pre_period_hours_at_bound,0.11781014312493208,0.018459097891922925,0.3727802221790773,0.28775510204081634,0.5817122852991355,0.2916518937908641,1.1156616867431026,0.5629139072847682,0.06747868574927088,13.357900274011264
SYN_A021_8A-L3_V007,msc_x10_causal_angle_halfgaussian_v1,208,21,7,local_same_tissue_variant,False,250625 to 250728::8A-L3_Raw.csv,8A-L3,DRG,250625 to 250728::7C-L1_Raw.csv,0.3111111111111111,123,False,943,13.10903,0.89583,7.720135,6.824305,4.180555,3.284725,0.89583,7.470135,474,0.1217927688984952,0.2,causal_half_gaussian,3.0,1.2555122535617493,1.7654230267871,28.764412718505195,23.85629020758217,-0.6451507983387735,-0.30697633158849497,0.8646189013857359,1.9525343359534109,-0.02755834690398065,1.320443989255733,7.413473179845203,0.012244164548732108,0.14525538273176591,difficult,fit_r_squared_below_0.60;fit_pre_period_hours_at_bound,difficult,fit_r_squared_below_0.60,difficult,fit_r_squared_below_0.60,difficult,fit_r_squared_below_0.60,difficult,fit_r_squared_below_0.60;fit_pre_period_hours_at_bound,0.1403982904042311,0.024332646686810108,0.4442546668918841,0.3142857142857143,0.6551507228113351,0.3056811693565775,1.256508722532464,0.6203090507726269,0.08591696625115086,29.475781850016713
SYN_A021_8A-L3_V008,msc_x10_causal_angle_halfgaussian_v1,209,21,8,local_same_tissue_variant,False,250625 to 250728::8A-L3_Raw.csv,8A-L3,DRG,250625 to 250728::4D-T7m1_Raw.csv,0.27222222222222225,123,False,943,13.10903,0.89583,7.720135,6.824305,4.180555,3.284725,0.89583,7.470135,474,0.1217927688984952,0.2,causal_half_gaussian,3.0,1.1713265323760822,1.6261657596344614,29.982924927336786,23.89470779643739,-0.615275573993981,-0.33065428852092876,0.8187683142310036,1.5274765068327127,0.04642174860939967,0.575199246135907,5.808933369350866,0.015013159297287108,0.12517140093770557,difficult,fit_r_squared_below_0.60;fit_pre_period_hours_at_bound,difficult,fit_r_squared_below_0.60,difficult,fit_r_squared_below_0.60,difficult,fit_r_squared_below_0.60,difficult,fit_r_squared_below_0.60;fit_pre_period_hours_at_bound,0.14497002177950946,0.02724919889485148,0.4587207475926947,0.3142857142857143,0.5590504200583529,0.24707940617776317,1.0721986631174711,0.5364238410596026,0.0855738271815142,12.891446058556424
SYN_A021_8A-L3_V009,msc_x10_causal_angle_halfgaussian_v1,210,21,9,local_same_tissue_variant,False,250625 to 250728::8A-L3_Raw.csv,8A-L3,DRG,250625 to 250728::6A-T7_Raw.csv,0.19444444444444445,123,False,943,13.10903,0.89583,7.720135,6.824305,4.180555,3.284725,0.89583,7.470135,474,0.1217927688984952,0.2,causal_half_gaussian,3.0,1.2229406304941175,1.3566686986866903,29.085472803307514,24.009855260525008,-0.6381410248719779,-0.3001275594938035,0.8579958942549976,1.7515992082518954,-0.017543777223659004,0.12698171666796618,6.693363542297985,0.012844122224289845,0.15164406582532317,difficult,fit_r_squared_below_0.60;fit_pre_period_hours_at_bound,difficult,fit_r_squared_below_0.60,difficult,fit_r_squared_below_0.60,difficult,fit_r_squared_below_0.60,difficult,fit_r_squared_below_0.60;fit_pre_period_hours_at_bound,0.14005031962777453,0.02473899493680849,0.4431536019078466,0.3122448979591837,0.5147200062547473,0.24427828666677875,0.9871776905713653,0.4922737306843267,0.07337244112661113,3.31919302221441
SYN_A022_8B-L2m1_V000,msc_x10_causal_angle_halfgaussian_v1,211,22,0,anchor_exact_fit,True,250625 to 250728::8B-L2m1_Raw.csv,8B-L2m1,DRG,250625 to 250728::8B-L2m1_Raw.csv,0.0,123,False,939,13.05556,0.94236,7.727085,6.784725,4.20625,3.26389,0.94236,7.477085,471,-1.2350233076561823,0.2,causal_half_gaussian,3.0,3.1540511954886616,4.694987507690209,27.23205661634272,24.585247015526136,-1.3999999998606387,-0.3695156731388793,9.372886351106107,-0.3692296370144587,0.2947310203311897,-0.9988622709514547,-1.44474520289587,7.495557156744855e-05,0.09855191476779497,eligible,none,eligible,none,difficult,fit_pre_envelope_log_rate_per_day_at_bound,eligible,none,eligible,none,0.027978685825606725,0.0006385760222031344,0.0239696000383288,0.10677618069815195,1.4347211721290822,0.5742969699684645,1.1374062881366425,0.5553097345132744,0.06269336506546448,12.63083743910221
SYN_A022_8B-L2m1_V001,msc_x10_causal_angle_halfgaussian_v1,212,22,1,local_same_tissue_variant,False,250625 to 250728::8B-L2m1_Raw.csv,8B-L2m1,DRG,250625 to 250728::5C-T12_Raw.csv,0.19444444444444445,123,False,939,13.05556,0.94236,7.727085,6.784725,4.20625,3.26389,0.94236,7.477085,471,-1.2350233076561823,0.2,causal_half_gaussian,3.0,2.9583572608741453,4.4543617979273105,27.76932679214014,24.77573740678689,-1.3292212917302786,-0.3446535771159926,8.916126868616232,-0.9142479072330252,0.28220689278476757,0.0166659171319965,-3.6050450475218616,0.00012115971445899313,0.11517924472683942,eligible,none,eligible,none,difficult,fit_pre_envelope_log_rate_per_day_at_bound,eligible,none,eligible,none,0.03332365663538033,0.0009207269148049157,0.028548686180021716,0.10472279260780287,1.4671723998130006,0.6276001966897573,1.1631327018415916,0.5730088495575221,0.05961334797993302,0.22163269252969192
SYN_A022_8B-L2m1_V002,msc_x10_causal_angle_halfgaussian_v1,213,22,2,local_same_tissue_variant,False,250625 to 250728::8B-L2m1_Raw.csv,8B-L2m1,DRG,250811::3D-1FT10_Raw.csv,0.35,123,False,939,13.05556,0.94236,7.727085,6.784725,4.20625,3.26389,0.94236,7.477085,471,-1.2350233076561823,0.2,causal_half_gaussian,3.0,2.6056821087482054,4.733911040616437,27.09027683261306,25.32088092707493,-1.1159122139444138,-0.33074541246891737,8.221699851939025,-0.2631316874569407,0.2800089527516699,-0.5050744396364262,-1.0604057974582124,0.0005150958821209657,0.12567577426142457,eligible,none,eligible,none,difficult,fit_pre_envelope_log_rate_per_day_at_bound,eligible,none,eligible,none,0.06029481081041084,0.0029633180191220975,0.051655124494429716,0.10677618069815195,1.6307171290267233,0.7185680563829704,1.2927863286318404,0.6261061946902655,0.0641207516227952,6.244604013693321
SYN_A022_8B-L2m1_V003,msc_x10_causal_angle_halfgaussian_v1,214,22,3,local_same_tissue_variant,False,250625 to 250728::8B-L2m1_Raw.csv,8B-L2m1,DRG,251003::2D- M1L4_Raw.csv,0.15555555555555556,123,False,939,13.05556,0.94236,7.727085,6.784725,4.20625,3.26389,0.94236,7.477085,471,-1.2350233076561823,0.2,causal_half_gaussian,3.0,2.9787392468016307,4.098185318424371,27.66262558695186,24.49983183125281,-1.3999999998808226,-0.38500519150049667,7.915351953703498,-0.1380733570472472,0.22518986176423766,-0.770591039983437,-0.5383852079245058,7.495557155718392e-05,0.08942955755341603,eligible,none,eligible,none,difficult,fit_pre_envelope_log_rate_per_day_at_bound,eligible,none,eligible,none,0.026423543681280613,0.0006030819860788624,0.022637295317707147,0.10061601642710473,1.1916324087764312,0.4590322682472808,0.9446924051998193,0.4756637168141593,0.05472091870207946,11.163970817387815
SYN_A022_8B-L2m1_V004,msc_x10_causal_angle_halfgaussian_v1,215,22,4,local_same_tissue_variant,False,250625 to 250728::8B-L2m1_Raw.csv,8B-L2m1,DRG,250625 to 250728::1D-L2m2_Raw.csv,0.3111111111111111,123,False,939,13.05556,0.94236,7.727085,6.784725,4.20625,3.26389,0.94236,7.477085,471,-1.2350233076561823,0.2,causal_half_gaussian,3.0,2.703322701544437,3.858166870123342,28.092324271509444,24.8077294114238,-1.230829379822772,-0.3799238344200523,6.026921895443527,-0.028584847005397762,0.2173570725724256,-1.4833722949192938,-0.11286077285776722,0.0002361982970473531,0.09232505909060787,eligible,none,eligible,none,difficult,fit_pre_envelope_log_rate_per_day_at_bound,eligible,none,eligible,none,0.04244409374515565,0.0015295613033452064,0.03636224937089775,0.1026694045174538,1.1402808730183769,0.44481635252878043,0.9039823628506081,0.4557522123893805,0.05185495387381209,22.678171163182572
SYN_A022_8B-L2m1_V005,msc_x10_causal_angle_halfgaussian_v1,216,22,5,local_same_tissue_variant,False,250625 to 250728::8B-L2m1_Raw.csv,8B-L2m1,DRG,250811::7C-1FT12_Raw.csv,0.27222222222222225,123,False,939,13.05556,0.94236,7.727085,6.784725,4.20625,3.26389,0.94236,7.477085,471,-1.2350233076561823,0.2,causal_half_gaussian,3.0,2.7603679498396962,4.126379849161268,27.076525262414876,24.761532754454976,-1.2409480088755442,-0.22855537243583582,8.35518369223034,-0.5894056979610083,0.3462991128561633,-0.39959204361767986,-2.322800901486568,0.00022052687696271056,0.23853647891866553,eligible,none,eligible,none,difficult,fit_pre_envelope_log_rate_per_day_at_bound,eligible,none,eligible,none,0.04188466355690948,0.0014687228142988662,0.03588298033212985,0.1026694045174538,1.9694836587395663,1.1179107973633486,1.561350833422566,0.8141592920353983,0.05556336714146894,5.701332817619925
SYN_A022_8B-L2m1_V006,msc_x10_causal_angle_halfgaussian_v1,217,22,6,local_same_tissue_variant,False,250625 to 250728::8B-L2m1_Raw.csv,8B-L2m1,DRG,250811::7C-1FT12_Raw.csv,0.23333333333333334,123,False,939,13.05556,0.94236,7.727085,6.784725,4.20625,3.26389,0.94236,7.477085,471,-1.2350233076561823,0.2,causal_half_gaussian,3.0,2.8166084135038343,4.2076095146654025,27.098744027261713,24.736349077465142,-1.263669721873415,-0.2486925582505563,8.50056978635545,-0.5579519749686441,0.3389322424954528,-0.4852020760939334,-2.1966079538533965,0.00018902116713779098,0.21023906341836712,eligible,none,eligible,none,difficult,fit_pre_envelope_log_rate_per_day_at_bound,eligible,none,eligible,none,0.03958314667078917,0.0013054261453746467,0.03391124943720432,0.10472279260780287,1.8815571251085321,1.0160212718005688,1.4916451692219137,0.7610619469026548,0.056566406462478076,6.800051131521365
SYN_A022_8B-L2m1_V007,msc_x10_causal_angle_halfgaussian_v1,218,22,7,local_same_tissue_variant,False,250625 to 250728::8B-L2m1_Raw.csv,8B-L2m1,DRG,250625 to 250728::5C-T12_Raw.csv,0.03888888888888889,123,False,939,13.05556,0.94236,7.727085,6.784725,4.20625,3.26389,0.94236,7.477085,471,-1.2350233076561823,0.2,causal_half_gaussian,3.0,3.1149124085657585,4.646862365737629,27.339510651502206,24.623345093778287,-1.3858442582345667,-0.3645432539343019,9.281534454608131,-0.47823329105817214,0.29222619482190526,-0.7957566333347645,-1.874161398296336,8.251155738249058e-05,0.10167329506727002,eligible,none,eligible,none,difficult,fit_pre_envelope_log_rate_per_day_at_bound,eligible,none,eligible,none,0.02898365180139415,0.0006872851648295828,0.024830563724825717,0.10472279260780287,1.4428500786254088,0.584710634300522,1.143850654849985,0.5597345132743363,0.06207464475739879,10.162817865854064
SYN_A022_8B-L2m1_V008,msc_x10_causal_angle_halfgaussian_v1,219,22,8,local_same_tissue_variant,False,250625 to 250728::8B-L2m1_Raw.csv,8B-L2m1,DRG,250811::3D-1FT10_Raw.csv,0.11666666666666667,123,False,939,13.05556,0.94236,7.727085,6.784725,4.20625,3.26389,0.94236,7.477085,471,-1.2350233076561823,0.2,causal_half_gaussian,3.0,2.9712614999085094,4.707962018665619,27.184796688432833,24.830458319375733,-1.305304071221897,-0.3565922529155586,8.989157518050414,-0.33386365382861927,0.2898236644713498,-0.8342663271797786,-1.319392495279954,0.0001425056137034994,0.10687117088841146,eligible,none,eligible,none,difficult,fit_pre_envelope_log_rate_per_day_at_bound,eligible,none,eligible,none,0.036282685669810084,0.0010693557747855278,0.031083713839975984,0.10677618069815195,1.495270642857692,0.6197958548982351,1.1854081926794366,0.577433628318584,0.06302755357037759,10.493548698684352
SYN_A022_8B-L2m1_V009,msc_x10_causal_angle_halfgaussian_v1,220,22,9,local_same_tissue_variant,False,250625 to 250728::8B-L2m1_Raw.csv,8B-L2m1,DRG,251003::2D- M1L4_Raw.csv,0.07777777777777778,123,False,939,13.05556,0.94236,7.727085,6.784725,4.20625,3.26389,0.94236,7.477085,471,-1.2350233076561823,0.2,causal_half_gaussian,3.0,3.066395221145146,4.39658641305729,27.447341101647293,24.54253942338947,-1.3999999998707306,-0.377260432319688,8.644119152404802,-0.253651497030853,0.25996044104771365,-0.8847266554674459,-0.9907796064152492,7.495557156231624e-05,0.09387999858183782,eligible,none,eligible,none,difficult,fit_pre_envelope_log_rate_per_day_at_bound,eligible,none,eligible,none,0.0272011147534172,0.0006208290041399104,0.023303447677995297,0.1026694045174538,1.3105617920470698,0.514626879988045,1.0389762500360247,0.5154867256637168,0.05870654505737694,11.947325811558452
SYN_A023_8C-L3m1_V000,msc_x10_causal_angle_halfgaussian_v1,221,23,0,anchor_exact_fit,True,250625 to 250728::8C-L3m1_Raw.csv,8C-L3m1,DRG,250625 to 250728::8C-L3m1_Raw.csv,0.0,123,False,940,13.06944,0.93403,7.71875,6.78472,4.19792,3.26389,0.93403,7.46875,471,-0.130899693899575,0.2,causal_half_gaussian,3.0,1.0656661153268756,1.0939598581930905,24.38556449309209,23.72065635280467,-0.3038793387588751,-0.6343649308154414,-0.3440428944543839,0.6857692516777592,0.0039620182470755,0.4277469941073182,2.588957027541509,0.12723287283028656,0.0185588972649271,eligible,none,eligible,none,eligible,none,eligible,none,eligible,none,0.3821306533913972,0.16822320737177993,1.0113719267469825,0.5051334702258727,0.14739907885069717,0.03023499085516921,1.0889956516045092,0.5231788079470199,0.41043958928207047,2.7582697692090035
SYN_A023_8C-L3m1_V001,msc_x10_causal_angle_halfgaussian_v1,222,23,1,local_same_tissue_variant,False,250625 to 250728::8C-L3m1_Raw.csv,8C-L3m1,DRG,250625 to 250728::3A-L5m2_Raw.csv,0.23333333333333334,123,False,940,13.06944,0.93403,7.71875,6.78472,4.19792,3.26389,0.93403,7.46875,471,-0.130899693899575,0.2,causal_half_gaussian,3.0,1.1102020063439162,1.7169919716619564,24.42496823239997,23.8171994900814,-0.2717448221033085,-0.6128629756360334,0.0162899834286242,0.9971997970435424,0.0159375174898952,0.5317784630646871,3.7800105100379295,0.15822890486713756,0.021244182193206375,eligible,none,eligible,none,eligible,none,eligible,none,eligible,none,0.44370436268497904,0.2130336783160795,1.1743369243270756,0.5872689938398358,0.24551084391307157,0.05359226163020277,1.8138528648059034,0.6578366445916115,0.5416954155055791,2.5982121062830252
SYN_A023_8C-L3m1_V002,msc_x10_causal_angle_halfgaussian_v1,223,23,2,local_same_tissue_variant,False,250625 to 250728::8C-L3m1_Raw.csv,8C-L3m1,DRG,250811::4A-2MT10_Raw.csv,0.19444444444444445,123,False,940,13.06944,0.93403,7.71875,6.78472,4.19792,3.26389,0.93403,7.46875,471,-0.130899693899575,0.2,causal_half_gaussian,3.0,1.03385159464876,1.4318371260114562,24.962517825257013,23.896702671774985,-0.31193590405733784,-0.6062518047692195,0.1297639707422153,0.48556218910683135,0.018943234353229213,-0.09139619413193734,1.8467281632587509,0.12046479011373636,0.022145458387149937,eligible,none,eligible,none,eligible,none,eligible,none,eligible,none,0.36077801167827894,0.15540574432113985,0.9548586316242924,0.4784394250513347,0.20907787957463708,0.04639482800704056,1.5446833418416175,0.6158940397350994,0.3942723687960645,0.6135229131954566
SYN_A023_8C-L3m1_V003,msc_x10_causal_angle_halfgaussian_v1,224,23,3,local_same_tissue_variant,False,250625 to 250728::8C-L3m1_Raw.csv,8C-L3m1,DRG,250625 to 250728::6A-T7_Raw.csv,0.07777777777777778,123,False,940,13.06944,0.93403,7.71875,6.78472,4.19792,3.26389,0.93403,7.46875,471,-0.130899693899575,0.2,causal_half_gaussian,3.0,1.0810105411755782,1.121201869636931,24.457857644449955,23.838644577388173,-0.3149856975858063,-0.6141263494589755,-0.19602609105063107,0.8769715683602826,-0.002655492483417298,0.3445090199353992,3.327263561481638,0.11799774532380868,0.021076172310983774,eligible,none,eligible,none,eligible,none,eligible,none,eligible,none,0.3733718498566479,0.15951165830606573,0.9881903056749235,0.4948665297741273,0.159677948181332,0.03474671997537778,1.1797128759721431,0.5452538631346578,0.3902788036693909,2.3362787005619117
SYN_A023_8C-L3m1_V004,msc_x10_causal_angle_halfgaussian_v1,225,23,4,local_same_tissue_variant,False,250625 to 250728::8C-L3m1_Raw.csv,8C-L3m1,DRG,250625 to 250728::4D-T7m1_Raw.csv,0.03888888888888889,123,False,940,13.06944,0.93403,7.71875,6.78472,4.19792,3.26389,0.93403,7.46875,471,-0.130899693899575,0.2,causal_half_gaussian,3.0,1.0654130103521726,1.1448729186386029,24.601924376241804,23.746265757697753,-0.3088069306249774,-0.6275855388116854,-0.2853078727271117,0.7301461840913386,0.010668112183003413,0.4607720102131281,2.7594674487142687,0.1230495008850086,0.019366715399299943,eligible,none,eligible,none,eligible,none,eligible,none,eligible,none,0.3757388729381667,0.16322329069892655,0.9944550234445243,0.49691991786447637,0.15759908050475877,0.03287919274575242,1.1643540428118455,0.5386313465783664,0.4005263398165575,3.0447667305508865
SYN_A023_8C-L3m1_V005,msc_x10_causal_angle_halfgaussian_v1,226,23,5,local_same_tissue_variant,False,250625 to 250728::8C-L3m1_Raw.csv,8C-L3m1,DRG,250625 to 250728::7C-L1_Raw.csv,0.35,123,False,940,13.06944,0.93403,7.71875,6.78472,4.19792,3.26389,0.93403,7.46875,471,-0.130899693899575,0.2,causal_half_gaussian,3.0,1.164840080488728,1.6621336348764009,24.9640103139991,23.878797168370806,-0.3929396440836016,-0.5389348811768576,0.21526334422506183,1.545352585287441,-0.026724588403668877,1.5211863737205458,5.873002169063919,0.06953079979875594,0.03380810114282193,eligible,none,eligible,none,eligible,none,eligible,none,eligible,none,0.30925549744877695,0.10704356423005527,0.818495782884785,0.42505133470225875,0.2982709926225716,0.07881777191461761,2.203648872831506,0.7350993377483444,0.2877188674644999,13.993073069204945
SYN_A023_8C-L3m1_V006,msc_x10_causal_angle_halfgaussian_v1,227,23,6,local_same_tissue_variant,False,250625 to 250728::8C-L3m1_Raw.csv,8C-L3m1,DRG,250811::4A-2MT10_Raw.csv,0.15555555555555556,123,False,940,13.06944,0.93403,7.71875,6.78472,4.19792,3.26389,0.93403,7.46875,471,-0.130899693899575,0.2,causal_half_gaussian,3.0,1.0402144987843833,1.364261672447783,24.847127158824026,23.861493407980923,-0.3103245909976453,-0.6118744299784639,0.03500259770289549,0.5256036016210168,0.015946991131998472,0.012432443515913771,1.996071460913298,0.12178897329630722,0.02137657746021057,eligible,none,eligible,none,eligible,none,eligible,none,eligible,none,0.36497787126855835,0.15790029658995963,0.965974254116731,0.48254620123203285,0.19568727557866442,0.042821327676877366,1.4457525368618738,0.5982339955849889,0.39733308526610694,0.08281343191351345
SYN_A023_8C-L3m1_V007,msc_x10_causal_angle_halfgaussian_v1,228,23,7,local_same_tissue_variant,False,250625 to 250728::8C-L3m1_Raw.csv,8C-L3m1,DRG,250625 to 250728::3A-L5m2_Raw.csv,0.11666666666666667,123,False,940,13.06944,0.93403,7.71875,6.78472,4.19792,3.26389,0.93403,7.46875,471,-0.130899693899575,0.2,causal_half_gaussian,3.0,1.0879340608353958,1.4054759149275233,24.40526636274603,23.768927921443034,-0.2878120804310918,-0.6236139532257374,-0.16387645551287985,0.8414845243606508,0.00994976786848535,0.47976272858600266,3.183287461486039,0.1418869907039966,0.019856197893884688,eligible,none,eligible,none,eligible,none,eligible,none,eligible,none,0.4118544656673311,0.18934684645898325,1.0900409082196256,0.5441478439425051,0.19422626148858252,0.04128046158531414,1.43495845318484,0.5960264900662252,0.4727603108341313,2.685867065709442
SYN_A023_8C-L3m1_V008,msc_x10_causal_angle_halfgaussian_v1,229,23,8,local_same_tissue_variant,False,250625 to 250728::8C-L3m1_Raw.csv,8C-L3m1,DRG,250625 to 250728::7C-L1_Raw.csv,0.27222222222222225,123,False,940,13.06944,0.93403,7.71875,6.78472,4.19792,3.26389,0.93403,7.46875,471,-0.130899693899575,0.2,causal_half_gaussian,3.0,1.1428014215638718,1.535872795613443,24.83546679824199,23.843654764911665,-0.3731484651225513,-0.5601415588743207,0.09097306896296287,1.354334066707512,-0.01990534248128124,1.2781998449176064,5.13947501851226,0.07952309039392615,0.029589584401941177,eligible,none,eligible,none,eligible,none,eligible,none,eligible,none,0.3243625411828996,0.11843516781397402,0.8584790707818205,0.4394250513347023,0.2575986815499818,0.06459717213596267,1.903158732430966,0.6843267108167771,0.3091359558800325,10.943298784895088
SYN_A023_8C-L3m1_V009,msc_x10_causal_angle_halfgaussian_v1,230,23,9,local_same_tissue_variant,False,250625 to 250728::8C-L3m1_Raw.csv,8C-L3m1,DRG,250625 to 250728::6A-T7_Raw.csv,0.3111111111111111,123,False,940,13.06944,0.93403,7.71875,6.78472,4.19792,3.26389,0.93403,7.46875,471,-0.130899693899575,0.2,causal_half_gaussian,3.0,1.127043818721686,1.2029279039684526,24.67473709852355,24.192609251138688,-0.3483047740666,-0.5534106053895776,0.24802431916062745,1.4505785184078546,-0.022508024674895693,0.0947950974196422,5.585268867342969,0.09412323292860911,0.03086813984725968,eligible,none,eligible,none,eligible,none,eligible,none,eligible,none,0.3478685858760199,0.1358302701463244,0.9206917027716753,0.46406570841889117,0.20613215233569546,0.052557448128767816,1.5229200840313724,0.6247240618101545,0.336564844850131,0.7454459234331617
SYN_A024_8D-L4-1m1_V000,msc_x10_causal_angle_halfgaussian_v1,231,24,0,anchor_exact_fit,True,250625 to 250728::8D-L4-1m1_Raw.csv,8D-L4-1m1,DRG,250625 to 250728::8D-L4-1m1_Raw.csv,0.0,123,False,938,13.05556,0.94444,7.715275,6.770835,4.201385,3.256945,0.94444,7.465275,470,-0.4088485228095839,0.2,causal_half_gaussian,3.0,1.2680805581671797,3.1613729877822605,26.43040221831011,25.57880407427052,-0.3809195439408931,-0.5824643690847842,7.503199152716744,1.229405756376015,0.0470115313714139,3.8916936904401744,5.004902359666094,0.07583894133683265,0.025716347957997952,eligible,none,eligible,none,eligible,none,eligible,none,eligible,none,0.35246219459545125,0.1265576911395243,0.8851149464298914,0.4515463917525773,0.4938113754714861,0.11624574614690304,0.9848234138121819,0.4966887417218543,0.37469206328163873,20.71387882720318
SYN_A024_8D-L4-1m1_V001,msc_x10_causal_angle_halfgaussian_v1,232,24,1,local_same_tissue_variant,False,250625 to 250728::8D-L4-1m1_Raw.csv,8D-L4-1m1,DRG,250811::2D-1FL2_Raw.csv,0.23333333333333334,123,False,938,13.05556,0.94444,7.715275,6.770835,4.201385,3.256945,0.94444,7.465275,470,-0.4088485228095839,0.2,causal_half_gaussian,3.0,1.1439139090113322,3.5265117390371357,26.130429435646246,25.50282533725195,-0.3714933581822641,-0.5281266707238546,6.501427806173207,1.6750462039930891,0.08767757916271418,3.622671248984616,6.798846235435671,0.0808370214726323,0.03618426617560733,eligible,none,eligible,none,eligible,none,eligible,none,eligible,none,0.3281848965959069,0.12086543363225012,0.8241489771775211,0.422680412371134,0.6502275655257147,0.17646958378873856,1.296769095739056,0.5805739514348786,0.38957220833421974,18.54548657151714
SYN_A024_8D-L4-1m1_V002,msc_x10_causal_angle_halfgaussian_v1,233,24,2,local_same_tissue_variant,False,250625 to 250728::8D-L4-1m1_Raw.csv,8D-L4-1m1,DRG,250625 to 250728::5D-T10_Raw.csv,0.15555555555555556,123,False,938,13.05556,0.94444,7.715275,6.770835,4.201385,3.256945,0.94444,7.465275,470,-0.4088485228095839,0.2,causal_half_gaussian,3.0,1.2613193309121644,3.1554619611586108,26.253421291325886,25.508171930688828,-0.3793872358343551,-0.5454945549858646,6.743683051861615,1.6124411176996158,0.03845201362345936,3.970516234877774,6.5461104913451305,0.0766298665918317,0.032442588252458444,eligible,none,eligible,none,eligible,none,eligible,none,eligible,none,0.3523931705496548,0.12705531963964645,0.8849416109189222,0.4515463917525773,0.5503457105055035,0.14309147058401295,1.0975715998430189,0.5298013245033113,0.3754220097529454,21.092328225804504
SYN_A024_8D-L4-1m1_V003,msc_x10_causal_angle_halfgaussian_v1,234,24,3,local_same_tissue_variant,False,250625 to 250728::8D-L4-1m1_Raw.csv,8D-L4-1m1,DRG,250811::8C-2ML4_Raw.csv,0.3111111111111111,123,False,938,13.05556,0.94444,7.715275,6.770835,4.201385,3.256945,0.94444,7.465275,470,-0.4088485228095839,0.2,causal_half_gaussian,3.0,1.1410704090172383,3.545306578119254,26.668413667452317,25.295149351658225,-0.37367284194255307,-0.5427496519126598,5.710248129544885,0.6696484190996732,0.08375859173032739,3.754815585618078,2.695902785944032,0.07965287428996994,0.03300710934185173,eligible,none,eligible,none,eligible,none,eligible,none,eligible,none,0.3249797242999132,0.11898567426309106,0.8161000404445383,0.41855670103092785,0.623796313981217,0.1632919434362314,1.2440564271567913,0.565121412803532,0.3875732184828335,19.321112423412274
SYN_A024_8D-L4-1m1_V004,msc_x10_causal_angle_halfgaussian_v1,235,24,4,local_same_tissue_variant,False,250625 to 250728::8D-L4-1m1_Raw.csv,8D-L4-1m1,DRG,250625 to 250728::4C-T5m1_Raw.csv,0.07777777777777778,123,False,938,13.05556,0.94444,7.715275,6.770835,4.201385,3.256945,0.94444,7.465275,470,-0.4088485228095839,0.2,causal_half_gaussian,3.0,1.2530499494787843,3.1263754695415207,26.421411601394688,25.55916295503201,-0.37843147800214527,-0.5580179394544306,7.15389007907546,1.0532184413347352,0.04230702487095115,3.63362853550658,4.284352673565021,0.07712736780453643,0.02998706087461908,eligible,none,eligible,none,eligible,none,eligible,none,eligible,none,0.35120925315585727,0.1269542999919183,0.8819685176435107,0.4515463917525773,0.5279199400336865,0.13205330296174483,1.052847186979228,0.5143487858719646,0.37361582604437354,19.396016204596794
SYN_A024_8D-L4-1m1_V005,msc_x10_causal_angle_halfgaussian_v1,236,24,5,local_same_tissue_variant,False,250625 to 250728::8D-L4-1m1_Raw.csv,8D-L4-1m1,DRG,250811::5C-1FT7_Raw.csv,0.27222222222222225,123,False,938,13.05556,0.94444,7.715275,6.770835,4.201385,3.256945,0.94444,7.465275,470,-0.4088485228095839,0.2,causal_half_gaussian,3.0,1.219566513722111,3.656487314510774,27.39886661073784,25.494675568276456,-0.3727312075053836,-0.5862106837723402,6.176341220977515,1.4893735030770738,0.05527962366348571,3.8736930130766156,6.043287346236484,0.08016233559789879,0.025117940189468425,eligible,none,eligible,none,eligible,none,eligible,none,eligible,none,0.34843665249898764,0.12789743826658037,0.8750058693949706,0.44742268041237115,0.5643692465973832,0.13162517404001167,1.1255391748599715,0.5320088300220751,0.40731082102986454,18.96690754498021
SYN_A024_8D-L4-1m1_V006,msc_x10_causal_angle_halfgaussian_v1,237,24,6,local_same_tissue_variant,False,250625 to 250728::8D-L4-1m1_Raw.csv,8D-L4-1m1,DRG,250625 to 250728::5D-T10_Raw.csv,0.11666666666666667,123,False,938,13.05556,0.94444,7.715275,6.770835,4.201385,3.256945,0.94444,7.465275,470,-0.4088485228095839,0.2,causal_half_gaussian,3.0,1.2630096377259183,3.1569397178145233,26.297666523071943,25.52582996658425,-0.3797703128609896,-0.5547370085105945,6.933562077075397,1.516682277368715,0.040591893060448,3.950810598768374,6.161615809931268,0.07643136531546453,0.0306118054375641,eligible,none,eligible,none,eligible,none,eligible,none,eligible,none,0.3524113704103912,0.12693106978442234,0.8849873150228169,0.4515463917525773,0.5386249886370498,0.13584845969415052,1.0741965989900866,0.5209713024282561,0.3752396220497294,20.99784837677315
SYN_A024_8D-L4-1m1_V007,msc_x10_causal_angle_halfgaussian_v1,238,24,7,local_same_tissue_variant,False,250625 to 250728::8D-L4-1m1_Raw.csv,8D-L4-1m1,DRG,250811::2D-1FL2_Raw.csv,0.19444444444444445,123,False,938,13.05556,0.94444,7.715275,6.770835,4.201385,3.256945,0.94444,7.465275,470,-0.4088485228095839,0.2,causal_half_gaussian,3.0,1.1646083505373068,3.4656552804946563,26.180424899423556,25.515488460088378,-0.3730643891420356,-0.5371829537840095,6.668389697263796,1.6007727960569103,0.0808999045308308,3.6675083225605425,6.500604042083854,0.0799816997775719,0.034182305931486426,eligible,none,eligible,none,eligible,none,eligible,none,eligible,none,0.3323624033877849,0.12188796540032787,0.8346396730790989,0.4288659793814433,0.6207461272561334,0.1647426399491496,1.2379733447237604,0.565121412803532,0.3872051836712484,18.88979393807378
SYN_A024_8D-L4-1m1_V008,msc_x10_causal_angle_halfgaussian_v1,239,24,8,local_same_tissue_variant,False,250625 to 250728::8D-L4-1m1_Raw.csv,8D-L4-1m1,DRG,250811::8C-2ML4_Raw.csv,0.03888888888888889,123,False,938,13.05556,0.94444,7.715275,6.770835,4.201385,3.256945,0.94444,7.465275,470,-0.4088485228095839,0.2,causal_half_gaussian,3.0,1.252204289523437,3.209364686574385,26.460153649452884,25.543347233943983,-0.3800137061911006,-0.5775000294382686,7.279080274820261,1.159436089216472,0.05160491391627809,3.8745839273374125,4.713513476768116,0.07630551198391707,0.026531332856137835,eligible,none,eligible,none,eligible,none,eligible,none,eligible,none,0.3491106919206212,0.12565997033808088,0.8766985399160051,0.44948453608247424,0.5093034705631874,0.12137985197939088,1.0157197818044035,0.5033112582781457,0.3763779577125825,20.530435707705312
SYN_A024_8D-L4-1m1_V009,msc_x10_causal_angle_halfgaussian_v1,240,24,9,local_same_tissue_variant,False,250625 to 250728::8D-L4-1m1_Raw.csv,8D-L4-1m1,DRG,250811::5C-1FT7_Raw.csv,0.35,123,False,938,13.05556,0.94444,7.715275,6.770835,4.201385,3.256945,0.94444,7.465275,470,-0.4088485228095839,0.2,causal_half_gaussian,3.0,1.205705358166377,3.797948550718921,27.67557072286005,25.470638852278153,-0.37039168280952367,-0.5872810593973563,5.797238954766307,1.5636500021345183,0.0576419357469348,3.868549962401313,6.338690098829825,0.0814422605210824,0.02494953844831999,eligible,none,eligible,none,eligible,none,eligible,none,eligible,none,0.34719588863191786,0.128246224993277,0.871890021339283,0.44536082474226807,0.5842068011080397,0.13589010612441585,1.165101827980744,0.5408388520971302,0.4165847693665908,18.52004755250481
SYN_A025_6A-SCNrM1_V000,msc_x10_causal_angle_halfgaussian_v1,241,25,0,anchor_exact_fit,True,250728::6A-SCNrM1_Raw.csv,6A-SCNrM1,SCN,250728::6A-SCNrM1_Raw.csv,0.0,123,False,944,13.09722,0.90417,7.716665,6.812495,4.18194,3.27777,0.90347,7.466665,473,0.5364259809227545,0.2,causal_half_gaussian,3.0,1.6688840029653418,1.488739542694243,24.292107427948448,29.999999969437503,-0.3453925915206662,-1.39999999986,-0.6640681954467195,-0.0937426804537095,0.0409190222118685,-0.0910070180817226,-0.4475883287307758,0.09508488093523816,0.00015094198517403464,eligible,none,difficult,fit_post_period_hours_at_bound,eligible,none,difficult,fit_post_envelope_log_rate_per_day_at_bound,difficult,fit_post_period_hours_at_bound,0.5152328176819329,0.2012163701042362,1.442937162107355,0.6558044806517311,0.018201720031935868,0.0005411762144298231,0.10057542236174394,0.23620309050772628,0.48216953220968223,0.5285900956041726
SYN_A025_6A-SCNrM1_V001,msc_x10_causal_angle_halfgaussian_v1,242,25,1,local_same_tissue_variant,False,250728::6A-SCNrM1_Raw.csv,6A-SCNrM1,SCN,251003::2A- M1SCn_Raw.csv,0.3111111111111111,123,False,944,13.09722,0.90417,7.716665,6.812495,4.18194,3.27777,0.90347,7.466665,473,0.5364259809227545,0.2,causal_half_gaussian,3.0,1.6256706767895222,1.4418210147027133,24.27411735500362,29.971890490806615,-0.3266146102512675,-1.399999999862922,-0.23456908180030567,-0.43876894504729247,0.017699713584268757,-0.041714422686483656,-2.0930044442103735,0.10806089163942771,0.00015094198517126274,eligible,none,difficult,fit_post_period_hours_at_bound,eligible,none,difficult,fit_post_envelope_log_rate_per_day_at_bound,difficult,fit_post_period_hours_at_bound,0.5350078054790811,0.2198974378379997,1.4983180768967144,0.6822810590631364,0.017628081805394193,0.0005241207183878346,0.09740572703536578,0.23399558498896247,0.5314196562934725,0.21983281660371373
SYN_A025_6A-SCNrM1_V002,msc_x10_causal_angle_halfgaussian_v1,243,25,2,local_same_tissue_variant,False,250728::6A-SCNrM1_Raw.csv,6A-SCNrM1,SCN,250811::1D-4FSCN_Raw.csv,0.11666666666666667,123,False,944,13.09722,0.90417,7.716665,6.812495,4.18194,3.27777,0.90347,7.466665,473,0.5364259809227545,0.2,causal_half_gaussian,3.0,1.6005749832667728,1.561269858589368,24.290100171860892,29.58458802459169,-0.33303226511263107,-1.3764986043538812,-0.7094043135707752,-0.14530518117582814,0.04815937322372735,0.002167421915957826,-0.6841743021669984,0.10343823156350736,0.00017496664691751257,eligible,none,difficult,fit_post_period_hours_at_bound,eligible,none,difficult,fit_post_envelope_log_rate_per_day_at_bound,difficult,fit_post_period_hours_at_bound,0.5153704731871122,0.20815762066873125,1.443322673738554,0.6619144602851323,0.020553213306622544,0.0006482392013321263,0.11356883336177342,0.24724061810154527,0.5015932988234082,0.012101400538525436
SYN_A025_6A-SCNrM1_V003,msc_x10_causal_angle_halfgaussian_v1,244,25,3,local_same_tissue_variant,False,250728::6A-SCNrM1_Raw.csv,6A-SCNrM1,SCN,250625 to 250728::7B-SCNcm2_Raw.csv,0.35,123,False,944,13.09722,0.90417,7.716665,6.812495,4.18194,3.27777,0.90347,7.466665,473,0.5364259809227545,0.2,causal_half_gaussian,3.0,1.6766753435987114,1.5647823326619914,24.174296183417894,28.861722761060815,-0.3456175243639886,-1.3971659959295373,-0.40000859362404745,-0.5709241929883073,0.02286996252709361,0.31681852633570506,-2.6225321982438126,0.09493928882771745,0.000153654487508969,eligible,none,difficult,fit_post_period_hours_at_bound,eligible,none,difficult,fit_post_envelope_log_rate_per_day_at_bound,difficult,fit_post_period_hours_at_bound,0.5172421841607661,0.20187744650050318,1.4485645007882366,0.6578411405295316,0.01930276438302329,0.0005780113729859821,0.10665935291640219,0.24282560706401765,0.4837045404754426,1.834316643010855
SYN_A025_6A-SCNrM1_V004,msc_x10_causal_angle_halfgaussian_v1,245,25,4,local_same_tissue_variant,False,250728::6A-SCNrM1_Raw.csv,6A-SCNrM1,SCN,250728::7B-SCNcM2_Raw.csv,0.27222222222222225,123,False,944,13.09722,0.90417,7.716665,6.812495,4.18194,3.27777,0.90347,7.466665,473,0.5364259809227545,0.2,causal_half_gaussian,3.0,1.7073243555439468,1.433137983440431,24.14913170316746,29.935950928091174,-0.36805760419043254,-1.399999999898111,-0.3758200153408765,-0.41327355756919903,0.019043278886479744,-0.2250021982590801,-1.9690230885172897,0.0814805784582509,0.00015094198513788148,eligible,none,difficult,fit_post_period_hours_at_bound,eligible,none,difficult,fit_post_envelope_log_rate_per_day_at_bound,difficult,fit_post_period_hours_at_bound,0.4879765473049916,0.1791690715846587,1.3666045138799408,0.6252545824847251,0.017521920786345298,0.0005209643233248651,0.09681912371928016,0.22958057395143489,0.4249683173747425,1.4827710865045844
SYN_A025_6A-SCNrM1_V005,msc_x10_causal_angle_halfgaussian_v1,246,25,5,local_same_tissue_variant,False,250728::6A-SCNrM1_Raw.csv,6A-SCNrM1,SCN,250625 to 250728::1C-SCN_Raw.csv,0.23333333333333334,123,False,944,13.09722,0.90417,7.716665,6.812495,4.18194,3.27777,0.90347,7.466665,473,0.5364259809227545,0.2,causal_half_gaussian,3.0,1.7410859597526274,1.3868569992482918,24.28940311284956,28.9596074422828,-0.35125956097421107,-1.189747170363458,-0.4240929660330127,-0.1911923822475723,0.0403874149837658,0.3324908549535406,-0.881218055039343,0.09135940892422084,0.000565820433576426,eligible,none,difficult,fit_post_period_hours_at_bound,eligible,none,difficult,fit_post_envelope_log_rate_per_day_at_bound,difficult,fit_post_period_hours_at_bound,0.526898966654657,0.20251207236021457,1.4756088385101882,0.6619144602851323,0.032853130084972086,0.0016561250194134652,0.1815332522642894,0.2693156732891832,0.4839910038458959,1.9239169303433317
SYN_A025_6A-SCNrM1_V006,msc_x10_causal_angle_halfgaussian_v1,247,25,6,local_same_tissue_variant,False,250728::6A-SCNrM1_Raw.csv,6A-SCNrM1,SCN,250625 to 250728::1C-SCN_Raw.csv,0.19444444444444445,123,False,944,13.09722,0.90417,7.716665,6.812495,4.18194,3.27777,0.90347,7.466665,473,0.5364259809227545,0.2,causal_half_gaussian,3.0,1.7290523002880798,1.4038374231559503,24.289853832032705,29.133006196808584,-0.35028173273195357,-1.2247893086128816,-0.46408883760196384,-0.17495076528192843,0.040476016188449586,0.2619078761143301,-0.8111875553424843,0.09197002660138466,0.0004539770156291057,eligible,none,difficult,fit_post_period_hours_at_bound,eligible,none,difficult,fit_post_envelope_log_rate_per_day_at_bound,difficult,fit_post_period_hours_at_bound,0.525001207402245,0.20232050959336562,1.4702940618576483,0.6619144602851323,0.02978424932818987,0.0013749533589102675,0.16457584506597792,0.26269315673289184,0.4837466405163396,1.5162628617394098
SYN_A025_6A-SCNrM1_V007,msc_x10_causal_angle_halfgaussian_v1,248,25,7,local_same_tissue_variant,False,250728::6A-SCNrM1_Raw.csv,6A-SCNrM1,SCN,250625 to 250728::7B-SCNcm2_Raw.csv,0.03888888888888889,123,False,944,13.09722,0.90417,7.716665,6.812495,4.18194,3.27777,0.90347,7.466665,473,0.5364259809227545,0.2,causal_half_gaussian,3.0,1.6697497074801606,1.4971887415795484,24.279017289667276,29.873524724062317,-0.3454175840588131,-1.399685110534393,-0.6347282396886448,-0.1467628485131094,0.0389135711357824,-0.045693068702008406,-0.697786770449117,0.09506869301499804,0.00015124099404908005,eligible,none,difficult,fit_post_period_hours_at_bound,eligible,none,difficult,fit_post_envelope_log_rate_per_day_at_bound,difficult,fit_post_period_hours_at_bound,0.5154562474814034,0.20128993191261282,1.4435628892538297,0.6558044806517311,0.018323163906485335,0.0005452179397125994,0.10124647262263294,0.23841059602649006,0.48234036521437323,0.2653020580461765
SYN_A025_6A-SCNrM1_V008,msc_x10_causal_angle_halfgaussian_v1,249,25,8,local_same_tissue_variant,False,250728::6A-SCNrM1_Raw.csv,6A-SCNrM1,SCN,251003::2A- M1SCn_Raw.csv,0.15555555555555556,123,False,944,13.09722,0.90417,7.716665,6.812495,4.18194,3.27777,0.90347,7.466665,473,0.5364259809227545,0.2,causal_half_gaussian,3.0,1.6472773398774319,1.465280278698478,24.283112391476035,29.98594523012206,-0.3360036008859668,-1.399999999861461,-0.44931863862351257,-0.2662558127505008,0.02930936789806863,-0.06636072038410312,-1.2706822778591584,0.10136546263540981,0.0001509419851726487,eligible,none,difficult,fit_post_period_hours_at_bound,eligible,none,difficult,fit_post_envelope_log_rate_per_day_at_bound,difficult,fit_post_period_hours_at_bound,0.5250723874553594,0.21036772094129474,1.4704934054171321,0.6680244399185336,0.0179149009186637,0.0005326484664087582,0.09899057469854751,0.23620309050772628,0.5062395257279105,0.3671123056178366
SYN_A025_6A-SCNrM1_V009,msc_x10_causal_angle_halfgaussian_v1,250,25,9,local_same_tissue_variant,False,250728::6A-SCNrM1_Raw.csv,6A-SCNrM1,SCN,250728::7B-SCNcM2_Raw.csv,0.07777777777777778,123,False,944,13.09722,0.90417,7.716665,6.812495,4.18194,3.27777,0.90347,7.466665,473,0.5364259809227545,0.2,causal_half_gaussian,3.0,1.6798669608449432,1.4728533829074395,24.251257220868165,29.98170024333855,-0.3518683094263137,-1.3999999998708887,-0.5817115725593358,-0.1850372167724208,0.034668809833186,-0.12929135527525332,-0.882948710870133,0.09098131723754214,0.00015094198516370534,eligible,none,difficult,fit_post_period_hours_at_bound,eligible,none,difficult,fit_post_envelope_log_rate_per_day_at_bound,difficult,fit_post_period_hours_at_bound,0.5073204991131061,0.19466428978016856,1.4207782892452612,0.6456211812627292,0.018007491676036217,0.000535401388398946,0.09950219417809096,0.23620309050772628,0.46510748645403205,0.7785025848332197
SYN_A026_6B-SCNrM2_V000,msc_x10_causal_angle_halfgaussian_v1,251,26,0,anchor_exact_fit,True,250728::6B-SCNrM2_Raw.csv,6B-SCNrM2,SCN,250728::6B-SCNrM2_Raw.csv,0.0,123,False,942,13.08333,0.91111,7.723615,6.812505,4.18889,3.27778,0.91111,7.473615,473,0.2037873432044286,0.2,causal_half_gaussian,3.0,1.9554942227146823,1.7497217083368375,23.6640558894088,26.88173474723711,-0.4794619684153521,-1.39999999986,0.3578433157130035,-1.6905242666369538,-0.0214417820368096,1.2255392956125168,-7.232673030918654,0.03814589772645682,0.00015390808273203565,eligible,none,eligible,none,eligible,none,difficult,fit_post_envelope_log_rate_per_day_at_bound,eligible,none,0.38384163178150543,0.10434361356959142,1.036221037830157,0.5102040816326531,0.021602741555230693,0.0006472758724069689,0.17673655103421548,0.3008849557522124,0.22626401335976368,14.622178566984703
SYN_A026_6B-SCNrM2_V001,msc_x10_causal_angle_halfgaussian_v1,252,26,1,local_same_tissue_variant,False,250728::6B-SCNrM2_Raw.csv,6B-SCNrM2,SCN,250625 to 250728::7B-SCNcm2_Raw.csv,0.3111111111111111,123,False,942,13.08333,0.91111,7.723615,6.812505,4.18889,3.27778,0.91111,7.473615,473,0.2037873432044286,0.2,causal_half_gaussian,3.0,1.873252234911216,1.7361208478860288,23.75472859514953,26.84005974225351,-0.43795143590884755,-1.3974808852551444,0.27463493608346484,-1.6179091176329201,-0.018084251545909653,1.178458704167578,-6.911267971865192,0.050613023879420786,0.0001563586623083064,eligible,none,eligible,none,eligible,none,difficult,fit_post_envelope_log_rate_per_day_at_bound,eligible,none,0.42336097059580574,0.1288250536639897,1.1429076681741692,0.5448979591836735,0.02160497791147143,0.0006514417528807135,0.17675484713278525,0.3008849557522124,0.284700288728882,11.174466278791003
SYN_A026_6B-SCNrM2_V002,msc_x10_causal_angle_halfgaussian_v1,253,26,2,local_same_tissue_variant,False,250728::6B-SCNrM2_Raw.csv,6B-SCNrM2,SCN,250625 to 250728::6C-SCNmm1_Raw.csv,0.23333333333333334,123,False,942,13.08333,0.91111,7.723615,6.812505,4.18889,3.27778,0.91111,7.473615,473,0.2037873432044286,0.2,causal_half_gaussian,3.0,1.8227308657665096,1.634977391617864,23.722574946882112,26.26048626078088,-0.44997177843836333,-1.2692897182082175,0.15351601654846064,-1.5444332743956526,-0.00336471413371953,1.1814963750264746,-6.454937551597608,0.046633552301063676,0.0003493299394256972,eligible,none,eligible,none,eligible,none,difficult,fit_post_envelope_log_rate_per_day_at_bound,eligible,none,0.3954665075951076,0.11647082825333532,1.0676036182561242,0.5204081632653061,0.030425120393994386,0.001264873907577371,0.24891427921255416,0.3230088495575221,0.25598778745104195,12.459868969281302
SYN_A026_6B-SCNrM2_V003,msc_x10_causal_angle_halfgaussian_v1,254,26,3,local_same_tissue_variant,False,250728::6B-SCNrM2_Raw.csv,6B-SCNrM2,SCN,250625 to 250728::1C-SCN_Raw.csv,0.03888888888888889,123,False,942,13.08333,0.91111,7.723615,6.812505,4.18889,3.27778,0.91111,7.473615,473,0.2037873432044286,0.2,causal_half_gaussian,3.0,1.9563819291889777,1.7225919779875225,23.688029396724417,26.829601862463566,-0.4752259875561496,-1.3649578616105762,0.3580981840701876,-1.6446688219176937,-0.01910524085404479,1.244923251141396,-7.022840729723127,0.03926273548780395,0.00019173202143918678,eligible,none,eligible,none,eligible,none,difficult,fit_post_envelope_log_rate_per_day_at_bound,eligible,none,0.3895797121438581,0.10712920993524121,1.0517115919960338,0.5163265306122449,0.023740548855452497,0.0007766099697070928,0.19422640009115083,0.3075221238938053,0.23275454297611445,14.439253470715027
SYN_A026_6B-SCNrM2_V004,msc_x10_causal_angle_halfgaussian_v1,255,26,4,local_same_tissue_variant,False,250728::6B-SCNrM2_Raw.csv,6B-SCNrM2,SCN,250728::7B-SCNcM2_Raw.csv,0.15555555555555556,123,False,942,13.08333,0.91111,7.723615,6.812505,4.18889,3.27778,0.91111,7.473615,473,0.2037873432044286,0.2,causal_half_gaussian,3.0,1.9328763265128766,1.6773521629966048,23.680052381243293,27.33019877404816,-0.4715581678208071,-1.3999999998817776,0.36359254864070284,-1.6247250925347607,-0.024241637244380235,0.9441745279841293,-7.067125599720855,0.04025615465716957,0.00015390808271101728,eligible,none,eligible,none,eligible,none,difficult,fit_post_envelope_log_rate_per_day_at_bound,eligible,none,0.3897229604864852,0.10824179800974464,1.052098306031131,0.5163265306122449,0.020709239131683845,0.000620504151792164,0.1694266206591911,0.29646017699115046,0.23556629899982454,10.82030367278557
SYN_A026_6B-SCNrM2_V005,msc_x10_causal_angle_halfgaussian_v1,256,26,5,local_same_tissue_variant,False,250728::6B-SCNrM2_Raw.csv,6B-SCNrM2,SCN,250625 to 250728::7A-SCNmm2_Raw.csv,0.27222222222222225,123,False,942,13.08333,0.91111,7.723615,6.812505,4.18889,3.27778,0.91111,7.473615,473,0.2037873432044286,0.2,causal_half_gaussian,3.0,1.9930830648561355,1.8083848466999783,23.80374453629912,26.596813264365814,-0.4938928535310983,-1.3136259324956243,0.3016734976795382,-1.4318587924139825,-0.0022255296360062446,1.435701062013012,-6.061078746039686,0.034574200195679534,0.0002645399341889373,eligible,none,eligible,none,eligible,none,difficult,fit_post_envelope_log_rate_per_day_at_bound,eligible,none,0.37251050624581494,0.09737023205804653,1.0056314673141047,0.5020408163265306,0.02928016124740227,0.0010892894375308783,0.2395471287457296,0.3230088495575221,0.20975481432650062,18.477891489856546
SYN_A026_6B-SCNrM2_V006,msc_x10_causal_angle_halfgaussian_v1,257,26,6,local_same_tissue_variant,False,250728::6B-SCNrM2_Raw.csv,6B-SCNrM2,SCN,250625 to 250728::7A-SCNmm2_Raw.csv,0.35,123,False,942,13.08333,0.91111,7.723615,6.812505,4.18889,3.27778,0.91111,7.473615,473,0.2037873432044286,0.2,causal_half_gaussian,3.0,2.003822734039408,1.8251457433751612,23.843655578267786,26.515407126402586,-0.4980159635641686,-1.288947627534374,0.28562497824140526,-1.3579543712074194,0.003264828192794708,1.4957472809845818,-5.73064636029421,0.033616567880515764,0.00030881597568110545,eligible,none,eligible,none,eligible,none,difficult,fit_post_envelope_log_rate_per_day_at_bound,eligible,none,0.36931057029234815,0.0954585452678157,0.9969929021347579,0.5,0.03193162049702429,0.0012637025131272122,0.2612392719298664,0.32964601769911506,0.20524958720392564,19.67325667057211
SYN_A026_6B-SCNrM2_V007,msc_x10_causal_angle_halfgaussian_v1,258,26,7,local_same_tissue_variant,False,250728::6B-SCNrM2_Raw.csv,6B-SCNrM2,SCN,250625 to 250728::1C-SCN_Raw.csv,0.19444444444444445,123,False,942,13.08333,0.91111,7.723615,6.812505,4.18889,3.27778,0.91111,7.473615,473,0.2037873432044286,0.2,causal_half_gaussian,3.0,1.9599327550861596,1.6140730565902626,23.78392342598688,26.62107032336938,-0.4582820641193394,-1.2247893086128816,0.35911765749892405,-1.4612470430406532,-0.00975907612298555,1.322459073256912,-6.191120966645868,0.04406678948104941,0.000461771944129321,eligible,none,eligible,none,eligible,none,difficult,fit_post_envelope_log_rate_per_day_at_bound,eligible,none,0.41340189649778036,0.11903512345787289,1.1160220954712123,0.5346938775510204,0.03453866592911545,0.0016052557434297684,0.28256805637508564,0.334070796460177,0.2606321545361675,13.697918402662113
SYN_A026_6B-SCNrM2_V008,msc_x10_causal_angle_halfgaussian_v1,259,26,8,local_same_tissue_variant,False,250728::6B-SCNrM2_Raw.csv,6B-SCNrM2,SCN,250625 to 250728::6C-SCNmm1_Raw.csv,0.07777777777777778,123,False,942,13.08333,0.91111,7.723615,6.812505,4.18889,3.27778,0.91111,7.473615,473,0.2037873432044286,0.2,causal_half_gaussian,3.0,1.9112397703986246,1.7114736027638464,23.683562241899903,26.674651918418366,-0.46963190508968916,-1.3564299059760723,0.2897342159914892,-1.6418272692231868,-0.015416092735779575,1.210858322083836,-6.970217934946561,0.04078790442963189,0.00020226444862571743,eligible,none,eligible,none,eligible,none,difficult,fit_post_envelope_log_rate_per_day_at_bound,eligible,none,0.3878894062233872,0.10829779202319179,1.047148432583045,0.5142857142857142,0.024227221502949026,0.0008096468746765491,0.19820797090156497,0.3075221238938053,0.23589570816189923,13.857140483884212
SYN_A026_6B-SCNrM2_V009,msc_x10_causal_angle_halfgaussian_v1,260,26,9,local_same_tissue_variant,False,250728::6B-SCNrM2_Raw.csv,6B-SCNrM2,SCN,250625 to 250728::7B-SCNcm2_Raw.csv,0.11666666666666667,123,False,942,13.08333,0.91111,7.723615,6.812505,4.18889,3.27778,0.91111,7.473615,473,0.2037873432044286,0.2,causal_half_gaussian,3.0,1.9246534772883823,1.7446213856677844,23.698058154061574,26.86610662036826,-0.4638955187254129,-1.399055331883179,0.3266401733519265,-1.6632935857604412,-0.02018270810272212,1.2078840738206649,-7.112033249274567,0.04241341646248077,0.0001548225165624816,eligible,none,eligible,none,eligible,none,difficult,fit_post_envelope_log_rate_per_day_at_bound,eligible,none,0.3982953317692218,0.11294965512248381,1.0752403279791807,0.5224489795918368,0.02160373422691405,0.000648839573657024,0.17674467228906535,0.3008849557522124,0.24667421785450402,13.219098041501063
SYN_A027_7A-SCNcM1_V000,msc_x10_causal_angle_halfgaussian_v1,261,27,0,anchor_exact_fit,True,250728::7A-SCNcM1_Raw.csv,7A-SCNcM1,SCN,250728::7A-SCNcM1_Raw.csv,0.0,123,False,944,13.09722,0.90625,7.71875,6.8125,4.18403,3.27778,0.90625,7.46875,473,0.1802524969868191,0.2,causal_half_gaussian,3.0,1.9303066262456496,0.5817171645710216,24.344336393722347,25.376365396723035,-0.3300145490899344,-0.1339889906901421,0.7621901081549453,-0.6702924712315301,0.0049282892687943,-1.125274001687561,-2.7071597989012806,0.105586567693241,0.43081208158050577,eligible,none,eligible,none,eligible,none,eligible,none,eligible,none,0.6279542011037097,0.2557230517571317,3.3897639216041524,1.0,0.3767003417559495,0.2705812053856151,1.5958046738631828,0.9933774834437086,0.9291159111014451,5.130646656015981
SYN_A027_7A-SCNcM1_V001,msc_x10_causal_angle_halfgaussian_v1,262,27,1,local_same_tissue_variant,False,250728::7A-SCNcM1_Raw.csv,7A-SCNcM1,SCN,250625 to 250728::1C-SCN_Raw.csv,0.11666666666666667,123,False,944,13.09722,0.90625,7.71875,6.8125,4.18403,3.27778,0.90625,7.46875,473,0.1802524969868191,0.2,causal_half_gaussian,3.0,1.9359082985899232,0.6365951702957552,24.336890856832614,25.395593166629038,-0.33474213876695885,-0.17656386034502125,0.7157809207749377,-0.651753179871049,0.008861404498101608,-0.7928605837492483,-2.6342782827284954,0.10224015008873742,0.32967286829564224,eligible,none,eligible,none,eligible,none,eligible,none,eligible,none,0.6197263721191997,0.2491453099470854,3.345349220984585,1.0,0.35995506607138705,0.2327908769875386,1.5248671507433746,0.8874172185430463,0.9032281847802955,3.7186308278652263
SYN_A027_7A-SCNcM1_V002,msc_x10_causal_angle_halfgaussian_v1,263,27,2,local_same_tissue_variant,False,250728::7A-SCNcM1_Raw.csv,7A-SCNcM1,SCN,250625 to 250728::7B-SCNcm2_Raw.csv,0.35,123,False,944,13.09722,0.90625,7.71875,6.8125,4.18403,3.27778,0.90625,7.46875,473,0.1802524969868191,0.2,causal_half_gaussian,3.0,1.8466000487309113,0.9752177868818976,24.208245011170927,25.85636028879641,-0.33562179678401294,-0.5742588399691297,0.5270593037170347,-0.9456815569938906,-0.0005240138859046251,-0.35545501300809,-3.891638056283911,0.10162929075123565,0.027077395413997066,eligible,none,eligible,none,eligible,none,eligible,none,eligible,none,0.5893700638162307,0.23637461788767836,3.1814826229147966,1.0,0.16015468519590684,0.037868398990100874,0.6784586230672787,0.38852097130242824,0.8605823799102633,1.7497496373583157
SYN_A027_7A-SCNcM1_V003,msc_x10_causal_angle_halfgaussian_v1,264,27,3,local_same_tissue_variant,False,250728::7A-SCNcM1_Raw.csv,7A-SCNcM1,SCN,250811::1B-2MSCN_Raw.csv,0.03888888888888889,123,False,944,13.09722,0.90625,7.71875,6.8125,4.18403,3.27778,0.90625,7.46875,473,0.1802524969868191,0.2,causal_half_gaussian,3.0,1.9118384449094272,0.6373932996699803,24.338602823940555,25.389819485873467,-0.32985647950505237,-0.14460191617407472,0.7988766594797988,-0.6436751542440056,0.009464435755567609,-1.1925074507921463,-2.601036763172128,0.10570032972931519,0.4030145737179319,eligible,none,eligible,none,eligible,none,eligible,none,eligible,none,0.622280878132307,0.25352176003069293,3.3591387175840706,1.0,0.3987896957801084,0.27903814069309646,1.6893811602291247,0.9955849889624724,0.9211857252646017,5.484002198281739
SYN_A027_7A-SCNcM1_V004,msc_x10_causal_angle_halfgaussian_v1,265,27,4,local_same_tissue_variant,False,250728::7A-SCNcM1_Raw.csv,7A-SCNcM1,SCN,250625 to 250728::6C-SCNmm1_Raw.csv,0.3111111111111111,123,False,944,13.09722,0.90625,7.71875,6.8125,4.18403,3.27778,0.90625,7.46875,473,0.1802524969868191,0.2,causal_half_gaussian,3.0,1.7611249581051183,0.7921039336728664,24.210718980122547,25.016371212719108,-0.33718904846630154,-0.35357870689616555,0.36395692939806185,-0.7929099290359272,0.020827024288948733,-0.45263375886448187,-3.1569543397594675,0.10054997688223008,0.10837659020638228,eligible,none,eligible,none,eligible,none,eligible,none,eligible,none,0.559099757469168,0.2232796770258414,3.0180802725987546,0.9796334012219959,0.256636448044819,0.10718114068733507,1.087181501786094,0.5386313465783664,0.8123320375633358,2.360462355303873
SYN_A027_7A-SCNcM1_V005,msc_x10_causal_angle_halfgaussian_v1,266,27,5,local_same_tissue_variant,False,250728::7A-SCNcM1_Raw.csv,7A-SCNcM1,SCN,250811::1A-1FSCN_Raw.csv,0.15555555555555556,123,False,944,13.09722,0.90625,7.71875,6.8125,4.18403,3.27778,0.90625,7.46875,473,0.1802524969868191,0.2,causal_half_gaussian,3.0,1.917080362952608,0.6265392197231583,24.332767464804615,25.344050111083323,-0.3419297759794408,-0.1791610333236694,0.7127317443841977,-0.5768896418695402,0.02279934158674194,-1.098178644616446,-2.3269598583062527,0.09735447317015974,0.3243354597067116,eligible,none,eligible,none,eligible,none,eligible,none,eligible,none,0.5988713858378516,0.23609606693914167,3.2327717751170195,1.0,0.35131032150057145,0.2257081188260613,1.4882456713835328,0.8587196467991169,0.85306316262125,5.453502595213857
SYN_A027_7A-SCNcM1_V006,msc_x10_causal_angle_halfgaussian_v1,267,27,6,local_same_tissue_variant,False,250728::7A-SCNcM1_Raw.csv,7A-SCNcM1,SCN,250625 to 250728::1C-SCN_Raw.csv,0.07777777777777778,123,False,944,13.09722,0.90625,7.71875,6.8125,4.18403,3.27778,0.90625,7.46875,473,0.1802524969868191,0.2,causal_half_gaussian,3.0,1.9340410744751653,0.618302501720844,24.339372702462526,25.389183909993704,-0.33316627554128403,-0.16237223712672819,0.7312506499016069,-0.657932943657876,0.007550366088332506,-0.9036650563953526,-2.658584728972708,0.10334366904829632,0.36042764631100493,eligible,none,eligible,none,eligible,none,eligible,none,eligible,none,0.6224575136195399,0.2513191074781404,3.360092214830915,1.0,0.3660061972816951,0.24510381386039778,1.5505013814492894,0.9359823399558499,0.9117771234746083,4.198580805076615
SYN_A027_7A-SCNcM1_V007,msc_x10_causal_angle_halfgaussian_v1,268,27,7,local_same_tissue_variant,False,250728::7A-SCNcM1_Raw.csv,7A-SCNcM1,SCN,250811::1A-1FSCN_Raw.csv,0.19444444444444445,123,False,944,13.09722,0.90625,7.71875,6.8125,4.18403,3.27778,0.90625,7.46875,473,0.1802524969868191,0.2,causal_half_gaussian,3.0,1.9137737971293478,0.6377447335111925,24.329875232575183,25.335971289673395,-0.3449085827018174,-0.19045404398205118,0.7003671534415109,-0.5535389345290427,0.02726710466622885,-1.0914048053486674,-2.232059993029166,0.09539875798325143,0.3021141541076755,eligible,none,eligible,none,eligible,none,eligible,none,eligible,none,0.5918092408507195,0.23142765346686958,3.19464956135614,0.9938900203665988,0.34478795809519514,0.21599610290262222,1.4606151734699497,0.8233995584988962,0.8350371413983971,5.53686312170104
SYN_A027_7A-SCNcM1_V008,msc_x10_causal_angle_halfgaussian_v1,269,27,8,local_same_tissue_variant,False,250728::7A-SCNcM1_Raw.csv,7A-SCNcM1,SCN,250625 to 250728::6C-SCNmm1_Raw.csv,0.23333333333333334,123,False,944,13.09722,0.90625,7.71875,6.8125,4.18403,3.27778,0.90625,7.46875,473,0.1802524969868191,0.2,causal_half_gaussian,3.0,1.803420375140251,0.7395072413974051,24.2441233335225,25.10636975872009,-0.33539542362220975,-0.2986812778446597,0.4635152240872827,-0.7622555645848279,0.016852340533910125,-0.6207938195702517,-3.045822957543665,0.10178614101999352,0.15302894377272686,eligible,none,eligible,none,eligible,none,eligible,none,eligible,none,0.5760321698614114,0.23116769036983265,3.1094832451914494,0.9959266802443992,0.28423143501131815,0.1365052106568306,1.2040813404511261,0.6004415011037527,0.8417112255271951,3.1244097462825846
SYN_A027_7A-SCNcM1_V009,msc_x10_causal_angle_halfgaussian_v1,270,27,9,local_same_tissue_variant,False,250728::7A-SCNcM1_Raw.csv,7A-SCNcM1,SCN,250811::1B-2MSCN_Raw.csv,0.27222222222222225,123,False,944,13.09722,0.90625,7.71875,6.8125,4.18403,3.27778,0.90625,7.46875,473,0.1802524969868191,0.2,causal_half_gaussian,3.0,1.8010293568920928,0.9714501102637324,24.304201405249795,25.47054402077605,-0.32890806199576017,-0.20827946907767042,1.01899596742892,-0.48397125231885685,0.03668131467620746,-1.595908145419657,-1.9619047480410758,0.10638548055386884,0.2700959143043024,eligible,none,eligible,none,eligible,none,eligible,none,eligible,none,0.5881087443521961,0.24021918217756438,3.174673885581267,1.0,0.49582354185226873,0.29645241078405904,2.100442813008813,0.9955849889624724,0.8772338222061189,7.706838212840922
SYN_A028_7B-SCNcM2_V000,msc_x10_causal_angle_halfgaussian_v1,271,28,0,anchor_exact_fit,True,250728::7B-SCNcM2_Raw.csv,7B-SCNcM2,SCN,250728::7B-SCNcM2_Raw.csv,0.0,123,False,941,13.08334,0.91319,7.725695,6.812505,4.19097,3.27778,0.91319,7.475695,473,0.4539868459393199,0.2,causal_half_gaussian,3.0,1.81009346141736,1.2844889168639135,23.766890479773387,29.764717776736703,-0.4286518217361343,-1.3999999999999997,0.3948026702482137,-1.2675295759799985,-0.0394408512283351,-0.5832342105699746,-6.004543596637403,0.053923296421320946,0.0001539059278988443,eligible,none,eligible,none,eligible,none,difficult,fit_post_envelope_log_rate_per_day_at_bound,eligible,none,0.4234688200343704,0.13247011196043076,2.043751633419455,0.7464212678936605,0.01585868747373176,0.0004751659788840152,0.07114194511686553,0.19247787610619468,0.540045119558802,4.844750757336585
SYN_A028_7B-SCNcM2_V001,msc_x10_causal_angle_halfgaussian_v1,272,28,1,local_same_tissue_variant,False,250728::7B-SCNcM2_Raw.csv,7B-SCNcM2,SCN,250728::6A-SCNrM1_Raw.csv,0.35,123,False,941,13.08334,0.91319,7.725695,6.812505,4.19097,3.27778,0.91319,7.475695,473,0.4539868459393199,0.2,causal_half_gaussian,3.0,1.7606701509591536,1.3559766359045289,23.95071641163466,29.847066544181985,-0.3995110911607205,-1.3999999999509998,0.02419786725498707,-0.856704162545797,-0.011314895524263843,-0.4109546931990864,-4.0696087888676455,0.06576474949985135,0.00015390592794613508,eligible,none,eligible,none,eligible,none,difficult,fit_post_envelope_log_rate_per_day_at_bound,eligible,none,0.4546603430657369,0.15391975447107206,2.1942886343231383,0.7893660531697342,0.01674129641095043,0.0005016111523131917,0.07510132174719963,0.19911504424778761,0.6275444940068445,2.9377031957427513
SYN_A028_7B-SCNcM2_V002,msc_x10_causal_angle_halfgaussian_v1,273,28,2,local_same_tissue_variant,False,250728::7B-SCNcM2_Raw.csv,7B-SCNcM2,SCN,250625 to 250728::7A-SCNmm2_Raw.csv,0.19444444444444445,123,False,941,13.08334,0.91319,7.725695,6.812505,4.19097,3.27778,0.91319,7.475695,473,0.4539868459393199,0.2,causal_half_gaussian,3.0,1.865215004627798,1.4168530902271619,23.846672469901932,29.000622398314825,-0.4488393475619914,-1.338304237569652,0.34749483049325713,-1.165017490591332,-0.022215137646869415,-0.08141270360556518,-5.377245884100396,0.04699470705509302,0.00022660887287125617,eligible,none,eligible,none,eligible,none,difficult,fit_post_envelope_log_rate_per_day_at_bound,eligible,none,0.40750957643411606,0.12068828977020779,1.9667288902254898,0.721881390593047,0.021230672729287,0.0007424670282542577,0.09524062799036007,0.21238938053097345,0.5035601312673128,0.7252693656406788
SYN_A028_7B-SCNcM2_V003,msc_x10_causal_angle_halfgaussian_v1,274,28,3,local_same_tissue_variant,False,250728::7B-SCNcM2_Raw.csv,7B-SCNcM2,SCN,250728::6B-SCNrM2_Raw.csv,0.27222222222222225,123,False,941,13.08334,0.91319,7.725695,6.812505,4.19097,3.27778,0.91319,7.475695,473,0.4539868459393199,0.2,causal_half_gaussian,3.0,1.84967477977052,1.4111356212093207,23.738896619063027,28.979905729817368,-0.44248347277658806,-1.3999999999618886,0.3847415126247398,-1.3826781306588363,-0.03454110461508649,-0.0908458672202963,-6.377319770497085,0.04907424759335167,0.0001539059279356259,eligible,none,eligible,none,eligible,none,difficult,fit_post_envelope_log_rate_per_day_at_bound,eligible,none,0.41291315477005774,0.12441408561852127,1.992807721836975,0.7300613496932515,0.017422305874871875,0.0005220159007454546,0.07815632475338252,0.20353982300884957,0.5172849732464048,0.7878323449192105
SYN_A028_7B-SCNcM2_V004,msc_x10_causal_angle_halfgaussian_v1,275,28,4,local_same_tissue_variant,False,250728::7B-SCNcM2_Raw.csv,7B-SCNcM2,SCN,251003::2A- M1SCn_Raw.csv,0.23333333333333334,123,False,941,13.08334,0.91319,7.725695,6.812505,4.19097,3.27778,0.91319,7.475695,473,0.4539868459393199,0.2,causal_half_gaussian,3.0,1.744734593146691,1.2969585002306765,23.875948546305615,29.79853484606039,-0.3951411820671427,-1.3999999999695245,0.469857136820873,-1.2524156654690515,-0.0381046955629874,-0.43141175244295327,-5.939686643745323,0.06775200141090283,0.00015390592792825634,eligible,none,eligible,none,eligible,none,difficult,fit_post_envelope_log_rate_per_day_at_bound,eligible,none,0.4572671196161571,0.15664714046945147,2.2068694987949278,0.7955010224948875,0.016012640711406564,0.00047977880334280237,0.07183257810924693,0.19469026548672566,0.6345806770767065,3.0497456659327606
SYN_A028_7B-SCNcM2_V005,msc_x10_causal_angle_halfgaussian_v1,276,28,5,local_same_tissue_variant,False,250728::7B-SCNcM2_Raw.csv,7B-SCNcM2,SCN,250625 to 250728::7B-SCNcm2_Raw.csv,0.11666666666666667,123,False,941,13.08334,0.91319,7.725695,6.812505,4.19097,3.27778,0.91319,7.475695,473,0.4539868459393199,0.2,causal_half_gaussian,3.0,1.7962161381424144,1.3336657532000349,23.788895375550293,29.412741629759566,-0.4190132224921038,-1.3990553320068455,0.35928760319136216,-1.2896482756801306,-0.03608188588856964,-0.38986585664053597,-6.037079868152366,0.05758289752755319,0.0001548203504048989,eligible,none,eligible,none,eligible,none,difficult,fit_post_envelope_log_rate_per_day_at_bound,eligible,none,0.43417508144872485,0.1394151654385081,2.0954223544223063,0.7607361963190185,0.016514735583553916,0.0004959954353111598,0.0740849716882826,0.19690265486725664,0.5698604064054217,3.069058832290764
SYN_A028_7B-SCNcM2_V006,msc_x10_causal_angle_halfgaussian_v1,277,28,6,local_same_tissue_variant,False,250728::7B-SCNcM2_Raw.csv,7B-SCNcM2,SCN,250728::6B-SCNrM2_Raw.csv,0.15555555555555556,123,False,941,13.08334,0.91319,7.725695,6.812505,4.19097,3.27778,0.91319,7.475695,473,0.4539868459393199,0.2,causal_half_gaussian,3.0,1.8327113576191658,1.3568584622041462,23.750893987938895,29.316253749925654,-0.4365556223306793,-1.399999999978222,0.38905343732051434,-1.3333287500821915,-0.03664099602076447,-0.301869442941587,-6.221080878327103,0.051096597970635614,0.0001539059279198624,eligible,none,eligible,none,eligible,none,difficult,fit_post_envelope_log_rate_per_day_at_bound,eligible,none,0.41742829563149053,0.1278121892340936,2.0145987630520596,0.7361963190184049,0.016752183702908867,0.0005019373628023696,0.07515016205181257,0.19911504424778761,0.526794891739493,2.5706094096945784
SYN_A028_7B-SCNcM2_V007,msc_x10_causal_angle_halfgaussian_v1,278,28,7,local_same_tissue_variant,False,250728::7B-SCNcM2_Raw.csv,7B-SCNcM2,SCN,251003::2A- M1SCn_Raw.csv,0.07777777777777778,123,False,941,13.08334,0.91319,7.725695,6.812505,4.19097,3.27778,0.91319,7.475695,473,0.4539868459393199,0.2,causal_half_gaussian,3.0,1.7883071719938037,1.2886454446528346,23.803243168617463,29.77599013317793,-0.4174816085131371,-1.3999999999898414,0.41982082577243346,-1.262491605809683,-0.038995466006552536,-0.5326267245276342,-5.982942689093385,0.058186870329765036,0.00015390592790864814,eligible,none,eligible,none,eligible,none,difficult,fit_post_envelope_log_rate_per_day_at_bound,eligible,none,0.4345128372382677,0.1401041777398244,2.097052436529695,0.7607361963190185,0.015910005219620077,0.0004767035870367676,0.07137215611431127,0.19247787610619468,0.5697011391496929,4.194057305353082
SYN_A028_7B-SCNcM2_V008,msc_x10_causal_angle_halfgaussian_v1,279,28,8,local_same_tissue_variant,False,250728::7B-SCNcM2_Raw.csv,7B-SCNcM2,SCN,250728::6A-SCNrM1_Raw.csv,0.3111111111111111,123,False,941,13.08334,0.91319,7.725695,6.812505,4.19097,3.27778,0.91319,7.475695,473,0.4539868459393199,0.2,causal_half_gaussian,3.0,1.7661616298989544,1.3480335560111272,23.930291308094517,29.83791668113251,-0.4027489501135442,-1.3999999999564443,0.0653761786986789,-0.9023514307051528,-0.014440001713605093,-0.43009686179585177,-4.285133334475362,0.06432999724448611,0.0001539059279408805,eligible,none,eligible,none,eligible,none,difficult,fit_post_envelope_log_rate_per_day_at_bound,eligible,none,0.45110133804143754,0.15138020456894277,2.1771121103675624,0.7852760736196319,0.016643228751246054,0.0004986727997092271,0.07466139101043567,0.19911504424778761,0.6171445754321029,3.1263518428018413
SYN_A028_7B-SCNcM2_V009,msc_x10_causal_angle_halfgaussian_v1,280,28,9,local_same_tissue_variant,False,250728::7B-SCNcM2_Raw.csv,7B-SCNcM2,SCN,250625 to 250728::7A-SCNmm2_Raw.csv,0.03888888888888889,123,False,941,13.08334,0.91319,7.725695,6.812505,4.19097,3.27778,0.91319,7.475695,473,0.4539868459393199,0.2,causal_half_gaussian,3.0,1.8211177700594476,1.3109617515365632,23.782846877799095,29.611898701052326,-0.43268932690130574,-1.3876608475139303,0.3853411022972224,-1.2470271589022652,-0.035995708512041966,-0.4828699091770927,-5.877089422252101,0.05246032008994882,0.00016628752149003894,eligible,none,eligible,none,eligible,none,difficult,fit_post_envelope_log_rate_per_day_at_bound,eligible,none,0.42025817209041283,0.13003456262954538,2.0282563556814965,0.7402862985685071,0.016824699057718814,0.000519939090637839,0.07547546535327207,0.19690265486725664,0.5323939170026724,4.06869890845336
SYN_A029_1A-1FSCN_V000,msc_x10_causal_angle_halfgaussian_v1,281,29,0,anchor_exact_fit,True,250811::1A-1FSCN_Raw.csv,1A-1FSCN,SCN,250811::1A-1FSCN_Raw.csv,0.0,123,False,845,11.75,0.96528,7.680555,6.715275,4.194445,3.229165,0.96528,7.430555,466,0.3269545282523496,0.2,causal_half_gaussian,3.0,1.84528064793324,0.8698589476919004,24.26996470782264,25.16862427475345,-0.4066124362367613,-0.424380693334246,0.4442434839144255,-0.0698457110473089,0.1198136255984577,-0.95108956337325,-0.27978173054103606,0.0651857542024774,0.11805081799528991,eligible,none,eligible,none,eligible,none,eligible,none,eligible,none,0.47446757917421983,0.1600730727563329,1.5171489027019662,0.6535269709543569,0.2897644550516678,0.12636422285287477,2.446409216940864,0.931129476584022,0.44053767707972735,6.903352085324103
SYN_A029_1A-1FSCN_V001,msc_x10_causal_angle_halfgaussian_v1,282,29,1,local_same_tissue_variant,False,250811::1A-1FSCN_Raw.csv,1A-1FSCN,SCN,250625 to 250728::6C-SCNmm1_Raw.csv,0.11666666666666667,123,False,845,11.75,0.96528,7.680555,6.715275,4.194445,3.229165,0.96528,7.430555,466,0.3269545282523496,0.2,causal_half_gaussian,3.0,1.7917572198503218,0.9151374447409897,24.228534874411014,25.057862919981762,-0.4003664533357692,-0.47284780493635936,0.3319998147086548,-0.1858793797454501,0.11237236199255488,-0.7191709901179316,-0.7413023473922501,0.06797802179649447,0.09248963778283967,eligible,none,eligible,none,eligible,none,eligible,none,eligible,none,0.47041811948530876,0.16137805774161043,1.504200424042455,0.6514522821576764,0.27065265283293966,0.10735665665093788,2.2850530247470684,0.8567493112947658,0.44736068478958824,5.140389304762133
SYN_A029_1A-1FSCN_V002,msc_x10_causal_angle_halfgaussian_v1,283,29,2,local_same_tissue_variant,False,250811::1A-1FSCN_Raw.csv,1A-1FSCN,SCN,250625 to 250728::1C-SCN_Raw.csv,0.3111111111111111,123,False,845,11.75,0.96528,7.680555,6.715275,4.194445,3.229165,0.96528,7.430555,466,0.3269545282523496,0.2,causal_half_gaussian,3.0,1.8866709674373858,0.9265561859869165,24.27324780061882,25.284528899115553,-0.39538888826314705,-0.4475695938135358,0.4194023784425671,-0.2072132594766729,0.09455982824071524,-0.11884449634664618,-0.8338588456926624,0.0702886378747468,0.10504254470620257,eligible,none,eligible,none,eligible,none,eligible,none,eligible,none,0.5036418062563135,0.17508900336184002,1.6104358806695882,0.6804979253112033,0.29247029302208266,0.1218896472735553,2.4692539338651365,0.9118457300275482,0.4834625481293126,0.7860277941549004
SYN_A029_1A-1FSCN_V003,msc_x10_causal_angle_halfgaussian_v1,284,29,3,local_same_tissue_variant,False,250811::1A-1FSCN_Raw.csv,1A-1FSCN,SCN,250728::7A-SCNcM1_Raw.csv,0.19444444444444445,123,False,845,11.75,0.96528,7.680555,6.715275,4.194445,3.229165,0.96528,7.430555,466,0.3269545282523496,0.2,causal_half_gaussian,3.0,1.8618134770495418,0.8138313787517295,24.284425868969805,25.20901838180309,-0.3917184026248783,-0.3679156400423369,0.5060664386278598,-0.18659924774979642,0.09747481020102314,-0.9849587597121439,-0.7486622845867942,0.07204266282681891,0.156867454224776,eligible,none,eligible,none,eligible,none,eligible,none,eligible,none,0.5031371477922446,0.1766376264880178,1.6088221939423852,0.6804979253112033,0.31379832692436666,0.15282152773676524,2.649321218889696,1.0,0.48293425556773434,6.521563094156803
SYN_A029_1A-1FSCN_V004,msc_x10_causal_angle_halfgaussian_v1,285,29,4,local_same_tissue_variant,False,250811::1A-1FSCN_Raw.csv,1A-1FSCN,SCN,250811::1B-2MSCN_Raw.csv,0.03888888888888889,123,False,845,11.75,0.96528,7.680555,6.715275,4.194445,3.229165,0.96528,7.430555,466,0.3269545282523496,0.2,causal_half_gaussian,3.0,1.8301190324202778,0.9143295690028249,24.26712337027028,25.19015718531381,-0.4034755599295027,-0.42370060815979677,0.49329462618196585,-0.06657910140028145,0.1198820090057441,-1.0250968517456138,-0.26692480764710647,0.0665734559157402,0.11845572174225344,eligible,none,eligible,none,eligible,none,eligible,none,eligible,none,0.4755256809327883,0.1617805029888192,1.5205322696429762,0.6556016597510373,0.30511537764573005,0.1332357289973081,2.576013237958429,0.9559228650137741,0.44765252309346887,7.3222664501372225
SYN_A029_1A-1FSCN_V005,msc_x10_causal_angle_halfgaussian_v1,286,29,5,local_same_tissue_variant,False,250811::1A-1FSCN_Raw.csv,1A-1FSCN,SCN,250625 to 250728::7A-SCNmm2_Raw.csv,0.15555555555555556,123,False,845,11.75,0.96528,7.680555,6.715275,4.194445,3.229165,0.96528,7.430555,466,0.3269545282523496,0.2,causal_half_gaussian,3.0,1.8839043201546757,1.0402482815870346,24.255534308895594,25.272295850102232,-0.426190805752905,-0.5267870866490851,0.39870641887349395,-0.1741424217259051,0.10882127784612913,-0.49241041403232405,-0.7004375307666787,0.05715499659367961,0.07049396928854353,eligible,none,eligible,none,eligible,none,eligible,none,eligible,none,0.45373419597399245,0.1452753056723816,1.4508522136294042,0.6307053941908713,0.267737854700203,0.09556893584500552,2.2604441091498204,0.8154269972451791,0.40770838904561063,3.861884198235952
SYN_A029_1A-1FSCN_V006,msc_x10_causal_angle_halfgaussian_v1,287,29,6,local_same_tissue_variant,False,250811::1A-1FSCN_Raw.csv,1A-1FSCN,SCN,250625 to 250728::1C-SCN_Raw.csv,0.23333333333333334,123,False,845,11.75,0.96528,7.680555,6.715275,4.194445,3.229165,0.96528,7.430555,466,0.3269545282523496,0.2,causal_half_gaussian,3.0,1.8763233875613494,0.9123818764131624,24.272427027419774,25.255552743025028,-0.3981947752565506,-0.44177236869371334,0.42561265481053173,-0.17287137236933203,0.10087327758015086,-0.3269057631032971,-0.6948644436196949,0.06897663744923126,0.10815364878424627,eligible,none,eligible,none,eligible,none,eligible,none,eligible,none,0.4962070440301981,0.17121573856418223,1.5866626201807839,0.6721991701244814,0.2923298893015543,0.12322016091942875,2.4680685401772458,0.9173553719008265,0.47238595309834464,2.2128260086352878
SYN_A029_1A-1FSCN_V007,msc_x10_causal_angle_halfgaussian_v1,288,29,7,local_same_tissue_variant,False,250811::1A-1FSCN_Raw.csv,1A-1FSCN,SCN,250625 to 250728::7A-SCNmm2_Raw.csv,0.07777777777777778,123,False,845,11.75,0.96528,7.680555,6.715275,4.194445,3.229165,0.96528,7.430555,466,0.3269545282523496,0.2,causal_half_gaussian,3.0,1.8645924840439578,0.9550536146394675,24.262749508359118,25.22046006242784,-0.41640162099483313,-0.47558388999166556,0.42147495139395974,-0.12199406638660681,0.11431745172229342,-0.7217499887027871,-0.4896794107983561,0.06103844329108529,0.09122428809394682,eligible,none,eligible,none,eligible,none,eligible,none,eligible,none,0.46400997877793476,0.15250298140337437,1.4837098698522762,0.6410788381742739,0.2804737897646017,0.11065862279246677,2.3679704409159084,0.8677685950413223,0.4235941620542086,5.448268284071591
SYN_A029_1A-1FSCN_V008,msc_x10_causal_angle_halfgaussian_v1,289,29,8,local_same_tissue_variant,False,250811::1A-1FSCN_Raw.csv,1A-1FSCN,SCN,250811::1B-2MSCN_Raw.csv,0.35,123,False,845,11.75,0.96528,7.680555,6.715275,4.194445,3.229165,0.96528,7.430555,466,0.3269545282523496,0.2,causal_half_gaussian,3.0,1.7088261083165817,1.270094539490221,24.244392669851397,25.362420469796678,-0.37838054947143357,-0.41825992676420315,0.8857037643222889,-0.040446224224063965,0.12042907626403528,-1.6171551587245252,-0.16326339190000058,0.07879313191532514,0.12174535012045334,eligible,none,eligible,none,eligible,none,eligible,none,eligible,none,0.48283273547353034,0.17565990015125726,1.543897174359468,0.6721991701244814,0.4298508918562667,0.18861317779591233,3.629124157274268,1.0,0.5057352608203809,10.224689333019315
SYN_A029_1A-1FSCN_V009,msc_x10_causal_angle_halfgaussian_v1,290,29,9,local_same_tissue_variant,False,250811::1A-1FSCN_Raw.csv,1A-1FSCN,SCN,250728::7A-SCNcM1_Raw.csv,0.27222222222222225,123,False,845,11.75,0.96528,7.680555,6.715275,4.194445,3.229165,0.96528,7.430555,466,0.3269545282523496,0.2,causal_half_gaussian,3.0,1.8684266086960626,0.7914203511756612,24.29021033342867,25.22517602462295,-0.3857607891801251,-0.3453296187255733,0.5307956205132336,-0.2333006624307914,0.08853928404204932,-0.9985064382477014,-0.9366348418457753,0.07498330549963772,0.1757593296996839,eligible,none,eligible,none,eligible,none,eligible,none,eligible,none,0.5150728972421088,0.18372978768957826,1.64698772932481,0.6929460580912863,0.3235425274994969,0.16389439705230452,2.7315890805377663,1.0,0.501274900638234,6.369371425663757
SYN_A030_1B-2MSCN_V000,msc_x10_causal_angle_halfgaussian_v1,291,30,0,anchor_exact_fit,True,250811::1B-2MSCN_Raw.csv,1B-2MSCN,SCN,250811::1B-2MSCN_Raw.csv,0.0,123,False,846,11.76389,0.95833,7.6875,6.72917,4.19444,3.23611,0.95833,7.4375,467,0.3874653503895047,0.2,causal_half_gaussian,3.0,1.4554105347427877,2.013389209972816,24.19690174219052,25.722327689162675,-0.3259499026215392,-0.4068927888484093,1.7055585707940355,0.0141528227333913,0.1215720560715365,-2.8541341215197504,0.05793932954021634,0.11153996673843637,0.12891638515502768,eligible,none,eligible,none,eligible,none,eligible,none,eligible,none,0.4888296191764347,0.20421964797667566,1.8971891771923348,0.7929606625258799,0.7017719558786206,0.31312659688095107,3.3662124883500995,0.9972451790633609,0.7637908899803674,14.502839115332462
SYN_A030_1B-2MSCN_V001,msc_x10_causal_angle_halfgaussian_v1,292,30,1,local_same_tissue_variant,False,250811::1B-2MSCN_Raw.csv,1B-2MSCN,SCN,250811::1A-1FSCN_Raw.csv,0.35,123,False,846,11.76389,0.95833,7.6875,6.72917,4.19444,3.23611,0.95833,7.4375,467,0.3874653503895047,0.2,causal_half_gaussian,3.0,1.591865074359446,1.6131536181744957,24.222473780161764,25.52853149411945,-0.35418178938686695,-0.41301355541845214,1.2640982903861722,-0.015246664089853645,0.12095660540595891,-2.1880685261684754,-0.061947073875623954,0.09224110055271315,0.12500424181490116,eligible,none,eligible,none,eligible,none,eligible,none,eligible,none,0.486449794822745,0.18842829925028876,1.8879528772008458,0.7681159420289855,0.5534246221229152,0.24535887925974376,2.6546299816415138,0.977961432506887,0.6808516780050511,12.472730330470101
SYN_A030_1B-2MSCN_V002,msc_x10_causal_angle_halfgaussian_v1,293,30,2,local_same_tissue_variant,False,250811::1B-2MSCN_Raw.csv,1B-2MSCN,SCN,250728::7A-SCNcM1_Raw.csv,0.19444444444444445,123,False,846,11.76389,0.95833,7.6875,6.72917,4.19444,3.23611,0.95833,7.4375,467,0.3874653503895047,0.2,causal_half_gaussian,3.0,1.5477514414238998,1.7350085344780228,24.225569591099486,25.65505724341052,-0.3267402505459494,-0.35382816142874624,1.522125814169768,-0.11893376220423235,0.09889132363766996,-2.517966875996825,-0.485621914419298,0.11094832886562811,0.1683978876483373,eligible,none,eligible,none,eligible,none,eligible,none,eligible,none,0.5184707974491417,0.2161449959359861,2.01222910196807,0.8198757763975155,0.6904468027385917,0.34395017974019115,3.311888755956558,0.9972451790633609,0.7851213506938394,12.447047604319481
SYN_A030_1B-2MSCN_V003,msc_x10_causal_angle_halfgaussian_v1,294,30,3,local_same_tissue_variant,False,250811::1B-2MSCN_Raw.csv,1B-2MSCN,SCN,250625 to 250728::1C-SCN_Raw.csv,0.3111111111111111,123,False,846,11.76389,0.95833,7.6875,6.72917,4.19444,3.23611,0.95833,7.4375,467,0.3874653503895047,0.2,causal_half_gaussian,3.0,1.61809377835063,1.714321477780436,24.222915535405576,25.665969029041907,-0.3398213651059941,-0.4355223707232927,1.288308327181854,-0.1493476028721905,0.09577119145550286,-1.4298307475142351,-0.6100649212906832,0.10159959445500666,0.11161127648936703,eligible,none,eligible,none,eligible,none,eligible,none,eligible,none,0.5188131439636883,0.20884272046366215,2.013557777802692,0.8074534161490683,0.5548222294271823,0.23531255163454273,2.661333930298942,0.9559228650137741,0.7556800028022077,7.343444684908211
SYN_A030_1B-2MSCN_V004,msc_x10_causal_angle_halfgaussian_v1,295,30,4,local_same_tissue_variant,False,250811::1B-2MSCN_Raw.csv,1B-2MSCN,SCN,250625 to 250728::6C-SCNmm1_Raw.csv,0.15555555555555556,123,False,846,11.76389,0.95833,7.6875,6.72917,4.19444,3.23611,0.95833,7.4375,467,0.3874653503895047,0.2,causal_half_gaussian,3.0,1.4446924260174117,1.8958780541279037,24.153027314517793,25.488514240558988,-0.330169430649251,-0.47423594501569055,1.3596957761161796,-0.15362517411890586,0.11137683763452048,-2.24888020368987,-0.6231994198490012,0.10841744972140378,0.09184570797105643,eligible,none,eligible,none,eligible,none,eligible,none,eligible,none,0.4784246372461034,0.19762710125635782,1.8568065605653719,0.7784679089026915,0.555036279261169,0.21812248600862355,2.6623606701369473,0.9201101928374655,0.7344011314949086,11.88464215856801
SYN_A030_1B-2MSCN_V005,msc_x10_causal_angle_halfgaussian_v1,296,30,5,local_same_tissue_variant,False,250811::1B-2MSCN_Raw.csv,1B-2MSCN,SCN,250625 to 250728::7B-SCNcm2_Raw.csv,0.07777777777777778,123,False,846,11.76389,0.95833,7.6875,6.72917,4.19444,3.23611,0.95833,7.4375,467,0.3874653503895047,0.2,causal_half_gaussian,3.0,1.4737454357452906,1.989481522510649,24.178126352298236,25.802085042433674,-0.32751209683443183,-0.48350468216476356,1.5799341782692373,-0.10027938585551599,0.11128814017472345,-2.548596336937364,-0.4118002438811551,0.11037356992483299,0.08765814956978062,eligible,none,eligible,none,eligible,none,eligible,none,eligible,none,0.4924062262476883,0.20485511505574672,1.911070292330333,0.7950310559006211,0.5724541897010242,0.2194196308593737,2.74590973070064,0.9228650137741047,0.7636413978165985,12.95283151109311
SYN_A030_1B-2MSCN_V006,msc_x10_causal_angle_halfgaussian_v1,297,30,6,local_same_tissue_variant,False,250811::1B-2MSCN_Raw.csv,1B-2MSCN,SCN,250625 to 250728::1C-SCN_Raw.csv,0.03888888888888889,123,False,846,11.76389,0.95833,7.6875,6.72917,4.19444,3.23611,0.95833,7.4375,467,0.3874653503895047,0.2,causal_half_gaussian,3.0,1.475745940193768,1.9760057434487686,24.200153466342403,25.71528285664758,-0.32768383543209606,-0.4104714865827697,1.6534022903425127,-0.0062847304673065985,0.1183469479945323,-2.676096199769061,-0.02572160675571825,0.11024608947766332,0.12661440363846696,eligible,none,eligible,none,eligible,none,eligible,none,eligible,none,0.4927912708212177,0.20492104489168436,1.9125646829502536,0.7950310559006211,0.6823868342181305,0.3040497704295688,3.273227241397578,0.9972451790633609,0.763176870630242,13.60910757775031
SYN_A030_1B-2MSCN_V007,msc_x10_causal_angle_halfgaussian_v1,298,30,7,local_same_tissue_variant,False,250811::1B-2MSCN_Raw.csv,1B-2MSCN,SCN,250811::1A-1FSCN_Raw.csv,0.27222222222222225,123,False,846,11.76389,0.95833,7.6875,6.72917,4.19444,3.23611,0.95833,7.4375,467,0.3874653503895047,0.2,causal_half_gaussian,3.0,1.561541843333522,1.7020948607963446,24.21679110505704,25.571597315240165,-0.34790803677234966,-0.41165338506955373,1.3622005749212527,-0.008713444795799496,0.12109337222053171,-2.3360831029132028,-0.03546237945459838,0.09621862588270072,0.12586321828209646,eligible,none,eligible,none,eligible,none,eligible,none,eligible,none,0.48731013861226213,0.19195946422002413,1.8912919443565688,0.772256728778468,0.5859986654587039,0.26049734383019574,2.810878960464992,0.9944903581267218,0.6991971378547053,12.96706751153708
SYN_A030_1B-2MSCN_V008,msc_x10_causal_angle_halfgaussian_v1,299,30,8,local_same_tissue_variant,False,250811::1B-2MSCN_Raw.csv,1B-2MSCN,SCN,250728::7A-SCNcM1_Raw.csv,0.11666666666666667,123,False,846,11.76389,0.95833,7.6875,6.72917,4.19444,3.23611,0.95833,7.4375,467,0.3874653503895047,0.2,causal_half_gaussian,3.0,1.510815078751455,1.84636080467594,24.2141024515359,25.681965421711382,-0.3264241113761853,-0.37505401239661146,1.5954989168194749,-0.06569912822918278,0.10796361661121658,-2.652433774205995,-0.26853938837208136,0.11118460649490633,0.15133006945893246,eligible,none,eligible,none,eligible,none,eligible,none,eligible,none,0.5066335661683069,0.21138905403141472,1.9662878042378753,0.8095238095238095,0.6984814042532468,0.33216189637635973,3.3504285917692993,0.9972451790633609,0.7766424924754508,13.254902164311389
SYN_A030_1B-2MSCN_V009,msc_x10_causal_angle_halfgaussian_v1,300,30,9,local_same_tissue_variant,False,250811::1B-2MSCN_Raw.csv,1B-2MSCN,SCN,250625 to 250728::6C-SCNmm1_Raw.csv,0.23333333333333334,123,False,846,11.76389,0.95833,7.6875,6.72917,4.19444,3.23611,0.95833,7.4375,467,0.3874653503895047,0.2,causal_half_gaussian,3.0,1.4393333716547236,1.8371224762054477,24.13109010068143,25.371607516257146,-0.3322791946631068,-0.5079075230993312,1.186764378777252,-0.2375141725450547,0.10627922841601248,-1.9462532447749301,-0.9590862071942815,0.10688912589404657,0.07752365489841605,eligible,none,eligible,none,eligible,none,eligible,none,eligible,none,0.47329575137850555,0.19440706662609775,1.8369009198731099,0.772256728778468,0.4964028980331441,0.18256339281189674,2.3811120131186443,0.8429752066115702,0.7199934028741735,10.491170815277309
SYN_A031_1C-3FSCN_V000,msc_x10_causal_angle_halfgaussian_v1,301,31,0,anchor_exact_fit,True,250811::1C-3FSCN_Raw.csv,1C-3FSCN,SCN,250811::1C-3FSCN_Raw.csv,0.0,123,False,846,11.76389,0.96319,7.692365,6.729175,4.19931,3.23612,0.96319,7.442365,467,0.7390525112513995,0.2,causal_half_gaussian,3.0,1.2400976628265792,1.03882920437417,24.108367009807424,25.19483127258797,-0.1706696624787509,-0.7199786092271278,-0.5609161943958207,-0.5373354366673366,0.0447771782927321,0.8645381853206784,-2.154651661816566,0.31712285467319895,0.02665210609454418,eligible,none,eligible,none,eligible,none,eligible,none,eligible,none,0.7004162502328004,0.4434835935139465,2.160081946171583,1.0,0.1691709116374219,0.03976391773059329,1.373864559035448,0.5867768595041323,1.2679166077322004,2.1028461675490764
SYN_A031_1C-3FSCN_V001,msc_x10_causal_angle_halfgaussian_v1,302,31,1,local_same_tissue_variant,False,250811::1C-3FSCN_Raw.csv,1C-3FSCN,SCN,250625 to 250728::6C-SCNmm1_Raw.csv,0.27222222222222225,123,False,846,11.76389,0.96319,7.692365,6.729175,4.19931,3.23612,0.96319,7.442365,467,0.7390525112513995,0.2,causal_half_gaussian,3.0,1.27995392102325,1.0984815720585381,24.055687882973327,24.929253984265742,-0.2203245685661166,-0.7526002147501077,-0.5491912878914963,-0.6808195716553254,0.04784081831218417,0.9114273024386297,-2.7012292634216766,0.22704601366303492,0.022615323076731766,eligible,none,eligible,none,eligible,none,eligible,none,eligible,none,0.6122265240858311,0.339381261463535,1.8881050535387118,0.9296066252587992,0.16476342872733013,0.03626873651792036,1.3380706716222996,0.5757575757575758,0.9577959930977451,2.934695403120923
SYN_A031_1C-3FSCN_V002,msc_x10_causal_angle_halfgaussian_v1,303,31,2,local_same_tissue_variant,False,250811::1C-3FSCN_Raw.csv,1C-3FSCN,SCN,250625 to 250728::1C-SCN_Raw.csv,0.19444444444444445,123,False,846,11.76389,0.96319,7.692365,6.729175,4.19931,3.23612,0.96319,7.442365,467,0.7390525112513995,0.2,causal_half_gaussian,3.0,1.3836410818429656,1.0414096506203359,24.141840717419104,25.262175857679793,-0.20953270655929956,-0.6769942994919569,-0.3809941700887399,-0.5322893744540171,0.04358397525358971,1.0316526232995975,-2.1401227446318596,0.24414761657374928,0.03309168109682992,eligible,none,eligible,none,eligible,none,eligible,none,eligible,none,0.6861660180322027,0.391521124004538,2.1161342660670264,1.0,0.1889998748021459,0.048435939038582156,1.5348988022794705,0.6253443526170799,1.1011881789019549,2.889255573956093
SYN_A031_1C-3FSCN_V003,msc_x10_causal_angle_halfgaussian_v1,304,31,3,local_same_tissue_variant,False,250811::1C-3FSCN_Raw.csv,1C-3FSCN,SCN,250811::1D-4FSCN_Raw.csv,0.11666666666666667,123,False,846,11.76389,0.96319,7.692365,6.729175,4.19931,3.23612,0.96319,7.442365,467,0.7390525112513995,0.2,causal_half_gaussian,3.0,1.2218137161441993,1.1638490597399702,24.127796135836324,25.3400223423746,-0.17869367779227255,-0.7758130426281775,-0.6182867126424813,-0.537145449164532,0.05156741109515686,0.8462323515880786,-2.1663021250353585,0.3004538755128353,0.02012087264012109,eligible,none,eligible,none,eligible,none,eligible,none,eligible,none,0.6718014578316096,0.4163234213372926,2.071833998699325,1.0,0.16464621706391938,0.03458988931478372,1.3371187765907782,0.5730027548209367,1.1935752378036282,2.186521931504548
SYN_A031_1C-3FSCN_V004,msc_x10_causal_angle_halfgaussian_v1,305,31,4,local_same_tissue_variant,False,250811::1C-3FSCN_Raw.csv,1C-3FSCN,SCN,250625 to 250728::7B-SCNcm2_Raw.csv,0.15555555555555556,123,False,846,11.76389,0.96319,7.692365,6.729175,4.19931,3.23612,0.96319,7.442365,467,0.7390525112513995,0.2,causal_half_gaussian,3.0,1.3102605782407732,1.1426120525429584,24.08458829950467,25.436400977263812,-0.19794875492674768,-0.8245001571342578,-0.45960223819366186,-0.6804127912717046,0.03615521637580892,0.8971536178658284,-2.7545348008549047,0.2639404385259204,0.015746718122052774,eligible,none,eligible,none,eligible,none,eligible,none,eligible,none,0.6754649713346593,0.3975577759709618,2.083132265087152,1.0,0.14297239733164555,0.027234919155449854,1.16110215233262,0.5371900826446281,1.1291060608669343,2.45045136750575
SYN_A031_1C-3FSCN_V005,msc_x10_causal_angle_halfgaussian_v1,306,31,5,local_same_tissue_variant,False,250811::1C-3FSCN_Raw.csv,1C-3FSCN,SCN,250728::7A-SCNcM1_Raw.csv,0.03888888888888889,123,False,846,11.76389,0.96319,7.692365,6.729175,4.19931,3.23612,0.96319,7.442365,467,0.7390525112513995,0.2,causal_half_gaussian,3.0,1.2669391225150985,1.0210526250484921,24.11754359695967,25.201890932971,-0.17686640806918583,-0.6971901240618006,-0.5094620604077355,-0.5425059880114995,0.04322749927513452,0.7871566002703579,-2.1759945110526573,0.3041710681953818,0.029892323356913074,eligible,none,eligible,none,eligible,none,eligible,none,eligible,none,0.7008869353815995,0.43647851428191614,2.16153353798133,1.0,0.1761075811799422,0.043335629857509626,1.4301983835089762,0.6005509641873278,1.2435533928090332,1.9521389114311682
SYN_A031_1C-3FSCN_V006,msc_x10_causal_angle_halfgaussian_v1,307,31,6,local_same_tissue_variant,False,250811::1C-3FSCN_Raw.csv,1C-3FSCN,SCN,250728::7A-SCNcM1_Raw.csv,0.35,123,False,846,11.76389,0.96319,7.692365,6.729175,4.19931,3.23612,0.96319,7.442365,467,0.7390525112513995,0.2,causal_half_gaussian,3.0,1.481670800023254,0.8788399904430682,24.190956294177646,25.25836821603524,-0.2264403727926651,-0.5148822427391828,-0.09782898850305272,-0.5838703987648044,0.030830067134353874,0.1681039198677946,-2.3471555909059614,0.21789175077690517,0.07484878873948823,eligible,none,eligible,none,eligible,none,eligible,none,eligible,none,0.6943510302598039,0.37865395552566855,2.141376823098161,0.9979296066252588,0.2400086143110792,0.08521632779967453,1.9491490935032523,0.7575757575757576,1.0503330604424586,0.49358825661700184
SYN_A031_1C-3FSCN_V007,msc_x10_causal_angle_halfgaussian_v1,308,31,7,local_same_tissue_variant,False,250811::1C-3FSCN_Raw.csv,1C-3FSCN,SCN,250625 to 250728::6C-SCNmm1_Raw.csv,0.07777777777777778,123,False,846,11.76389,0.96319,7.692365,6.729175,4.19931,3.23612,0.96319,7.442365,467,0.7390525112513995,0.2,causal_half_gaussian,3.0,1.251485165168485,1.0558727379982753,24.09331583071197,25.118952047353048,-0.18485677850371252,-0.7292990679479792,-0.5575662211088709,-0.5783309038067621,0.04565250401257555,0.8779350759258073,-2.3120544007551094,0.2882481284983435,0.025430324048020272,eligible,none,eligible,none,eligible,none,eligible,none,eligible,none,0.6740660495323307,0.4108895011354918,2.0788179937830367,1.0,0.16795357816691886,0.038744690984992884,1.363978395418642,0.5840220385674931,1.16978027985034,2.3145795862347023
SYN_A031_1C-3FSCN_V008,msc_x10_causal_angle_halfgaussian_v1,309,31,8,local_same_tissue_variant,False,250811::1C-3FSCN_Raw.csv,1C-3FSCN,SCN,250625 to 250728::7B-SCNcm2_Raw.csv,0.23333333333333334,123,False,846,11.76389,0.96319,7.692365,6.729175,4.19931,3.23612,0.96319,7.442365,467,0.7390525112513995,0.2,causal_half_gaussian,3.0,1.34534203594787,1.1945034766273528,24.07269894435329,25.557185829601735,-0.2115883011507461,-0.8767609310878229,-0.4089452600925824,-0.7519514685738891,0.031844235417347336,0.9134613341384032,-3.058602043015557,0.24079370536593084,0.01210373239966796,eligible,none,eligible,none,eligible,none,eligible,none,eligible,none,0.6625982523285997,0.37599818465108104,2.0434513361792144,1.0,0.13101672714527082,0.022467559462467743,1.0640082052137376,0.5151515151515151,1.0650454402328247,2.6450631496802957
SYN_A031_1C-3FSCN_V009,msc_x10_causal_angle_halfgaussian_v1,310,31,9,local_same_tissue_variant,False,250811::1C-3FSCN_Raw.csv,1C-3FSCN,SCN,250625 to 250728::1C-SCN_Raw.csv,0.3111111111111111,123,False,846,11.76389,0.96319,7.692365,6.729175,4.19931,3.23612,0.96319,7.442365,467,0.7390525112513995,0.2,causal_half_gaussian,3.0,1.4697671332527973,1.0429579183680355,24.16192494198611,25.302582608734888,-0.23285053300762878,-0.6512037136508543,-0.27304095550449137,-0.5292617371260255,0.042868053430104275,1.131921286086949,-2.1313534728908206,0.20869279568501564,0.037680027284109706,eligible,none,eligible,none,eligible,none,eligible,none,eligible,none,0.6741515686084821,0.3613818533453934,2.07908173439783,0.968944099378882,0.20199551738669982,0.05452222736883747,1.6404385348256714,0.650137741046832,1.0072009762873309,3.465884633521747
SYN_A032_1D-4FSCN_V000,msc_x10_causal_angle_halfgaussian_v1,311,32,0,anchor_exact_fit,True,250811::1D-4FSCN_Raw.csv,1D-4FSCN,SCN,250811::1D-4FSCN_Raw.csv,0.0,123,False,846,11.76389,0.95972,7.688885,6.729165,4.19583,3.23611,0.95972,7.438885,467,0.813666747342539,0.2,causal_half_gaussian,3.0,1.0833781198347512,2.110427964652458,24.27490237576941,26.43932615647337,-0.2394469365946508,-1.1985594669504112,-1.052663493652911,-0.5357069723575822,0.1029791737420872,0.7076310390412524,-2.2542278595976724,0.1996323318332832,0.0023948915948797038,eligible,none,eligible,none,eligible,none,eligible,none,eligible,none,0.486072481699015,0.2559985910715135,1.1987012814962867,0.6128364389233955,0.10285038700307567,0.009233704280288982,0.30238274911312896,0.2975206611570248,0.618156270428377,2.823049739525801
SYN_A032_1D-4FSCN_V001,msc_x10_causal_angle_halfgaussian_v1,312,32,1,local_same_tissue_variant,False,250811::1D-4FSCN_Raw.csv,1D-4FSCN,SCN,250811::1C-3FSCN_Raw.csv,0.35,123,False,846,11.76389,0.95972,7.688885,6.729165,4.19583,3.23611,0.95972,7.438885,467,0.813666747342539,0.2,causal_half_gaussian,3.0,1.138229959881891,1.7353683985550572,24.216614997682715,26.00375294711348,-0.21537489065408583,-1.031056166747262,-0.8805519389129294,-0.5362769348659961,0.08260847533481291,0.7625485402390515,-2.2194495695608247,0.23473614659656206,0.0055659685897693125,eligible,none,eligible,none,eligible,none,eligible,none,eligible,none,0.5535336396183934,0.31093884016529527,1.3650669563572138,0.7163561076604554,0.12900517646602633,0.01622088414439344,0.3792784941922954,0.3085399449035813,0.73007473257362,2.575787971617018
SYN_A032_1D-4FSCN_V002,msc_x10_causal_angle_halfgaussian_v1,313,32,2,local_same_tissue_variant,False,250811::1D-4FSCN_Raw.csv,1D-4FSCN,SCN,250625 to 250728::6C-SCNmm1_Raw.csv,0.15555555555555556,123,False,846,11.76389,0.95972,7.688885,6.729165,4.19583,3.23611,0.95972,7.438885,467,0.813666747342539,0.2,causal_half_gaussian,3.0,1.1305317200950697,1.9778218914129346,24.218894516206635,26.093979612954687,-0.2571224815598785,-1.1427544731907144,-0.9694695227501305,-0.6179512233068394,0.09567618144520774,0.7588325985616432,-2.566342680414629,0.1772454819451606,0.003171804801679543,eligible,none,eligible,none,eligible,none,eligible,none,eligible,none,0.478089444352603,0.24015412513383316,1.1790143470211476,0.5962732919254659,0.1109473751246786,0.011143640502225943,0.326188099769451,0.2975206611570248,0.5747551164848426,3.2559150721621517
SYN_A032_1D-4FSCN_V003,msc_x10_causal_angle_halfgaussian_v1,314,32,3,local_same_tissue_variant,False,250811::1D-4FSCN_Raw.csv,1D-4FSCN,SCN,250625 to 250728::1C-SCN_Raw.csv,0.03888888888888889,123,False,846,11.76389,0.95972,7.688885,6.729165,4.19583,3.23611,0.95972,7.438885,467,0.813666747342539,0.2,causal_half_gaussian,3.0,1.1181814525321552,2.0692707687797576,24.275120741948783,26.404398050229524,-0.24454487363958666,-1.171351127203027,-0.9975555827092746,-0.5347610890825201,0.10047712220011713,0.7471558712145694,-2.2472749039845454,0.19290010695257132,0.0027464920386615116,eligible,none,eligible,none,eligible,none,eligible,none,eligible,none,0.4931993481499433,0.25623026489379414,1.2162768165644715,0.6190476190476191,0.10800403848835242,0.01024174031532831,0.31753461532868676,0.3002754820936639,0.6155974916325127,2.9931212259978492
SYN_A032_1D-4FSCN_V004,msc_x10_causal_angle_halfgaussian_v1,315,32,4,local_same_tissue_variant,False,250811::1D-4FSCN_Raw.csv,1D-4FSCN,SCN,250728::6A-SCNrM1_Raw.csv,0.19444444444444445,123,False,846,11.76389,0.95972,7.688885,6.729165,4.19583,3.23611,0.95972,7.438885,467,0.813666747342539,0.2,causal_half_gaussian,3.0,1.1972264859990327,1.9895441048272495,24.278247802582,27.13167939788306,-0.26004748060804267,-1.237728459460609,-0.9771032967794848,-0.44976947115405164,0.09091192205565579,0.552340305711785,-1.9421679447147897,0.1737909037728579,0.001966259212952756,eligible,none,eligible,none,eligible,none,eligible,none,eligible,none,0.5013611857495975,0.24987913795268937,1.2364046895842988,0.6211180124223602,0.08784303927753172,0.007288988220988093,0.25826076577036394,0.27823691460055094,0.5945105201487313,2.291169011341582
SYN_A032_1D-4FSCN_V005,msc_x10_causal_angle_halfgaussian_v1,316,32,5,local_same_tissue_variant,False,250811::1D-4FSCN_Raw.csv,1D-4FSCN,SCN,250625 to 250728::7B-SCNcm2_Raw.csv,0.07777777777777778,123,False,846,11.76389,0.95972,7.688885,6.729165,4.19583,3.23611,0.95972,7.438885,467,0.813666747342539,0.2,causal_half_gaussian,3.0,1.1306488753301014,2.078972818492985,24.250060269932103,26.46331696228687,-0.24773713927630142,-1.2135972853032764,-0.9637595033873911,-0.6073723079949693,0.09414137091534244,0.7361426444688938,-2.558111071819005,0.18880055478065158,0.002220265285534974,eligible,none,eligible,none,eligible,none,eligible,none,eligible,none,0.4933980567153196,0.2541516563718668,1.2167668509131109,0.6190476190476191,0.09754859857633011,0.008496832492386268,0.286795356528524,0.2892561983471074,0.6105163792543822,2.9735455245572857
SYN_A032_1D-4FSCN_V006,msc_x10_causal_angle_halfgaussian_v1,317,32,6,local_same_tissue_variant,False,250811::1D-4FSCN_Raw.csv,1D-4FSCN,SCN,250625 to 250728::6C-SCNmm1_Raw.csv,0.27222222222222225,123,False,846,11.76389,0.95972,7.688885,6.729165,4.19583,3.23611,0.95972,7.438885,467,0.813666747342539,0.2,causal_half_gaussian,3.0,1.1658969202903084,1.8783673364832922,24.17688862153455,25.834969705315675,-0.2703791402837993,-1.1009007278709417,-0.9070740445730452,-0.6796344115187818,0.09019893722254815,0.7972337682019364,-2.794495717357636,0.1621188051304265,0.003915812573697351,eligible,none,eligible,none,eligible,none,eligible,none,eligible,none,0.47164542851309893,0.2286545219566038,1.1631227869439429,0.5838509316770186,0.11709307766553173,0.012793705000894103,0.344256621276124,0.3002754820936639,0.5434742602675965,3.6175674757015086
SYN_A032_1D-4FSCN_V007,msc_x10_causal_angle_halfgaussian_v1,318,32,7,local_same_tissue_variant,False,250811::1D-4FSCN_Raw.csv,1D-4FSCN,SCN,250728::6A-SCNrM1_Raw.csv,0.11666666666666667,123,False,846,11.76389,0.95972,7.688885,6.729165,4.19583,3.23611,0.95972,7.438885,467,0.813666747342539,0.2,causal_half_gaussian,3.0,1.1516871395333201,2.037897648757333,24.276909631856967,26.854738101319185,-0.2518072630026859,-1.22206086245653,-1.0073273755288552,-0.4841444716354637,0.09573882273022835,0.614456599043572,-2.069264609164952,0.18369975491085444,0.002127643231919469,eligible,none,eligible,none,eligible,none,eligible,none,eligible,none,0.49577833284142603,0.2526095308600539,1.222636839752441,0.6190476190476191,0.09360279057704748,0.008015539222313387,0.27519458082838033,0.2837465564738292,0.6045151499378021,2.5066515005493897
SYN_A032_1D-4FSCN_V008,msc_x10_causal_angle_halfgaussian_v1,319,32,8,local_same_tissue_variant,False,250811::1D-4FSCN_Raw.csv,1D-4FSCN,SCN,250625 to 250728::1C-SCN_Raw.csv,0.23333333333333334,123,False,846,11.76389,0.95972,7.688885,6.729165,4.19583,3.23611,0.95972,7.438885,467,0.813666747342539,0.2,causal_half_gaussian,3.0,1.2921981160191747,1.8634847894162565,24.27621257284563,26.2297575190103,-0.2700345588642659,-1.0353094284661066,-0.7220160279910928,-0.5300316727072083,0.0879668644902668,0.9447800320811548,-2.2126678703267695,0.16249515349555319,0.005448046024358547,eligible,none,eligible,none,eligible,none,eligible,none,eligible,none,0.523341878056554,0.2539512659434018,1.2906111814729706,0.6418219461697723,0.13705184890687058,0.017085885092748398,0.4029359154696949,0.3168044077134986,0.59566796177329,3.911437531785962
SYN_A032_1D-4FSCN_V009,msc_x10_causal_angle_halfgaussian_v1,320,32,9,local_same_tissue_variant,False,250811::1D-4FSCN_Raw.csv,1D-4FSCN,SCN,250811::1C-3FSCN_Raw.csv,0.3111111111111111,123,False,846,11.76389,0.95972,7.688885,6.729165,4.19583,3.23611,0.95972,7.438885,467,0.813666747342539,0.2,causal_half_gaussian,3.0,1.1321353109877643,1.7770416836769907,24.22309137302568,26.05214997037569,-0.21804956242525972,-1.0496676445476119,-0.8996754449951495,-0.5362136056983946,0.0848718862689545,0.7564465956615183,-2.2233177264162447,0.23054908623810788,0.005068106859036217,eligible,none,eligible,none,eligible,none,eligible,none,eligible,none,0.5456626501656783,0.30432994823627724,1.34565634271656,0.7039337474120083,0.1260484489432823,0.015266856058389214,0.3705856402054742,0.30578512396694213,0.7163972082987612,2.6039600843544175
SYN_A033_2C-2ML1_V000,msc_x10_causal_angle_halfgaussian_v1,321,33,0,anchor_exact_fit,True,250811::2C-2ML1_Raw.csv,2C-2ML1,DRG,250811::2C-2ML1_Raw.csv,0.0,123,False,845,11.75,0.96528,7.680555,6.715275,4.194445,3.229165,0.96528,7.430555,466,-0.1309831671016894,0.2,causal_half_gaussian,3.0,0.2243954098697139,7.583902801447001,29.782376137962515,25.652418492898697,-0.6006462994540249,-0.6001081695744038,8.383685914572377,1.5446471123197298,0.114104408926834,5.99753967779281,6.306344984572755,0.01771213858719577,0.048733938423513236,difficult,pre_rhythm_to_residual_below_0.35,eligible,none,difficult,pre_rhythm_to_residual_below_0.35,eligible,none,difficult,pre_rhythm_to_residual_below_0.35,0.030177439266166558,0.006061918786584202,0.0936841522828134,0.0,1.6159423131228041,0.4914987378234724,1.7779732372780233,0.6942148760330579,0.14381139871894072,45.88589278510088
SYN_A033_2C-2ML1_V001,msc_x10_causal_angle_halfgaussian_v1,322,33,1,local_same_tissue_variant,False,250811::2C-2ML1_Raw.csv,2C-2ML1,DRG,250811::4C-2MT5_Raw.csv,0.11666666666666667,123,False,845,11.75,0.96528,7.680555,6.715275,4.194445,3.229165,0.96528,7.430555,466,-0.1309831671016894,0.2,causal_half_gaussian,3.0,0.2582570405321627,7.865779064222902,29.601352961688352,25.684161558122582,-0.614190091260021,-0.653046020971612,7.758994145514367,1.4889721651833216,0.11479834582163881,5.997825510542316,6.086562750650855,0.016172300189349873,0.0373318985818739,difficult,pre_rhythm_to_residual_below_0.35,eligible,none,difficult,pre_rhythm_to_residual_below_0.35,eligible,none,difficult,pre_rhythm_to_residual_below_0.35,0.03319504641568058,0.006431064745040948,0.10305214289432066,0.0,1.4623191194076823,0.40044318064833945,1.6089462090032172,0.6473829201101928,0.14906702262157745,44.27021349258151
SYN_A033_2C-2ML1_V002,msc_x10_causal_angle_halfgaussian_v1,323,33,2,local_same_tissue_variant,False,250811::2C-2ML1_Raw.csv,2C-2ML1,DRG,250625 to 250728::4B-T12m2_Raw.csv,0.3111111111111111,123,False,845,11.75,0.96528,7.680555,6.715275,4.194445,3.229165,0.96528,7.430555,466,-0.1309831671016894,0.2,causal_half_gaussian,3.0,0.4274488682254115,6.868911318044581,29.71331753557299,25.176371711788377,-0.5616620455675637,-0.5608317716660364,8.73843049044162,1.009862563180457,0.06058020763940836,5.989349693479768,4.046462745480168,0.023012560738679376,0.059389743159774994,difficult,pre_rhythm_to_residual_below_0.35,eligible,none,difficult,pre_rhythm_to_residual_below_0.35,eligible,none,difficult,pre_rhythm_to_residual_below_0.35,0.06547946574105802,0.014597405517519205,0.20327729552454485,0.07676348547717843,1.6068843332348575,0.5324696997999859,1.7680070115694775,0.7079889807162535,0.13709558173907474,48.06794750997986
SYN_A033_2C-2ML1_V003,msc_x10_causal_angle_halfgaussian_v1,324,33,3,local_same_tissue_variant,False,250811::2C-2ML1_Raw.csv,2C-2ML1,DRG,250811::4D-1FL4_Raw.csv,0.15555555555555556,123,False,845,11.75,0.96528,7.680555,6.715275,4.194445,3.229165,0.96528,7.430555,466,-0.1309831671016894,0.2,causal_half_gaussian,3.0,0.3335222747155218,7.711755959162786,29.023217877384194,25.57937987672875,-0.5542616865659931,-0.5685283898315308,8.388739352532127,1.7699852413658395,0.10799443363008289,5.7257097017572,7.205759921383485,0.024185073170685238,0.057132388583888256,difficult,pre_rhythm_to_residual_below_0.35,eligible,none,difficult,pre_rhythm_to_residual_below_0.35,eligible,none,difficult,pre_rhythm_to_residual_below_0.35,0.05236982713792891,0.011908034993024964,0.1625791644327807,0.01037344398340249,1.7684457218078735,0.5771902522827703,1.945768199408655,0.7382920110192838,0.15067605284159793,41.810412942287805
SYN_A033_2C-2ML1_V004,msc_x10_causal_angle_halfgaussian_v1,325,33,4,local_same_tissue_variant,False,250811::2C-2ML1_Raw.csv,2C-2ML1,DRG,250811::5C-1FT7_Raw.csv,0.23333333333333334,123,False,845,11.75,0.96528,7.680555,6.715275,4.194445,3.229165,0.96528,7.430555,466,-0.1309831671016894,0.2,causal_half_gaussian,3.0,0.4263384778052542,6.976362886883002,29.830361226410247,25.56313164722388,-0.5423581490800479,-0.5992024096685407,7.0409322048391045,1.693920293105199,0.1055363404142499,5.490746462051288,6.891712616381475,0.026197687916694808,0.048956684969904816,difficult,pre_rhythm_to_residual_below_0.35,eligible,none,difficult,pre_rhythm_to_residual_below_0.35,eligible,none,difficult,pre_rhythm_to_residual_below_0.35,0.06965923668225248,0.016351297056501263,0.21625315785363114,0.07883817427385892,1.489963472200417,0.45399633651021676,1.6393624676952554,0.6666666666666666,0.1404195009541187,43.023261644881046
SYN_A033_2C-2ML1_V005,msc_x10_causal_angle_halfgaussian_v1,326,33,5,local_same_tissue_variant,False,250811::2C-2ML1_Raw.csv,2C-2ML1,DRG,250811::5A-2ML2_Raw.csv,0.03888888888888889,123,False,845,11.75,0.96528,7.680555,6.715275,4.194445,3.229165,0.96528,7.430555,466,-0.1309831671016894,0.2,causal_half_gaussian,3.0,0.22635999012734903,7.399644615304326,29.79083459043465,25.631973668238963,-0.59894567525976,-0.5894465434643252,8.301932771781866,1.5374645717362148,0.1139888421322365,5.892242952921726,6.2720180118772655,0.01791557344674427,0.051421379545167366,difficult,pre_rhythm_to_residual_below_0.35,eligible,none,difficult,pre_rhythm_to_residual_below_0.35,eligible,none,difficult,pre_rhythm_to_residual_below_0.35,0.030615058466613797,0.006177837299331027,0.0950427163231542,0.0,1.6205907466762282,0.5034464269816743,1.783087770381177,0.696969696969697,0.14053738073544728,46.13049948833858
SYN_A033_2C-2ML1_V006,msc_x10_causal_angle_halfgaussian_v1,327,33,6,local_same_tissue_variant,False,250811::2C-2ML1_Raw.csv,2C-2ML1,DRG,250811::4D-1FL4_Raw.csv,0.27222222222222225,123,False,845,11.75,0.96528,7.680555,6.715275,4.194445,3.229165,0.96528,7.430555,466,-0.1309831671016894,0.2,causal_half_gaussian,3.0,0.41536742334987775,7.807645827449623,28.453849181950456,25.52460091460129,-0.5194732268999692,-0.5448435550243759,8.39252943100194,1.9389888381504203,0.10341195215751957,5.521837219730493,7.876883117724246,0.03054954235201976,0.064368076997344,difficult,pre_rhythm_to_residual_below_0.35,eligible,none,difficult,pre_rhythm_to_residual_below_0.35,eligible,none,difficult,pre_rhythm_to_residual_below_0.35,0.07325793435749108,0.018280456477840587,0.22742511111491545,0.07468879668049792,1.9037180613398321,0.6461049566277856,2.094604328940422,0.7741046831955923,0.15750760664414015,38.57282384300377
SYN_A033_2C-2ML1_V007,msc_x10_causal_angle_halfgaussian_v1,328,33,7,local_same_tissue_variant,False,250811::2C-2ML1_Raw.csv,2C-2ML1,DRG,250811::4C-2MT5_Raw.csv,0.19444444444444445,123,False,845,11.75,0.96528,7.680555,6.715275,4.194445,3.229165,0.96528,7.430555,466,-0.1309831671016894,0.2,causal_half_gaussian,3.0,0.2808314609737952,8.05369657274017,29.480670844172245,25.705323601605173,-0.6232192857973518,-0.6883379219030841,7.34253296614236,1.4518555337590495,0.11526097041817536,5.9980160657086525,5.9397287352662955,0.015220852908799314,0.03125449279000107,difficult,pre_rhythm_to_residual_below_0.35,eligible,none,difficult,pre_rhythm_to_residual_below_0.35,eligible,none,difficult,pre_rhythm_to_residual_below_0.35,0.035024235803812254,0.006623682652441602,0.108730757825176,0.0,1.3671218501705833,0.34906591968796585,1.5042034866974798,0.6198347107438017,0.15252510722813686,43.267883552236285
SYN_A033_2C-2ML1_V008,msc_x10_causal_angle_halfgaussian_v1,329,33,8,local_same_tissue_variant,False,250811::2C-2ML1_Raw.csv,2C-2ML1,DRG,250625 to 250728::4B-T12m2_Raw.csv,0.35,123,False,845,11.75,0.96528,7.680555,6.715275,4.194445,3.229165,0.96528,7.430555,466,-0.1309831671016894,0.2,causal_half_gaussian,3.0,0.45283055051987364,6.779537382619278,29.704685210274302,25.116865864149585,-0.556789013831756,-0.5559222219274904,8.782773562425277,0.9430144945380476,0.05388968247848015,5.988325945440637,3.769675317421604,0.023778074917147285,0.06087604637631021,difficult,pre_rhythm_to_residual_below_0.35,eligible,none,difficult,pre_rhythm_to_residual_below_0.35,eligible,none,difficult,pre_rhythm_to_residual_below_0.35,0.07050594609985116,0.015923980641734663,0.21888171932029407,0.09336099585062241,1.6062743572114242,0.5374390499579681,1.7673358731035567,0.7079889807162535,0.13646884282326877,48.28044769102038
SYN_A033_2C-2ML1_V009,msc_x10_causal_angle_halfgaussian_v1,330,33,9,local_same_tissue_variant,False,250811::2C-2ML1_Raw.csv,2C-2ML1,DRG,250811::5C-1FT7_Raw.csv,0.07777777777777778,123,False,845,11.75,0.96528,7.680555,6.715275,4.194445,3.229165,0.96528,7.430555,466,-0.1309831671016894,0.2,causal_half_gaussian,3.0,0.29170976584822733,7.381389496592335,29.798371167445094,25.62265621100709,-0.5812169159960325,-0.5998062496057828,7.936101344661286,1.5944048392482193,0.11124838608930597,5.828608605878969,6.501938914731978,0.02018064251098502,0.048808074436459674,difficult,pre_rhythm_to_residual_below_0.35,eligible,none,difficult,pre_rhythm_to_residual_below_0.35,eligible,none,difficult,pre_rhythm_to_residual_below_0.35,0.04186052120840884,0.008856883966272091,0.12995361895809668,0.0,1.5740156223036355,0.4790332399914584,1.7318425470926448,0.6831955922865014,0.14215531944179344,45.11294137268331
SYN_A034_2D-1FL2_V000,msc_x10_causal_angle_halfgaussian_v1,331,34,0,anchor_exact_fit,True,250811::2D-1FL2_Raw.csv,2D-1FL2,DRG,250811::2D-1FL2_Raw.csv,0.0,123,False,846,11.76388,0.96181,7.690975,6.729165,4.19792,3.23611,0.96181,7.440975,467,-1.108878662388184,0.2,causal_half_gaussian,3.0,0.7359377760706903,4.726253350303153,25.14480457832212,25.25318091561951,-0.3405216049753402,-0.3495885189665143,3.2098933818158724,3.139293389020617,0.2212945933341294,2.738740369916352,12.617349325915724,0.1011221521234283,0.17203134846324766,eligible,none,eligible,none,eligible,none,eligible,none,eligible,none,0.23541380669513567,0.09458580551382269,0.4878361866524697,0.18633540372670807,1.901696912827539,0.9506573286373985,2.9530946430436775,0.9917355371900827,0.23691471676252587,17.951257992423624
SYN_A034_2D-1FL2_V001,msc_x10_causal_angle_halfgaussian_v1,332,34,1,local_same_tissue_variant,False,250811::2D-1FL2_Raw.csv,2D-1FL2,DRG,250811::8C-2ML4_Raw.csv,0.15555555555555556,123,False,846,11.76388,0.96181,7.690975,6.729165,4.19792,3.23611,0.96181,7.440975,467,-1.108878662388184,0.2,causal_half_gaussian,3.0,0.755210467599618,4.674794311301733,25.463792158002466,25.162006045659076,-0.3431823778152562,-0.3659562926210719,2.981265434592301,-2.7434798374250313,0.21255742498605262,2.8496496118090096,-10.986697491884009,0.09932769490957397,0.1584231540377207,eligible,none,eligible,none,eligible,none,eligible,none,eligible,none,0.23943681384547322,0.09551919423850486,0.49617286195052407,0.19461697722567287,1.8025000094445423,0.8722875404730385,2.7990544056057916,0.9917355371900827,0.2364398545008689,18.715733136772467
SYN_A034_2D-1FL2_V002,msc_x10_causal_angle_halfgaussian_v1,333,34,2,local_same_tissue_variant,False,250811::2D-1FL2_Raw.csv,2D-1FL2,DRG,250811::8D-2MT7_Raw.csv,0.07777777777777778,123,False,846,11.76388,0.96181,7.690975,6.729165,4.19792,3.23611,0.96181,7.440975,467,-1.108878662388184,0.2,causal_half_gaussian,3.0,0.7180264415833617,4.652343163302701,25.127241850575015,25.260366131613132,-0.32343333843320654,-0.367278850523011,3.072917341450165,-3.1229458274501543,0.21625966296930693,2.8123891364423104,-12.555217004413853,0.1134450953151843,0.15737176577344517,eligible,none,eligible,none,eligible,none,eligible,none,eligible,none,0.24320479252830243,0.10229131116910033,0.5039810545872442,0.18426501035196688,1.7876756759267363,0.8628473021051585,2.776034091694131,0.9917355371900827,0.2456875215241428,17.775768137376083
SYN_A034_2D-1FL2_V003,msc_x10_causal_angle_halfgaussian_v1,334,34,3,local_same_tissue_variant,False,250811::2D-1FL2_Raw.csv,2D-1FL2,DRG,250625 to 250728::5D-T10_Raw.csv,0.11666666666666667,123,False,846,11.76388,0.96181,7.690975,6.729165,4.19792,3.23611,0.96181,7.440975,467,-1.108878662388184,0.2,causal_half_gaussian,3.0,0.7929501802073528,4.539250704707978,25.162055274415884,25.238196176442525,-0.34408546677475116,-0.34903000757278946,3.1411419794462945,-3.079435620974806,0.19454193112751336,2.932368498972331,-12.369426734252114,0.09872590746266152,0.17251577203958682,eligible,none,eligible,none,eligible,none,eligible,none,eligible,none,0.2506432564525326,0.09974830266066008,0.5193954091074431,0.2153209109730849,1.8291113096268725,0.9153852398625713,2.8403783870892663,0.9917355371900827,0.2379377159013113,19.137769588367767
SYN_A034_2D-1FL2_V004,msc_x10_causal_angle_halfgaussian_v1,335,34,4,local_same_tissue_variant,False,250811::2D-1FL2_Raw.csv,2D-1FL2,DRG,250811::5C-1FT7_Raw.csv,0.19444444444444445,123,False,846,11.76388,0.96181,7.690975,6.729165,4.19792,3.23611,0.96181,7.440975,467,-1.108878662388184,0.2,causal_half_gaussian,3.0,0.8047570948112285,4.775624148111125,26.086542177514197,25.25640473980589,-0.342527948034548,-0.39754587332982905,3.096947171740799,2.953617596983335,0.1933120003833352,2.950068111107728,11.872602482499381,0.0997660753868719,0.13512835538201337,eligible,none,eligible,none,eligible,none,eligible,none,eligible,none,0.25570491096785475,0.10218798959395173,0.5298844210799003,0.2236024844720497,1.6959611458436779,0.7708870746641439,2.6336130330855605,0.9917355371900827,0.24704493510063424,18.54351897224559
SYN_A034_2D-1FL2_V005,msc_x10_causal_angle_halfgaussian_v1,336,34,5,local_same_tissue_variant,False,250811::2D-1FL2_Raw.csv,2D-1FL2,DRG,250811::6B-2ML3_Raw.csv,0.03888888888888889,123,False,846,11.76388,0.96181,7.690975,6.729165,4.19792,3.23611,0.96181,7.440975,467,-1.108878662388184,0.2,causal_half_gaussian,3.0,0.7520106074400434,4.684977868167228,25.136308281495488,25.295946571771797,-0.3418038788861024,-0.3420317408607925,3.1954605546534656,-3.1341705636949913,0.22441862006674926,2.6986815059220195,-12.618092137988627,0.10025335984791951,0.1787025948552077,eligible,none,eligible,none,eligible,none,eligible,none,eligible,none,0.23952496514112329,0.09590773145056272,0.4963555334451238,0.19461697722567287,1.922553217200868,0.9755961235377055,2.9854818443390667,0.9917355371900827,0.23733959133257942,17.65702398408291
SYN_A034_2D-1FL2_V006,msc_x10_causal_angle_halfgaussian_v1,337,34,6,local_same_tissue_variant,False,250811::2D-1FL2_Raw.csv,2D-1FL2,DRG,250811::5C-1FT7_Raw.csv,0.27222222222222225,123,False,846,11.76388,0.96181,7.690975,6.729165,4.19792,3.23611,0.96181,7.440975,467,-1.108878662388184,0.2,causal_half_gaussian,3.0,0.8322848223074437,4.795372467234313,26.463237217191026,25.257694269480446,-0.3433304852582311,-0.4167288150751549,3.0517686877107697,2.879347280168423,0.18211896320301754,3.0345992075842783,11.574650395087485,0.09922875032740536,0.12268798961665112,eligible,none,eligible,none,eligible,none,eligible,none,eligible,none,0.26374218390722876,0.10517368335675607,0.5465396573928107,0.23809523809523808,1.6199913162067827,0.7129815334875187,2.515641501754584,0.9476584022038568,0.25102308830521836,18.772570157363162
SYN_A034_2D-1FL2_V007,msc_x10_causal_angle_halfgaussian_v1,338,34,7,local_same_tissue_variant,False,250811::2D-1FL2_Raw.csv,2D-1FL2,DRG,250625 to 250728::5D-T10_Raw.csv,0.23333333333333334,123,False,846,11.76388,0.96181,7.690975,6.729165,4.19792,3.23611,0.96181,7.440975,467,-1.108878662388184,0.2,causal_half_gaussian,3.0,0.8499625843440151,4.352248059112804,25.17930597050965,25.22321143726554,-0.34764932857416214,-0.34847149617906464,3.0723905770767166,-3.0149793237906426,0.16778926892089732,3.12599662802831,-12.103329321842276,0.09638644549840267,0.1730015597056887,eligible,none,eligible,none,eligible,none,eligible,none,eligible,none,0.2654784167427923,0.10464877821466395,0.5501375653385372,0.2443064182194617,1.7563103789093737,0.8799259168690324,2.727327754751233,0.9917355371900827,0.23861717154332945,20.343368972153254
SYN_A034_2D-1FL2_V008,msc_x10_causal_angle_halfgaussian_v1,339,34,8,local_same_tissue_variant,False,250811::2D-1FL2_Raw.csv,2D-1FL2,DRG,250811::8C-2ML4_Raw.csv,0.35,123,False,846,11.76388,0.96181,7.690975,6.729165,4.19792,3.23611,0.96181,7.440975,467,-1.108878662388184,0.2,causal_half_gaussian,3.0,0.7793013320107774,4.610470512549958,25.862526632602897,25.048037458208533,-0.3465083438651511,-0.3864160096892688,2.695480500562837,-2.2429647365076093,0.20163596455095664,2.988286164174831,-8.941621485090737,0.09712933678138938,0.14291653646212377,eligible,none,eligible,none,eligible,none,eligible,none,eligible,none,0.2443393728679598,0.09661071393316265,0.5063321883381464,0.2070393374741201,1.6854605794743707,0.7832134123735991,2.6173069823763444,0.9917355371900827,0.23575219752701,19.683507893349745
SYN_A034_2D-1FL2_V009,msc_x10_causal_angle_halfgaussian_v1,340,34,9,local_same_tissue_variant,False,250811::2D-1FL2_Raw.csv,2D-1FL2,DRG,250811::8D-2MT7_Raw.csv,0.3111111111111111,123,False,846,11.76388,0.96181,7.690975,6.729165,4.19792,3.23611,0.96181,7.440975,467,-1.108878662388184,0.2,causal_half_gaussian,3.0,0.6642924381213756,4.430612602301347,25.074553667333703,25.281921779593997,-0.2721685388068056,-0.4203498451925011,2.661989220353042,-3.06010755532371,0.2011548718748395,3.0333354360201845,-12.313085810541953,0.16017841272765332,0.12047154791271247,eligible,none,eligible,none,eligible,none,eligible,none,eligible,none,0.2671244073234163,0.12888368701797817,0.5535484687999359,0.17598343685300208,1.4827189116519808,0.6479288392705859,2.302474829508283,0.9008264462809917,0.27787281047140483,16.951590373414927
SYN_A035_3A-1FL4_V000,msc_x10_causal_angle_halfgaussian_v1,341,35,0,anchor_exact_fit,True,250811::3A-1FL4_Raw.csv,3A-1FL4,DRG,250811::3A-1FL4_Raw.csv,0.0,123,False,847,11.76389,0.95486,7.684025,6.729165,4.19097,3.23611,0.95486,7.434025,467,-1.9652018893910697,0.2,causal_half_gaussian,3.0,0.171210827209007,1.028379807365561,23.99695746793537,20.906862965121032,0.1039968307333066,-1.398778737604923,-0.2071175665394813,2.279348138241618,0.201491475480839,-5.170514677449578,7.584372710059752,2.0133738222822455,0.0008739684514599862,eligible,none,eligible,none,eligible,none,difficult,fit_post_envelope_log_rate_per_day_at_bound,eligible,none,0.2426738826632235,0.1835818919919863,0.8297801592290494,0.2334710743801653,0.030254636370787697,0.001815896078465048,0.10998339466331807,0.18732782369146006,1.1868199015043859,14.896661954610686
SYN_A035_3A-1FL4_V001,msc_x10_causal_angle_halfgaussian_v1,342,35,1,local_same_tissue_variant,False,250811::3A-1FL4_Raw.csv,3A-1FL4,DRG,250625 to 250728::5B-T12m2_Raw.csv,0.15555555555555556,123,False,847,11.76389,0.95486,7.684025,6.729165,4.19097,3.23611,0.95486,7.434025,467,-1.9652018893910697,0.2,causal_half_gaussian,3.0,0.2557471902707892,1.529922686350624,24.008400055707767,21.360557336121794,0.09096699393461054,-1.256665749504785,0.4898030235546872,2.0509237722988205,0.15155351099699432,-4.557633341311635,6.972398980521108,1.8443592214853417,0.0017874478374367451,eligible,none,eligible,none,eligible,none,difficult,fit_post_envelope_log_rate_per_day_at_bound,eligible,none,0.34699415149119217,0.2718399873829262,1.1864847552445124,0.7789256198347108,0.0644007627291062,0.005144120270323415,0.23411335760402605,0.2699724517906336,1.6254849167553855,9.587302867688704
SYN_A035_3A-1FL4_V002,msc_x10_causal_angle_halfgaussian_v1,343,35,2,local_same_tissue_variant,False,250811::3A-1FL4_Raw.csv,3A-1FL4,DRG,250625 to 250728::8C-L3m1_Raw.csv,0.07777777777777778,123,False,847,11.76389,0.95486,7.684025,6.729165,4.19097,3.23611,0.95486,7.434025,467,-1.9652018893910697,0.2,causal_half_gaussian,3.0,0.24077957184039678,1.03348047798548,24.027182458780892,21.12571356194087,0.07227312866169247,-1.3393243304101856,-0.21776731426619594,2.1554031137310954,0.1861280732515463,-4.735094325217375,7.247029422985171,1.6263492969551305,0.0011789516242674094,eligible,none,eligible,none,eligible,none,difficult,fit_post_envelope_log_rate_per_day_at_bound,eligible,none,0.3068312738285792,0.2527410558480408,1.0491549418495159,0.5991735537190083,0.03532079349152568,0.0023892234525558008,0.1284001804811275,0.19559228650137742,1.3466184001250099,12.02331147302749
SYN_A035_3A-1FL4_V003,msc_x10_causal_angle_halfgaussian_v1,344,35,3,local_same_tissue_variant,False,250811::3A-1FL4_Raw.csv,3A-1FL4,DRG,250625 to 250728::3A-L5m2_Raw.csv,0.3111111111111111,123,False,847,11.76389,0.95486,7.684025,6.729165,4.19097,3.23611,0.95486,7.434025,467,-1.9652018893910697,0.2,causal_half_gaussian,3.0,0.5088669937572868,1.8794919744703913,24.170395750394633,21.910989535436023,0.019948044654272093,-1.1322918352534292,0.2307272797310043,2.1988087673539063,0.15600519888742775,-3.290124643244274,7.6677789268549725,1.1436600433665192,0.0033433632744553046,eligible,none,eligible,none,eligible,none,difficult,fit_post_envelope_log_rate_per_day_at_bound,eligible,none,0.5440796851984394,0.5157223648029267,1.8603836674249186,1.0,0.10824919219356616,0.011103829599104501,0.3935136909629427,0.33608815426997246,2.005445779239399,5.609723221491699
SYN_A035_3A-1FL4_V004,msc_x10_causal_angle_halfgaussian_v1,345,35,4,local_same_tissue_variant,False,250811::3A-1FL4_Raw.csv,3A-1FL4,DRG,250625 to 250728::4D-T7m1_Raw.csv,0.27222222222222225,123,False,847,11.76389,0.95486,7.684025,6.729165,4.19097,3.23611,0.95486,7.434025,467,-1.9652018893910697,0.2,causal_half_gaussian,3.0,0.41292969859594963,1.4026235776538636,25.617264117942707,21.85210588824204,-0.04152926958005923,-1.1432325683970497,0.1667534685079228,2.1561790793498448,0.1946622252298099,-3.415368331896198,7.498911977357402,0.7561940110646076,0.0031641792018655248,eligible,none,eligible,none,eligible,none,difficult,fit_post_envelope_log_rate_per_day_at_bound,eligible,none,0.35923665457294196,0.32135431595253416,1.228345816043685,1.0,0.07858643284086317,0.007885696699112625,0.2856819216860402,0.2837465564738292,1.080741149823285,10.80577367304147
SYN_A035_3A-1FL4_V005,msc_x10_causal_angle_halfgaussian_v1,346,35,5,local_same_tissue_variant,False,250811::3A-1FL4_Raw.csv,3A-1FL4,DRG,250811::4A-2MT10_Raw.csv,0.35,123,False,847,11.76389,0.95486,7.684025,6.729165,4.19097,3.23611,0.95486,7.434025,467,-1.9652018893910697,0.2,causal_half_gaussian,3.0,0.42700404082965315,1.6595119072282545,25.171485924637082,22.208574024956874,-0.05326164612619,-1.080630278345405,0.5978109260441813,1.361222815316597,0.15932235444009846,-4.145580831235325,4.811384064047116,0.6987890259684931,0.004336549565165144,eligible,none,eligible,none,eligible,none,difficult,fit_post_envelope_log_rate_per_day_at_bound,eligible,none,0.35714619066523745,0.30958298608093937,1.221197846698319,1.0,0.10887366557510461,0.012390595237905665,0.3957838125250315,0.3305785123966942,1.0365734538779208,13.674936315539309
SYN_A035_3A-1FL4_V006,msc_x10_causal_angle_halfgaussian_v1,347,35,6,local_same_tissue_variant,False,250811::3A-1FL4_Raw.csv,3A-1FL4,DRG,250811::4A-2MT10_Raw.csv,0.19444444444444445,123,False,847,11.76389,0.95486,7.684025,6.729165,4.19097,3.23611,0.95486,7.434025,467,-1.9652018893910697,0.2,causal_half_gaussian,3.0,0.31331816810936597,1.379008751733724,24.6494732772141,21.630035776140943,0.016631010255808487,-1.2220295935718575,0.24006492934033133,1.7692785143943848,0.17806418601376092,-4.601106985108326,6.090789256299459,1.1184153441401417,0.0021279782136617168,eligible,none,eligible,none,eligible,none,difficult,fit_post_envelope_log_rate_per_day_at_bound,eligible,none,0.33129272329172055,0.31683333813132686,1.1327965155027764,1.0,0.06334432073255047,0.005424740158818802,0.23027291888177187,0.26170798898071623,1.2104859020621013,12.996984571278068
SYN_A035_3A-1FL4_V007,msc_x10_causal_angle_halfgaussian_v1,348,35,7,local_same_tissue_variant,False,250811::3A-1FL4_Raw.csv,3A-1FL4,DRG,250625 to 250728::8C-L3m1_Raw.csv,0.11666666666666667,123,False,847,11.76389,0.95486,7.684025,6.729165,4.19097,3.23611,0.95486,7.434025,467,-1.9652018893910697,0.2,causal_half_gaussian,3.0,0.27556394415609164,1.0360308132954394,24.042294954203655,21.23513886035079,0.0564112776258854,-1.3095971268128168,-0.22309218812955328,2.093430601475834,0.17844637213689993,-4.517384149101273,7.075119918244426,1.461700954625299,0.0013692920914026,eligible,none,eligible,none,eligible,none,difficult,fit_post_envelope_log_rate_per_day_at_bound,eligible,none,0.3329633798869345,0.28619189305899856,1.1385090284455788,0.8429752066115702,0.03816328362575738,0.002740537207122365,0.13873336414357104,0.20110192837465565,1.3848139075550305,11.15412776322657
SYN_A035_3A-1FL4_V008,msc_x10_causal_angle_halfgaussian_v1,349,35,8,local_same_tissue_variant,False,250811::3A-1FL4_Raw.csv,3A-1FL4,DRG,250625 to 250728::4D-T7m1_Raw.csv,0.23333333333333334,123,False,847,11.76389,0.95486,7.684025,6.729165,4.19097,3.23611,0.95486,7.434025,467,-1.9652018893910697,0.2,causal_half_gaussian,3.0,0.3783984312549578,1.3491601818983916,25.38579173937023,21.71707118493904,-0.020739826678149803,-1.1797391639981745,0.1133433206440079,2.173774659191526,0.19563783240852833,-3.6661035241181095,7.513389579603191,0.8697393448984067,0.0026329187363611723,eligible,none,eligible,none,eligible,none,difficult,fit_post_envelope_log_rate_per_day_at_bound,eligible,none,0.35296994125678094,0.33386306849966046,1.2069179049876637,1.0,0.06894505030243211,0.006428516378422261,0.2506330132202903,0.26721763085399447,1.1375184940722438,11.02011853192282
SYN_A035_3A-1FL4_V009,msc_x10_causal_angle_halfgaussian_v1,350,35,9,local_same_tissue_variant,False,250811::3A-1FL4_Raw.csv,3A-1FL4,DRG,250625 to 250728::3A-L5m2_Raw.csv,0.03888888888888889,123,False,847,11.76389,0.95486,7.684025,6.729165,4.19097,3.23611,0.95486,7.434025,467,-1.9652018893910697,0.2,causal_half_gaussian,3.0,0.21341784802754196,1.1347688282536648,24.01863725324278,21.032378786410405,0.09349073247342728,-1.3654678748109863,-0.1523869607556706,2.2692807168806537,0.1958056909066626,-4.935465923173915,7.59620626747921,1.875948812538519,0.0010335505733220093,eligible,none,eligible,none,eligible,none,difficult,fit_post_envelope_log_rate_per_day_at_bound,eligible,none,0.2920238641122054,0.2272314704270162,0.9985236392248578,0.49793388429752067,0.036308977452105685,0.0023302721929493436,0.1319924836641653,0.2066115702479339,1.377707470300503,12.249296638041065
SYN_A036_3D-1FT10_V000,msc_x10_causal_angle_halfgaussian_v1,351,36,0,anchor_exact_fit,True,250811::3D-1FT10_Raw.csv,3D-1FT10,DRG,250811::3D-1FT10_Raw.csv,0.0,123,False,846,11.76389,0.96319,7.692365,6.729175,4.19931,3.23612,0.96319,7.442365,467,-1.439895923167663,0.2,causal_half_gaussian,3.0,1.5872823762302153,4.806197601765147,26.826971519972265,26.68705819137984,-0.5883206115285674,-0.258743499796131,6.083782067771587,-0.0660926382786923,0.2526679701039904,0.4119601042343411,-0.2807203667461194,0.019083859546962526,0.2717970095883253,eligible,none,eligible,none,eligible,none,eligible,none,eligible,none,0.22152473086287428,0.04583972738967632,0.4125892455797028,0.2753623188405797,2.4412288479820705,1.461302717104766,2.5053841968761077,0.9889807162534435,0.11350940329481368,3.724681647454793
SYN_A036_3D-1FT10_V001,msc_x10_causal_angle_halfgaussian_v1,352,36,1,local_same_tissue_variant,False,250811::3D-1FT10_Raw.csv,3D-1FT10,DRG,250625 to 250728::1B-L1m2_Raw.csv,0.03888888888888889,123,False,846,11.76389,0.96319,7.692365,6.729175,4.19931,3.23612,0.96319,7.442365,467,-1.439895923167663,0.2,causal_half_gaussian,3.0,1.5803278050508534,4.697442481088427,26.739242119197993,26.616772917747188,-0.5777304384875989,-0.255231829339876,6.02883682441964,0.015309755038316553,0.24687404743947003,0.3930483837424121,0.06485504618423002,0.020493465015105575,0.2766451835607532,eligible,none,eligible,none,eligible,none,eligible,none,eligible,none,0.22851250159979097,0.048645810441194065,0.4256039507342845,0.2795031055900621,2.4080257976253288,1.4515018692854538,2.471308572331271,0.9889807162534435,0.11375161478165671,3.546126994844238
SYN_A036_3D-1FT10_V002,msc_x10_causal_angle_halfgaussian_v1,353,36,2,local_same_tissue_variant,False,250811::3D-1FT10_Raw.csv,3D-1FT10,DRG,250625 to 250728::4C-T5m1_Raw.csv,0.23333333333333334,123,False,846,11.76389,0.96319,7.692365,6.729175,4.19931,3.23612,0.96319,7.442365,467,-1.439895923167663,0.2,causal_half_gaussian,3.0,1.4677101259503214,4.317412637113587,26.707466832171495,26.369542206338814,-0.5324628312751999,-0.2609390804057558,5.367052166668272,-0.29237162464976807,0.19056794823166762,0.44970247621491793,-1.2270378031550788,0.02779120785138596,0.26880907702608353,eligible,none,eligible,none,eligible,none,eligible,none,eligible,none,0.2469493278212082,0.05934533324407557,0.4599424924941538,0.2815734989648033,2.1803892852661773,1.2994949065582015,2.2376897859696245,0.9889807162534435,0.11566234885973146,3.9902408613224742
SYN_A036_3D-1FT10_V003,msc_x10_causal_angle_halfgaussian_v1,354,36,3,local_same_tissue_variant,False,250811::3D-1FT10_Raw.csv,3D-1FT10,DRG,250625 to 250728::7D-L2_Raw.csv,0.11666666666666667,123,False,846,11.76389,0.96319,7.692365,6.729175,4.19931,3.23612,0.96319,7.442365,467,-1.439895923167663,0.2,causal_half_gaussian,3.0,1.5254288590452025,4.493352398832112,27.194639014553612,26.49799887007256,-0.5974421939004988,-0.2572481095813927,5.700456866445294,0.22142969768180265,0.2462432862941269,0.5576539840197271,0.933832696652824,0.01794770414272485,0.27385105479591626,eligible,none,eligible,none,eligible,none,eligible,none,eligible,none,0.2064905056502199,0.04169770009697012,0.38458803951028153,0.2608695652173913,2.291277128947105,1.3756164732240037,2.351491755585668,0.9889807162534435,0.1051728819175717,5.44160326416617
SYN_A036_3D-1FT10_V004,msc_x10_causal_angle_halfgaussian_v1,355,36,4,local_same_tissue_variant,False,250811::3D-1FT10_Raw.csv,3D-1FT10,DRG,250625 to 250728::8D-L4-1m1_Raw.csv,0.15555555555555556,123,False,846,11.76389,0.96319,7.692365,6.729175,4.19931,3.23612,0.96319,7.442365,467,-1.439895923167663,0.2,causal_half_gaussian,3.0,1.5376287600870764,4.550335995145587,26.76528296193593,26.51466310649617,-0.5560582232371514,-0.3091000794632548,6.304580280985278,0.13542933422315118,0.22067696852336738,0.9532519954219152,0.5715036237369548,0.023711073721062105,0.21092960925846752,eligible,none,eligible,none,eligible,none,eligible,none,eligible,none,0.23906655261833382,0.05393338183282983,0.4452608438070753,0.2836438923395445,2.02579064591776,1.097366769331073,2.079028303576345,0.977961432506887,0.11523954231549921,8.48930307683281
SYN_A036_3D-1FT10_V005,msc_x10_causal_angle_halfgaussian_v1,356,36,5,local_same_tissue_variant,False,250811::3D-1FT10_Raw.csv,3D-1FT10,DRG,250811::6B-2ML3_Raw.csv,0.27222222222222225,123,False,846,11.76389,0.96319,7.692365,6.729175,4.19931,3.23612,0.96319,7.442365,467,-1.439895923167663,0.2,causal_half_gaussian,3.0,1.4680372768833723,4.4955066250267945,26.30957421918109,26.596084526044436,-0.5298401326755248,-0.23057608605246072,5.200415913124572,-0.8358885165538101,0.26599562688942274,0.7649493508207813,-3.5382310967674298,0.028286037382434716,0.31320890621163067,eligible,none,eligible,none,eligible,none,eligible,none,eligible,none,0.24918231430941137,0.060303978627225724,0.4641014241266121,0.2836438923395445,2.450310603201663,1.5510105473798097,2.5147046200825893,0.9889807162534435,0.11952356792444827,6.568178877901754
SYN_A036_3D-1FT10_V006,msc_x10_causal_angle_halfgaussian_v1,357,36,6,local_same_tissue_variant,False,250811::3D-1FT10_Raw.csv,3D-1FT10,DRG,250625 to 250728::7D-L2_Raw.csv,0.19444444444444445,123,False,846,11.76389,0.96319,7.692365,6.729175,4.19931,3.23612,0.96319,7.442365,467,-1.439895923167663,0.2,causal_half_gaussian,3.0,1.4841931809218605,4.284788930210088,27.43975067760784,26.371959322534376,-0.6035232488151197,-0.2562511827715672,5.444906732227766,0.41311125498879875,0.24196016375421792,0.6547832372099844,1.7339219965065942,0.017228099129246045,0.2752290349265849,eligible,none,eligible,none,eligible,none,eligible,none,eligible,none,0.19686052182655822,0.039110987636660585,0.3666522192283972,0.2525879917184265,2.190635321060723,1.3177970568278083,2.2482050869753047,0.9889807162534435,0.09975046006812814,6.736719823359716
SYN_A036_3D-1FT10_V007,msc_x10_causal_angle_halfgaussian_v1,358,36,7,local_same_tissue_variant,False,250811::3D-1FT10_Raw.csv,3D-1FT10,DRG,250625 to 250728::1B-L1m2_Raw.csv,0.35,123,False,846,11.76389,0.96319,7.692365,6.729175,4.19931,3.23612,0.96319,7.442365,467,-1.439895923167663,0.2,causal_half_gaussian,3.0,1.5246912356159585,3.8274015156746684,26.037406913003824,26.054490728685963,-0.49300905415985063,-0.22713846568983612,5.589274877604067,0.6665289015743863,0.20052266612330702,0.24175461980697996,2.7638960554971144,0.0362417249121613,0.3186769324598383,eligible,none,eligible,none,eligible,none,eligible,none,eligible,none,0.29275395252059183,0.07819224074314708,0.5452534890369211,0.3167701863354037,2.1051151493557985,1.341622869458061,2.160437450245648,0.9862258953168044,0.12184643131260406,2.0362345795484917
SYN_A036_3D-1FT10_V008,msc_x10_causal_angle_halfgaussian_v1,359,36,8,local_same_tissue_variant,False,250811::3D-1FT10_Raw.csv,3D-1FT10,DRG,250625 to 250728::8D-L4-1m1_Raw.csv,0.07777777777777778,123,False,846,11.76389,0.96319,7.692365,6.729175,4.19931,3.23612,0.96319,7.442365,467,-1.439895923167663,0.2,causal_half_gaussian,3.0,1.5624555681586458,4.678266798455367,26.796127240954096,26.600860648938003,-0.5721894173828594,-0.2839217896296929,6.194181174378432,0.034668347972229174,0.23667246931367888,0.6826060498281281,0.14677394478313166,0.021272019194247243,0.2394369165982669,eligible,none,eligible,none,eligible,none,eligible,none,eligible,none,0.23015761602382354,0.0497284210633936,0.42866797214832714,0.2795031055900621,2.224661653420494,1.2668011107443642,2.283125629325233,0.9889807162534435,0.11423358190621652,6.132565262497748
SYN_A036_3D-1FT10_V009,msc_x10_causal_angle_halfgaussian_v1,360,36,9,local_same_tissue_variant,False,250811::3D-1FT10_Raw.csv,3D-1FT10,DRG,250625 to 250728::4C-T5m1_Raw.csv,0.3111111111111111,123,False,846,11.76389,0.96319,7.692365,6.729175,4.19931,3.23612,0.96319,7.442365,467,-1.439895923167663,0.2,causal_half_gaussian,3.0,1.4278527091903566,4.154484315563067,26.667631936237907,26.26370354465847,-0.5138435711907441,-0.26167094060896406,5.128142199633833,-0.3677979534401268,0.16986794094089336,0.4622832668751102,-1.5373947991706896,0.0315007692388592,0.26782041677287816,eligible,none,eligible,none,eligible,none,eligible,none,eligible,none,0.2556921996481293,0.06458760567284617,0.47622606894730524,0.2857142857142857,2.0940906343913372,1.2462513206971806,2.1491232116837793,0.9889807162534435,0.11707601963870581,4.0523417612848665
SYN_A037_4A-2MT10_V000,msc_x10_causal_angle_halfgaussian_v1,361,37,0,anchor_exact_fit,True,250811::4A-2MT10_Raw.csv,4A-2MT10,DRG,250811::4A-2MT10_Raw.csv,0.0,123,False,847,11.76389,0.95625,7.685415,6.729165,4.19236,3.23611,0.95625,7.435415,467,-1.1029068136456963,0.2,causal_half_gaussian,3.0,0.9020485804108532,2.831614378401828,27.352753058511688,24.626037421794862,-0.3453131031509694,-0.4897831397205855,2.092678126556698,-0.3438670701155839,0.0810082725072946,-2.2421322596945674,-1.3477373215641326,0.09791369537439196,0.08493037989787744,eligible,none,eligible,none,eligible,none,eligible,none,eligible,none,0.28327952420460617,0.1121505200515864,0.9213085608261062,0.46487603305785125,0.7962627803908473,0.30323252813004264,2.487114867010181,0.8732782369146006,0.30604839826267577,22.882872666903417
SYN_A037_4A-2MT10_V001,msc_x10_causal_angle_halfgaussian_v1,362,37,1,local_same_tissue_variant,False,250811::4A-2MT10_Raw.csv,4A-2MT10,DRG,250625 to 250728::3A-L5m2_Raw.csv,0.35,123,False,847,11.76389,0.95625,7.685415,6.729165,4.19236,3.23611,0.95625,7.435415,467,-1.1029068136456963,0.2,causal_half_gaussian,3.0,1.026118554157022,3.1579834665320687,26.373342669576648,24.453968753563387,-0.28260951063038664,-0.508133833834673,1.7803250860273314,0.4836514605607607,0.07200533238044747,-1.1516273174278542,1.8823569775434752,0.1493106823247336,0.07743517714521087,eligible,none,eligible,none,eligible,none,eligible,none,eligible,none,0.3976696222962838,0.18628624073544656,1.2933388970867705,0.6363636363636364,0.846815287995412,0.3112951160565603,2.6450148672666836,0.8870523415977961,0.5125773201151403,7.01765476960402
SYN_A037_4A-2MT10_V002,msc_x10_causal_angle_halfgaussian_v1,363,37,2,local_same_tissue_variant,False,250811::4A-2MT10_Raw.csv,4A-2MT10,DRG,250625 to 250728::4C-T5m1_Raw.csv,0.23333333333333334,123,False,847,11.76389,0.95625,7.685415,6.729165,4.19236,3.23611,0.95625,7.435415,467,-1.1029068136456963,0.2,causal_half_gaussian,3.0,0.9423642158221437,2.803565499201709,27.110566011718387,24.78942628299033,-0.34615707485237474,-0.4380694710145043,2.307205811736857,-0.5053320223913849,0.05896218007420085,-1.585101669463912,-1.993716611093993,0.09735919753335735,0.1101888775033776,eligible,none,eligible,none,eligible,none,eligible,none,eligible,none,0.29510368985921964,0.11656742860776798,0.9597642348562319,0.48140495867768596,0.9013799615328474,0.3780733651249922,2.8154468077146593,0.9752066115702479,0.3164108010349793,15.647510465824409
SYN_A037_4A-2MT10_V003,msc_x10_causal_angle_halfgaussian_v1,364,37,3,local_same_tissue_variant,False,250811::4A-2MT10_Raw.csv,4A-2MT10,DRG,250625 to 250728::8C-L3m1_Raw.csv,0.15555555555555556,123,False,847,11.76389,0.95625,7.685415,6.729165,4.19236,3.23611,0.95625,7.435415,467,-1.1029068136456963,0.2,causal_half_gaussian,3.0,0.9275001969533456,2.5613125641471357,26.89119039277975,24.48520036661861,-0.3388678509121992,-0.5122736405575631,1.7136326343994184,-0.1837014200588416,0.06902329962237164,-1.826817709103163,-0.7158735351372547,0.10225376308147809,0.07583791564808927,eligible,none,eligible,none,eligible,none,eligible,none,eligible,none,0.29763773451492803,0.11989060092897096,0.9680056954467033,0.4855371900826446,0.6794920421237748,0.24775769502859918,2.122383215188861,0.7961432506887053,0.3233559565566903,17.646304742636516
SYN_A037_4A-2MT10_V004,msc_x10_causal_angle_halfgaussian_v1,365,37,4,local_same_tissue_variant,False,250811::4A-2MT10_Raw.csv,4A-2MT10,DRG,250811::8C-2ML4_Raw.csv,0.19444444444444445,123,False,847,11.76389,0.95625,7.685415,6.729165,4.19236,3.23611,0.95625,7.435415,467,-1.1029068136456963,0.2,causal_half_gaussian,3.0,0.89384012175587,3.1356926019642,27.322164217519703,24.634013402588,-0.3477073890000476,-0.4829827916421575,2.024129492160962,-0.38780124520659776,0.09736470778852761,-1.1349926960155112,-1.5204232574588616,0.09634879484451522,0.08788856834991914,eligible,none,eligible,none,eligible,none,eligible,none,eligible,none,0.2784565090365492,0.10953509180344988,0.905622693039504,0.45661157024793386,0.8974407520119894,0.3443403828072332,2.803142745783264,0.931129476584022,0.3025397730285973,11.717906207845923
SYN_A037_4A-2MT10_V005,msc_x10_causal_angle_halfgaussian_v1,366,37,5,local_same_tissue_variant,False,250811::4A-2MT10_Raw.csv,4A-2MT10,DRG,250625 to 250728::4D-T7m1_Raw.csv,0.11666666666666667,123,False,847,11.76389,0.95625,7.685415,6.729165,4.19236,3.23611,0.95625,7.435415,467,-1.1029068136456963,0.2,causal_half_gaussian,3.0,0.9203779778936132,2.7816271990473456,27.65566070866188,24.597237845091918,-0.35526193957019875,-0.4863128393370506,1.984599072620555,-0.09061203533228923,0.09213782465138612,-1.8315712984335846,-0.35472545782620934,0.0915732381807395,0.08642732340688261,eligible,none,eligible,none,eligible,none,eligible,none,eligible,none,0.27954976069460874,0.10775843012179157,0.9091782698660877,0.4607438016528926,0.789269132832782,0.3008423413835765,2.4652703136232255,0.8732782369146006,0.292922127436681,19.530397259081706
SYN_A037_4A-2MT10_V006,msc_x10_causal_angle_halfgaussian_v1,367,37,6,local_same_tissue_variant,False,250811::4A-2MT10_Raw.csv,4A-2MT10,DRG,250811::8C-2ML4_Raw.csv,0.3111111111111111,123,False,847,11.76389,0.95625,7.685415,6.729165,4.19236,3.23611,0.95625,7.435415,467,-1.1029068136456963,0.2,causal_half_gaussian,3.0,0.88891504656288,3.318139536101623,27.303810912924515,24.638798991063883,-0.3491439605094945,-0.47890258279510073,1.9830003115235204,-0.41416175026120605,0.10717856895726742,-0.47070895780807764,-1.624088358943158,0.09542188550564382,0.08971271172739127,eligible,none,eligible,none,eligible,none,eligible,none,eligible,none,0.2755910758500721,0.10799084255031963,0.8963034592099886,0.4524793388429752,0.9597474111890272,0.3712390054478501,2.9977566624062195,0.9641873278236914,0.3005064171827606,4.892582303426988
SYN_A037_4A-2MT10_V007,msc_x10_causal_angle_halfgaussian_v1,368,37,7,local_same_tissue_variant,False,250811::4A-2MT10_Raw.csv,4A-2MT10,DRG,250625 to 250728::4D-T7m1_Raw.csv,0.27222222222222225,123,False,847,11.76389,0.95625,7.685415,6.729165,4.19236,3.23611,0.95625,7.435415,467,-1.1029068136456963,0.2,causal_half_gaussian,3.0,0.9448171745372933,2.714977626574702,28.059537575528804,24.558838409487993,-0.36852705479583786,-0.4816857721590041,1.8404936673723642,0.24706134437877036,0.1069772275101748,-1.2841566834189404,0.9656789251298877,0.08375332909447177,0.08846437067849973,eligible,none,eligible,none,eligible,none,eligible,none,eligible,none,0.2744843287736711,0.10210594971789753,0.8927039913027317,0.45454545454545453,0.7796463178400347,0.29991417230175477,2.4352135951373977,0.8732782369146006,0.27615954455610725,14.524372754186624
SYN_A037_4A-2MT10_V008,msc_x10_causal_angle_halfgaussian_v1,369,37,8,local_same_tissue_variant,False,250811::4A-2MT10_Raw.csv,4A-2MT10,DRG,250625 to 250728::8C-L3m1_Raw.csv,0.03888888888888889,123,False,847,11.76389,0.95625,7.685415,6.729165,4.19236,3.23611,0.95625,7.435415,467,-1.1029068136456963,0.2,causal_half_gaussian,3.0,0.9084114845464764,2.764038924838155,27.237362392078705,24.5908281580008,-0.3437017900912769,-0.4954057649298299,1.997916753517378,-0.30382565760139846,0.07801202928606386,-2.1383036220467164,-1.189098231358917,0.09898112967892797,0.08255985035291548,eligible,none,eligible,none,eligible,none,eligible,none,eligible,none,0.2868237130814663,0.11404570151964098,0.9328353083473195,0.4690082644628099,0.7660221607668741,0.28874299983491825,2.3926587446011123,0.8539944903581267,0.3102610241937642,21.52690416177217
SYN_A037_4A-2MT10_V009,msc_x10_causal_angle_halfgaussian_v1,370,37,9,local_same_tissue_variant,False,250811::4A-2MT10_Raw.csv,4A-2MT10,DRG,250625 to 250728::4C-T5m1_Raw.csv,0.07777777777777778,123,False,847,11.76389,0.95625,7.685415,6.729165,4.19236,3.23611,0.95625,7.435415,467,-1.1029068136456963,0.2,causal_half_gaussian,3.0,0.9154871255479501,2.8222647520017885,27.27202404291392,24.680500375526684,-0.34559442705143784,-0.47254525015189175,2.164187354950084,-0.3976887208741844,0.07365957502959669,-2.023122062951016,-1.562130694070503,0.09772851274853449,0.09263063277114278,eligible,none,eligible,none,eligible,none,eligible,none,eligible,none,0.2872286102903167,0.11362815651376693,0.9341521534875246,0.47107438016528924,0.8298730998268329,0.32507548173261386,2.5920961963059814,0.90633608815427,0.30951702127871705,20.41629708234228
SYN_A038_4C-2MT5_V000,msc_x10_causal_angle_halfgaussian_v1,371,38,0,anchor_exact_fit,True,250811::4C-2MT5_Raw.csv,4C-2MT5,DRG,250811::4C-2MT5_Raw.csv,0.0,123,False,847,11.76389,0.95486,7.684025,6.729165,4.19097,3.23611,0.95486,7.434025,467,-1.351644911119725,0.2,causal_half_gaussian,3.0,0.514637958404989,9.999985053811868,28.23074891275541,25.924501909103427,-0.7167359435054201,-1.053861181550474,3.029185036932292,1.0674332797219457,0.1200524394537324,5.9999896727885735,4.404243189576386,0.008042346177177412,0.004962224071268812,eligible,none,eligible,none,eligible,none,difficult,fit_post_amplitude_at_bound,eligible,none,0.04649875011404543,0.006794943083993831,0.21264485743885309,0.17768595041322313,0.6816064661135111,0.08306927660788702,1.0888673578582189,0.5151515151515151,0.06262820835871867,153.04593257247453
SYN_A038_4C-2MT5_V001,msc_x10_causal_angle_halfgaussian_v1,372,38,1,local_same_tissue_variant,False,250811::4C-2MT5_Raw.csv,4C-2MT5,DRG,250811::2C-2ML1_Raw.csv,0.3111111111111111,123,False,847,11.76389,0.95486,7.684025,6.729165,4.19097,3.23611,0.95486,7.434025,467,-1.351644911119725,0.2,causal_half_gaussian,3.0,0.42434027663845897,9.248315019742797,28.713477382819843,25.839853735173065,-0.6806191653560971,-0.9126935778245855,4.695029754420318,1.215899805419034,0.11820194106758623,5.9992274521232245,5.000437133813666,0.0102549099780501,0.010100592700762698,eligible,none,eligible,none,eligible,none,difficult,fit_post_amplitude_at_bound,eligible,none,0.04327771604729354,0.006967836786840206,0.1979146479547222,0.14669421487603307,0.8919542100539367,0.14594842529502033,1.4248981961245113,0.5785123966942148,0.05880525180021961,162.97481281943607
SYN_A038_4C-2MT5_V002,msc_x10_causal_angle_halfgaussian_v1,373,38,2,local_same_tissue_variant,False,250811::4C-2MT5_Raw.csv,4C-2MT5,DRG,250811::7D-2MT12_Raw.csv,0.23333333333333334,123,False,847,11.76389,0.95486,7.684025,6.729165,4.19097,3.23611,0.95486,7.434025,467,-1.351644911119725,0.2,causal_half_gaussian,3.0,0.5954540567465757,9.999988541255764,27.448405694778312,25.750448718316562,-0.6046597754274772,-1.069729066656801,2.8679791008828572,1.4188634830186881,0.09442486919557938,5.999992082471239,5.814944104229403,0.017096946516337422,0.004581212054605533,eligible,none,eligible,none,eligible,none,difficult,fit_post_amplitude_at_bound,eligible,none,0.07835144384288768,0.0154668100625927,0.35831138611759195,0.24793388429752067,0.6545916989499144,0.07728832965644274,1.0457112265610697,0.509641873278237,0.07223933163082413,132.68390206125844
SYN_A038_4C-2MT5_V003,msc_x10_causal_angle_halfgaussian_v1,374,38,3,local_same_tissue_variant,False,250811::4C-2MT5_Raw.csv,4C-2MT5,DRG,250811::4D-1FL4_Raw.csv,0.11666666666666667,123,False,847,11.76389,0.95486,7.684025,6.729165,4.19097,3.23611,0.95486,7.434025,467,-1.351644911119725,0.2,causal_half_gaussian,3.0,0.5626214763768962,9.813998659322804,27.84240339359583,25.83797988175208,-0.6684036920334001,-0.977238495346111,3.6576668844601143,1.2921118236429354,0.11477602108636425,5.79583135801236,5.313476791160622,0.011133477370269377,0.007298203306767781,eligible,none,eligible,none,eligible,none,difficult,fit_post_amplitude_at_bound,eligible,none,0.059780622705206045,0.00994556610799962,0.2733845955337754,0.21074380165289255,0.8022229401903023,0.11549334970970467,1.2815523571526624,0.5537190082644629,0.06499797282227991,142.44827854985422
SYN_A038_4C-2MT5_V004,msc_x10_causal_angle_halfgaussian_v1,375,38,4,local_same_tissue_variant,False,250811::4C-2MT5_Raw.csv,4C-2MT5,DRG,250625 to 250728::3B-T10m2_Raw.csv,0.19444444444444445,123,False,847,11.76389,0.95486,7.684025,6.729165,4.19097,3.23611,0.95486,7.434025,467,-1.351644911119725,0.2,causal_half_gaussian,3.0,0.6225576763265497,9.296794331877118,28.436743237411992,25.49357709574694,-0.6607981603771058,-0.9469985001006961,3.441869365186067,0.9249161232492122,0.11689687920379761,5.822427713893668,3.752781327045973,0.011718109036327766,0.00849840293261982,eligible,none,eligible,none,eligible,none,difficult,fit_post_amplitude_at_bound,eligible,none,0.06785823473752908,0.011522184425976547,0.3103245703685153,0.23760330578512398,0.8211752392041922,0.12552914739417392,1.311828683417966,0.559228650137741,0.06375060404591804,145.90194392051484
SYN_A038_4C-2MT5_V005,msc_x10_causal_angle_halfgaussian_v1,376,38,5,local_same_tissue_variant,False,250811::4C-2MT5_Raw.csv,4C-2MT5,DRG,250811::5C-1FT7_Raw.csv,0.03888888888888889,123,False,847,11.76389,0.95486,7.684025,6.729165,4.19097,3.23611,0.95486,7.434025,467,-1.351644911119725,0.2,causal_half_gaussian,3.0,0.5370079261734295,9.8047696471259,28.299087486254752,25.899039746416328,-0.7025066545077586,-1.0360642711004273,3.01362334166275,1.1108704588983267,0.11839311573670011,5.915428859248484,4.578963815574951,0.008850483472612632,0.00542738042749873,eligible,none,eligible,none,eligible,none,difficult,fit_post_amplitude_at_bound,eligible,none,0.05089178540058705,0.007726352056394937,0.23273478157529398,0.1921487603305785,0.6993108168177018,0.08831072512792347,1.1171500848161775,0.5206611570247934,0.06251823133806676,151.15441246742893
SYN_A038_4C-2MT5_V006,msc_x10_causal_angle_halfgaussian_v1,377,38,6,local_same_tissue_variant,False,250811::4C-2MT5_Raw.csv,4C-2MT5,DRG,250811::5C-1FT7_Raw.csv,0.27222222222222225,123,False,847,11.76389,0.95486,7.684025,6.729165,4.19097,3.23611,0.95486,7.434025,467,-1.351644911119725,0.2,causal_half_gaussian,3.0,0.6712277327840723,8.633477207010099,28.70911892725081,25.74626677029374,-0.6171309205217893,-0.9292828084001478,2.9202531700454974,1.3714935339566114,0.10843717343450639,5.4080639780079505,5.619894475916748,0.0157207184390931,0.009291238798497465,eligible,none,eligible,none,eligible,none,difficult,fit_post_amplitude_at_bound,eligible,none,0.08470365247667713,0.01617046471480055,0.38736086585717744,0.2706611570247934,0.7980017423519714,0.12634898658284033,1.2748089872380133,0.5537190082644629,0.06522123811358242,132.46283899413984
SYN_A038_4C-2MT5_V007,msc_x10_causal_angle_halfgaussian_v1,378,38,7,local_same_tissue_variant,False,250811::4C-2MT5_Raw.csv,4C-2MT5,DRG,250811::7D-2MT12_Raw.csv,0.35,123,False,847,11.76389,0.95486,7.684025,6.729165,4.19097,3.23611,0.95486,7.434025,467,-1.351644911119725,0.2,causal_half_gaussian,3.0,0.635862105917369,9.999990284977713,27.057234085789762,25.66342212292313,-0.5486216913885057,-1.0776630092099644,2.7873761328581397,1.5945785846670582,0.08161108406650289,5.999993287312573,6.512993223313569,0.0249279432978751,0.0044018212904975386,eligible,none,eligible,none,eligible,none,difficult,fit_post_amplitude_at_bound,eligible,none,0.10096978447310484,0.023165931304150657,0.4617480119842974,0.29132231404958675,0.6414885212300879,0.07455051866053578,1.0247788803867628,0.5041322314049587,0.08126253859297687,117.95100785393467
SYN_A038_4C-2MT5_V008,msc_x10_causal_angle_halfgaussian_v1,379,38,8,local_same_tissue_variant,False,250811::4C-2MT5_Raw.csv,4C-2MT5,DRG,250625 to 250728::3B-T10m2_Raw.csv,0.15555555555555556,123,False,847,11.76389,0.95486,7.684025,6.729165,4.19097,3.23611,0.95486,7.434025,467,-1.351644911119725,0.2,causal_half_gaussian,3.0,0.6009737327422376,9.437432476264068,28.395544372480675,25.579762058418236,-0.6719857170027688,-0.9683710363906517,3.3593324995353115,0.9534195545437587,0.11752799125378456,5.8579401056726494,3.881509800324498,0.010868324089277917,0.007631416011356831,eligible,none,eligible,none,eligible,none,difficult,fit_post_amplitude_at_bound,eligible,none,0.0630930830903054,0.010396244180250652,0.288532909512833,0.22520661157024793,0.7891714645781408,0.11563016491153082,1.2607026051733456,0.5509641873278237,0.0633158909669556,147.79967576749107
SYN_A038_4C-2MT5_V009,msc_x10_causal_angle_halfgaussian_v1,380,38,9,local_same_tissue_variant,False,250811::4C-2MT5_Raw.csv,4C-2MT5,DRG,250811::2C-2ML1_Raw.csv,0.07777777777777778,123,False,847,11.76389,0.95486,7.684025,6.729165,4.19097,3.23611,0.95486,7.434025,467,-1.351644911119725,0.2,causal_half_gaussian,3.0,0.49206353796335656,9.8120675452946,28.351431030271517,25.903339865620836,-0.7077067489680894,-1.0185692806190019,3.4456462163042985,1.1045499111462176,0.11958981485719586,5.999799117622237,4.553666706959658,0.008546140637042671,0.0059271237263017,eligible,none,eligible,none,eligible,none,difficult,fit_post_amplitude_at_bound,eligible,none,0.045826142324098415,0.00686088464039155,0.20956893416661998,0.17148760330578514,0.7317415239002164,0.09569197363028135,1.1689581883040494,0.5316804407713499,0.06169421789914535,155.35796494099705
SYN_A039_4D-1FL4_V000,msc_x10_causal_angle_halfgaussian_v1,381,39,0,anchor_exact_fit,True,250811::4D-1FL4_Raw.csv,4D-1FL4,DRG,250811::4D-1FL4_Raw.csv,0.0,123,False,845,11.75,0.96528,7.680555,6.715275,4.194445,3.229165,0.96528,7.430555,466,-1.3148533583585522,0.2,causal_half_gaussian,3.0,0.9259252553070506,8.405815958191328,24.902073034244744,25.18288453180618,-0.3024595023166774,-0.3970952997987911,8.416172301456484,2.993249370473288,0.0748259963048626,4.250061260421032,11.996885271774124,0.13119129753711983,0.13543470546645564,eligible,none,eligible,none,eligible,none,eligible,none,eligible,none,0.3371398419971906,0.15024334033938336,0.8999669323968358,0.44813278008298757,2.9886511369288535,1.3596846286812578,4.549235810226682,0.9944903581267218,0.39654456339516153,16.314223808321895
SYN_A039_4D-1FL4_V001,msc_x10_causal_angle_halfgaussian_v1,382,39,1,local_same_tissue_variant,False,250811::4D-1FL4_Raw.csv,4D-1FL4,DRG,250811::2C-2ML1_Raw.csv,0.07777777777777778,123,False,845,11.75,0.96528,7.680555,6.715275,4.194445,3.229165,0.96528,7.430555,466,-1.3148533583585522,0.2,causal_half_gaussian,3.0,0.8713618228841467,8.341889379333436,25.281652164533902,25.219403839891154,-0.32565180876069333,-0.41288518967022764,8.41364558247661,2.880580305950234,0.07788098395323816,4.385976248438837,11.562052442729234,0.11227080210869325,0.1250847981395712,eligible,none,eligible,none,eligible,none,eligible,none,eligible,none,0.2936220110675021,0.12298672189602246,0.7837996809253165,0.3879668049792531,2.8464385322934342,1.2622766378185148,4.3327640160855045,0.9944903581267218,0.3594633503419923,18.572693156090388
SYN_A039_4D-1FL4_V002,msc_x10_causal_angle_halfgaussian_v1,383,39,2,local_same_tissue_variant,False,250811::4D-1FL4_Raw.csv,4D-1FL4,DRG,250811::5C-1FT7_Raw.csv,0.35,123,False,845,11.75,0.96528,7.680555,6.715275,4.194445,3.229165,0.96528,7.430555,466,-1.3148533583585522,0.2,causal_half_gaussian,3.0,0.9833044113072932,7.206836481484815,26.682156753217562,25.213291149676333,-0.31939265575378345,-0.46679116436146073,6.390671501447138,2.710148351297746,0.07572133795367644,4.10148888288887,10.875337285055869,0.11709033871311612,0.09535341377665624,eligible,none,eligible,none,eligible,none,eligible,none,eligible,none,0.3383435857198907,0.14410914625869745,0.9031802267351519,0.45228215767634855,2.150956449760452,0.8522402392108349,3.274121889496813,0.9944903581267218,0.3561779081003188,17.528218803180597
SYN_A039_4D-1FL4_V003,msc_x10_causal_angle_halfgaussian_v1,384,39,3,local_same_tissue_variant,False,250811::4D-1FL4_Raw.csv,4D-1FL4,DRG,250625 to 250728::2C-L3m2_Raw.csv,0.3111111111111111,123,False,845,11.75,0.96528,7.680555,6.715275,4.194445,3.229165,0.96528,7.430555,466,-1.3148533583585522,0.2,causal_half_gaussian,3.0,0.9399977986342779,7.536722163695698,25.24175245952724,24.94963370001952,-0.31196729968088777,-0.3720901609351425,8.90891869655743,-3.123290710646467,0.14217358455131074,4.41284723181558,-12.402142442028687,0.12307686398170371,0.153604888052848,eligible,none,eligible,none,eligible,none,eligible,none,eligible,none,0.3315648142270872,0.14405204789976056,0.8850848567259071,0.44190871369294604,2.859947268993761,1.367284974806582,4.353326613033906,0.9944903581267218,0.36578114008263884,18.36372623363477
SYN_A039_4D-1FL4_V004,msc_x10_causal_angle_halfgaussian_v1,385,39,4,local_same_tissue_variant,False,250811::4D-1FL4_Raw.csv,4D-1FL4,DRG,250811::2D-1FL2_Raw.csv,0.27222222222222225,123,False,845,11.75,0.96528,7.680555,6.715275,4.194445,3.229165,0.96528,7.430555,466,-1.3148533583585522,0.2,causal_half_gaussian,3.0,0.8742064415149303,7.4041572482662135,24.96814995457692,25.20202076962203,-0.3128208524848689,-0.3841628983500046,6.998907484443206,3.0330057977445053,0.11469800327394078,3.83864612911698,12.165465663060749,0.1223734247943819,0.14454642418433367,eligible,none,eligible,none,eligible,none,eligible,none,eligible,none,0.3074803669223837,0.13328393643477832,0.8207934160261516,0.4066390041493776,2.7226837280259373,1.2708649979332345,4.144388136309915,0.9944903581267218,0.3493108339247113,16.72743104906488
SYN_A039_4D-1FL4_V005,msc_x10_causal_angle_halfgaussian_v1,386,39,5,local_same_tissue_variant,False,250811::4D-1FL4_Raw.csv,4D-1FL4,DRG,250625 to 250728::3B-T10m2_Raw.csv,0.11666666666666667,123,False,845,11.75,0.96528,7.680555,6.715275,4.194445,3.229165,0.96528,7.430555,466,-1.3148533583585522,0.2,causal_half_gaussian,3.0,0.9426935680880798,8.16988791951954,25.41401514819827,25.010851671143634,-0.31722908391170884,-0.4096003771332874,8.035301050880927,2.6830605326686587,0.07820907852226987,4.347682399860302,10.680192565798766,0.11880396033391061,0.1271706671593624,eligible,none,eligible,none,eligible,none,eligible,none,eligible,none,0.3267225449050549,0.13996634012134992,0.8721588191452612,0.43568464730290457,2.811697023804034,1.2549626456084082,4.279881525864956,0.9944903581267218,0.3762835082100375,17.587570557280678
SYN_A039_4D-1FL4_V006,msc_x10_causal_angle_halfgaussian_v1,387,39,6,local_same_tissue_variant,False,250811::4D-1FL4_Raw.csv,4D-1FL4,DRG,250625 to 250728::2C-L3m2_Raw.csv,0.03888888888888889,123,False,845,11.75,0.96528,7.680555,6.715275,4.194445,3.229165,0.96528,7.430555,466,-1.3148533583585522,0.2,causal_half_gaussian,3.0,0.927684323222954,8.297179233879374,24.944532962405056,25.15372817783285,-0.3036479769872037,-0.393969657440835,8.477765600844103,3.0140800237307666,0.08324444483566862,4.2704095068453505,12.06638765476613,0.130148435460482,0.13758286572844242,eligible,none,eligible,none,eligible,none,eligible,none,eligible,none,0.3364420711784446,0.14945697250665152,0.8981042908901458,0.44813278008298757,2.974136107310783,1.3614950294739139,4.527141464148912,0.9944903581267218,0.3926793551513782,16.55368474816786
SYN_A039_4D-1FL4_V007,msc_x10_causal_angle_halfgaussian_v1,388,39,7,local_same_tissue_variant,False,250811::4D-1FL4_Raw.csv,4D-1FL4,DRG,250811::2D-1FL2_Raw.csv,0.19444444444444445,123,False,845,11.75,0.96528,7.680555,6.715275,4.194445,3.229165,0.96528,7.430555,466,-1.3148533583585522,0.2,causal_half_gaussian,3.0,0.8889832454555361,7.69034545110196,24.94927083448201,25.196553273103216,-0.3098604667225285,-0.38785787019251505,7.403840289304143,3.0216468185241574,0.10330600128277559,3.9561933094895663,12.117275126113144,0.12483052698956329,0.14188226067316387,eligible,none,eligible,none,eligible,none,eligible,none,eligible,none,0.3157849783941384,0.13797090882811316,0.8429618896978126,0.4170124481327801,2.800841237715075,1.2978008953143254,4.263357171378134,0.9944903581267218,0.36258535460641556,16.608502334967113
SYN_A039_4D-1FL4_V008,msc_x10_causal_angle_halfgaussian_v1,389,39,8,local_same_tissue_variant,False,250811::4D-1FL4_Raw.csv,4D-1FL4,DRG,250625 to 250728::3B-T10m2_Raw.csv,0.23333333333333334,123,False,845,11.75,0.96528,7.680555,6.715275,4.194445,3.229165,0.96528,7.430555,466,-1.3148533583585522,0.2,causal_half_gaussian,3.0,0.9594618808691091,7.933959880847754,25.925957262151798,24.838818810481087,-0.33199866550674023,-0.4221054544677837,7.654429800305369,2.3728716948640285,0.08159216073967714,4.445303539299572,9.380485726228503,0.10758625957661429,0.11941088903363031,eligible,none,eligible,none,eligible,none,eligible,none,eligible,none,0.3165269545168067,0.13035105530873456,0.8449425336082854,0.42323651452282157,2.6430142167670403,1.150975345278758,4.023117577453496,0.9944903581267218,0.3570830462017719,18.949397948579346
SYN_A039_4D-1FL4_V009,msc_x10_causal_angle_halfgaussian_v1,390,39,9,local_same_tissue_variant,False,250811::4D-1FL4_Raw.csv,4D-1FL4,DRG,250811::5C-1FT7_Raw.csv,0.15555555555555556,123,False,845,11.75,0.96528,7.680555,6.715275,4.194445,3.229165,0.96528,7.430555,466,-1.3148533583585522,0.2,causal_half_gaussian,3.0,0.9514271024182696,7.872936190766211,25.693221353788218,25.196398584192917,-0.30998534828872454,-0.42807123960442206,7.515949723674552,2.8674266952841583,0.07522392592655765,4.18402909262896,11.498757778602904,0.12472588623731846,0.11587758210369326,eligible,none,eligible,none,eligible,none,eligible,none,eligible,none,0.3378253610235779,0.1475514146759492,0.9017968687568421,0.45020746887966806,2.5822547197433,1.1113810518854936,3.930631279452251,0.9944903581267218,0.3786101714602997,16.821535808511776
SYN_A040_5A-2ML2_V000,msc_x10_causal_angle_halfgaussian_v1,391,40,0,anchor_exact_fit,True,250811::5A-2ML2_Raw.csv,5A-2ML2,DRG,250811::5A-2ML2_Raw.csv,0.0,123,False,846,11.76389,0.95833,7.6875,6.72917,4.19444,3.23611,0.95833,7.4375,467,0.5550605851883579,0.2,causal_half_gaussian,3.0,0.274913187923189,2.8458351577782026,29.99987920153168,25.12669443021984,-0.556915963030067,-0.3259520696009549,6.28146224281637,1.3599532116007662,0.1111326913514698,3.289909609679217,5.438504057526736,0.023574676070399585,0.19377115998981348,difficult,pre_rhythm_to_residual_below_0.35;fit_pre_period_hours_at_bound,eligible,none,difficult,pre_rhythm_to_residual_below_0.35,eligible,none,difficult,pre_rhythm_to_residual_below_0.35;fit_pre_period_hours_at_bound,0.04262025239409216,0.009593064322695185,0.1427290981434624,0.0,1.2122698386083133,0.63798050498775,1.0668271695858471,0.5426997245179064,0.047678525965344484,60.72337662574596
SYN_A040_5A-2ML2_V001,msc_x10_causal_angle_halfgaussian_v1,392,40,1,local_same_tissue_variant,False,250811::5A-2ML2_Raw.csv,5A-2ML2,DRG,250811::2D-1FL2_Raw.csv,0.19444444444444445,123,False,846,11.76389,0.95833,7.6875,6.72917,4.19444,3.23611,0.95833,7.4375,467,0.5550605851883579,0.2,causal_half_gaussian,3.0,0.3645568578407587,3.211472028546943,29.055836913685376,25.15128902460311,-0.5148392822972034,-0.33054804586648034,5.684212742066273,1.7059360238768484,0.1325530611814314,3.18273781305866,6.828779973269454,0.03129049025698355,0.1893388792613274,difficult,pre_rhythm_to_residual_below_0.35;fit_pre_period_hours_at_bound,eligible,none,difficult,pre_rhythm_to_residual_below_0.35,eligible,none,difficult,pre_rhythm_to_residual_below_0.35;fit_pre_period_hours_at_bound,0.06506566801020472,0.016391762454555755,0.2178955682694583,0.057971014492753624,1.3516617899148478,0.704928622731091,1.1894955031031722,0.6060606060606061,0.05734157126443403,48.845666759462134
SYN_A040_5A-2ML2_V002,msc_x10_causal_angle_halfgaussian_v1,393,40,2,local_same_tissue_variant,False,250811::5A-2ML2_Raw.csv,5A-2ML2,DRG,250625 to 250728::7D-L2_Raw.csv,0.3111111111111111,123,False,846,11.76389,0.95833,7.6875,6.72917,4.19444,3.23611,0.95833,7.4375,467,0.5550605851883579,0.2,causal_half_gaussian,3.0,0.5182631117920073,2.6214718214193806,29.993199019485672,25.107982743539097,-0.5910105177769729,-0.3010550295334854,5.197761207043436,1.683020731977365,0.13803339902595135,2.783064554079618,6.725451093606973,0.018741588399673367,0.21964827142006227,difficult,pre_rhythm_to_residual_below_0.35;fit_pre_period_hours_at_bound,eligible,none,difficult,pre_rhythm_to_residual_below_0.35,eligible,none,difficult,pre_rhythm_to_residual_below_0.35;fit_pre_period_hours_at_bound,0.07168165919901912,0.014726504530196199,0.24005157164018134,0.14078674948240166,1.1919084873311647,0.6560391050597242,1.0489086814241022,0.5316804407713499,0.04717656971279374,51.91486012726116
SYN_A040_5A-2ML2_V003,msc_x10_causal_angle_halfgaussian_v1,394,40,3,local_same_tissue_variant,False,250811::5A-2ML2_Raw.csv,5A-2ML2,DRG,250811::8C-2ML4_Raw.csv,0.11666666666666667,123,False,846,11.76389,0.95833,7.6875,6.72917,4.19444,3.23611,0.95833,7.4375,467,0.5550605851883579,0.2,causal_half_gaussian,3.0,0.3431539085204265,3.026623000988382,29.672694513584158,25.073070034379473,-0.5336655342202858,-0.34098548560118835,5.7516415819486335,1.1348136736792505,0.11743203698838917,3.3087884631263758,4.528477408364624,0.027567269355334652,0.17964610547392632,difficult,pre_rhythm_to_residual_below_0.35;fit_pre_period_hours_at_bound,eligible,none,difficult,pre_rhythm_to_residual_below_0.35,eligible,none,difficult,pre_rhythm_to_residual_below_0.35;fit_pre_period_hours_at_bound,0.057505337714012075,0.013774892495226893,0.19257710898713248,0.039337474120082816,1.2454081466370661,0.6332928509968425,1.0959896928403756,0.5537190082644629,0.05291530374866048,55.027841410896905
SYN_A040_5A-2ML2_V004,msc_x10_causal_angle_halfgaussian_v1,395,40,4,local_same_tissue_variant,False,250811::5A-2ML2_Raw.csv,5A-2ML2,DRG,250625 to 250728::4D-T7m1_Raw.csv,0.15555555555555556,123,False,846,11.76389,0.95833,7.6875,6.72917,4.19444,3.23611,0.95833,7.4375,467,0.5550605851883579,0.2,causal_half_gaussian,3.0,0.39690677895383897,2.7769734640692345,29.991980890595496,25.010415015527585,-0.5372650778300687,-0.34680983555262873,5.48576819726112,1.4325878808226156,0.12128607350116456,2.976784378346828,5.7024607255570645,0.026907558578876736,0.1744546571960805,difficult,pre_rhythm_to_residual_below_0.35;fit_pre_period_hours_at_bound,eligible,none,difficult,pre_rhythm_to_residual_below_0.35,eligible,none,difficult,pre_rhythm_to_residual_below_0.35;fit_pre_period_hours_at_bound,0.06571660629116136,0.015590827067795071,0.22007546699293173,0.08074534161490683,1.1254803060074305,0.5657362474254689,0.99045025376604,0.49586776859504134,0.05027650300480359,52.10472197960808
SYN_A040_5A-2ML2_V005,msc_x10_causal_angle_halfgaussian_v1,396,40,5,local_same_tissue_variant,False,250811::5A-2ML2_Raw.csv,5A-2ML2,DRG,250811::2C-2ML1_Raw.csv,0.03888888888888889,123,False,846,11.76389,0.95833,7.6875,6.72917,4.19444,3.23611,0.95833,7.4375,467,0.5550605851883579,0.2,causal_half_gaussian,3.0,0.27294860766555384,3.0300933439208784,29.991420749059547,25.147139254879573,-0.5586165872243319,-0.3366136957110335,6.363215385606882,1.3671357521842813,0.1112482581460673,3.395206334550301,5.471675823601491,0.023306430246218646,0.18364408668387872,difficult,pre_rhythm_to_residual_below_0.35;fit_pre_period_hours_at_bound,eligible,none,difficult,pre_rhythm_to_residual_below_0.35,eligible,none,difficult,pre_rhythm_to_residual_below_0.35;fit_pre_period_hours_at_bound,0.04207548756045863,0.00942741841113635,0.14090475903148747,0.0,1.2597336619496933,0.6468629529421759,1.1085964974205946,0.5619834710743802,0.05028984947118775,59.41287991879076
SYN_A040_5A-2ML2_V006,msc_x10_causal_angle_halfgaussian_v1,397,40,6,local_same_tissue_variant,False,250811::5A-2ML2_Raw.csv,5A-2ML2,DRG,250625 to 250728::7D-L2_Raw.csv,0.07777777777777778,123,False,846,11.76389,0.95833,7.6875,6.72917,4.19444,3.23611,0.95833,7.4375,467,0.5550605851883579,0.2,causal_half_gaussian,3.0,0.33575066889039357,2.789744323688497,29.998209156020177,25.122016508549653,-0.5654396017167934,-0.31972780958408753,6.010536983873136,1.4407200916949154,0.11785786827009019,3.1631983457793176,5.760421212852244,0.022260550462106204,0.19993959211759862,difficult,pre_rhythm_to_residual_below_0.35;fit_pre_period_hours_at_bound,eligible,none,difficult,pre_rhythm_to_residual_below_0.35,eligible,none,difficult,pre_rhythm_to_residual_below_0.35;fit_pre_period_hours_at_bound,0.05058790062283798,0.011129497754957947,0.1694116066255305,0.031055900621118012,1.2079000574842267,0.6406695647384938,1.0629816550973643,0.5399449035812672,0.04771337461794934,58.341965824803225
SYN_A040_5A-2ML2_V007,msc_x10_causal_angle_halfgaussian_v1,398,40,7,local_same_tissue_variant,False,250811::5A-2ML2_Raw.csv,5A-2ML2,DRG,250625 to 250728::4D-T7m1_Raw.csv,0.35,123,False,846,11.76389,0.95833,7.6875,6.72917,4.19444,3.23611,0.95833,7.4375,467,0.5550605851883579,0.2,causal_half_gaussian,3.0,0.5493987677421515,2.690896346933024,29.982108001925262,24.86506574716227,-0.5127014713300708,-0.372882042992221,4.491150640317056,1.523381217349927,0.133977801188283,2.5853778391813416,6.028625971625409,0.03174387899367403,0.1529939838669574,difficult,pre_rhythm_to_residual_below_0.35;fit_pre_period_hours_at_bound,eligible,none,difficult,pre_rhythm_to_residual_below_0.35,eligible,none,difficult,pre_rhythm_to_residual_below_0.35;fit_pre_period_hours_at_bound,0.0987602094095329,0.025023145173903107,0.33073374345938983,0.17805383022774326,1.0190044514538918,0.4864016202905488,0.8967488921343847,0.4380165289256198,0.054833028637399604,41.4931642521592
SYN_A040_5A-2ML2_V008,msc_x10_causal_angle_halfgaussian_v1,399,40,8,local_same_tissue_variant,False,250811::5A-2ML2_Raw.csv,5A-2ML2,DRG,250811::2C-2ML1_Raw.csv,0.27222222222222225,123,False,846,11.76389,0.95833,7.6875,6.72917,4.19444,3.23611,0.95833,7.4375,467,0.5550605851883579,0.2,causal_half_gaussian,3.0,0.26116112611974296,4.135642460776932,29.94067003422674,25.26980820283797,-0.5688203323899221,-0.4005834523715049,6.853734242349949,1.4102309956853727,0.11194165891365228,4.026986683776807,5.671688011802901,0.021759850746193472,0.13307724640473242,difficult,pre_rhythm_to_residual_below_0.35;fit_pre_period_hours_at_bound,eligible,none,difficult,pre_rhythm_to_residual_below_0.35,eligible,none,difficult,pre_rhythm_to_residual_below_0.35;fit_pre_period_hours_at_bound,0.038906645718111435,0.008482446578934467,0.1302927632569111,0.0,1.457110374029355,0.6583410152766669,1.2822928415710333,0.6253443526170799,0.06596757765933024,53.721041535543286
SYN_A040_5A-2ML2_V009,msc_x10_causal_angle_halfgaussian_v1,400,40,9,local_same_tissue_variant,False,250811::5A-2ML2_Raw.csv,5A-2ML2,DRG,250811::2D-1FL2_Raw.csv,0.23333333333333334,123,False,846,11.76389,0.95833,7.6875,6.72917,4.19444,3.23611,0.95833,7.4375,467,0.5550605851883579,0.2,causal_half_gaussian,3.0,0.3824855918242726,3.284599402700691,28.867028456116117,25.156207943479764,-0.5064239461506307,-0.3314672411195854,5.564762841916254,1.7751325863320648,0.1368371351474237,3.161303453734549,7.1071601880005035,0.033113546327342876,0.1884646640646485,difficult,pre_rhythm_to_residual_below_0.35;fit_pre_period_hours_at_bound,eligible,none,difficult,pre_rhythm_to_residual_below_0.35,eligible,none,difficult,pre_rhythm_to_residual_below_0.35;fit_pre_period_hours_at_bound,0.07021581417783246,0.01809235837173283,0.23514266739537548,0.07453416149068323,1.379117182712769,0.7179464914658253,1.213656921671582,0.6198347107438017,0.05951029927013338,46.7486225750038
SYN_A041_5C-1FT7_V000,msc_x10_causal_angle_halfgaussian_v1,401,41,0,anchor_exact_fit,True,250811::5C-1FT7_Raw.csv,5C-1FT7,DRG,250811::5C-1FT7_Raw.csv,0.0,123,False,847,11.76389,0.95625,7.685415,6.729165,4.19236,3.23611,0.95625,7.435415,467,-0.6160067227293538,0.2,causal_half_gaussian,3.0,1.0898657010220294,4.980160310458433,29.988026517024224,25.26976058286376,-0.350839940708409,-0.5962263414064187,2.629027158572639,2.184389315686025,0.0773841153014736,3.825568753186285,8.785192912276102,0.09433907089792667,0.049695759734257626,eligible,none,eligible,none,eligible,none,eligible,none,eligible,none,0.3359753103965907,0.1310547347094021,0.9254378643846204,0.4669421487603306,1.0718086156208486,0.3285186170392374,2.2640681278968486,0.7768595041322314,0.2534422487183531,31.88520734634594
SYN_A041_5C-1FT7_V001,msc_x10_causal_angle_halfgaussian_v1,402,41,1,local_same_tissue_variant,False,250811::5C-1FT7_Raw.csv,5C-1FT7,DRG,250811::2D-1FL2_Raw.csv,0.19444444444444445,123,False,847,11.76389,0.95625,7.685415,6.729165,4.19236,3.23611,0.95625,7.435415,467,-0.6160067227293538,0.2,causal_half_gaussian,3.0,1.0210463822814912,4.9307895126504615,29.046288917832147,25.26653675867738,-0.3488335976492012,-0.548268987043104,2.741973368647712,2.370065107723306,0.10536670825226778,3.6142410119949093,9.5307291186085,0.09562138073017108,0.06326749582503016,eligible,none,eligible,none,eligible,none,eligible,none,eligible,none,0.31688557164216363,0.12427561737481685,0.87285552717745,0.44214876033057854,1.1916413820273337,0.4047631745878241,2.5172005837704883,0.8429752066115702,0.24217755639039645,31.525026780491253
SYN_A041_5C-1FT7_V002,msc_x10_causal_angle_halfgaussian_v1,403,41,2,local_same_tissue_variant,False,250811::5C-1FT7_Raw.csv,5C-1FT7,DRG,250625 to 250728::4D-T7m1_Raw.csv,0.15555555555555556,123,False,847,11.76389,0.95625,7.685415,6.729165,4.19236,3.23611,0.95625,7.435415,467,-0.6160067227293538,0.2,causal_half_gaussian,3.0,1.085088901126193,4.579292481888095,29.98197195701142,25.131226433315785,-0.3632453256473353,-0.5750414428550203,2.401489681677524,2.1287783687168336,0.09278727594783444,3.4291187661972407,8.514600253701898,0.08678358988969168,0.05528931939833563,eligible,none,eligible,none,eligible,none,eligible,none,eligible,none,0.3208698610196837,0.12106470207500654,0.8838301795954209,0.45041322314049587,1.0408218152666504,0.3327105537614923,2.198612200369335,0.7741046831955923,0.2322618714600217,31.18723359686782
SYN_A041_5C-1FT7_V003,msc_x10_causal_angle_halfgaussian_v1,404,41,3,local_same_tissue_variant,False,250811::5C-1FT7_Raw.csv,5C-1FT7,DRG,250625 to 250728::8D-L4-1m1_Raw.csv,0.3111111111111111,123,False,847,11.76389,0.95625,7.685415,6.729165,4.19236,3.23611,0.95625,7.435415,467,-0.6160067227293538,0.2,causal_half_gaussian,3.0,1.145310323244965,4.414315365625846,28.88121006853539,25.365907446856973,-0.36019803949184853,-0.5919448389063546,4.145436223417471,1.8872833194562437,0.06793486696767725,3.846140955887495,7.6191695241936594,0.08858151828040517,0.05077864031478559,eligible,none,eligible,none,eligible,none,eligible,none,eligible,none,0.3421572325600327,0.13015639813998975,0.9424658562271597,0.47520661157024796,0.9605675500153573,0.29693301766369284,2.0290846173334574,0.7410468319559229,0.2463666347636269,32.97733472753944
SYN_A041_5C-1FT7_V004,msc_x10_causal_angle_halfgaussian_v1,405,41,4,local_same_tissue_variant,False,250811::5C-1FT7_Raw.csv,5C-1FT7,DRG,250811::8C-2ML4_Raw.csv,0.23333333333333334,123,False,847,11.76389,0.95625,7.685415,6.729165,4.19236,3.23611,0.95625,7.435415,467,-0.6160067227293538,0.2,causal_half_gaussian,3.0,1.0361915558267751,4.843726794586738,29.33642276751425,25.12912968889945,-0.3524234882972336,-0.5632291766522773,2.4216206898273693,1.541741815556433,0.09785747432031144,3.73833932659562,6.16608107764178,0.09333913528664027,0.05867720157567463,eligible,none,eligible,none,eligible,none,eligible,none,eligible,none,0.3177369282893421,0.12341491299553427,0.8752005735335779,0.44421487603305787,1.134944315767461,0.3713976502831868,2.397434779695591,0.8099173553719008,0.23959694398897058,32.958671083590474
SYN_A041_5C-1FT7_V005,msc_x10_causal_angle_halfgaussian_v1,406,41,5,local_same_tissue_variant,False,250811::5C-1FT7_Raw.csv,5C-1FT7,DRG,250625 to 250728::5D-T10_Raw.csv,0.35,123,False,847,11.76389,0.95625,7.685415,6.729165,4.19236,3.23611,0.95625,7.435415,467,-0.6160067227293538,0.2,causal_half_gaussian,3.0,1.1370281396990478,4.33028493761856,28.344650926759783,25.219003481797323,-0.3579201086000679,-0.5082275693712777,2.6260761295990367,2.711974632905622,0.047494795993055,4.026063206209745,10.885131404869144,0.08994980669746151,0.07739864157873523,eligible,none,eligible,none,eligible,none,eligible,none,eligible,none,0.34228825431649124,0.1310045571468525,0.9428267532655218,0.47520661157024796,1.1608867793849336,0.4266711800298429,2.4522351462716894,0.8567493112947658,0.24749120088397442,34.36315831990667
SYN_A041_5C-1FT7_V006,msc_x10_causal_angle_halfgaussian_v1,407,41,6,local_same_tissue_variant,False,250811::5C-1FT7_Raw.csv,5C-1FT7,DRG,250811::2D-1FL2_Raw.csv,0.03888888888888889,123,False,847,11.76389,0.95625,7.685415,6.729165,4.19236,3.23611,0.95625,7.435415,467,-0.6160067227293538,0.2,causal_half_gaussian,3.0,1.0761018372739217,4.970286150896839,29.799678997185808,25.269115818026485,-0.3504386720965674,-0.5866348705337557,2.6516164005876535,2.2215244740934814,0.08298063389163243,3.7833032049480098,8.934315396412687,0.09459414973903396,0.05215447721686682,eligible,none,eligible,none,eligible,none,eligible,none,eligible,none,0.33217907752618975,0.12971352122357865,0.914981210185407,0.4628099173553719,1.0964462486283602,0.3425244887235561,2.316112195117576,0.790633608815427,0.25121591720390496,31.812385933525963
SYN_A041_5C-1FT7_V007,msc_x10_causal_angle_halfgaussian_v1,408,41,7,local_same_tissue_variant,False,250811::5C-1FT7_Raw.csv,5C-1FT7,DRG,250625 to 250728::5D-T10_Raw.csv,0.11666666666666667,123,False,847,11.76389,0.95625,7.685415,6.729165,4.19236,3.23611,0.95625,7.435415,467,-0.6160067227293538,0.2,causal_half_gaussian,3.0,1.1055865139143688,4.763535186178475,29.440234653602744,25.25284154917495,-0.3531999966722953,-0.566893417394705,2.628043482248105,2.360251088092557,0.06742100886533406,3.8924002375274385,9.486119512624066,0.09285268670711107,0.05760462260781411,eligible,none,eligible,none,eligible,none,eligible,none,eligible,none,0.338134314477461,0.13106426091709203,0.9313848017457015,0.47107438016528924,1.1056669335248117,0.35919704303772637,2.3355897944643056,0.7988980716253443,0.2515018370531513,32.69253339484835
SYN_A041_5C-1FT7_V008,msc_x10_causal_angle_halfgaussian_v1,409,41,8,local_same_tissue_variant,False,250811::5C-1FT7_Raw.csv,5C-1FT7,DRG,250811::8C-2ML4_Raw.csv,0.07777777777777778,123,False,847,11.76389,0.95625,7.685415,6.729165,4.19236,3.23611,0.95625,7.435415,467,-0.6160067227293538,0.2,causal_half_gaussian,3.0,1.071974319290278,4.934682471834535,29.770825267187565,25.22288361820899,-0.35136778990468387,-0.5852272864883716,2.5598916689908826,1.9701734823094945,0.08420856830775289,3.7964922776560632,7.908959233653487,0.09400457441056984,0.052525398261077084,eligible,none,eligible,none,eligible,none,eligible,none,eligible,none,0.3298753381267008,0.12849317658944706,0.9086356020291255,0.45867768595041325,1.0925470068894343,0.3422605342771237,2.3078755110534592,0.7878787878787878,0.2487994206356798,32.233346992949045
SYN_A041_5C-1FT7_V009,msc_x10_causal_angle_halfgaussian_v1,410,41,9,local_same_tissue_variant,False,250811::5C-1FT7_Raw.csv,5C-1FT7,DRG,250625 to 250728::4D-T7m1_Raw.csv,0.27222222222222225,123,False,847,11.76389,0.95625,7.685415,6.729165,4.19236,3.23611,0.95625,7.435415,467,-0.6160067227293538,0.2,causal_half_gaussian,3.0,1.081506301204316,4.278641610460342,29.977431037001818,25.027325821154804,-0.37254936435153,-0.5591527689414716,2.230836574006188,2.087070158489941,0.10433964643260507,3.1317812759554573,8.31326505816264,0.08151680013387706,0.05989391142964689,eligible,none,eligible,none,eligible,none,eligible,none,eligible,none,0.30998421606151993,0.11407372848013743,0.8538458691095082,0.4359504132231405,1.013122534907217,0.33422409561260197,2.1401007675319104,0.7713498622589532,0.2173859068845427,30.432125422939134
SYN_A042_6A-1FL1_V000,msc_x10_causal_angle_halfgaussian_v1,411,42,0,anchor_exact_fit,True,250811::6A-1FL1_Raw.csv,6A-1FL1,DRG,250811::6A-1FL1_Raw.csv,0.0,123,False,846,11.76389,0.95972,7.688885,6.729165,4.19583,3.23611,0.95972,7.438885,467,-0.8744376653890322,0.2,causal_half_gaussian,3.0,1.138088559617649,6.11511717211735,28.22824333442293,24.488897487519186,-0.7067460214325216,-0.305304813308351,8.825665835354672,0.8851299229825429,0.3985414588436119,3.646502718480904,3.4498196197216986,0.00860156950912454,0.21499816706198938,eligible,none,eligible,none,eligible,none,eligible,none,eligible,none,0.10685481182413589,0.016102378016757766,0.19097776521746387,0.15113871635610765,2.749610148301921,1.5007075820222033,1.737115403524621,0.8650137741046832,0.07104259786133392,32.42763356190986
SYN_A042_6A-1FL1_V001,msc_x10_causal_angle_halfgaussian_v1,412,42,1,local_same_tissue_variant,False,250811::6A-1FL1_Raw.csv,6A-1FL1,DRG,250811::8C-2ML4_Raw.csv,0.07777777777777778,123,False,846,11.76389,0.95972,7.688885,6.729165,4.19583,3.23611,0.95972,7.438885,467,-0.8744376653890322,0.2,causal_half_gaussian,3.0,1.1164465111062383,5.9813649109199805,28.14791410989971,24.502754319168993,-0.6795922865724766,-0.31693298835348693,8.274569559800979,0.7719675979273943,0.38038700735216935,3.631353601205545,3.010468650790874,0.010326017176811376,0.2027725361441474,eligible,none,eligible,none,eligible,none,eligible,none,eligible,none,0.1147965313857556,0.018603847581457406,0.2051717151947298,0.15320910973084886,2.6088272557757026,1.3914075181540875,1.6481732924725956,0.8181818181818182,0.07068751491737915,32.45513168129539
SYN_A042_6A-1FL1_V002,msc_x10_causal_angle_halfgaussian_v1,413,42,2,local_same_tissue_variant,False,250811::6A-1FL1_Raw.csv,6A-1FL1,DRG,250625 to 250728::7D-L2_Raw.csv,0.03888888888888889,123,False,846,11.76389,0.95972,7.688885,6.729165,4.19583,3.23611,0.95972,7.438885,467,-0.8744376653890322,0.2,causal_half_gaussian,3.0,1.1349393689798002,5.9599330100704195,28.296305262054744,24.511361741122453,-0.705181116282456,-0.3029956321557408,8.591261955062121,0.943978713142549,0.3907270396782277,3.569279576744222,3.682559495311563,0.008692626978650225,0.21751234224588178,eligible,none,eligible,none,eligible,none,eligible,none,eligible,none,0.10711876509151948,0.016209938851496766,0.19144951940678132,0.15113871635610765,2.696083087415646,1.4782477985087845,1.703298725175375,0.8539944903581267,0.06944422767221552,32.471471063255706
SYN_A042_6A-1FL1_V003,msc_x10_causal_angle_halfgaussian_v1,414,42,3,local_same_tissue_variant,False,250811::6A-1FL1_Raw.csv,6A-1FL1,DRG,250811::2D-1FL2_Raw.csv,0.15555555555555556,123,False,846,11.76389,0.95972,7.688885,6.729165,4.19583,3.23611,0.95972,7.438885,467,-0.8744376653890322,0.2,causal_half_gaussian,3.0,1.0755317710659,5.899071688724031,27.748597305696137,24.607786020779237,-0.6497777788725156,-0.3121933897440653,7.952101231470858,1.235777573255132,0.37096972420880353,3.5052952420375294,4.83986204532149,0.012620132946120521,0.2076694047040119,eligible,none,eligible,none,eligible,none,eligible,none,eligible,none,0.12219538890376815,0.021448712068842232,0.21839542734985523,0.15113871635610765,2.6050595443282174,1.40252022120237,1.6457929733588097,0.8209366391184573,0.0710892972130839,31.15142599536208
SYN_A042_6A-1FL1_V004,msc_x10_causal_angle_halfgaussian_v1,415,42,4,local_same_tissue_variant,False,250811::6A-1FL1_Raw.csv,6A-1FL1,DRG,250625 to 250728::2C-L3m2_Raw.csv,0.11666666666666667,123,False,846,11.76389,0.95972,7.688885,6.729165,4.19583,3.23611,0.95972,7.438885,467,-0.8744376653890322,0.2,causal_half_gaussian,3.0,1.1186133778624563,6.056455190890119,27.967569917216412,24.482393580766004,-0.6631446848805853,-0.30663677632503417,8.96267148789607,1.1935691516288998,0.38603000047317587,3.777962620980208,4.650734986703217,0.011534531503054087,0.2135611984309872,eligible,none,eligible,none,eligible,none,eligible,none,eligible,none,0.12152913030728923,0.020581732059126612,0.21720464730317018,0.15734989648033126,2.7137534987851066,1.477229814262885,1.7144623236933187,0.8539944903581267,0.07235138837810184,32.98893814681723
SYN_A042_6A-1FL1_V005,msc_x10_causal_angle_halfgaussian_v1,416,42,5,local_same_tissue_variant,False,250811::6A-1FL1_Raw.csv,6A-1FL1,DRG,250625 to 250728::3B-T10m2_Raw.csv,0.35,123,False,846,11.76389,0.95972,7.688885,6.729165,4.19583,3.23611,0.95972,7.438885,467,-0.8744376653890322,0.2,causal_half_gaussian,3.0,1.1141363414520273,6.209077631227881,28.599910071221146,24.21569437103199,-0.6095544845270704,-0.3749467155834939,7.539729346763633,0.692405216190414,0.2953902936072715,4.150611626477758,2.668562564439444,0.016542992133551513,0.15141155761503186,eligible,none,eligible,none,eligible,none,eligible,none,eligible,none,0.1448243806444794,0.028311655025896085,0.25883941108807124,0.16977225672877846,2.338677251178885,1.111759443995678,1.4775011939072067,0.7079889807162535,0.07731907428723675,33.91431126631337
SYN_A042_6A-1FL1_V006,msc_x10_causal_angle_halfgaussian_v1,417,42,6,local_same_tissue_variant,False,250811::6A-1FL1_Raw.csv,6A-1FL1,DRG,250625 to 250728::3B-T10m2_Raw.csv,0.27222222222222225,123,False,846,11.76389,0.95972,7.688885,6.729165,4.19583,3.23611,0.95972,7.438885,467,-0.8744376653890322,0.2,causal_half_gaussian,3.0,1.1194590565999432,6.188197529203319,28.517317463043764,24.27640617469581,-0.6311526038393929,-0.35947073730012885,7.825493010894975,0.7352329288108868,0.3183127747709027,4.03858742470068,2.8407268511449204,0.014305230899800523,0.16368092789234437,eligible,none,eligible,none,eligible,none,eligible,none,eligible,none,0.13536762747400202,0.024975899032792556,0.2419376959862437,0.16563146997929606,2.4266680563813128,1.1895455296352544,1.5330909593072461,0.7382920110192838,0.0756160769281671,33.742161220093394
SYN_A042_6A-1FL1_V007,msc_x10_causal_angle_halfgaussian_v1,418,42,7,local_same_tissue_variant,False,250811::6A-1FL1_Raw.csv,6A-1FL1,DRG,250625 to 250728::2C-L3m2_Raw.csv,0.23333333333333334,123,False,846,11.76389,0.95972,7.688885,6.729165,4.19583,3.23611,0.95972,7.438885,467,-0.8744376653890322,0.2,causal_half_gaussian,3.0,1.0991381961072633,5.997793209662889,27.706896500009893,24.475889674012823,-0.6195433483286491,-0.30796873934171726,9.09967714043747,1.5020083802752566,0.3735185421027398,3.909422523479512,5.851011804960143,0.01546757447624093,0.2121338339695215,eligible,none,eligible,none,eligible,none,eligible,none,eligible,none,0.13817676996766473,0.026299178826801915,0.24695837541526255,0.16356107660455488,2.678113169416529,1.4539829241965914,1.691945907985775,0.8429752066115702,0.074271968540316,33.25410205074848
SYN_A042_6A-1FL1_V008,msc_x10_causal_angle_halfgaussian_v1,419,42,8,local_same_tissue_variant,False,250811::6A-1FL1_Raw.csv,6A-1FL1,DRG,250811::2D-1FL2_Raw.csv,0.3111111111111111,123,False,846,11.76389,0.95972,7.688885,6.729165,4.19583,3.23611,0.95972,7.438885,467,-0.8744376653890322,0.2,causal_half_gaussian,3.0,1.0129749825141507,5.6830262053307115,27.268951276969347,24.726674554039285,-0.5928095363125097,-0.3190819661797796,7.078536627587045,1.586425223527721,0.34339798957399514,3.364087765594155,6.243174168628382,0.018516127249661295,0.2005904619534929,eligible,none,eligible,none,eligible,none,eligible,none,eligible,none,0.1392655958384061,0.02847349340694731,0.24890439476577508,0.15113871635610765,2.4647977033406283,1.308998897114683,1.5571800459382685,0.7796143250688705,0.07200551198734595,29.516110267105756
SYN_A042_6A-1FL1_V009,msc_x10_causal_angle_halfgaussian_v1,420,42,9,local_same_tissue_variant,False,250811::6A-1FL1_Raw.csv,6A-1FL1,DRG,250625 to 250728::7D-L2_Raw.csv,0.19444444444444445,123,False,846,11.76389,0.95972,7.688885,6.729165,4.19583,3.23611,0.95972,7.438885,467,-0.8744376653890322,0.2,causal_half_gaussian,3.0,1.1223426064284043,5.3391963618826965,28.56855297258199,24.601218755535516,-0.6989214956821939,-0.2937589075453,7.653646433891918,1.1793738737825716,0.3594693630166908,3.260387009797493,4.617727035733772,0.009066598919481065,0.22786650730083186,eligible,none,eligible,none,eligible,none,eligible,none,eligible,none,0.10817273893966628,0.016646126350869487,0.19333324898975984,0.14906832298136646,2.4744005654871923,1.3817835948768025,1.5632468259008832,0.8071625344352618,0.06305250151956643,32.66813804793152
SYN_A043_6B-2ML3_V000,msc_x10_causal_angle_halfgaussian_v1,421,43,0,anchor_exact_fit,True,250811::6B-2ML3_Raw.csv,6B-2ML3,DRG,250811::6B-2ML3_Raw.csv,0.0,123,False,846,11.75,0.96667,7.681945,6.715275,4.195835,3.229165,0.96667,7.431945,466,-1.268352971825194,0.2,causal_half_gaussian,3.0,1.1492391541397715,3.664883809665077,24.92632837420877,26.35286921667836,-0.3734943626806556,-0.1552713676765259,2.8387635404968385,-2.8939142319423903,0.3016267093157826,1.708655295776366,-12.137624397535896,0.08142138248726502,0.4576051261972352,eligible,none,eligible,none,eligible,none,eligible,none,eligible,none,0.32920728456860293,0.12109268636003168,1.3302628486722357,0.6149068322981367,2.430201590721485,1.7860739967288017,3.6080690123976566,0.9889807162534435,0.1576413348421267,16.09225435099556
SYN_A043_6B-2ML3_V001,msc_x10_causal_angle_halfgaussian_v1,422,43,1,local_same_tissue_variant,False,250811::6B-2ML3_Raw.csv,6B-2ML3,DRG,250625 to 250728::7D-L2_Raw.csv,0.15555555555555556,123,False,846,11.75,0.96667,7.681945,6.715275,4.195835,3.229165,0.96667,7.431945,466,-1.268352971825194,0.2,causal_half_gaussian,3.0,1.1349078546627123,3.4252945734143743,25.71220730076933,26.15277507322222,-0.4190738889973503,-0.1693731790532579,2.8324439318600763,-3.048052139430869,0.28544466035857474,1.7012056612503434,-12.687039792205649,0.059952876923965066,0.4262422727864721,eligible,none,eligible,none,eligible,none,eligible,none,eligible,none,0.2791011437621294,0.09086653526012405,1.1277936424013713,0.5424430641821946,2.188144642722086,1.5638194381070134,3.2486921703090554,0.9889807162534435,0.11861158588553126,21.294244761140444
SYN_A043_6B-2ML3_V002,msc_x10_causal_angle_halfgaussian_v1,423,43,2,local_same_tissue_variant,False,250811::6B-2ML3_Raw.csv,6B-2ML3,DRG,250811::2D-1FL2_Raw.csv,0.03888888888888889,123,False,846,11.75,0.96667,7.681945,6.715275,4.195835,3.229165,0.96667,7.431945,466,-1.268352971825194,0.2,causal_half_gaussian,3.0,1.1331663227704183,3.706159291801002,24.9348246710354,26.310103560526073,-0.37221208876989337,-0.1628281457822477,2.8531963676592453,-2.9036355864063683,0.29850268258316276,1.748714159770699,-12.158634394100465,0.08212551474165912,0.44052198032328677,eligible,none,eligible,none,eligible,none,eligible,none,eligible,none,0.32599932181533975,0.12032514072289723,1.3173000927715501,0.6107660455486542,2.4089228610761197,1.7440985629665622,3.576476931580264,0.9889807162534435,0.15710097775113094,16.52617980872044
SYN_A043_6B-2ML3_V003,msc_x10_causal_angle_halfgaussian_v1,424,43,3,local_same_tissue_variant,False,250811::6B-2ML3_Raw.csv,6B-2ML3,DRG,250811::3D-1FT10_Raw.csv,0.23333333333333334,123,False,846,11.75,0.96667,7.681945,6.715275,4.195835,3.229165,0.96667,7.431945,466,-1.268352971825194,0.2,causal_half_gaussian,3.0,1.2514492392942085,3.9311903611550933,25.36981177488692,26.430846644108705,-0.423620487411835,-0.17941486517110042,3.5959345301942798,-2.2340891934208607,0.29020300349969774,1.4060930844165602,-9.397919363144375,0.05815007742171477,0.4052283648140737,eligible,none,eligible,none,eligible,none,eligible,none,eligible,none,0.303113275530624,0.09748996252951765,1.224822014209451,0.5714285714285714,2.4515787715795287,1.7132658362194506,3.639807261652703,0.9889807162534435,0.1282602060701782,16.27626206783157
SYN_A043_6B-2ML3_V004,msc_x10_causal_angle_halfgaussian_v1,425,43,4,local_same_tissue_variant,False,250811::6B-2ML3_Raw.csv,6B-2ML3,DRG,250625 to 250728::4C-T5m1_Raw.csv,0.07777777777777778,123,False,846,11.75,0.96667,7.681945,6.715275,4.195835,3.229165,0.96667,7.431945,466,-1.268352971825194,0.2,causal_half_gaussian,3.0,1.143451765764619,3.590724338611229,25.034321278501228,26.273023030808133,-0.37158381083992625,-0.1640510603779257,2.8522439033615474,-2.7493988812255723,0.2771188000863134,1.6203820159832898,-11.496560517605145,0.08247273910500239,0.4378180022385971,eligible,none,eligible,none,eligible,none,eligible,none,eligible,none,0.32965085131076527,0.12187777896047358,1.3320552159303853,0.6149068322981367,2.3263532446827537,1.6802365857266914,3.4538875647508154,0.9889807162534435,0.1583329358326675,15.194229604566488
SYN_A043_6B-2ML3_V005,msc_x10_causal_angle_halfgaussian_v1,426,43,5,local_same_tissue_variant,False,250811::6B-2ML3_Raw.csv,6B-2ML3,DRG,250625 to 250728::1B-L1m2_Raw.csv,0.3111111111111111,123,False,846,11.75,0.96667,7.681945,6.715275,4.195835,3.229165,0.96667,7.431945,466,-1.268352971825194,0.2,causal_half_gaussian,3.0,1.2298826982441258,3.1499182462380064,24.815804368918798,25.894556930857597,-0.3556078113278133,-0.15936933401925205,3.4087629132778536,2.9654881775683233,0.24004372024483983,1.1539452500278595,12.221508468655655,0.09181273686128341,0.4482604875037666,eligible,none,eligible,none,eligible,none,eligible,none,eligible,none,0.3740451448574301,0.14433559339778507,1.511443954170384,0.6728778467908902,2.0662007554389548,1.5062598072324902,3.0676446544826192,0.9889807162534435,0.1835635102147478,9.333217460949253
SYN_A043_6B-2ML3_V006,msc_x10_causal_angle_halfgaussian_v1,427,43,6,local_same_tissue_variant,False,250811::6B-2ML3_Raw.csv,6B-2ML3,DRG,250625 to 250728::4C-T5m1_Raw.csv,0.27222222222222225,123,False,846,11.75,0.96667,7.681945,6.715275,4.195835,3.229165,0.96667,7.431945,466,-1.268352971825194,0.2,causal_half_gaussian,3.0,1.1289832948267382,3.4053256609766094,25.30430353923238,26.073407566132566,-0.36680743123810283,-0.18600029213142513,2.8859448105233194,-2.388110504433528,0.2158490270126404,1.3996988165005988,-9.909970094930722,0.08516090833412775,0.3920129826239724,eligible,none,eligible,none,eligible,none,eligible,none,eligible,none,0.3307251267568591,0.12384889961183183,1.3363961548529615,0.6169772256728778,2.0871469509463623,1.4432510478631326,3.0987430288835114,0.9889807162534435,0.16008322442979692,12.981393269971766
SYN_A043_6B-2ML3_V007,msc_x10_causal_angle_halfgaussian_v1,428,43,7,local_same_tissue_variant,False,250811::6B-2ML3_Raw.csv,6B-2ML3,DRG,250625 to 250728::7D-L2_Raw.csv,0.35,123,False,846,11.75,0.96667,7.681945,6.715275,4.195835,3.229165,0.96667,7.431945,466,-1.268352971825194,0.2,causal_half_gaussian,3.0,1.1169937303163882,3.1258080281009963,26.694555958970028,25.902657393902043,-0.47604829689321876,-0.1870004432741729,2.824544421064123,3.042460783388119,0.2652170991620649,1.6918936180928152,12.542653996920032,0.040893047141711145,0.3900439683853046,eligible,none,eligible,none,eligible,none,eligible,none,eligible,none,0.22700176794612628,0.06344742124318219,0.9172701596726677,0.4720496894409938,1.9107922317550206,1.3186843222103082,2.8369128992622628,0.9889807162534435,0.0839545809798897,29.91997241948834
SYN_A043_6B-2ML3_V008,msc_x10_causal_angle_halfgaussian_v1,429,43,8,local_same_tissue_variant,False,250811::6B-2ML3_Raw.csv,6B-2ML3,DRG,250811::2D-1FL2_Raw.csv,0.11666666666666667,123,False,846,11.75,0.96667,7.681945,6.715275,4.195835,3.229165,0.96667,7.431945,466,-1.268352971825194,0.2,causal_half_gaussian,3.0,1.101020660031712,3.7887102560728523,24.95181726468866,26.224572248221495,-0.3696475409483688,-0.17794170199369122,2.8820620219840594,-2.9230782953343244,0.29225462911792305,1.8288318877593646,-12.200257384675622,0.08355209992184844,0.40824510574926887,eligible,none,eligible,none,eligible,none,eligible,none,eligible,none,0.31948210386973724,0.11873223041417307,1.2909652778506235,0.6024844720496895,2.3719037114719383,1.6624697427089208,3.521515381451204,0.9889807162534435,0.15594957793509012,17.41093590797121
SYN_A043_6B-2ML3_V009,msc_x10_causal_angle_halfgaussian_v1,430,43,9,local_same_tissue_variant,False,250811::6B-2ML3_Raw.csv,6B-2ML3,DRG,250625 to 250728::1B-L1m2_Raw.csv,0.19444444444444445,123,False,846,11.75,0.96667,7.681945,6.715275,4.195835,3.229165,0.96667,7.431945,466,-1.268352971825194,0.2,causal_half_gaussian,3.0,1.199641369204993,3.343030332523158,24.857250870902536,26.066424038040385,-0.36231526808512915,-0.15783259664072974,3.195013148484973,3.12440676419415,0.2631373411464434,1.3619615171835495,12.961914634245339,0.08776902229045501,0.45174215289409386,eligible,none,eligible,none,eligible,none,eligible,none,eligible,none,0.35674777535537333,0.13521047535482703,1.4415486356068992,0.650103519668737,2.201807628928021,1.610016806252888,3.2689773175720096,0.9889807162534435,0.1732912911739935,11.668650551901388
SYN_A044_7C-1FT12_V000,msc_x10_causal_angle_halfgaussian_v1,431,44,0,anchor_exact_fit,True,250811::7C-1FT12_Raw.csv,7C-1FT12,DRG,250811::7C-1FT12_Raw.csv,0.0,123,False,846,11.76389,0.95972,7.688885,6.729165,4.19583,3.23611,0.95972,7.438885,467,-0.9272156255884908,0.2,causal_half_gaussian,3.0,1.7078678441251152,2.606224680441038,26.66071694885268,25.232827280979016,-0.815727379915394,0.1482976763825049,5.634386787889005,-1.1780396568181106,0.4841648296066029,1.202538564152208,-4.730923844736698,0.00413129593932538,2.109894652939872,difficult,pre_rhythm_to_residual_below_0.35,eligible,none,difficult,pre_rhythm_to_residual_below_0.35,eligible,none,difficult,pre_rhythm_to_residual_below_0.35,0.1113392666464931,0.012531584217663995,0.06280793320886184,0.0,3.7876154969803517,2.810869223328704,1.1728957055384384,0.7134986225895317,0.01583862990020698,23.51120635161142
SYN_A044_7C-1FT12_V001,msc_x10_causal_angle_halfgaussian_v1,432,44,1,local_same_tissue_variant,False,250811::7C-1FT12_Raw.csv,7C-1FT12,DRG,250811::6B-2ML3_Raw.csv,0.35,123,False,846,11.76389,0.95972,7.688885,6.729165,4.19583,3.23611,0.95972,7.438885,467,-0.9272156255884908,0.2,causal_half_gaussian,3.0,1.5123478026302448,2.9767553756694514,26.05368094772731,25.624841958473787,-0.6609458238832355,0.042048510961844116,4.6559186513017465,-1.7785957581116083,0.42027648750481583,1.3796794202206633,-7.2536831211302,0.011706471095697916,1.235780419778605,difficult,pre_rhythm_to_residual_below_0.35,eligible,none,difficult,pre_rhythm_to_residual_below_0.35,eligible,none,difficult,pre_rhythm_to_residual_below_0.35,0.16551924596309658,0.02819727670840697,0.09337156654928255,0.0,3.309613004100511,3.0412451722112124,1.024874589988984,0.6170798898071626,0.020994594056291505,20.34999073884444
SYN_A044_7C-1FT12_V002,msc_x10_causal_angle_halfgaussian_v1,433,44,2,local_same_tissue_variant,False,250811::7C-1FT12_Raw.csv,7C-1FT12,DRG,250811::6A-1FL1_Raw.csv,0.15555555555555556,123,False,846,11.76389,0.95972,7.688885,6.729165,4.19583,3.23611,0.95972,7.438885,467,-0.9272156255884908,0.2,causal_half_gaussian,3.0,1.6192355109795094,3.152052401368464,26.90455438660805,25.11710486866304,-0.7987747241513916,0.07773728909726065,6.130807973050331,-0.8571021666268979,0.4708456385990265,1.5827107659366717,-3.426275678631801,0.004630516247109006,1.4790291204974395,difficult,pre_rhythm_to_residual_below_0.35,eligible,none,difficult,pre_rhythm_to_residual_below_0.35,eligible,none,difficult,pre_rhythm_to_residual_below_0.35,0.11172435010282335,0.013158921494370276,0.06302516381162682,0.0,3.8344142139757107,3.279458686458962,1.1873876766036973,0.9393939393939394,0.018817880566769602,26.04499989790975
SYN_A044_7C-1FT12_V003,msc_x10_causal_angle_halfgaussian_v1,434,44,3,local_same_tissue_variant,False,250811::7C-1FT12_Raw.csv,7C-1FT12,DRG,250811::3D-1FT10_Raw.csv,0.23333333333333334,123,False,846,11.76389,0.95972,7.688885,6.729165,4.19583,3.23611,0.95972,7.438885,467,-0.9272156255884908,0.2,causal_half_gaussian,3.0,1.6797312349496385,3.1195516954166633,26.699509682113916,25.572147826739208,-0.7626658006251344,0.0533214019408232,5.739245686528274,-0.9185853524922463,0.43014889572265996,1.018070256838039,-3.7385815119231953,0.005904125044621827,1.3079468208768437,difficult,pre_rhythm_to_residual_below_0.35,eligible,none,difficult,pre_rhythm_to_residual_below_0.35,eligible,none,difficult,pre_rhythm_to_residual_below_0.35,0.13078815270017813,0.016968099869251834,0.07377930362506073,0.0,3.568351628292592,3.20550130956516,1.1049971424005889,0.8705234159779615,0.019376189141542592,16.270574799667017
SYN_A044_7C-1FT12_V004,msc_x10_causal_angle_halfgaussian_v1,435,44,4,local_same_tissue_variant,False,250811::7C-1FT12_Raw.csv,7C-1FT12,DRG,250625 to 250728::7D-L2_Raw.csv,0.3111111111111111,123,False,846,11.76389,0.95972,7.688885,6.729165,4.19583,3.23611,0.95972,7.438885,467,-0.9272156255884908,0.2,causal_half_gaussian,3.0,1.505409652731112,2.4564068259204452,27.692887245417918,25.181096485173196,-0.7693028271868648,0.02565035103289802,4.751998115871251,-2.020143117389288,0.3950110942683764,1.3450978338276787,-8.096119446725762,0.005646238774636945,1.1378522151469364,difficult,pre_rhythm_to_residual_below_0.35,eligible,none,difficult,pre_rhythm_to_residual_below_0.35,eligible,none,difficult,pre_rhythm_to_residual_below_0.35,0.11463974113333167,0.01461105474270902,0.0646697739355938,0.0,2.620486388335956,2.4887341963365124,0.8114755137504179,0.0,0.015460636564723353,26.941390909405207
SYN_A044_7C-1FT12_V005,msc_x10_causal_angle_halfgaussian_v1,436,44,5,local_same_tissue_variant,False,250811::7C-1FT12_Raw.csv,7C-1FT12,DRG,250625 to 250728::5C-T12_Raw.csv,0.07777777777777778,123,False,846,11.76389,0.95972,7.688885,6.729165,4.19583,3.23611,0.95972,7.438885,467,-0.9272156255884908,0.2,causal_half_gaussian,3.0,1.7420711976075844,2.6724337275441474,26.920062548865317,25.25865608350365,-0.8328593226589912,0.1179681431622186,5.7424551831432735,-1.3331395189208088,0.464421437866613,1.4375297744330813,-5.359274153711628,0.0036814528667747865,1.8111050060576488,difficult,pre_rhythm_to_residual_below_0.35,eligible,none,difficult,pre_rhythm_to_residual_below_0.35,eligible,none,difficult,pre_rhythm_to_residual_below_0.35,0.10723971392757523,0.011528954735040479,0.06049532202404485,0.0,3.597962776450652,2.8380603866092384,1.1141667079328716,0.6804407713498623,0.015982627851203447,27.852371087496202
SYN_A044_7C-1FT12_V006,msc_x10_causal_angle_halfgaussian_v1,437,44,6,local_same_tissue_variant,False,250811::7C-1FT12_Raw.csv,7C-1FT12,DRG,250625 to 250728::7D-L2_Raw.csv,0.11666666666666667,123,False,846,11.76389,0.95972,7.688885,6.729165,4.19583,3.23611,0.95972,7.438885,467,-0.9272156255884908,0.2,causal_half_gaussian,3.0,1.631946022352364,2.5500429849958155,27.047780810064644,25.213428232551834,-0.7983181726421956,0.10230492937640231,5.303491035882347,-1.4938284545323022,0.45073217885476796,1.2559982902805094,-5.994497168029727,0.004644764042355367,1.6737676874990735,difficult,pre_rhythm_to_residual_below_0.35,eligible,none,difficult,pre_rhythm_to_residual_below_0.35,eligible,none,difficult,pre_rhythm_to_residual_below_0.35,0.11277355911823995,0.013298745827343484,0.06361703630861076,0.0,3.300269271388248,2.6865492219877365,1.0219811537411259,0.5426997245179064,0.015691175665128693,24.78717740907634
SYN_A044_7C-1FT12_V007,msc_x10_causal_angle_halfgaussian_v1,438,44,7,local_same_tissue_variant,False,250811::7C-1FT12_Raw.csv,7C-1FT12,DRG,250811::6A-1FL1_Raw.csv,0.03888888888888889,123,False,846,11.76389,0.95972,7.688885,6.729165,4.19583,3.23611,0.95972,7.438885,467,-0.9272156255884908,0.2,causal_half_gaussian,3.0,1.6857097608387137,2.7426816106728946,26.721676308291524,25.203896677900023,-0.8114892159743934,0.13065757956119384,5.758492084179336,-1.0978052842703074,0.4808350318547088,1.2975816145983239,-4.403653498104708,0.004250813808548164,1.9305886998912032,difficult,pre_rhythm_to_residual_below_0.35,eligible,none,difficult,pre_rhythm_to_residual_below_0.35,eligible,none,difficult,pre_rhythm_to_residual_below_0.35,0.11146482203236632,0.012688905319034096,0.06287876064043615,0.0,3.812565535384676,2.9315625337002285,1.1806218839007303,0.7520661157024794,0.01658398717338142,24.229209302451213
SYN_A044_7C-1FT12_V008,msc_x10_causal_angle_halfgaussian_v1,439,44,8,local_same_tissue_variant,False,250811::7C-1FT12_Raw.csv,7C-1FT12,DRG,250625 to 250728::5C-T12_Raw.csv,0.27222222222222225,123,False,846,11.76389,0.95972,7.688885,6.729165,4.19583,3.23611,0.95972,7.438885,467,-0.9272156255884908,0.2,causal_half_gaussian,3.0,1.8275795813137576,2.837956345301921,27.568426548896912,25.323228089815235,-0.8756891795179842,0.042144310111502784,6.012626171278945,-1.7208891741775543,0.4150629585166383,2.0250078001352647,-6.935728765662271,0.0027596346596930827,1.2363766080900482,difficult,pre_rhythm_to_residual_below_0.35,eligible,none,difficult,pre_rhythm_to_residual_below_0.35,eligible,none,difficult,pre_rhythm_to_residual_below_0.35,0.09747767737162626,0.00934396372361382,0.05498842981560921,0.006211180124223602,3.156055689407638,2.89958072227654,0.9773231119942207,0.39118457300275483,0.016412697970324908,38.20676209877948
SYN_A044_7C-1FT12_V009,msc_x10_causal_angle_halfgaussian_v1,440,44,9,local_same_tissue_variant,False,250811::7C-1FT12_Raw.csv,7C-1FT12,DRG,250811::6B-2ML3_Raw.csv,0.19444444444444445,123,False,846,11.76389,0.95972,7.688885,6.729165,4.19583,3.23611,0.95972,7.438885,467,-0.9272156255884908,0.2,causal_half_gaussian,3.0,1.5992455988501872,2.8120750666790455,26.323474726005255,25.450613212920555,-0.7297376265641948,0.08927036225991558,5.090793378673862,-1.5116819353144983,0.4486713062167212,1.3009501508569055,-6.123205087185063,0.0073686195582137876,1.5674525542237692,difficult,pre_rhythm_to_residual_below_0.35,eligible,none,difficult,pre_rhythm_to_residual_below_0.35,eligible,none,difficult,pre_rhythm_to_residual_below_0.35,0.13903072028128347,0.019700122866997672,0.07842904355686132,0.0,3.5217517510211427,2.9429896387605403,1.0905667452354395,0.6914600550964187,0.018342577105014784,21.963108842587438
SYN_A045_7D-2MT12_V000,msc_x10_causal_angle_halfgaussian_v1,441,45,0,anchor_exact_fit,True,250811::7D-2MT12_Raw.csv,7D-2MT12,DRG,250811::7D-2MT12_Raw.csv,0.0,123,False,847,11.76389,0.95625,7.685415,6.729165,4.19236,3.23611,0.95625,7.435415,467,-1.4826814208557602,0.2,causal_half_gaussian,3.0,0.8609926655832175,9.999999999999998,24.877849407139276,25.178559662874004,-0.2364095088856645,-1.1218664034347323,2.3383024538632857,2.5735627224222686,0.0102199954902195,5.999999999999999,10.313017901702555,0.20375467285619803,0.0035235410037868678,eligible,none,eligible,none,eligible,none,difficult,fit_post_amplitude_at_bound,eligible,none,0.3896039979489693,0.2065957529241922,0.9626407650746798,0.47520661157024796,0.5731427586539165,0.0619371881268364,0.8470777534380735,0.47107438016528924,0.31018441435308647,28.588524712337467
SYN_A045_7D-2MT12_V001,msc_x10_causal_angle_halfgaussian_v1,442,45,1,local_same_tissue_variant,False,250811::7D-2MT12_Raw.csv,7D-2MT12,DRG,250811::4D-1FL4_Raw.csv,0.11666666666666667,123,False,847,11.76389,0.95625,7.685415,6.729165,4.19236,3.23611,0.95625,7.435415,467,-1.4826814208557602,0.2,causal_half_gaussian,3.0,0.8685681343843313,9.814011861788988,24.880675496968248,25.17906423091609,-0.244115341452616,-1.0373097746772058,3.0473872694158257,2.6225261646948876,0.01775736225192786,5.795840480382453,10.509439324136626,0.19345847061996005,0.005393453070482045,eligible,none,eligible,none,eligible,none,difficult,fit_post_amplitude_at_bound,eligible,none,0.38300357990309486,0.19893937590952854,0.9463323300715936,0.4669421487603306,0.6977516058760648,0.08917049038157653,1.0312437064570878,0.5068870523415978,0.2983531295441399,28.710866022277887
SYN_A045_7D-2MT12_V002,msc_x10_causal_angle_halfgaussian_v1,443,45,2,local_same_tissue_variant,False,250811::7D-2MT12_Raw.csv,7D-2MT12,DRG,250811::8D-2MT7_Raw.csv,0.03888888888888889,123,False,847,11.76389,0.95625,7.685415,6.729165,4.19236,3.23611,0.95625,7.435415,467,-1.4826814208557602,0.2,causal_half_gaussian,3.0,0.8471737526362882,9.757954759011561,24.87944963325617,25.185054208477585,-0.2319141793514184,-1.10067854037255,2.3037096364341436,2.6060364048110563,0.015910986890626977,5.909997619870836,10.445843137784852,0.21001238397470523,0.003920195460002984,eligible,none,eligible,none,eligible,none,difficult,fit_post_amplitude_at_bound,eligible,none,0.3891748335421251,0.2088725691328052,0.9615803777195133,0.47520661157024796,0.5903008167689047,0.06652914026314098,0.8724365477383611,0.4765840220385675,0.31259830517511217,27.942235805077765
SYN_A045_7D-2MT12_V003,msc_x10_causal_angle_halfgaussian_v1,444,45,3,local_same_tissue_variant,False,250811::7D-2MT12_Raw.csv,7D-2MT12,DRG,250811::5C-1FT7_Raw.csv,0.19444444444444445,123,False,847,11.76389,0.95625,7.685415,6.729165,4.19236,3.23611,0.95625,7.435415,467,-1.4826814208557602,0.2,causal_half_gaussian,3.0,0.9054957558074309,9.023920060366915,25.871494956283573,25.196293175094233,-0.25865987062897594,-1.0196586135958936,2.394832257556771,2.4978901155568884,0.023279685453518908,5.577193924230666,10.016825637598929,0.17542126866270408,0.005894705443972701,eligible,none,eligible,none,eligible,none,difficult,fit_post_amplitude_at_bound,eligible,none,0.3802756249950803,0.1899620283284468,0.9395920486228277,0.46487603305785125,0.6710991413187577,0.08881996120427804,0.9918526307435689,0.4986225895316804,0.28072968639209206,29.36215125229669
SYN_A045_7D-2MT12_V004,msc_x10_causal_angle_halfgaussian_v1,445,45,4,local_same_tissue_variant,False,250811::7D-2MT12_Raw.csv,7D-2MT12,DRG,250811::4C-2MT5_Raw.csv,0.3111111111111111,123,False,847,11.76389,0.95625,7.685415,6.729165,4.19236,3.23611,0.95625,7.435415,467,-1.4826814208557602,0.2,causal_half_gaussian,3.0,0.7532378677944354,9.999995350074801,25.920973697775405,25.410630583923158,-0.38584439965625517,-1.100709223292963,2.553243701929199,2.1049891180266123,0.044390089167756844,5.999996787089778,8.513054803625202,0.07454065262427116,0.003919589914721267,eligible,none,eligible,none,eligible,none,difficult,fit_post_amplitude_at_bound,eligible,none,0.20647903482826208,0.07332102253034077,0.5101722187280893,0.2396694214876033,0.6048955931670521,0.06816987840837821,0.8940069335045693,0.4793388429752066,0.1345182634314041,65.9219783275639
SYN_A045_7D-2MT12_V005,msc_x10_causal_angle_halfgaussian_v1,446,45,5,local_same_tissue_variant,False,250811::7D-2MT12_Raw.csv,7D-2MT12,DRG,250811::2C-2ML1_Raw.csv,0.35,123,False,847,11.76389,0.95625,7.685415,6.729165,4.19236,3.23611,0.95625,7.435415,467,-1.4826814208557602,0.2,causal_half_gaussian,3.0,0.6381836260834913,9.15436598050645,26.59443376292741,25.344410253382648,-0.3638923855845907,-0.9392510215836174,4.454186665111468,2.2134422588863796,0.04657954019303457,5.999138887227483,8.928335858133716,0.08640654058324676,0.008836445290674845,eligible,none,eligible,none,eligible,none,difficult,fit_post_amplitude_at_bound,eligible,none,0.18830710119114624,0.0709253114379687,0.4652726689508544,0.18801652892561985,0.8248081070322864,0.1280368107294251,1.2190271756435194,0.5454545454545454,0.1287106342165126,68.88663213681936
SYN_A045_7D-2MT12_V006,msc_x10_causal_angle_halfgaussian_v1,447,45,6,local_same_tissue_variant,False,250811::7D-2MT12_Raw.csv,7D-2MT12,DRG,250811::2C-2ML1_Raw.csv,0.27222222222222225,123,False,847,11.76389,0.95625,7.685415,6.729165,4.19236,3.23611,0.95625,7.435415,467,-1.4826814208557602,0.2,causal_half_gaussian,3.0,0.6876967459723193,9.342284651505016,26.21297057275227,25.30755456660295,-0.3355628574292737,-0.9798322175505317,3.983990173722983,2.293469028561022,0.038499641370186785,5.999330245621375,9.23768594263791,0.10455334749308731,0.007203517997647726,eligible,none,eligible,none,eligible,none,difficult,fit_post_amplitude_at_bound,eligible,none,0.22314404138786728,0.09068468492229259,0.5513484252068898,0.23553719008264462,0.7690000415579511,0.10865344581025621,1.1365455076612667,0.5261707988980716,0.15435168211037548,57.44495174104563
SYN_A045_7D-2MT12_V007,msc_x10_causal_angle_halfgaussian_v1,448,45,7,local_same_tissue_variant,False,250811::7D-2MT12_Raw.csv,7D-2MT12,DRG,250811::5C-1FT7_Raw.csv,0.07777777777777778,123,False,847,11.76389,0.95625,7.685415,6.729165,4.19236,3.23611,0.95625,7.435415,467,-1.4826814208557602,0.2,causal_half_gaussian,3.0,0.8787939016729029,9.609568024146766,25.275307626796994,25.185653067762097,-0.2453096535829891,-1.080983287499197,2.36091437534068,2.5432936796761165,0.015443871475539262,5.830877569692266,10.194592254435307,0.19190992933859868,0.004328849043336703,eligible,none,eligible,none,eligible,none,difficult,fit_post_amplitude_at_bound,eligible,none,0.38596349719884016,0.19983536474513025,0.9536457484788329,0.47107438016528924,0.6112489536839727,0.07163427591461592,0.9033968983470022,0.4820936639118457,0.29818721862277986,28.9005005714638
SYN_A045_7D-2MT12_V008,msc_x10_causal_angle_halfgaussian_v1,449,45,8,local_same_tissue_variant,False,250811::7D-2MT12_Raw.csv,7D-2MT12,DRG,250811::8D-2MT7_Raw.csv,0.23333333333333334,123,False,847,11.76389,0.95625,7.685415,6.729165,4.19236,3.23611,0.95625,7.435415,467,-1.4826814208557602,0.2,causal_half_gaussian,3.0,0.7780791879016419,8.54772855406938,24.887450763840626,25.21752693649549,-0.2094375316801879,-0.9947392250616383,2.1307455492884335,2.7684048167549946,0.04436594389266438,5.459985719225022,11.110976300169076,0.244304542275416,0.006682664826247676,eligible,none,eligible,none,eligible,none,difficult,fit_post_amplitude_at_bound,eligible,none,0.38542295755655065,0.21971900193849916,0.9523101731316956,0.46487603305785125,0.6773672213938339,0.09419157389248801,1.0011165551466887,0.5013774104683195,0.32428344676482107,24.88440109340663
SYN_A045_7D-2MT12_V009,msc_x10_causal_angle_halfgaussian_v1,450,45,9,local_same_tissue_variant,False,250811::7D-2MT12_Raw.csv,7D-2MT12,DRG,250811::4C-2MT5_Raw.csv,0.15555555555555556,123,False,847,11.76389,0.95625,7.685415,6.729165,4.19236,3.23611,0.95625,7.435415,467,-1.4826814208557602,0.2,causal_half_gaussian,3.0,0.8071152666888264,9.9999976750374,25.39941155245734,25.29459512339858,-0.3111269542709598,-1.1112878133638477,2.4457730778962423,2.3392759202244404,0.02730504232898817,5.999998393544889,9.4173630716223,0.12323962954320285,0.003716293285324753,eligible,none,eligible,none,eligible,none,difficult,fit_post_amplitude_at_bound,eligible,none,0.2842623801844829,0.12335156543997212,0.7023607472800679,0.3305785123966942,0.588805170634039,0.06497884708766975,0.8702260538452936,0.4738292011019284,0.19831569054590695,44.71513270806029
SYN_A046_8A-1FT5_V000,msc_x10_causal_angle_halfgaussian_v1,451,46,0,anchor_exact_fit,True,250811::8A-1FT5_Raw.csv,8A-1FT5,DRG,250811::8A-1FT5_Raw.csv,0.0,123,False,846,11.76389,0.96319,7.692365,6.729175,4.19931,3.23612,0.96319,7.442365,467,-2.2335565809749607,0.2,causal_half_gaussian,3.0,0.1135573430120268,2.396063828837223,24.60373134759685,25.67830793608445,-0.0245508277554199,-0.4338499517042531,0.8985816187387026,-2.777986359886813,0.1974240789207334,0.2439200739252951,-11.353156990277677,0.8477183639296874,0.1125552733200393,difficult,pre_rhythm_to_residual_below_0.35,eligible,none,difficult,pre_rhythm_to_residual_below_0.35,eligible,none,difficult,pre_rhythm_to_residual_below_0.35,0.10459865226857729,0.09794334087024378,0.46369695928929633,0.0,0.7788293157364835,0.3294176278207143,1.702268099505229,0.7465564738292011,0.2946172055468546,1.8095688317074872
SYN_A046_8A-1FT5_V001,msc_x10_causal_angle_halfgaussian_v1,452,46,1,local_same_tissue_variant,False,250811::8A-1FT5_Raw.csv,8A-1FT5,DRG,250811::8D-2MT7_Raw.csv,0.35,123,False,846,11.76389,0.96319,7.692365,6.729175,4.19931,3.23612,0.96319,7.442365,467,-2.2335565809749607,0.2,causal_half_gaussian,3.0,0.25078948938958,2.879034319848266,24.714074703488723,25.56184695089302,-0.05824340034279059,-0.48396494225027975,1.091148554170028,-2.8117958970924013,0.18312157232372087,1.4485266268889765,-11.439213211887303,0.6757513922652977,0.08745546783315891,difficult,pre_rhythm_to_residual_below_0.35,eligible,none,difficult,pre_rhythm_to_residual_below_0.35,eligible,none,difficult,pre_rhythm_to_residual_below_0.35,0.20636776469690812,0.17656645981508035,0.914850267282386,0.2712215320910973,0.8218911131330306,0.31686336530619025,1.7963872120429774,0.7465564738292011,0.46950837511256616,6.74324298733638
SYN_A046_8A-1FT5_V002,msc_x10_causal_angle_halfgaussian_v1,453,46,2,local_same_tissue_variant,False,250811::8A-1FT5_Raw.csv,8A-1FT5,DRG,250811::2D-1FL2_Raw.csv,0.3111111111111111,123,False,846,11.76389,0.96319,7.692365,6.729175,4.19931,3.23612,0.96319,7.442365,467,-2.2335565809749607,0.2,causal_half_gaussian,3.0,0.3071868110747221,3.121011679959957,24.772065241600266,25.546046196384246,-0.12285284733495067,-0.407635283741401,1.617656389473822,-2.8918236446825953,0.20485046118267883,1.020086388233624,-11.757517374896413,0.4374913656811471,0.12843562440357076,difficult,pre_rhythm_to_residual_below_0.35,eligible,none,difficult,pre_rhythm_to_residual_below_0.35,eligible,none,difficult,pre_rhythm_to_residual_below_0.35,0.20361670541196633,0.14653548972244654,0.902654528641542,0.3747412008281574,1.079618423329235,0.48374188310283994,2.3596954615577252,0.9256198347107438,0.40315543717185487,5.530317960726916
SYN_A046_8A-1FT5_V003,msc_x10_causal_angle_halfgaussian_v1,454,46,3,local_same_tissue_variant,False,250811::8A-1FT5_Raw.csv,8A-1FT5,DRG,250625 to 250728::6B-T5_Raw.csv,0.23333333333333334,123,False,846,11.76389,0.96319,7.692365,6.729175,4.19931,3.23612,0.96319,7.442365,467,-2.2335565809749607,0.2,causal_half_gaussian,3.0,0.23254112080499623,2.4027920579207747,24.591018922806303,25.668101206145362,-0.05810862885813173,-0.40452235946854054,1.4848623094481663,-3.040733877458412,0.19334423029409958,-0.5851094073823179,-12.422021807692406,0.6763645097910839,0.1304644124356655,difficult,pre_rhythm_to_residual_below_0.35,eligible,none,difficult,pre_rhythm_to_residual_below_0.35,eligible,none,difficult,pre_rhythm_to_residual_below_0.35,0.1914380250564431,0.16385182611169583,0.848665142291591,0.07867494824016563,0.8426591470429484,0.37776145736072597,1.8417793934875923,0.8044077134986226,0.4260250282532512,3.0018406683123455
SYN_A046_8A-1FT5_V004,msc_x10_causal_angle_halfgaussian_v1,455,46,4,local_same_tissue_variant,False,250811::8A-1FT5_Raw.csv,8A-1FT5,DRG,250811::8C-2ML4_Raw.csv,0.03888888888888889,123,False,846,11.76389,0.96319,7.692365,6.729175,4.19931,3.23612,0.96319,7.442365,467,-2.2335565809749607,0.2,causal_half_gaussian,3.0,0.14257919940209562,2.47381755047721,24.704519979267364,25.638981501131816,-0.03750377341284024,-0.434665061622536,0.9313089782746997,-2.6921130003028013,0.1961680846164574,0.36866817368700056,-10.985357273300483,0.7769576345766678,0.11209431030455139,difficult,pre_rhythm_to_residual_below_0.35,eligible,none,difficult,pre_rhythm_to_residual_below_0.35,eligible,none,difficult,pre_rhythm_to_residual_below_0.35,0.1257585596077355,0.11374252512519067,0.5575010808454447,0.0,0.8024068399398168,0.33884187549599104,1.753800914854756,0.7603305785123967,0.32864931758963495,2.451819997468032
SYN_A046_8A-1FT5_V005,msc_x10_causal_angle_halfgaussian_v1,456,46,5,local_same_tissue_variant,False,250811::8A-1FT5_Raw.csv,8A-1FT5,DRG,250811::4A-2MT10_Raw.csv,0.19444444444444445,123,False,846,11.76389,0.96319,7.692365,6.729175,4.19931,3.23612,0.96319,7.442365,467,-2.2335565809749607,0.2,causal_half_gaussian,3.0,0.2668750836173541,2.480754213474785,25.1382633469414,25.473699780528143,-0.08692127019344342,-0.44472584937409554,1.1307670508144239,-2.304685386875741,0.1747876721181203,-0.2394789909452337,-9.343805850634123,0.5571568736772269,0.10655778010750709,difficult,pre_rhythm_to_residual_below_0.35,eligible,none,difficult,pre_rhythm_to_residual_below_0.35,eligible,none,difficult,pre_rhythm_to_residual_below_0.35,0.1995041851037488,0.15807664133941882,0.8844232883666725,0.2898550724637681,0.7839581679917952,0.32652187729449106,1.7134781058633444,0.7465564738292011,0.4103513344890162,1.2755492732645386
SYN_A046_8A-1FT5_V006,msc_x10_causal_angle_halfgaussian_v1,457,46,6,local_same_tissue_variant,False,250811::8A-1FT5_Raw.csv,8A-1FT5,DRG,250811::2D-1FL2_Raw.csv,0.11666666666666667,123,False,846,11.76389,0.96319,7.692365,6.729175,4.19931,3.23612,0.96319,7.442365,467,-2.2335565809749607,0.2,causal_half_gaussian,3.0,0.18616839353553755,2.6679192730082484,24.66685655784813,25.628709783696873,-0.06141408509774393,-0.4240194512181836,1.1682346577643723,-2.8206753416852313,0.20020897226896295,0.5349824417909185,-11.505353764352156,0.6614862206616064,0.11826622031430967,difficult,pre_rhythm_to_residual_below_0.35,eligible,none,difficult,pre_rhythm_to_residual_below_0.35,eligible,none,difficult,pre_rhythm_to_residual_below_0.35,0.15157560413490695,0.12859033820854146,0.6719507872751909,0.0,0.8895601838042666,0.3836607110904233,1.9442898371744954,0.8154269972451791,0.36235896511324733,3.2269050611031824
SYN_A046_8A-1FT5_V007,msc_x10_causal_angle_halfgaussian_v1,458,46,7,local_same_tissue_variant,False,250811::8A-1FT5_Raw.csv,8A-1FT5,DRG,250811::4A-2MT10_Raw.csv,0.15555555555555556,123,False,846,11.76389,0.96319,7.692365,6.729175,4.19931,3.23612,0.96319,7.442365,467,-2.2335565809749607,0.2,causal_half_gaussian,3.0,0.2362115354962887,2.4638161365472726,25.031356947072492,25.514621411639403,-0.07444718170583872,-0.44255066984012703,1.0843299643992796,-2.3993455814779554,0.17931495347864293,-0.14279917797112793,-9.743210036658894,0.6059437530586961,0.10773115124899615,difficult,pre_rhythm_to_residual_below_0.35,eligible,none,difficult,pre_rhythm_to_residual_below_0.35,eligible,none,difficult,pre_rhythm_to_residual_below_0.35,0.18411045941282483,0.15083452987211948,0.8161812638261775,0.09316770186335403,0.7830047525507691,0.3259133453489234,1.711394249159389,0.7465564738292011,0.3977870177310562,0.7846225261052352
SYN_A046_8A-1FT5_V008,msc_x10_causal_angle_halfgaussian_v1,459,46,8,local_same_tissue_variant,False,250811::8A-1FT5_Raw.csv,8A-1FT5,DRG,250625 to 250728::6B-T5_Raw.csv,0.27222222222222225,123,False,846,11.76389,0.96319,7.692365,6.729175,4.19931,3.23612,0.96319,7.442365,467,-2.2335565809749607,0.2,causal_half_gaussian,3.0,0.25237175043715776,2.4039134294347,24.58890018534121,25.666400084488846,-0.0637015957085837,-0.3996344274292551,1.5825757578997437,-3.084525130387012,0.19266425552299393,-0.7232809876002535,-12.600082951032782,0.6513818918773712,0.13371488813398444,difficult,pre_rhythm_to_residual_below_0.35,eligible,none,difficult,pre_rhythm_to_residual_below_0.35,eligible,none,difficult,pre_rhythm_to_residual_below_0.35,0.20391011997859396,0.1719323390348142,0.9039552666472963,0.2629399585921325,0.8537942309979519,0.3864818615760317,1.8661170728981198,0.8154269972451791,0.44134730905284114,3.581889933615901
SYN_A046_8A-1FT5_V009,msc_x10_causal_angle_halfgaussian_v1,460,46,9,local_same_tissue_variant,False,250811::8A-1FT5_Raw.csv,8A-1FT5,DRG,250811::8D-2MT7_Raw.csv,0.07777777777777778,123,False,846,11.76389,0.96319,7.692365,6.729175,4.19931,3.23612,0.96319,7.442365,467,-2.2335565809749607,0.2,causal_half_gaussian,3.0,0.14405337554037195,2.5033906046174548,24.6282520933506,25.65242771715302,-0.03203806610816894,-0.4449866162700368,0.941374271056775,-2.785499590376944,0.19424574412139728,0.5116104190283354,-11.37238890864079,0.8060659197710099,0.10641797357815815,difficult,pre_rhythm_to_residual_below_0.35,eligible,none,difficult,pre_rhythm_to_residual_below_0.35,eligible,none,difficult,pre_rhythm_to_residual_below_0.35,0.12940475376272878,0.11876592008922521,0.5736650476459683,0.0,0.7905774488650189,0.32708186484872787,1.727945705431677,0.7493112947658402,0.3411853251085673,3.2774396794603047
SYN_A047_8C-2ML4_V000,msc_x10_causal_angle_halfgaussian_v1,461,47,0,anchor_exact_fit,True,250811::8C-2ML4_Raw.csv,8C-2ML4,DRG,250811::8C-2ML4_Raw.csv,0.0,123,False,846,11.76388,0.96181,7.690975,6.729165,4.19792,3.23611,0.96181,7.440975,467,-0.3840792605313305,0.2,causal_half_gaussian,3.0,0.8598336501852251,4.395445242436883,27.195439019124343,24.667056751588145,-0.3576265732319429,-0.4548099210315273,1.740142292521485,-0.5698142562979402,0.1651270825250644,3.4517283535120065,-2.2370246794892985,0.09012765545640665,0.10128283476761912,eligible,none,eligible,none,eligible,none,eligible,none,eligible,none,0.25974077698350373,0.09968783702646268,0.6887699297728427,0.34368530020703936,1.3532188183601863,0.5490587616646855,5.198342740893558,0.9944903581267218,0.39744643775570854,23.02989958206832
SYN_A047_8C-2ML4_V001,msc_x10_causal_angle_halfgaussian_v1,462,47,1,local_same_tissue_variant,False,250811::8C-2ML4_Raw.csv,8C-2ML4,DRG,250811::8D-2MT7_Raw.csv,0.15555555555555556,123,False,846,11.76388,0.96181,7.690975,6.729165,4.19792,3.23611,0.96181,7.440975,467,-0.3840792605313305,0.2,causal_half_gaussian,3.0,0.8047382896816401,4.299083907437399,26.841325983949787,24.772602053535824,-0.32078926730775964,-0.4738228104899631,1.6948181590136413,-0.9283341556142486,0.16379439014349623,3.4881166446712655,-3.6601264303726304,0.11548161837628138,0.09203716544165659,eligible,none,eligible,none,eligible,none,eligible,none,eligible,none,0.2749982866426328,0.11648539951274013,0.7292291675501064,0.35403726708074534,1.2599481568734523,0.49229660036918516,4.840046758381696,0.9944903581267218,0.43333631883087437,21.3451864649574
SYN_A047_8C-2ML4_V002,msc_x10_causal_angle_halfgaussian_v1,463,47,2,local_same_tissue_variant,False,250811::8C-2ML4_Raw.csv,8C-2ML4,DRG,250625 to 250728::5D-T10_Raw.csv,0.23333333333333334,123,False,846,11.76388,0.96181,7.690975,6.729165,4.19792,3.23611,0.96181,7.440975,467,-0.3840792605313305,0.2,causal_half_gaussian,3.0,0.9449494211651583,4.0986285097486626,26.751459041791353,24.77384957817483,-0.36076313757089096,-0.4291412377622413,1.9455814086176861,-1.0415197830305205,0.12472751063394746,3.6726207487849782,-4.106588167630166,0.08824531444973853,0.11525550564996284,eligible,none,eligible,none,eligible,none,eligible,none,eligible,none,0.2824715433885451,0.10750511163694344,0.749046443003869,0.38095238095238093,1.3485886326567549,0.5757578446749897,5.1805560445264565,0.9944903581267218,0.39970175229874755,24.365429675187904
SYN_A047_8C-2ML4_V003,msc_x10_causal_angle_halfgaussian_v1,464,47,3,local_same_tissue_variant,False,250811::8C-2ML4_Raw.csv,8C-2ML4,DRG,250811::5C-1FT7_Raw.csv,0.35,123,False,846,11.76388,0.96181,7.690975,6.729165,4.19792,3.23611,0.96181,7.440975,467,-0.3840792605313305,0.2,causal_half_gaussian,3.0,0.9403448679781066,4.6000955162444255,28.1728446433893,24.87800309253461,-0.35525125184870604,-0.5043056681627393,2.051251995639389,0.39415699389644754,0.13441704399680762,3.582572493398004,1.560647734182718,0.09157982431370915,0.07894251796277142,eligible,none,eligible,none,eligible,none,eligible,none,eligible,none,0.28632931332125033,0.11059365164919921,0.7592763189459046,0.38509316770186336,1.2458109746023796,0.45821584184174724,4.785739267354803,0.9944903581267218,0.42882558310341634,22.1538057521485
SYN_A047_8C-2ML4_V004,msc_x10_causal_angle_halfgaussian_v1,465,47,4,local_same_tissue_variant,False,250811::8C-2ML4_Raw.csv,8C-2ML4,DRG,250811::2D-1FL2_Raw.csv,0.07777777777777778,123,False,846,11.76388,0.96181,7.690975,6.729165,4.19792,3.23611,0.96181,7.440975,467,-0.3840792605313305,0.2,causal_half_gaussian,3.0,0.8501973044207612,4.421174761937593,27.03594522928417,24.71264418656836,-0.35629618681198494,-0.4466260342042485,1.8544562661332706,-0.7700202966649092,0.16949566669910276,3.3962737325656778,-3.0285972285699803,0.0909381358088188,0.10554321450247041,eligible,none,eligible,none,eligible,none,eligible,none,eligible,none,0.25797604273019165,0.09936388637839079,0.6840902799241064,0.3416149068322981,1.3903022829822596,0.5733359523667977,5.340797572669351,0.9944903581267218,0.39815379991491334,22.619649154006296
SYN_A047_8C-2ML4_V005,msc_x10_causal_angle_halfgaussian_v1,466,47,5,local_same_tissue_variant,False,250811::8C-2ML4_Raw.csv,8C-2ML4,DRG,250625 to 250728::4D-T7m1_Raw.csv,0.19444444444444445,123,False,846,11.76388,0.96181,7.690975,6.729165,4.19792,3.23611,0.96181,7.440975,467,-0.3840792605313305,0.2,causal_half_gaussian,3.0,0.8985911046448083,4.008055053283707,27.730873943699983,24.611081476290103,-0.3718136814149136,-0.4558264351373971,1.6285591703569824,-0.10378835656810237,0.16731990081731724,3.0288570586012553,-0.4065364261768713,0.08192135219845369,0.1007658076830695,eligible,none,eligible,none,eligible,none,eligible,none,eligible,none,0.2588596199266278,0.09564618187370505,0.6864333136618428,0.3498964803312629,1.2307088205394652,0.4983455017127016,4.727724870954418,0.9944903581267218,0.37010188153554496,21.701588700138313
SYN_A047_8C-2ML4_V006,msc_x10_causal_angle_halfgaussian_v1,467,47,6,local_same_tissue_variant,False,250811::8C-2ML4_Raw.csv,8C-2ML4,DRG,250811::5C-1FT7_Raw.csv,0.27222222222222225,123,False,846,11.76388,0.96181,7.690975,6.729165,4.19792,3.23611,0.96181,7.440975,467,-0.3840792605313305,0.2,causal_half_gaussian,3.0,0.9224534862463551,4.554617677620527,27.955643393552645,24.83112612787984,-0.3557791010449809,-0.49330661324469216,1.9821165060576325,0.17994116051991682,0.14124149700308689,3.5534960178677824,0.7111268304249327,0.0912551112414463,0.08343743534308126,eligible,none,eligible,none,eligible,none,eligible,none,eligible,none,0.2803856650482527,0.10814497318453734,0.7435151964485808,0.37681159420289856,1.269142917971926,0.47709233815908386,4.875368111411964,0.9944903581267218,0.4217964199249414,22.34019640828288
SYN_A047_8C-2ML4_V007,msc_x10_causal_angle_halfgaussian_v1,468,47,7,local_same_tissue_variant,False,250811::8C-2ML4_Raw.csv,8C-2ML4,DRG,250811::8D-2MT7_Raw.csv,0.11666666666666667,123,False,846,11.76388,0.96181,7.690975,6.729165,4.19792,3.23611,0.96181,7.440975,467,-0.3840792605313305,0.2,causal_half_gaussian,3.0,0.8185121298075363,4.32317424118727,26.929854242743428,24.746215728048906,-0.32999859378880547,-0.46906958812535415,1.706149192390602,-0.8387041807851716,0.16412756323888825,3.4790195718814507,-3.3032217856141566,0.10854233612874145,0.09426628415680882,eligible,none,eligible,none,eligible,none,eligible,none,eligible,none,0.2712145820269664,0.11208427133722153,0.7191956949753353,0.35196687370600416,1.2827044276139632,0.5059352204028605,4.927464176177505,0.9944903581267218,0.4237643816051864,21.7704028081786
SYN_A047_8C-2ML4_V008,msc_x10_causal_angle_halfgaussian_v1,469,47,8,local_same_tissue_variant,False,250811::8C-2ML4_Raw.csv,8C-2ML4,DRG,250625 to 250728::4D-T7m1_Raw.csv,0.3111111111111111,123,False,846,11.76388,0.96181,7.690975,6.729165,4.19792,3.23611,0.96181,7.440975,467,-0.3840792605313305,0.2,causal_half_gaussian,3.0,0.9218455773205583,3.7756209397918012,28.052134898445367,24.577496311111275,-0.380325946324696,-0.45643634360091906,1.5616092970582809,0.17582718326980062,0.16863559179266893,2.775134281654805,0.687770889594598,0.07736072573590427,0.10045685916594733,eligible,none,eligible,none,eligible,none,eligible,none,eligible,none,0.2580989681467788,0.09321598070913505,0.6844162484975946,0.35196687370600416,1.1575077548562318,0.4681378945518073,4.446525538476007,0.9944903581267218,0.3537722209679847,20.80148392029306
SYN_A047_8C-2ML4_V009,msc_x10_causal_angle_halfgaussian_v1,470,47,9,local_same_tissue_variant,False,250811::8C-2ML4_Raw.csv,8C-2ML4,DRG,250625 to 250728::5D-T10_Raw.csv,0.03888888888888889,123,False,846,11.76388,0.96181,7.690975,6.729165,4.19792,3.23611,0.96181,7.440975,467,-0.3840792605313305,0.2,causal_half_gaussian,3.0,0.8740196120152139,4.345975786988846,27.121442356235512,24.684855556019258,-0.3581493339551009,-0.450531807153313,1.774382145204185,-0.6484318440867036,0.15839382054321158,3.4885437527241683,-2.5475050673602526,0.0898111665025424,0.10348803803967102,eligible,none,eligible,none,eligible,none,eligible,none,eligible,none,0.2635645214458049,0.10101387914445643,0.6989095783692421,0.3498964803312629,1.3528981019975839,0.5536060315375544,5.197110720208656,0.9944903581267218,0.397874940559843,23.25046433451699
SYN_A048_8D-2MT7_V000,msc_x10_causal_angle_halfgaussian_v1,471,48,0,anchor_exact_fit,True,250811::8D-2MT7_Raw.csv,8D-2MT7,DRG,250811::8D-2MT7_Raw.csv,0.0,123,False,846,11.76389,0.95833,7.6875,6.72917,4.19444,3.23611,0.95833,7.4375,467,-1.9411781702397115,0.2,causal_half_gaussian,3.0,0.505649189805036,3.775979517440202,24.91899807871649,25.34556226410894,-0.1208153208621933,-0.5770356389786149,1.4487728628282042,-2.8745850376170647,0.1565597743578404,3.685653082392956,-11.5957067144187,0.44353133196296834,0.054737137342066595,eligible,none,eligible,none,eligible,none,eligible,none,eligible,none,0.3374598234554943,0.2441861400713375,1.259967718820755,0.7846790890269151,0.8538420751155997,0.2740507141839468,1.456578500020857,0.6308539944903582,0.48380447467530213,12.995737087832923
SYN_A048_8D-2MT7_V001,msc_x10_causal_angle_halfgaussian_v1,472,48,1,local_same_tissue_variant,False,250811::8D-2MT7_Raw.csv,8D-2MT7,DRG,250811::8A-1FT5_Raw.csv,0.27222222222222225,123,False,846,11.76389,0.95833,7.6875,6.72917,4.19444,3.23611,0.95833,7.4375,467,-1.9411781702397115,0.2,causal_half_gaussian,3.0,0.3989130759558279,3.400335802209391,24.833175468578368,25.43614303036894,-0.09460998662757165,-0.5380573129983719,1.298998579714951,-2.8482887309016074,0.16768394615551685,2.7487368745323146,-11.53069279497705,0.5290635702627902,0.06660551381157113,eligible,none,eligible,none,eligible,none,eligible,none,eligible,none,0.2906332470453866,0.22558980273273993,1.085132166382287,0.629399585921325,0.8501255040828745,0.2946286632838056,1.4502383609976837,0.6391184573002755,0.4509925335774331,10.39729005998225
SYN_A048_8D-2MT7_V002,msc_x10_causal_angle_halfgaussian_v1,473,48,2,local_same_tissue_variant,False,250811::8D-2MT7_Raw.csv,8D-2MT7,DRG,250625 to 250728::3A-L5m2_Raw.csv,0.35,123,False,846,11.76389,0.95833,7.6875,6.72917,4.19444,3.23611,0.95833,7.4375,467,-1.9411781702397115,0.2,causal_half_gaussian,3.0,0.7684589502632406,3.771820806907012,24.79140193270977,24.921659901067535,-0.13668595214268214,-0.5648479583523922,1.3617866646038106,2.9227552313515295,0.12111380858330224,2.701433154929036,11.59283202527499,0.3986055256800154,0.058201083191743316,eligible,none,eligible,none,eligible,none,eligible,none,eligible,none,0.48632047811045337,0.3372600517189169,1.8157660877857322,1.0,0.880107892511149,0.29162241979109366,1.5013856441272788,0.6446280991735537,0.6212994502452867,7.417364129237006
SYN_A048_8D-2MT7_V003,msc_x10_causal_angle_halfgaussian_v1,474,48,3,local_same_tissue_variant,False,250811::8D-2MT7_Raw.csv,8D-2MT7,DRG,250811::2D-1FL2_Raw.csv,0.03888888888888889,123,False,846,11.76389,0.95833,7.6875,6.72917,4.19444,3.23611,0.95833,7.4375,467,-1.9411781702397115,0.2,causal_half_gaussian,3.0,0.5146048570487004,3.8129346109404283,24.927779442590044,25.341969656112127,-0.12935945413326014,-0.5681904732003665,1.5172608830110579,-2.8850580829714723,0.15907723954025166,3.648828699129977,-11.636304011476508,0.4187497646093643,0.057229834223803226,eligible,none,eligible,none,eligible,none,eligible,none,eligible,none,0.33375376569698334,0.23604173362777428,1.246130477124856,0.7536231884057971,0.8820724164739598,0.2880865530272216,1.5047369469623126,0.6446280991735537,0.4701513237036122,13.239517415562856
SYN_A048_8D-2MT7_V004,msc_x10_causal_angle_halfgaussian_v1,475,48,4,local_same_tissue_variant,False,250811::8D-2MT7_Raw.csv,8D-2MT7,DRG,250811::5C-1FT7_Raw.csv,0.3111111111111111,123,False,846,11.76389,0.95833,7.6875,6.72917,4.19444,3.23611,0.95833,7.4375,467,-1.9411781702397115,0.2,causal_half_gaussian,3.0,0.6874054377392118,4.150613541934763,26.49602914841223,25.32197951883266,-0.1923785359254604,-0.5830060797339316,1.8159630881709172,3.027734639467612,0.13192734709585963,3.729182402195325,12.202128503428478,0.2740217290616929,0.05311625007581773,eligible,none,eligible,none,eligible,none,eligible,none,eligible,none,0.3610401128789588,0.21569034319814062,1.3480090245080203,0.7308488612836439,0.9242294931024219,0.2931747961197816,1.576653163356821,0.6584022038567493,0.43425580572706896,14.64955174318037
SYN_A048_8D-2MT7_V005,msc_x10_causal_angle_halfgaussian_v1,476,48,5,local_same_tissue_variant,False,250811::8D-2MT7_Raw.csv,8D-2MT7,DRG,250811::8C-2ML4_Raw.csv,0.23333333333333334,123,False,846,11.76389,0.95833,7.6875,6.72917,4.19444,3.23611,0.95833,7.4375,467,-1.9411781702397115,0.2,causal_half_gaussian,3.0,0.5882922305604135,3.9205215199394274,25.450167631478323,25.18724431118742,-0.1760712797484682,-0.5485163047909611,1.5167590630899697,-2.3368051886426024,0.15855881293019267,3.631070645654068,-9.367491219260543,0.30580318398849293,0.06318893893125162,eligible,none,eligible,none,eligible,none,eligible,none,eligible,none,0.32631812381774017,0.20364829895728598,1.2183681537744036,0.6666666666666666,0.9541186571099272,0.321469526337833,1.6276414139311854,0.6776859504132231,0.4135773497352097,14.977326454557048
SYN_A048_8D-2MT7_V006,msc_x10_causal_angle_halfgaussian_v1,477,48,6,local_same_tissue_variant,False,250811::8D-2MT7_Raw.csv,8D-2MT7,DRG,250811::8A-1FT5_Raw.csv,0.11666666666666667,123,False,846,11.76389,0.95833,7.6875,6.72917,4.19444,3.23611,0.95833,7.4375,467,-1.9411781702397115,0.2,causal_half_gaussian,3.0,0.4599051410125183,3.6149893537698548,24.882216960085866,25.384382592506082,-0.10958446333306975,-0.5603306421299393,1.3845838843510956,-2.8633151918818687,0.1613272765568446,3.2841175647383953,-11.567936446281683,0.47835005440321154,0.059539942415920345,eligible,none,eligible,none,eligible,none,eligible,none,eligible,none,0.31868904595998687,0.2376440171470528,1.1898836019640244,0.7370600414078675,0.8533876733594354,0.28306599817144595,1.4558033311135261,0.6363636363636364,0.47207612802283366,11.867602717538539
SYN_A048_8D-2MT7_V007,msc_x10_causal_angle_halfgaussian_v1,478,48,7,local_same_tissue_variant,False,250811::8D-2MT7_Raw.csv,8D-2MT7,DRG,250625 to 250728::3A-L5m2_Raw.csv,0.15555555555555556,123,False,846,11.76389,0.95833,7.6875,6.72917,4.19444,3.23611,0.95833,7.4375,467,-1.9411781702397115,0.2,causal_half_gaussian,3.0,0.6224535277864603,3.774131201647673,24.862288680491282,25.157161213868314,-0.1278689347646328,-0.571618892033627,1.4101123302840293,-3.090516165710839,0.140806011791379,3.2482220035201026,-12.374076143514817,0.42297094097675214,0.05625045955301837,eligible,none,eligible,none,eligible,none,eligible,none,eligible,none,0.4057195822602687,0.28808588173478483,1.5148279617611986,0.9834368530020704,0.8654177105052014,0.28074508588858027,1.476325502568479,0.6391184573002755,0.5491831015382619,10.089853994526992
SYN_A048_8D-2MT7_V008,msc_x10_causal_angle_halfgaussian_v1,479,48,8,local_same_tissue_variant,False,250811::8D-2MT7_Raw.csv,8D-2MT7,DRG,250811::2D-1FL2_Raw.csv,0.19444444444444445,123,False,846,11.76389,0.95833,7.6875,6.72917,4.19444,3.23611,0.95833,7.4375,467,-1.9411781702397115,0.2,causal_half_gaussian,3.0,0.5504275260233578,3.9607549849413317,24.962904898084254,25.32759922412488,-0.16353598721752743,-0.532809810087373,1.791212963742473,-2.926950264389102,0.1691471002698966,3.5015311660780606,-11.798573433873525,0.3327175127419424,0.06838866345559781,eligible,none,eligible,none,eligible,none,eligible,none,eligible,none,0.31839817870877296,0.2054887030072687,1.1887975961004555,0.6583850931677019,1.0037156793304776,0.34888058981089304,1.7122495145822687,0.7024793388429752,0.42018550405061367,14.215864454739988
SYN_A048_8D-2MT7_V009,msc_x10_causal_angle_halfgaussian_v1,480,48,9,local_same_tissue_variant,False,250811::8D-2MT7_Raw.csv,8D-2MT7,DRG,250811::8C-2ML4_Raw.csv,0.07777777777777778,123,False,846,11.76389,0.95833,7.6875,6.72917,4.19444,3.23611,0.95833,7.4375,467,-1.9411781702397115,0.2,causal_half_gaussian,3.0,0.5331968700568285,3.824160184939944,25.09605459630377,25.2927896131351,-0.13923397382428493,-0.567529194249397,1.471434929582126,-2.695325087958911,0.1572261205486245,3.6674589368133264,-10.849956997265604,0.3918292661365729,0.05742069015912318,eligible,none,eligible,none,eligible,none,eligible,none,eligible,none,0.3345688152007591,0.230443576890873,1.2491736129076072,0.7391304347826086,0.886177812597802,0.28980456142144134,1.5117403869453423,0.6473829201101928,0.45945702641347724,13.61685163993166
SYN_A049_2A-M1SCn_V000,msc_x10_causal_angle_halfgaussian_v1,481,49,0,anchor_exact_fit,True,251003::2A- M1SCn_Raw.csv,2A- M1SCn,SCN,251003::2A- M1SCn_Raw.csv,0.0,123,False,938,13.04166,0.95278,7.709725,6.756945,4.20278,3.25,0.95278,7.459725,469,1.2777885016764,0.2,causal_half_gaussian,3.0,1.5299840259716355,1.3379299884357547,24.23428219348293,29.909648073838223,-0.2850347945833131,-1.3999999998693922,0.716464669845325,-1.2027556737902254,-0.0337144698054164,0.0674334671172597,-5.725439751199367,0.14573513770710295,0.0001509440983677095,eligible,none,eligible,none,eligible,none,difficult,fit_post_envelope_log_rate_per_day_at_bound,eligible,none,0.5869732660110987,0.27275000914281666,5.139160972775547,1.0,0.01635788287523227,0.0004863604030589384,0.09401716328607965,0.23178807947019867,1.4212268050324175,0.27270440231903464
SYN_A049_2A-M1SCn_V001,msc_x10_causal_angle_halfgaussian_v1,482,49,1,local_same_tissue_variant,False,251003::2A- M1SCn_Raw.csv,2A- M1SCn,SCN,250728::6B-SCNrM2_Raw.csv,0.11666666666666667,123,False,938,13.04166,0.95278,7.709725,6.756945,4.20278,3.25,0.95278,7.459725,469,1.2777885016764,0.2,causal_half_gaussian,3.0,1.5796268822583244,1.3859723557575476,24.167755791340948,29.556391519068093,-0.30771796486371766,-1.3999999998682964,0.6746255118632208,-1.2596620096223436,-0.03228265623241227,0.20254581377503972,-5.925507798656107,0.12502602490677753,0.0001509440983687488,eligible,none,eligible,none,eligible,none,difficult,fit_post_envelope_log_rate_per_day_at_bound,eligible,none,0.5615327052965217,0.2454895301862692,4.916419760661452,1.0,0.016945261456002197,0.0005038246241621889,0.09739312999034105,0.23620309050772628,1.2791830761167011,0.9100612354782984
SYN_A049_2A-M1SCn_V002,msc_x10_causal_angle_halfgaussian_v1,483,49,2,local_same_tissue_variant,False,251003::2A- M1SCn_Raw.csv,2A- M1SCn,SCN,250728::7B-SCNcM2_Raw.csv,0.3111111111111111,123,False,938,13.04166,0.95278,7.709725,6.756945,4.20278,3.25,0.95278,7.459725,469,1.2777885016764,0.2,causal_half_gaussian,3.0,1.617129183665861,1.3213038772800707,24.088871438106626,29.864558648073306,-0.3297156474753019,-1.3999999999100257,0.6163920477484459,-1.2229075544714882,-0.03549601069254666,-0.1349964770521021,-5.812592275442466,0.10775765638018814,0.0001509440983291628,eligible,none,eligible,none,eligible,none,difficult,fit_post_envelope_log_rate_per_day_at_bound,eligible,none,0.5338939306293807,0.22000110653939206,4.674432398834956,1.0,0.016154607678421667,0.00048031652756426484,0.09284883621610844,0.22958057395143489,1.1398933432383793,0.6806725968107663
SYN_A049_2A-M1SCn_V003,msc_x10_causal_angle_halfgaussian_v1,484,49,3,local_same_tissue_variant,False,251003::2A- M1SCn_Raw.csv,2A- M1SCn,SCN,250625 to 250728::7B-SCNcm2_Raw.csv,0.23333333333333334,123,False,938,13.04166,0.95278,7.709725,6.756945,4.20278,3.25,0.95278,7.459725,469,1.2777885016764,0.2,causal_half_gaussian,3.0,1.5675882476924132,1.4238140777412343,24.169233918504514,29.171878710560264,-0.2992682357642438,-1.398110663913559,0.5703800691589627,-1.262106983701437,-0.028332694791233185,0.30234771684911566,-5.8597717635700866,0.13237201706286628,0.0001527470823127022,eligible,none,eligible,none,eligible,none,difficult,fit_post_envelope_log_rate_per_day_at_bound,eligible,none,0.5733062888298396,0.2563963815977967,5.019501697280686,1.0,0.017511697035051912,0.0005231421904249294,0.10064872649587638,0.23841059602649006,1.3399664652142733,1.2968591571957662
SYN_A049_2A-M1SCn_V004,msc_x10_causal_angle_halfgaussian_v1,485,49,4,local_same_tissue_variant,False,251003::2A- M1SCn_Raw.csv,2A- M1SCn,SCN,250728::6A-SCNrM1_Raw.csv,0.07777777777777778,123,False,938,13.04166,0.95278,7.709725,6.756945,4.20278,3.25,0.95278,7.459725,469,1.2777885016764,0.2,causal_half_gaussian,3.0,1.5407873575155904,1.349659620433637,24.238779711719136,29.916675443495944,-0.28972928990066277,-1.3999999998686616,0.6090898914337215,-1.1164991076418298,-0.02790964264851646,0.05511031826844996,-5.316084088448924,0.14118490330423786,0.00015094409836840237,eligible,none,eligible,none,eligible,none,difficult,fit_post_envelope_log_rate_per_day_at_bound,eligible,none,0.5818640458743685,0.2669844225800536,5.094427922314086,1.0,0.016501292431860857,0.0004906243246379782,0.09484141174201821,0.23178807947019867,1.3910897024720363,0.2276972746507447
SYN_A049_2A-M1SCn_V005,msc_x10_causal_angle_halfgaussian_v1,486,49,5,local_same_tissue_variant,False,251003::2A- M1SCn_Raw.csv,2A- M1SCn,SCN,250625 to 250728::1C-SCN_Raw.csv,0.27222222222222225,123,False,938,13.04166,0.95278,7.709725,6.756945,4.20278,3.25,0.95278,7.459725,469,1.2777885016764,0.2,causal_half_gaussian,3.0,1.652031302627311,1.2601207330747333,24.246868473027614,28.720452585959762,-0.3083103258898393,-1.1547050321208698,0.6206240463873707,-1.014549011030347,-0.014017783189053099,0.5183832980208994,-4.637505555364423,0.1245266020310386,0.0007052261433028893,eligible,none,eligible,none,eligible,none,difficult,fit_post_envelope_log_rate_per_day_at_bound,eligible,none,0.5861032583083643,0.25582343047000816,5.131543744034805,1.0,0.0333297806297968,0.0018347119641248094,0.19156338577930587,0.271523178807947,1.3175854561536304,2.261269146890835
SYN_A049_2A-M1SCn_V006,msc_x10_causal_angle_halfgaussian_v1,487,49,6,local_same_tissue_variant,False,251003::2A- M1SCn_Raw.csv,2A- M1SCn,SCN,250728::7B-SCNcM2_Raw.csv,0.15555555555555556,123,False,938,13.04166,0.95278,7.709725,6.756945,4.20278,3.25,0.95278,7.459725,469,1.2777885016764,0.2,causal_half_gaussian,3.0,1.5735566048187482,1.3296169328579128,24.161576815794778,29.887103360955763,-0.30737522102930753,-1.3999999998897088,0.6664283587968854,-1.2128316141308568,-0.034605240248981525,-0.0337815049674212,-5.769052166827601,0.1253159083738429,0.0001509440983484363,eligible,none,eligible,none,eligible,none,difficult,fit_post_envelope_log_rate_per_day_at_bound,eligible,none,0.5600195873520369,0.24505376481814853,4.903171871638589,1.0,0.016256245276820472,0.00048333846531125474,0.0934329997510567,0.23178807947019867,1.2725852028373652,0.15257106350813202
SYN_A049_2A-M1SCn_V007,msc_x10_causal_angle_halfgaussian_v1,488,49,7,local_same_tissue_variant,False,251003::2A- M1SCn_Raw.csv,2A- M1SCn,SCN,250728::6A-SCNrM1_Raw.csv,0.35,123,False,938,13.04166,0.95278,7.709725,6.756945,4.20278,3.25,0.95278,7.459725,469,1.2777885016764,0.2,causal_half_gaussian,3.0,1.5785990179194327,1.3907133324262255,24.254521025545863,29.941271237297972,-0.3061600235113867,-1.3999999998661048,0.2332781669931095,-0.8146011261224446,-0.007592747599366685,0.011979297297615897,-3.88181982147982,0.12634911619530123,0.00015094409837082786,eligible,none,eligible,none,eligible,none,difficult,fit_post_envelope_log_rate_per_day_at_bound,eligible,none,0.5641135260293233,0.2476530811723564,4.939015769637939,1.0,0.01700322588006613,0.0005055480501648953,0.0977262813378332,0.23620309050772628,1.2908827418249287,0.05333651035206174
SYN_A049_2A-M1SCn_V008,msc_x10_causal_angle_halfgaussian_v1,489,49,8,local_same_tissue_variant,False,251003::2A- M1SCn_Raw.csv,2A- M1SCn,SCN,250625 to 250728::7B-SCNcm2_Raw.csv,0.19444444444444445,123,False,938,13.04166,0.95278,7.709725,6.756945,4.20278,3.25,0.95278,7.459725,469,1.2777885016764,0.2,causal_half_gaussian,3.0,1.561320877405617,1.4095000628569876,24.18007529766758,29.29484027110659,-0.29689599556742197,-1.398425553239531,0.5947275026066897,-1.252215098716235,-0.029229657293597052,0.26319534189380633,-5.838351012828339,0.13451091742755236,0.00015244509632677186,eligible,none,eligible,none,eligible,none,difficult,fit_post_envelope_log_rate_per_day_at_bound,eligible,none,0.5755852553846307,0.2590628011505217,5.039454864920217,1.0,0.017318482864584123,0.000516961209006956,0.09953822531717194,0.23841059602649006,1.3531323764992904,1.1179386274151892
SYN_A049_2A-M1SCn_V009,msc_x10_causal_angle_halfgaussian_v1,490,49,9,local_same_tissue_variant,False,251003::2A- M1SCn_Raw.csv,2A- M1SCn,SCN,250625 to 250728::1C-SCN_Raw.csv,0.03888888888888889,123,False,938,13.04166,0.95278,7.709725,6.756945,4.20278,3.25,0.95278,7.459725,469,1.2777885016764,0.2,causal_half_gaussian,3.0,1.5474193512081607,1.3268143805270374,24.236080233417884,29.7397630041413,-0.28835987048424544,-1.3649578616196032,0.7027731522084744,-1.1758690076816714,-0.030900657431650214,0.13185487153206538,-5.5656588024562295,0.1424973629485078,0.0001881311659303688,eligible,none,eligible,none,eligible,none,difficult,fit_post_envelope_log_rate_per_day_at_bound,eligible,none,0.587064469965923,0.2703643049182406,5.139959496034334,1.0,0.018112529401378634,0.0005880646480340304,0.10410201902299375,0.23620309050772628,1.4064317448385104,0.538837197490097
SYN_A050_2B-1MT7_V000,msc_x10_causal_angle_halfgaussian_v1,491,50,0,anchor_exact_fit,True,251003::2B- 1MT7_Raw.csv,2B- 1MT7,DRG,251003::2B- 1MT7_Raw.csv,0.0,123,False,938,13.04167,0.95972,7.716665,6.756945,4.20972,3.25,0.95972,7.466665,469,-0.1247656323236903,0.2,causal_half_gaussian,3.0,0.315390935685901,1.8933459573076072,25.04280258103327,24.47426197830999,0.1199973009061171,-0.3158489244121089,2.2105378182305264,1.169524464067269,-0.2913757190257808,-5.999999999999989,4.5555314262207265,2.2497411437396875,0.13737736764864344,eligible,none,eligible,none,difficult,fit_pre_envelope_log_rate_per_day_at_bound,eligible,none,eligible,none,0.472074618464734,0.34188641910325446,1.0922252409676976,0.6082474226804123,0.7009890662057687,0.3171458638336456,2.5656634846382254,0.9735099337748344,1.687536874969586,8.226205164423863
SYN_A050_2B-1MT7_V001,msc_x10_causal_angle_halfgaussian_v1,492,50,1,local_same_tissue_variant,False,251003::2B- 1MT7_Raw.csv,2B- 1MT7,DRG,250625 to 250728::5B-T12m2_Raw.csv,0.3111111111111111,123,False,938,13.04167,0.95972,7.716665,6.756945,4.20972,3.25,0.95972,7.466665,469,-0.1247656323236903,0.2,causal_half_gaussian,3.0,0.4396076280610983,2.627331135295763,24.740313721392052,24.271793249541613,0.0889597032549617,-0.3685344456495975,2.8522195453793056,1.0579542085914717,-0.2379151874802996,-4.5161752273750855,4.086851582918097,1.8241166128828326,0.09865388714093505,eligible,none,eligible,none,difficult,fit_pre_envelope_log_rate_per_day_at_bound,eligible,none,eligible,none,0.592817101863707,0.46669866076687594,1.3715835942178063,1.0,0.8199606335190763,0.3266685682657462,3.0011068042011178,0.9757174392935982,1.9260301640475035,5.425118859856329
SYN_A050_2B-1MT7_V002,msc_x10_causal_angle_halfgaussian_v1,493,50,2,local_same_tissue_variant,False,251003::2B- 1MT7_Raw.csv,2B- 1MT7,DRG,250811::4A-2MT10_Raw.csv,0.35,123,False,938,13.04167,0.95972,7.716665,6.756945,4.20972,3.25,0.95972,7.466665,469,-0.1247656323236903,0.2,causal_half_gaussian,3.0,0.5207211113396343,2.2217399046905846,25.851285248150717,24.527383383529695,-0.04286134051386317,-0.3767258997700757,2.1692869261446863,0.6398374271032705,-0.16104132198920443,-4.6847462908930915,2.497704127834757,0.7485541594103594,0.09370359902102147,eligible,none,eligible,none,difficult,fit_pre_envelope_log_rate_per_day_at_bound,eligible,none,eligible,none,0.4508582205753343,0.40177947340495823,1.043137481552504,0.6453608247422681,0.6651399681031757,0.26373100230757995,2.4344535608417286,0.8852097130242825,0.9729030958782674,11.140842858942536
SYN_A050_2B-1MT7_V003,msc_x10_causal_angle_halfgaussian_v1,494,50,3,local_same_tissue_variant,False,251003::2B- 1MT7_Raw.csv,2B- 1MT7,DRG,250625 to 250728::4C-T5m1_Raw.csv,0.07777777777777778,123,False,938,13.04167,0.95972,7.716665,6.756945,4.20972,3.25,0.95972,7.466665,469,-0.1247656323236903,0.2,causal_half_gaussian,3.0,0.37445840874604963,1.9569727636593404,25.14173638035049,24.540529688757303,0.08352516780120858,-0.31213925158962996,2.2728801817159483,0.9979945828722245,-0.2697612171620173,-5.488711201232682,3.8979139549185944,1.7583484097954933,0.14061784913012143,eligible,none,eligible,none,difficult,fit_pre_envelope_log_rate_per_day_at_bound,eligible,none,eligible,none,0.4958225077728662,0.3960849425663542,1.1471700380559287,0.7443298969072165,0.7267221656681453,0.3347554790920957,2.6598482256278984,1.0,1.5737438637195424,8.069337651129
SYN_A050_2B-1MT7_V004,msc_x10_causal_angle_halfgaussian_v1,495,50,4,local_same_tissue_variant,False,251003::2B- 1MT7_Raw.csv,2B- 1MT7,DRG,250625 to 250728::6B-T5_Raw.csv,0.23333333333333334,123,False,938,13.04167,0.95972,7.716665,6.756945,4.20972,3.25,0.95972,7.466665,469,-0.1247656323236903,0.2,causal_half_gaussian,3.0,0.3872802085216331,2.0173750230814025,24.927640201774224,24.74499930518494,0.05271160311571331,-0.31405490521123,2.4906953957252314,1.4517676592482882,-0.18140228146489465,-5.372114797391703,5.717480539423167,1.427849409914575,0.1389350509847317,eligible,none,eligible,none,difficult,fit_pre_envelope_log_rate_per_day_at_bound,eligible,none,eligible,none,0.46234805831066345,0.4012491911049004,1.0697211831502782,0.6907216494845361,0.7413707749181973,0.341368323378147,2.7134630445537042,1.0,1.3362396409682722,9.301703483012867
SYN_A050_2B-1MT7_V005,msc_x10_causal_angle_halfgaussian_v1,496,50,5,local_same_tissue_variant,False,251003::2B- 1MT7_Raw.csv,2B- 1MT7,DRG,250625 to 250728::6A-T7_Raw.csv,0.19444444444444445,123,False,938,13.04167,0.95972,7.716665,6.756945,4.20972,3.25,0.95972,7.466665,469,-0.1247656323236903,0.2,causal_half_gaussian,3.0,0.4996388407934026,1.8060147999782747,25.095739164550483,24.62269811258716,0.00981094612615166,-0.32718613893270315,2.0838557992733984,1.5534667422533968,-0.250492713604513,-4.958255242131144,6.087762934310089,1.0685387098867618,0.12792963318035863,eligible,none,eligible,none,difficult,fit_pre_envelope_log_rate_per_day_at_bound,eligible,none,eligible,none,0.5163894289731076,0.5029449366920944,1.1947551222465447,1.0,0.6364911253812247,0.2837248514295261,2.32959701857538,0.9183222958057395,1.2845694169679578,8.930440052148176
SYN_A050_2B-1MT7_V006,msc_x10_causal_angle_halfgaussian_v1,497,50,6,local_same_tissue_variant,False,251003::2B- 1MT7_Raw.csv,2B- 1MT7,DRG,250811::4A-2MT10_Raw.csv,0.15555555555555556,123,False,938,13.04167,0.95972,7.716665,6.756945,4.20972,3.25,0.95972,7.466665,469,-0.1247656323236903,0.2,causal_half_gaussian,3.0,0.40664879153200467,2.0392988228111526,25.402128210863246,24.49787149174097,0.04761568249723698,-0.3429053579045386,2.1922040884145977,0.9341080031943809,-0.23344932034285795,-5.41544279595248,3.6420472583411336,1.3795212901203409,0.11589555568875545,eligible,none,eligible,none,difficult,fit_pre_envelope_log_rate_per_day_at_bound,eligible,none,eligible,none,0.47722660426864033,0.41987558664443536,1.1041452398747222,0.8082474226804124,0.6835834703128146,0.29311519664305863,2.5019579235049614,0.9315673289183223,1.3552508602112812,9.245189959821781
SYN_A050_2B-1MT7_V007,msc_x10_causal_angle_halfgaussian_v1,498,50,7,local_same_tissue_variant,False,251003::2B- 1MT7_Raw.csv,2B- 1MT7,DRG,250625 to 250728::6A-T7_Raw.csv,0.11666666666666667,123,False,938,13.04167,0.95972,7.716665,6.756945,4.20972,3.25,0.95972,7.466665,469,-0.1247656323236903,0.2,causal_half_gaussian,3.0,0.42593967875040195,1.8409472629100079,25.074564531143597,24.563323658876293,0.053885488038137835,-0.3226512531244654,2.1345286068562497,1.3998898309789451,-0.2668459157730201,-5.374953145278682,5.472693438758488,1.4392199694957304,0.1316281474197943,eligible,none,eligible,none,difficult,fit_pre_envelope_log_rate_per_day_at_bound,eligible,none,eligible,none,0.5105113088034194,0.4416514650370595,1.1811550874900598,0.9587628865979382,0.6612054961141316,0.2967280624599225,2.4200531491944246,0.9403973509933775,1.4659350779917601,8.483235111667936
SYN_A050_2B-1MT7_V008,msc_x10_causal_angle_halfgaussian_v1,499,50,8,local_same_tissue_variant,False,251003::2B- 1MT7_Raw.csv,2B- 1MT7,DRG,250625 to 250728::6B-T5_Raw.csv,0.03888888888888889,123,False,938,13.04167,0.95972,7.716665,6.756945,4.20972,3.25,0.95972,7.466665,469,-0.1247656323236903,0.2,causal_half_gaussian,3.0,0.327372481158523,1.9140174682699065,25.023608851156762,24.519384866122483,0.1087830179410498,-0.3155499212119624,2.257230747812977,1.2165649965974392,-0.2730468127656331,-5.895352466231942,4.747500496625575,2.085567226147476,0.1376357634322282,eligible,none,eligible,none,difficult,fit_pre_envelope_log_rate_per_day_at_bound,eligible,none,eligible,none,0.4718826341362659,0.35220931922949855,1.0917810524406697,0.6206185567010309,0.7062072317039058,0.32115120524265556,2.5847622941928945,0.9801324503311258,1.6274050950939378,8.381382520083099
SYN_A050_2B-1MT7_V009,msc_x10_causal_angle_halfgaussian_v1,500,50,9,local_same_tissue_variant,False,251003::2B- 1MT7_Raw.csv,2B- 1MT7,DRG,250625 to 250728::4C-T5m1_Raw.csv,0.27222222222222225,123,False,938,13.04167,0.95972,7.716665,6.756945,4.20972,3.25,0.95972,7.466665,469,-0.1247656323236903,0.2,causal_half_gaussian,3.0,0.5221270913964213,2.116039779538673,25.389070878643544,24.706198964875583,-0.007655164961062694,-0.30286506953343273,2.4287360904295032,0.5691698798846132,-0.21572496250260853,-4.210489204314415,2.2380406767846535,0.9495894662205022,0.1490574205994,eligible,none,eligible,none,difficult,fit_pre_envelope_log_rate_per_day_at_bound,eligible,none,eligible,none,0.5088641967143388,0.49849684035572406,1.177344212412201,1.0,0.8024831620592444,0.3814620471933242,2.9371381740325915,1.0,1.210056941327857,8.050601109599288
SYN_A051_2C-M1L1_V000,msc_x10_causal_angle_halfgaussian_v1,501,51,0,anchor_exact_fit,True,251003::2C- M1L1_Raw.csv,2C- M1L1,DRG,251003::2C- M1L1_Raw.csv,0.0,123,False,937,13.04167,0.95139,7.722225,6.770835,4.208335,3.256945,0.95139,7.472225,470,0.2275693279119086,0.2,causal_half_gaussian,3.0,0.1147848590888187,1.989802765132887,25.57411747989613,29.95013482083966,0.0665402041580788,-1.3863548085809274,4.267440087273145,0.8507551785572289,0.065032900859864,5.9984367288314,4.055304921247686,1.5691479157699302,0.00016765500090382973,difficult,pre_rhythm_to_residual_below_0.35,eligible,none,difficult,pre_rhythm_to_residual_below_0.35,eligible,none,difficult,pre_rhythm_to_residual_below_0.35,0.14355360670284836,0.12003573344972734,0.38166342590128643,0.0,0.025641750589200332,0.0007950126268502758,0.04387870515428982,0.13053097345132744,0.399099064814215,25.71955817619326
SYN_A051_2C-M1L1_V001,msc_x10_causal_angle_halfgaussian_v1,502,51,1,local_same_tissue_variant,False,251003::2C- M1L1_Raw.csv,2C- M1L1,DRG,250811::8D-2MT7_Raw.csv,0.03888888888888889,123,False,937,13.04167,0.95139,7.722225,6.770835,4.208335,3.256945,0.95139,7.472225,470,0.2275693279119086,0.2,causal_half_gaussian,3.0,0.1299851386166716,2.0592651943892823,25.5486406142947,29.771068110300135,0.059254155962846,-1.3548812853186152,4.157825250766953,0.9502269320963235,0.0685922792736742,5.908495142581017,4.502377270865461,1.4936161307330882,0.00020423546596523567,difficult,pre_rhythm_to_residual_below_0.35,eligible,none,difficult,pre_rhythm_to_residual_below_0.35,eligible,none,difficult,pre_rhythm_to_residual_below_0.35,0.15863085903380245,0.1352672097997255,0.4217490490352394,0.0,0.02929232243736951,0.0009827173509915112,0.05012564079985496,0.13938053097345132,0.4259525830588361,23.736777462448387
SYN_A051_2C-M1L1_V002,msc_x10_causal_angle_halfgaussian_v1,503,51,2,local_same_tissue_variant,False,251003::2C- M1L1_Raw.csv,2C- M1L1,DRG,250625 to 250728::8D-L4-1m1_Raw.csv,0.11666666666666667,123,False,937,13.04167,0.95139,7.722225,6.770835,4.208335,3.256945,0.95139,7.472225,470,0.2275693279119086,0.2,causal_half_gaussian,3.0,0.24933602398129417,2.126485957775314,25.674017366044428,29.440146233739927,0.014336566879865412,-1.2925675906397107,4.644945311574898,0.8949310793027543,0.06293040775287816,5.75265004101909,4.193239663596435,1.1019380892625488,0.000301880870411387,difficult,pre_rhythm_to_residual_below_0.35,eligible,none,difficult,pre_rhythm_to_residual_below_0.35,eligible,none,difficult,pre_rhythm_to_residual_below_0.35,0.2616449047048122,0.25175058139997414,0.6956306636444324,0.0,0.03678311536598846,0.0014425504882828078,0.06294404386259844,0.1504424778761062,0.5632338493452115,17.477742603489656
SYN_A051_2C-M1L1_V003,msc_x10_causal_angle_halfgaussian_v1,504,51,3,local_same_tissue_variant,False,251003::2C- M1L1_Raw.csv,2C- M1L1,DRG,250811::7D-2MT12_Raw.csv,0.07777777777777778,123,False,937,13.04167,0.95139,7.722225,6.770835,4.208335,3.256945,0.95139,7.472225,470,0.2275693279119086,0.2,causal_half_gaussian,3.0,0.17282324403838306,2.612818105622551,25.519963296459487,29.579012308553445,0.04297744869912099,-1.3657834881806679,4.117396049119044,0.9847513208578427,0.06076967488666943,5.998558316588958,4.635860636998057,1.3377555057267136,0.00019073931595190756,difficult,pre_rhythm_to_residual_below_0.35,eligible,none,difficult,pre_rhythm_to_residual_below_0.35,eligible,none,difficult,pre_rhythm_to_residual_below_0.35,0.19968104010603588,0.17788900540556457,0.5308884367646449,0.0,0.03591609429100574,0.0011724666555771926,0.06146037908786402,0.16592920353982302,0.5152975299585223,19.920257874937615
SYN_A051_2C-M1L1_V004,msc_x10_causal_angle_halfgaussian_v1,505,51,4,local_same_tissue_variant,False,251003::2C- M1L1_Raw.csv,2C- M1L1,DRG,250811::4C-2MT5_Raw.csv,0.23333333333333334,123,False,937,13.04167,0.95139,7.722225,6.770835,4.208335,3.256945,0.95139,7.472225,470,0.2275693279119086,0.2,causal_half_gaussian,3.0,0.20808391559592512,3.8588452991579825,26.193998147563295,29.010820474767872,-0.11622423029673763,-1.3087729622738216,3.978513908860279,0.9013134021623292,0.07787079319843329,5.9987990824214075,4.161558194337405,0.4552379242137797,0.0002727106271167316,difficult,pre_rhythm_to_residual_below_0.35,eligible,none,difficult,pre_rhythm_to_residual_below_0.35,eligible,none,difficult,pre_rhythm_to_residual_below_0.35,0.14079416709919143,0.10300580956468508,0.37432695281023104,0.0,0.06343845460873654,0.002388916471790773,0.10855722332752628,0.2234513274336283,0.351863489395916,29.174017742770364
SYN_A051_2C-M1L1_V005,msc_x10_causal_angle_halfgaussian_v1,506,51,5,local_same_tissue_variant,False,251003::2C- M1L1_Raw.csv,2C- M1L1,DRG,250811::8A-1FT5_Raw.csv,0.27222222222222225,123,False,937,13.04167,0.95139,7.722225,6.770835,4.208335,3.256945,0.95139,7.472225,470,0.2275693279119086,0.2,causal_half_gaussian,3.0,0.11445070193458091,2.100396054696845,25.309956810547995,28.787248613322966,0.04174320102607082,-1.1270618197644993,3.3503619486165466,1.5733537600463494,0.10107272155421179,4.431929417218072,7.208529373693067,1.326622616613544,0.0008522601762695078,difficult,pre_rhythm_to_residual_below_0.35,eligible,none,difficult,pre_rhythm_to_residual_below_0.35,eligible,none,difficult,pre_rhythm_to_residual_below_0.35,0.1316896041627911,0.11770775710819688,0.35012081294755715,0.0,0.061080261529393665,0.003626444521511332,0.10452183352582711,0.17035398230088494,0.3583126911009817,21.165901761544852
SYN_A051_2C-M1L1_V006,msc_x10_causal_angle_halfgaussian_v1,507,51,6,local_same_tissue_variant,False,251003::2C- M1L1_Raw.csv,2C- M1L1,DRG,250625 to 250728::8D-L4-1m1_Raw.csv,0.19444444444444445,123,False,937,13.04167,0.95139,7.722225,6.770835,4.208335,3.256945,0.95139,7.472225,470,0.2275693279119086,0.2,causal_half_gaussian,3.0,0.3390368005762778,2.2176080862035983,25.740617290143295,29.100153842340106,-0.020465857972276846,-1.2300427786788997,4.8966154611094,0.9243816797997706,0.06152874568155426,5.588792249144218,4.281212120304134,0.870601482110892,0.0004468018688487139,difficult,pre_rhythm_to_residual_below_0.35,eligible,none,difficult,pre_rhythm_to_residual_below_0.35,eligible,none,difficult,pre_rhythm_to_residual_below_0.35,0.31649918225602486,0.29955267173244376,0.8414707576441078,0.0,0.04667701996667906,0.0021410312580504515,0.07987470237158574,0.16371681415929204,0.6018513050723352,15.89040224677313
SYN_A051_2C-M1L1_V007,msc_x10_causal_angle_halfgaussian_v1,508,51,7,local_same_tissue_variant,False,251003::2C- M1L1_Raw.csv,2C- M1L1,DRG,250811::8A-1FT5_Raw.csv,0.3111111111111111,123,False,937,13.04167,0.95139,7.722225,6.770835,4.208335,3.256945,0.95139,7.472225,470,0.2275693279119086,0.2,causal_half_gaussian,3.0,0.11440296519826122,2.116195096063125,25.272219572069687,28.621122012249153,0.038200772007212544,-1.0900199642192954,3.2193507859513186,1.6765821288305096,0.10622126736769005,4.208142658416167,7.637155252763726,1.2951818683011216,0.00107510672600574,difficult,pre_rhythm_to_residual_below_0.35,eligible,none,difficult,pre_rhythm_to_residual_below_0.35,eligible,none,difficult,pre_rhythm_to_residual_below_0.35,0.13007666338369536,0.11737881401526772,0.3458325159297062,0.0,0.0691273791443753,0.004503372314394145,0.11829223114128429,0.17699115044247787,0.35312177045372434,20.392576143166607
SYN_A051_2C-M1L1_V008,msc_x10_causal_angle_halfgaussian_v1,509,51,8,local_same_tissue_variant,False,251003::2C- M1L1_Raw.csv,2C- M1L1,DRG,250811::8D-2MT7_Raw.csv,0.15555555555555556,123,False,937,13.04167,0.95139,7.722225,6.770835,4.208335,3.256945,0.95139,7.472225,470,0.2275693279119086,0.2,causal_half_gaussian,3.0,0.17558597720023028,2.267652482158469,25.472210017490408,29.23386797868155,0.037396011377147584,-1.2604607155316787,3.828980741248376,1.248642192713608,0.07927041451510478,5.638670383829865,5.809575753350885,1.2881437423940056,0.0003692114026428352,difficult,pre_rhythm_to_residual_below_0.35,eligible,none,difficult,pre_rhythm_to_residual_below_0.35,eligible,none,difficult,pre_rhythm_to_residual_below_0.35,0.19910273132256728,0.18005588508771564,0.5293508974676748,0.0,0.04338402154112041,0.0018439533760979737,0.07423965391863473,0.16150442477876106,0.4898337708427226,19.698543510443617
SYN_A051_2C-M1L1_V009,msc_x10_causal_angle_halfgaussian_v1,510,51,9,local_same_tissue_variant,False,251003::2C- M1L1_Raw.csv,2C- M1L1,DRG,250811::4C-2MT5_Raw.csv,0.35,123,False,937,13.04167,0.95139,7.722225,6.770835,4.208335,3.256945,0.95139,7.472225,470,0.2275693279119086,0.2,causal_half_gaussian,3.0,0.2547334438494783,4.79336656617053,26.50393848139688,28.54116330173198,-0.2076064475241458,-1.2699820391202687,3.8340508196538465,0.9265925139648798,0.08428973936771794,5.998980259216411,4.209016121968425,0.24520296051312496,0.00034781222043108915,difficult,pre_rhythm_to_residual_below_0.35,eligible,none,difficult,pre_rhythm_to_residual_below_0.35,eligible,none,difficult,pre_rhythm_to_residual_below_0.35,0.12677699186336983,0.07254449403875712,0.3370597378315342,0.0,0.08744932583321037,0.00369380578162961,0.14964513326921508,0.25663716814159293,0.3456626052417898,29.698270974515207
SYN_A052_2D-M1L4_V000,msc_x10_causal_angle_halfgaussian_v1,511,52,0,anchor_exact_fit,True,251003::2D- M1L4_Raw.csv,2D- M1L4,DRG,251003::2D- M1L4_Raw.csv,0.0,123,False,938,13.05555,0.94792,7.71875,6.77083,4.204865,3.256945,0.94792,7.46875,470,1.2673888599390413,0.2,causal_half_gaussian,3.0,2.027045811072035,0.8584020052669646,29.999999998830056,24.036149402340463,-1.3999999999903914,-0.4690911483207052,0.0030223678036159,1.1167750199176156,-0.1523192847420734,0.4685956424143732,4.27219155813676,7.642795695974469e-05,0.05243890393220819,difficult,fit_pre_period_hours_at_bound,eligible,none,difficult,fit_pre_envelope_log_rate_per_day_at_bound,eligible,none,difficult,fit_pre_period_hours_at_bound,0.018334430617906534,0.0004250232449774397,0.049796061274004676,0.18144329896907216,0.19120168551687144,0.05964576551967195,0.9731841332194667,0.4878587196467991,0.07032168382704222,18.0982486140214
SYN_A052_2D-M1L4_V001,msc_x10_causal_angle_halfgaussian_v1,512,52,1,local_same_tissue_variant,False,251003::2D- M1L4_Raw.csv,2D- M1L4,DRG,250625 to 250728::5C-T12_Raw.csv,0.11666666666666667,123,False,938,13.05555,0.94792,7.71875,6.77083,4.204865,3.256945,0.94792,7.46875,470,1.2673888599390413,0.2,causal_half_gaussian,3.0,2.0411134118185985,1.1616282213586042,29.999435376351652,24.21450502530191,-1.3575327750970374,-0.44255675193576016,0.8221174763616474,1.3494351336486856,-0.10767789234471266,0.9067091320384306,5.200531613752882,0.00010188929883290836,0.06195510494491808,difficult,fit_pre_period_hours_at_bound,eligible,none,difficult,fit_pre_envelope_log_rate_per_day_at_bound,eligible,none,difficult,fit_pre_period_hours_at_bound,0.021294178858796017,0.0005533460544635208,0.057834696769726926,0.18762886597938144,0.27995645288357884,0.09328149490185043,1.4249308378333387,0.6291390728476821,0.09521034603185477,25.864936205073096
SYN_A052_2D-M1L4_V002,msc_x10_causal_angle_halfgaussian_v1,513,52,2,local_same_tissue_variant,False,251003::2D- M1L4_Raw.csv,2D- M1L4,DRG,250625 to 250728::7D-L2_Raw.csv,0.19444444444444445,123,False,938,13.05555,0.94792,7.71875,6.77083,4.204865,3.256945,0.94792,7.46875,470,1.2673888599390413,0.2,causal_half_gaussian,3.0,1.838447058988882,1.1046202552532196,29.995801396687728,24.236505020252654,-1.2573760895204777,-0.42569789963858534,0.5465169739202338,1.3659768685358245,-0.08427956931622237,0.7004063096327879,5.2690639561414505,0.0002007440693161961,0.06887981506062033,difficult,fit_pre_period_hours_at_bound,eligible,none,difficult,fit_pre_envelope_log_rate_per_day_at_bound,eligible,none,difficult,fit_pre_period_hours_at_bound,0.026856212072930163,0.0009135614400073548,0.07294110244499069,0.19175257731958764,0.2810461671462572,0.09764832807496349,1.4304772985107888,0.6357615894039735,0.09102057710483029,20.899602702878767
SYN_A052_2D-M1L4_V003,msc_x10_causal_angle_halfgaussian_v1,514,52,3,local_same_tissue_variant,False,251003::2D- M1L4_Raw.csv,2D- M1L4,DRG,250625 to 250728::8A-L3_Raw.csv,0.27222222222222225,123,False,938,13.05555,0.94792,7.71875,6.77083,4.204865,3.256945,0.94792,7.46875,470,1.2673888599390413,0.2,causal_half_gaussian,3.0,1.805521439253714,0.9882887549166578,29.99879551761898,23.948314762381663,-1.2051860368231044,-0.4182312758486105,0.189701023474915,1.1980897000245143,-0.11145286124424233,0.42615954805629286,4.566510113424291,0.0002858310163460847,0.07218908195692936,difficult,fit_pre_period_hours_at_bound,eligible,none,difficult,fit_pre_envelope_log_rate_per_day_at_bound,eligible,none,difficult,fit_pre_period_hours_at_bound,0.031432483823233,0.0012303148202137339,0.08537019354869886,0.1958762886597938,0.25755782564349244,0.09116215580605624,1.3109256261270539,0.6048565121412803,0.08193697530522256,14.126021423132272
SYN_A052_2D-M1L4_V004,msc_x10_causal_angle_halfgaussian_v1,515,52,4,local_same_tissue_variant,False,251003::2D- M1L4_Raw.csv,2D- M1L4,DRG,250625 to 250728::7C-L1_Raw.csv,0.03888888888888889,123,False,938,13.05555,0.94792,7.71875,6.77083,4.204865,3.256945,0.94792,7.46875,470,1.2673888599390413,0.2,causal_half_gaussian,3.0,2.000678152366596,0.9306930080677929,29.845932598152135,24.04145142992142,-1.3672686748674687,-0.46491512323565787,0.051670523013521,1.1955229437760302,-0.14965130147591144,0.5885003482705685,4.574448369890581,9.53893365604935e-05,0.053833389949122436,difficult,fit_pre_period_hours_at_bound,eligible,none,difficult,fit_pre_envelope_log_rate_per_day_at_bound,eligible,none,difficult,fit_pre_period_hours_at_bound,0.020200372856275017,0.0005113594730961315,0.05486393471779749,0.18556701030927836,0.2098235488998494,0.06622245400849851,1.0679662577928173,0.5231788079470199,0.0763107166446279,20.94540476539343
SYN_A052_2D-M1L4_V005,msc_x10_causal_angle_halfgaussian_v1,516,52,5,local_same_tissue_variant,False,251003::2D- M1L4_Raw.csv,2D- M1L4,DRG,250625 to 250728::1D-L2m2_Raw.csv,0.35,123,False,938,13.05555,0.94792,7.71875,6.77083,4.204865,3.256945,0.94792,7.46875,470,1.2673888599390413,0.2,causal_half_gaussian,3.0,1.9144281399306018,1.2597837138523749,29.999020927022052,24.47862626234032,-1.209683052402378,-0.4459489134483858,-0.48173525066091377,0.9798987787515827,-0.08289736919504093,-0.5900884042274857,3.8175821350637293,0.0002772590468251357,0.06064827685273532,difficult,fit_pre_period_hours_at_bound,eligible,none,difficult,fit_pre_envelope_log_rate_per_day_at_bound,eligible,none,difficult,fit_pre_period_hours_at_bound,0.0328284799995786,0.0012695124677483379,0.0891616999545585,0.20412371134020618,0.3003188390455375,0.09966971899545077,1.5285719279928565,0.6534216335540839,0.10405214963730237,15.402584105879416
SYN_A052_2D-M1L4_V006,msc_x10_causal_angle_halfgaussian_v1,517,52,6,local_same_tissue_variant,False,251003::2D- M1L4_Raw.csv,2D- M1L4,DRG,250625 to 250728::8A-L3_Raw.csv,0.23333333333333334,123,False,938,13.05555,0.94792,7.71875,6.77083,4.204865,3.256945,0.94792,7.46875,470,1.2673888599390413,0.2,causal_half_gaussian,3.0,1.8371677780849027,0.9697335049667016,29.998967586363417,23.96086256809006,-1.2330166029898597,-0.4254969719160526,0.16303264409330082,1.1864733171520996,-0.11729092174393249,0.4322218472503043,4.524603796183221,0.00023674053489491253,0.06896684967399368,difficult,fit_pre_period_hours_at_bound,eligible,none,difficult,fit_pre_envelope_log_rate_per_day_at_bound,eligible,none,difficult,fit_pre_period_hours_at_bound,0.02912730292723706,0.001057886026250448,0.07910935395477284,0.19381443298969073,0.24688666686850416,0.08582256301915968,1.2566112388097521,0.58719646799117,0.08019844524710565,14.6375479734563
SYN_A052_2D-M1L4_V007,msc_x10_causal_angle_halfgaussian_v1,518,52,7,local_same_tissue_variant,False,251003::2D- M1L4_Raw.csv,2D- M1L4,DRG,250625 to 250728::7D-L2_Raw.csv,0.15555555555555556,123,False,938,13.05555,0.94792,7.71875,6.77083,4.204865,3.256945,0.94792,7.46875,470,1.2673888599390413,0.2,causal_half_gaussian,3.0,1.8761668094055126,1.0553766052559685,29.996641117116194,24.196433896670218,-1.2859008716144606,-0.4343765493750093,0.4378180526969103,1.3161364988121829,-0.09788751240139258,0.654044176189105,5.068418045241292,0.0001654872842287937,0.06522352988232676,difficult,fit_pre_period_hours_at_bound,eligible,none,difficult,fit_pre_envelope_log_rate_per_day_at_bound,eligible,none,difficult,fit_pre_period_hours_at_bound,0.024901592683421236,0.000784531788448175,0.06763238307890995,0.18969072164948453,0.2611280035987833,0.08879341154969524,1.3290972260764298,0.6070640176600441,0.08683641331554588,20.456567872499004
SYN_A052_2D-M1L4_V008,msc_x10_causal_angle_halfgaussian_v1,519,52,8,local_same_tissue_variant,False,251003::2D- M1L4_Raw.csv,2D- M1L4,DRG,250625 to 250728::1D-L2m2_Raw.csv,0.07777777777777778,123,False,938,13.05555,0.94792,7.71875,6.77083,4.204865,3.256945,0.94792,7.46875,470,1.2673888599390413,0.2,causal_half_gaussian,3.0,2.0020196619294945,0.9475979405081669,29.999782427317164,24.134477593451543,-1.3577073449708328,-0.46394842946018977,-0.10470154741072404,1.0863580774362749,-0.1368921923982884,0.23333252093840456,4.172833267927281,0.00010176893856596676,0.05416144483373461,difficult,fit_pre_period_hours_at_bound,eligible,none,difficult,fit_pre_envelope_log_rate_per_day_at_bound,eligible,none,difficult,fit_pre_period_hours_at_bound,0.020874076843968508,0.0005421748222087841,0.0566937054781156,0.18556701030927836,0.21365488878161856,0.06779685325032556,1.08746712762997,0.5298013245033113,0.07772321003725217,8.153650831947333
SYN_A052_2D-M1L4_V009,msc_x10_causal_angle_halfgaussian_v1,520,52,9,local_same_tissue_variant,False,251003::2D- M1L4_Raw.csv,2D- M1L4,DRG,250625 to 250728::5C-T12_Raw.csv,0.3111111111111111,123,False,938,13.05555,0.94792,7.71875,6.77083,4.204865,3.256945,0.94792,7.46875,470,1.2673888599390413,0.2,causal_half_gaussian,3.0,2.06455941306287,1.667005248178003,29.998494338887646,24.511764396904326,-1.2867540669414477,-0.39833275796085177,2.1872759906250336,1.7372019898671347,-0.03327557168244474,1.6368982814118598,6.777117624845423,0.00016453404658227944,0.08180557770366303,difficult,fit_pre_period_hours_at_bound,eligible,none,difficult,fit_pre_envelope_log_rate_per_day_at_bound,eligible,none,difficult,fit_pre_period_hours_at_bound,0.02732358261630136,0.0008588646962066163,0.07421047440970538,0.2,0.46314152689024957,0.17223204186144464,2.3573117788486053,0.8454746136865342,0.1368663062677103,32.482744143604585
SYN_A053_4B-M3SCN_V000,msc_x10_causal_angle_halfgaussian_v1,521,53,0,anchor_exact_fit,True,251003::4B-M3SCN_Raw.csv,4B-M3SCN,SCN,251003::4B-M3SCN_Raw.csv,0.0,123,False,938,13.05555,0.94931,7.720135,6.770825,4.20625,3.25694,0.94931,7.470135,470,1.2064922881096098,0.2,causal_half_gaussian,3.0,1.418630442694032,2.836175158267873,24.956132773035986,26.70816888231224,-0.2440990819499732,-1.3999999387771471,1.2845821561850796,0.272489084193324,-0.020940944830895,-5.9999999994,1.1582794591313312,0.1915220819540953,0.00015094204311900342,eligible,none,eligible,none,eligible,none,difficult,fit_post_envelope_log_rate_per_day_at_bound,eligible,none,0.6245324831590976,0.3239698988876874,1.7687691828957852,0.8474226804123711,0.03467582786082862,0.0010309869671309604,0.09546648709676163,0.22958057395143489,0.9551176853195136,17.29491641002378
SYN_A053_4B-M3SCN_V001,msc_x10_causal_angle_halfgaussian_v1,522,53,1,local_same_tissue_variant,False,251003::4B-M3SCN_Raw.csv,4B-M3SCN,SCN,250811::1B-2MSCN_Raw.csv,0.23333333333333334,123,False,938,13.05555,0.94931,7.720135,6.770825,4.20625,3.25694,0.94931,7.470135,470,1.2064922881096098,0.2,causal_half_gaussian,3.0,1.427212464172075,2.64419177033236,24.77897886583871,26.47813927057734,-0.2631976067733386,-1.1682749371271082,1.3828099862605028,0.2122106231860066,0.012312088713005681,-5.265964627894609,0.8942824635451246,0.16829027959321022,0.0006475680300235444,eligible,none,eligible,none,eligible,none,difficult,fit_post_envelope_log_rate_per_day_at_bound,eligible,none,0.5892451947882887,0.2903642465664407,1.6688303167818452,0.7896907216494845,0.06701527254764737,0.003565386497647192,0.18450064631861568,0.26490066225165565,0.8564710206878844,16.92736536993609
SYN_A053_4B-M3SCN_V002,msc_x10_causal_angle_halfgaussian_v1,523,53,2,local_same_tissue_variant,False,251003::4B-M3SCN_Raw.csv,4B-M3SCN,SCN,250728::6A-SCNrM1_Raw.csv,0.03888888888888889,123,False,938,13.05555,0.94931,7.720135,6.770825,4.20625,3.25694,0.94931,7.470135,470,1.2064922881096098,0.2,causal_half_gaussian,3.0,1.4283625255934718,2.7837748843288983,24.93030956517147,26.836184535700443,-0.2480382739888335,-1.3999999411525914,1.2088013091771763,0.25824673779038365,-0.018535279445898643,-5.770205827904289,1.103000591621306,0.186481405649429,0.0001509420408655875,eligible,none,eligible,none,eligible,none,difficult,fit_post_envelope_log_rate_per_day_at_bound,eligible,none,0.6205461994415017,0.3185104662176152,1.757479432588007,0.8371134020618557,0.034035167993607736,0.0010119387648666366,0.0937026778174871,0.22737306843267108,0.9366271298590984,16.96089148509155
SYN_A053_4B-M3SCN_V003,msc_x10_causal_angle_halfgaussian_v1,524,53,3,local_same_tissue_variant,False,251003::4B-M3SCN_Raw.csv,4B-M3SCN,SCN,251003::2A- M1SCn_Raw.csv,0.11666666666666667,123,False,938,13.05555,0.94931,7.720135,6.770825,4.20625,3.25694,0.94931,7.470135,470,1.2064922881096098,0.2,causal_half_gaussian,3.0,1.431621694076419,2.661379888454126,24.87191687208813,27.08167478799027,-0.24887491509052953,-1.3999999459045758,1.218301782778775,0.10037719576190973,-0.022431189411255832,-5.292132761639653,0.4326440235095835,0.18542802141219336,0.0001509420363577162,eligible,none,eligible,none,eligible,none,difficult,fit_post_envelope_log_rate_per_day_at_bound,eligible,none,0.6202156044148857,0.3176254390031903,1.7565431381423775,0.8350515463917526,0.032538733916373304,0.0009674465489031025,0.08958282507456714,0.22075055187637968,0.9243083210975063,15.76296718705693
SYN_A053_4B-M3SCN_V004,msc_x10_causal_angle_halfgaussian_v1,525,53,4,local_same_tissue_variant,False,251003::4B-M3SCN_Raw.csv,4B-M3SCN,SCN,250728::7A-SCNcM1_Raw.csv,0.15555555555555556,123,False,938,13.05555,0.94931,7.720135,6.770825,4.20625,3.25694,0.94931,7.470135,470,1.2064922881096098,0.2,causal_half_gaussian,3.0,1.4982245156909502,2.485481692581696,24.860964447364974,26.500999451220586,-0.25746371017174496,-1.2030649024080575,1.2033211709359477,0.12583417557168008,-0.016916841748721108,-5.241709288644731,0.5307389890219222,0.17495233292916332,0.0005203899785140217,eligible,none,eligible,none,eligible,none,difficult,fit_post_envelope_log_rate_per_day_at_bound,eligible,none,0.6306002722954542,0.3155709895277383,1.7859540671445735,0.8350515463917526,0.05646257800704671,0.002752665688583167,0.1554478813424013,0.24944812362030905,0.9019565925778611,15.999683703914219
SYN_A053_4B-M3SCN_V005,msc_x10_causal_angle_halfgaussian_v1,526,53,5,local_same_tissue_variant,False,251003::4B-M3SCN_Raw.csv,4B-M3SCN,SCN,250811::1D-4FSCN_Raw.csv,0.27222222222222225,123,False,938,13.05555,0.94931,7.720135,6.770825,4.20625,3.25694,0.94931,7.470135,470,1.2064922881096098,0.2,causal_half_gaussian,3.0,1.3273673103601167,2.638610644450343,24.77068672044675,26.634983918056104,-0.24283266460324654,-1.34516336589098,0.6483319515069599,0.052480157687799345,0.012792865225083494,-4.1740337722687695,0.22246807752659392,0.1931713855074556,0.00021305039271950956,eligible,none,eligible,none,eligible,none,difficult,fit_post_envelope_log_rate_per_day_at_bound,eligible,none,0.5868477968040787,0.30545974283679084,1.6620405279590806,0.8103092783505155,0.038334328086151656,0.0013080244585800351,0.10553875317087158,0.22958057395143489,0.8985382299051988,12.789203641143937
SYN_A053_4B-M3SCN_V006,msc_x10_causal_angle_halfgaussian_v1,527,53,6,local_same_tissue_variant,False,251003::4B-M3SCN_Raw.csv,4B-M3SCN,SCN,251003::2A- M1SCn_Raw.csv,0.19444444444444445,123,False,938,13.05555,0.94931,7.720135,6.770825,4.20625,3.25694,0.94931,7.470135,470,1.2064922881096098,0.2,causal_half_gaussian,3.0,1.4402825283313438,2.5448497085782944,24.81577293812289,27.33067872510896,-0.2520588038509004,-1.3999999506561949,1.1741148671745718,-0.01436406319236605,-0.02342468579816305,-4.820221269799422,-0.062480983307802794,0.1814734257524814,0.00015094203185019175,eligible,none,eligible,none,eligible,none,difficult,fit_post_envelope_log_rate_per_day_at_bound,eligible,none,0.6173259752614734,0.31345060688818466,1.7483592771993899,0.8288659793814434,0.03111400467331122,0.0009250862729310828,0.08566038387301726,0.2163355408388521,0.9039496036461881,14.68070323893418
SYN_A053_4B-M3SCN_V007,msc_x10_causal_angle_halfgaussian_v1,528,53,7,local_same_tissue_variant,False,251003::4B-M3SCN_Raw.csv,4B-M3SCN,SCN,250811::1B-2MSCN_Raw.csv,0.07777777777777778,123,False,938,13.05555,0.94931,7.720135,6.770825,4.20625,3.25694,0.94931,7.470135,470,1.2064922881096098,0.2,causal_half_gaussian,3.0,1.4214911165200463,2.7721806956227018,24.897081470636895,26.631492345067272,-0.250465256891095,-1.3227582715604675,1.3173247662102208,0.25239626385755143,-0.00985660031626144,-5.7553215422315365,1.0697900571490881,0.18344205773925576,0.00024526483348394704,eligible,none,eligible,none,eligible,none,difficult,fit_post_envelope_log_rate_per_day_at_bound,eligible,none,0.612543770625902,0.3123579584919507,1.7348153600873233,0.8268041237113402,0.04321597752473291,0.0015599335327348693,0.11897848776090524,0.24061810154525387,0.921094441910594,17.20241949566654
SYN_A053_4B-M3SCN_V008,msc_x10_causal_angle_halfgaussian_v1,529,53,8,local_same_tissue_variant,False,251003::4B-M3SCN_Raw.csv,4B-M3SCN,SCN,250728::6A-SCNrM1_Raw.csv,0.35,123,False,938,13.05555,0.94931,7.720135,6.770825,4.20625,3.25694,0.94931,7.470135,470,1.2064922881096098,0.2,causal_half_gaussian,3.0,1.5062191887889904,2.3645726928171023,24.723723902255347,27.860309762806082,-0.27955181029971576,-1.3999999601561457,0.60255453311395,0.14430796656686207,0.0007100436340722223,-3.931852455938603,0.639876822540852,0.15064994387283012,0.0001509420228382618,eligible,none,eligible,none,eligible,none,difficult,fit_post_envelope_log_rate_per_day_at_bound,eligible,none,0.5886039557220314,0.2775699507561657,1.6670142320627164,0.7711340206185567,0.028909889400540383,0.0008595531651813982,0.07959220453228834,0.20750551876379691,0.7973440382227168,13.576116770414222
SYN_A053_4B-M3SCN_V009,msc_x10_causal_angle_halfgaussian_v1,530,53,9,local_same_tissue_variant,False,251003::4B-M3SCN_Raw.csv,4B-M3SCN,SCN,250728::7A-SCNcM1_Raw.csv,0.3111111111111111,123,False,938,13.05555,0.94931,7.720135,6.770825,4.20625,3.25694,0.94931,7.470135,470,1.2064922881096098,0.2,causal_half_gaussian,3.0,1.5778185886878686,2.134788226895519,24.765796121693963,26.293830020128933,-0.27082833839351667,-1.0061298660389677,1.1220601856868155,-0.020820733049963902,-0.012892738666547218,-4.483418577889464,-0.08713045834963214,0.15981613443766307,0.001794104042465623,eligible,none,eligible,none,eligible,none,difficult,fit_post_envelope_log_rate_per_day_at_bound,eligible,none,0.63492996122787,0.3065222689130282,1.7982163922624668,0.822680412371134,0.0901075703261513,0.007203125797449177,0.24807636127354168,0.27593818984547464,0.8475614620514377,14.563380256341237
