calibration_id,source_grid_id,method,segment,period_hours,amplitude_gt,amplitude_estimated,processing_success,failure_reason
cal_0001,SYN_A029_1A-1FSCN_V000,STFT,pre,20.0,0.5,0.5410414277226605,True,
cal_0001,SYN_A029_1A-1FSCN_V000,STFT,post,20.0,0.5,0.5410381314079866,True,
cal_0001,SYN_A029_1A-1FSCN_V000,Hilbert,pre,20.0,0.5,0.46688230506069595,True,
cal_0001,SYN_A029_1A-1FSCN_V000,Hilbert,post,20.0,0.5,0.46481459085326726,True,
cal_0001,SYN_A029_1A-1FSCN_V000,CWT_pyBOAT,pre,20.0,0.5,0.4985731041505087,True,
cal_0001,SYN_A029_1A-1FSCN_V000,CWT_pyBOAT,post,20.0,0.5,0.49868998402254394,True,
cal_0002,SYN_A029_1A-1FSCN_V000,STFT,pre,22.0,0.5,0.5376168314891694,True,
cal_0002,SYN_A029_1A-1FSCN_V000,STFT,post,22.0,0.5,0.5374072056088661,True,
cal_0002,SYN_A029_1A-1FSCN_V000,Hilbert,pre,22.0,0.5,0.5031709699497731,True,
cal_0002,SYN_A029_1A-1FSCN_V000,Hilbert,post,22.0,0.5,0.4996646101574872,True,
cal_0002,SYN_A029_1A-1FSCN_V000,CWT_pyBOAT,pre,22.0,0.5,0.4976414102303022,True,
cal_0002,SYN_A029_1A-1FSCN_V000,CWT_pyBOAT,post,22.0,0.5,0.4976716087155558,True,
cal_0003,SYN_A029_1A-1FSCN_V000,STFT,pre,24.0,0.5,0.5022813766431257,True,
cal_0003,SYN_A029_1A-1FSCN_V000,STFT,post,24.0,0.5,0.5022813766431261,True,
cal_0003,SYN_A029_1A-1FSCN_V000,Hilbert,pre,24.0,0.5,0.5060041447064352,True,
cal_0003,SYN_A029_1A-1FSCN_V000,Hilbert,post,24.0,0.5,0.5112519570687251,True,
cal_0003,SYN_A029_1A-1FSCN_V000,CWT_pyBOAT,pre,24.0,0.5,0.49717691717499934,True,
cal_0003,SYN_A029_1A-1FSCN_V000,CWT_pyBOAT,post,24.0,0.5,0.49723146510699645,True,
cal_0004,SYN_A029_1A-1FSCN_V000,STFT,pre,26.0,0.5,0.46448325702762905,True,
cal_0004,SYN_A029_1A-1FSCN_V000,STFT,post,26.0,0.5,0.46393159257276484,True,
cal_0004,SYN_A029_1A-1FSCN_V000,Hilbert,pre,26.0,0.5,0.513106439887967,True,
cal_0004,SYN_A029_1A-1FSCN_V000,Hilbert,post,26.0,0.5,0.510974088911986,True,
cal_0004,SYN_A029_1A-1FSCN_V000,CWT_pyBOAT,pre,26.0,0.5,0.4960646752863344,True,
cal_0004,SYN_A029_1A-1FSCN_V000,CWT_pyBOAT,post,26.0,0.5,0.49566866952364463,True,
cal_0005,SYN_A029_1A-1FSCN_V000,STFT,pre,28.0,0.5,0.44134066345045964,True,
cal_0005,SYN_A029_1A-1FSCN_V000,STFT,post,28.0,0.5,0.4413427621600644,True,
cal_0005,SYN_A029_1A-1FSCN_V000,Hilbert,pre,28.0,0.5,0.4836754483970904,True,
cal_0005,SYN_A029_1A-1FSCN_V000,Hilbert,post,28.0,0.5,0.4505325432398417,True,
cal_0005,SYN_A029_1A-1FSCN_V000,CWT_pyBOAT,pre,28.0,0.5,0.49412554717047164,True,
cal_0005,SYN_A029_1A-1FSCN_V000,CWT_pyBOAT,post,28.0,0.5,0.49551171519259196,True,
cal_0006,SYN_A029_1A-1FSCN_V000,STFT,pre,30.0,0.5,0.43655792646151503,True,
cal_0006,SYN_A029_1A-1FSCN_V000,STFT,post,30.0,0.5,0.4365579264615151,True,
cal_0006,SYN_A029_1A-1FSCN_V000,Hilbert,pre,30.0,0.5,0.3849547118815732,True,
cal_0006,SYN_A029_1A-1FSCN_V000,Hilbert,post,30.0,0.5,0.3517987228256258,True,
cal_0006,SYN_A029_1A-1FSCN_V000,CWT_pyBOAT,pre,30.0,0.5,0.49158989834204536,True,
cal_0006,SYN_A029_1A-1FSCN_V000,CWT_pyBOAT,post,30.0,0.5,0.49210730661544677,True,
cal_0007,SYN_A029_1A-1FSCN_V000,STFT,pre,20.0,1.0,1.082082855445321,True,
cal_0007,SYN_A029_1A-1FSCN_V000,STFT,post,20.0,1.0,1.0820762628159732,True,
cal_0007,SYN_A029_1A-1FSCN_V000,Hilbert,pre,20.0,1.0,0.9337646101213919,True,
cal_0007,SYN_A029_1A-1FSCN_V000,Hilbert,post,20.0,1.0,0.9296291817065345,True,
cal_0007,SYN_A029_1A-1FSCN_V000,CWT_pyBOAT,pre,20.0,1.0,0.9971462083010174,True,
cal_0007,SYN_A029_1A-1FSCN_V000,CWT_pyBOAT,post,20.0,1.0,0.9973799680450879,True,
cal_0008,SYN_A029_1A-1FSCN_V000,STFT,pre,22.0,1.0,1.0752336629783388,True,
cal_0008,SYN_A029_1A-1FSCN_V000,STFT,post,22.0,1.0,1.0748144112177322,True,
cal_0008,SYN_A029_1A-1FSCN_V000,Hilbert,pre,22.0,1.0,1.0063419398995461,True,
cal_0008,SYN_A029_1A-1FSCN_V000,Hilbert,post,22.0,1.0,0.9993292203149744,True,
cal_0008,SYN_A029_1A-1FSCN_V000,CWT_pyBOAT,pre,22.0,1.0,0.9952828204606043,True,
cal_0008,SYN_A029_1A-1FSCN_V000,CWT_pyBOAT,post,22.0,1.0,0.9953432174311116,True,
cal_0009,SYN_A029_1A-1FSCN_V000,STFT,pre,24.0,1.0,1.0045627532862513,True,
cal_0009,SYN_A029_1A-1FSCN_V000,STFT,post,24.0,1.0,1.0045627532862522,True,
cal_0009,SYN_A029_1A-1FSCN_V000,Hilbert,pre,24.0,1.0,1.0120082894128704,True,
cal_0009,SYN_A029_1A-1FSCN_V000,Hilbert,post,24.0,1.0,1.0225039141374501,True,
cal_0009,SYN_A029_1A-1FSCN_V000,CWT_pyBOAT,pre,24.0,1.0,0.9943538343499987,True,
cal_0009,SYN_A029_1A-1FSCN_V000,CWT_pyBOAT,post,24.0,1.0,0.9944629302139929,True,
cal_0010,SYN_A029_1A-1FSCN_V000,STFT,pre,26.0,1.0,0.9289665140552581,True,
cal_0010,SYN_A029_1A-1FSCN_V000,STFT,post,26.0,1.0,0.9278631851455297,True,
cal_0010,SYN_A029_1A-1FSCN_V000,Hilbert,pre,26.0,1.0,1.026212879775934,True,
cal_0010,SYN_A029_1A-1FSCN_V000,Hilbert,post,26.0,1.0,1.021948177823972,True,
cal_0010,SYN_A029_1A-1FSCN_V000,CWT_pyBOAT,pre,26.0,1.0,0.9921293505726688,True,
cal_0010,SYN_A029_1A-1FSCN_V000,CWT_pyBOAT,post,26.0,1.0,0.9913373390472893,True,
cal_0011,SYN_A029_1A-1FSCN_V000,STFT,pre,28.0,1.0,0.8826813269009193,True,
cal_0011,SYN_A029_1A-1FSCN_V000,STFT,post,28.0,1.0,0.8826855243201288,True,
cal_0011,SYN_A029_1A-1FSCN_V000,Hilbert,pre,28.0,1.0,0.9673508967941808,True,
cal_0011,SYN_A029_1A-1FSCN_V000,Hilbert,post,28.0,1.0,0.9010650864796834,True,
cal_0011,SYN_A029_1A-1FSCN_V000,CWT_pyBOAT,pre,28.0,1.0,0.9882510943409433,True,
cal_0011,SYN_A029_1A-1FSCN_V000,CWT_pyBOAT,post,28.0,1.0,0.9910234303851839,True,
cal_0012,SYN_A029_1A-1FSCN_V000,STFT,pre,30.0,1.0,0.8731158529230301,True,
cal_0012,SYN_A029_1A-1FSCN_V000,STFT,post,30.0,1.0,0.8731158529230302,True,
cal_0012,SYN_A029_1A-1FSCN_V000,Hilbert,pre,30.0,1.0,0.7699094237631464,True,
cal_0012,SYN_A029_1A-1FSCN_V000,Hilbert,post,30.0,1.0,0.7035974456512516,True,
cal_0012,SYN_A029_1A-1FSCN_V000,CWT_pyBOAT,pre,30.0,1.0,0.9831797966840907,True,
cal_0012,SYN_A029_1A-1FSCN_V000,CWT_pyBOAT,post,30.0,1.0,0.9842146132308935,True,
cal_0013,SYN_A029_1A-1FSCN_V000,STFT,pre,20.0,2.0,2.164165710890642,True,
cal_0013,SYN_A029_1A-1FSCN_V000,STFT,post,20.0,2.0,2.1641525256319465,True,
cal_0013,SYN_A029_1A-1FSCN_V000,Hilbert,pre,20.0,2.0,1.8675292202427838,True,
cal_0013,SYN_A029_1A-1FSCN_V000,Hilbert,post,20.0,2.0,1.859258363413069,True,
cal_0013,SYN_A029_1A-1FSCN_V000,CWT_pyBOAT,pre,20.0,2.0,1.9942924166020348,True,
cal_0013,SYN_A029_1A-1FSCN_V000,CWT_pyBOAT,post,20.0,2.0,1.9947599360901758,True,
cal_0014,SYN_A029_1A-1FSCN_V000,STFT,pre,22.0,2.0,2.1504673259566776,True,
cal_0014,SYN_A029_1A-1FSCN_V000,STFT,post,22.0,2.0,2.1496288224354645,True,
cal_0014,SYN_A029_1A-1FSCN_V000,Hilbert,pre,22.0,2.0,2.0126838797990922,True,
cal_0014,SYN_A029_1A-1FSCN_V000,Hilbert,post,22.0,2.0,1.9986584406299488,True,
cal_0014,SYN_A029_1A-1FSCN_V000,CWT_pyBOAT,pre,22.0,2.0,1.9905656409212087,True,
cal_0014,SYN_A029_1A-1FSCN_V000,CWT_pyBOAT,post,22.0,2.0,1.9906864348622233,True,
cal_0015,SYN_A029_1A-1FSCN_V000,STFT,pre,24.0,2.0,2.0091255065725027,True,
cal_0015,SYN_A029_1A-1FSCN_V000,STFT,post,24.0,2.0,2.0091255065725044,True,
cal_0015,SYN_A029_1A-1FSCN_V000,Hilbert,pre,24.0,2.0,2.0240165788257407,True,
cal_0015,SYN_A029_1A-1FSCN_V000,Hilbert,post,24.0,2.0,2.0450078282749002,True,
cal_0015,SYN_A029_1A-1FSCN_V000,CWT_pyBOAT,pre,24.0,2.0,1.9887076686999974,True,
cal_0015,SYN_A029_1A-1FSCN_V000,CWT_pyBOAT,post,24.0,2.0,1.9889258604279858,True,
cal_0016,SYN_A029_1A-1FSCN_V000,STFT,pre,26.0,2.0,1.8579330281105162,True,
cal_0016,SYN_A029_1A-1FSCN_V000,STFT,post,26.0,2.0,1.8557263702910594,True,
cal_0016,SYN_A029_1A-1FSCN_V000,Hilbert,pre,26.0,2.0,2.052425759551868,True,
cal_0016,SYN_A029_1A-1FSCN_V000,Hilbert,post,26.0,2.0,2.043896355647944,True,
cal_0016,SYN_A029_1A-1FSCN_V000,CWT_pyBOAT,pre,26.0,2.0,1.9842587011453376,True,
cal_0016,SYN_A029_1A-1FSCN_V000,CWT_pyBOAT,post,26.0,2.0,1.9826746780945785,True,
cal_0017,SYN_A029_1A-1FSCN_V000,STFT,pre,28.0,2.0,1.7653626538018385,True,
cal_0017,SYN_A029_1A-1FSCN_V000,STFT,post,28.0,2.0,1.7653710486402576,True,
cal_0017,SYN_A029_1A-1FSCN_V000,Hilbert,pre,28.0,2.0,1.9347017935883617,True,
cal_0017,SYN_A029_1A-1FSCN_V000,Hilbert,post,28.0,2.0,1.8021301729593668,True,
cal_0017,SYN_A029_1A-1FSCN_V000,CWT_pyBOAT,pre,28.0,2.0,1.9765021886818865,True,
cal_0017,SYN_A029_1A-1FSCN_V000,CWT_pyBOAT,post,28.0,2.0,1.9820468607703678,True,
cal_0018,SYN_A029_1A-1FSCN_V000,STFT,pre,30.0,2.0,1.7462317058460601,True,
cal_0018,SYN_A029_1A-1FSCN_V000,STFT,post,30.0,2.0,1.7462317058460604,True,
cal_0018,SYN_A029_1A-1FSCN_V000,Hilbert,pre,30.0,2.0,1.5398188475262928,True,
cal_0018,SYN_A029_1A-1FSCN_V000,Hilbert,post,30.0,2.0,1.4071948913025032,True,
cal_0018,SYN_A029_1A-1FSCN_V000,CWT_pyBOAT,pre,30.0,2.0,1.9663595933681814,True,
cal_0018,SYN_A029_1A-1FSCN_V000,CWT_pyBOAT,post,30.0,2.0,1.968429226461787,True,
cal_0019,SYN_A029_1A-1FSCN_V000,STFT,pre,20.0,4.0,4.328331421781284,True,
cal_0019,SYN_A029_1A-1FSCN_V000,STFT,post,20.0,4.0,4.328305051263893,True,
cal_0019,SYN_A029_1A-1FSCN_V000,Hilbert,pre,20.0,4.0,3.7350584404855676,True,
cal_0019,SYN_A029_1A-1FSCN_V000,Hilbert,post,20.0,4.0,3.718516726826138,True,
cal_0019,SYN_A029_1A-1FSCN_V000,CWT_pyBOAT,pre,20.0,4.0,3.9885848332040696,True,
cal_0019,SYN_A029_1A-1FSCN_V000,CWT_pyBOAT,post,20.0,4.0,3.9895198721803515,True,
cal_0020,SYN_A029_1A-1FSCN_V000,STFT,pre,22.0,4.0,4.300934651913355,True,
cal_0020,SYN_A029_1A-1FSCN_V000,STFT,post,22.0,4.0,4.299257644870929,True,
cal_0020,SYN_A029_1A-1FSCN_V000,Hilbert,pre,22.0,4.0,4.0253677595981845,True,
cal_0020,SYN_A029_1A-1FSCN_V000,Hilbert,post,22.0,4.0,3.9973168812598976,True,
cal_0020,SYN_A029_1A-1FSCN_V000,CWT_pyBOAT,pre,22.0,4.0,3.9811312818424174,True,
cal_0020,SYN_A029_1A-1FSCN_V000,CWT_pyBOAT,post,22.0,4.0,3.9813728697244466,True,
cal_0021,SYN_A029_1A-1FSCN_V000,STFT,pre,24.0,4.0,4.018251013145005,True,
cal_0021,SYN_A029_1A-1FSCN_V000,STFT,post,24.0,4.0,4.018251013145009,True,
cal_0021,SYN_A029_1A-1FSCN_V000,Hilbert,pre,24.0,4.0,4.048033157651481,True,
cal_0021,SYN_A029_1A-1FSCN_V000,Hilbert,post,24.0,4.0,4.0900156565498005,True,
cal_0021,SYN_A029_1A-1FSCN_V000,CWT_pyBOAT,pre,24.0,4.0,3.9774153373999948,True,
cal_0021,SYN_A029_1A-1FSCN_V000,CWT_pyBOAT,post,24.0,4.0,3.9778517208559716,True,
cal_0022,SYN_A029_1A-1FSCN_V000,STFT,pre,26.0,4.0,3.7158660562210324,True,
cal_0022,SYN_A029_1A-1FSCN_V000,STFT,post,26.0,4.0,3.7114527405821187,True,
cal_0022,SYN_A029_1A-1FSCN_V000,Hilbert,pre,26.0,4.0,4.104851519103736,True,
cal_0022,SYN_A029_1A-1FSCN_V000,Hilbert,post,26.0,4.0,4.087792711295888,True,
cal_0022,SYN_A029_1A-1FSCN_V000,CWT_pyBOAT,pre,26.0,4.0,3.9685174022906753,True,
cal_0022,SYN_A029_1A-1FSCN_V000,CWT_pyBOAT,post,26.0,4.0,3.965349356189157,True,
cal_0023,SYN_A029_1A-1FSCN_V000,STFT,pre,28.0,4.0,3.530725307603677,True,
cal_0023,SYN_A029_1A-1FSCN_V000,STFT,post,28.0,4.0,3.5307420972805152,True,
cal_0023,SYN_A029_1A-1FSCN_V000,Hilbert,pre,28.0,4.0,3.8694035871767234,True,
cal_0023,SYN_A029_1A-1FSCN_V000,Hilbert,post,28.0,4.0,3.6042603459187337,True,
cal_0023,SYN_A029_1A-1FSCN_V000,CWT_pyBOAT,pre,28.0,4.0,3.953004377363773,True,
cal_0023,SYN_A029_1A-1FSCN_V000,CWT_pyBOAT,post,28.0,4.0,3.9640937215407357,True,
cal_0024,SYN_A029_1A-1FSCN_V000,STFT,pre,30.0,4.0,3.4924634116921203,True,
cal_0024,SYN_A029_1A-1FSCN_V000,STFT,post,30.0,4.0,3.4924634116921207,True,
cal_0024,SYN_A029_1A-1FSCN_V000,Hilbert,pre,30.0,4.0,3.0796376950525857,True,
cal_0024,SYN_A029_1A-1FSCN_V000,Hilbert,post,30.0,4.0,2.8143897826050064,True,
cal_0024,SYN_A029_1A-1FSCN_V000,CWT_pyBOAT,pre,30.0,4.0,3.932719186736363,True,
cal_0024,SYN_A029_1A-1FSCN_V000,CWT_pyBOAT,post,30.0,4.0,3.936858452923574,True,
cal_0025,SYN_A034_2D-1FL2_V000,STFT,pre,20.0,0.5,0.5410414277226605,True,
cal_0025,SYN_A034_2D-1FL2_V000,STFT,post,20.0,0.5,0.5410426865429823,True,
cal_0025,SYN_A034_2D-1FL2_V000,Hilbert,pre,20.0,0.5,0.4668438018530711,True,
cal_0025,SYN_A034_2D-1FL2_V000,Hilbert,post,20.0,0.5,0.46464110738598513,True,
cal_0025,SYN_A034_2D-1FL2_V000,CWT_pyBOAT,pre,20.0,0.5,0.49857310408315286,True,
cal_0025,SYN_A034_2D-1FL2_V000,CWT_pyBOAT,post,20.0,0.5,0.4986922839491253,True,
cal_0026,SYN_A034_2D-1FL2_V000,STFT,pre,22.0,0.5,0.5376168314891694,True,
cal_0026,SYN_A034_2D-1FL2_V000,STFT,post,22.0,0.5,0.5374583653577316,True,
cal_0026,SYN_A034_2D-1FL2_V000,Hilbert,pre,22.0,0.5,0.5031830375969024,True,
cal_0026,SYN_A034_2D-1FL2_V000,Hilbert,post,22.0,0.5,0.49981831411437194,True,
cal_0026,SYN_A034_2D-1FL2_V000,CWT_pyBOAT,pre,22.0,0.5,0.4976414102138942,True,
cal_0026,SYN_A034_2D-1FL2_V000,CWT_pyBOAT,post,22.0,0.5,0.49770403540486474,True,
cal_0027,SYN_A034_2D-1FL2_V000,STFT,pre,24.0,0.5,0.5022813766431257,True,
cal_0027,SYN_A034_2D-1FL2_V000,STFT,post,24.0,0.5,0.5022813766431261,True,
cal_0027,SYN_A034_2D-1FL2_V000,Hilbert,pre,24.0,0.5,0.506010475987068,True,
cal_0027,SYN_A034_2D-1FL2_V000,Hilbert,post,24.0,0.5,0.5111371692312036,True,
cal_0027,SYN_A034_2D-1FL2_V000,CWT_pyBOAT,pre,24.0,0.5,0.49714546370599627,True,
cal_0027,SYN_A034_2D-1FL2_V000,CWT_pyBOAT,post,24.0,0.5,0.49728580046906046,True,
cal_0028,SYN_A034_2D-1FL2_V000,STFT,pre,26.0,0.5,0.46448325702762905,True,
cal_0028,SYN_A034_2D-1FL2_V000,STFT,post,26.0,0.5,0.4639850950766744,True,
cal_0028,SYN_A034_2D-1FL2_V000,Hilbert,pre,26.0,0.5,0.5131635234514278,True,
cal_0028,SYN_A034_2D-1FL2_V000,Hilbert,post,26.0,0.5,0.5112104337920549,True,
cal_0028,SYN_A034_2D-1FL2_V000,CWT_pyBOAT,pre,26.0,0.5,0.4960137108834388,True,
cal_0028,SYN_A034_2D-1FL2_V000,CWT_pyBOAT,post,26.0,0.5,0.4962045894507827,True,
cal_0029,SYN_A034_2D-1FL2_V000,STFT,pre,28.0,0.5,0.44134066345045964,True,
cal_0029,SYN_A034_2D-1FL2_V000,STFT,post,28.0,0.5,0.4413427621600644,True,
cal_0029,SYN_A034_2D-1FL2_V000,Hilbert,pre,28.0,0.5,0.4836661007792844,True,
cal_0029,SYN_A034_2D-1FL2_V000,Hilbert,post,28.0,0.5,0.4503493575535735,True,
cal_0029,SYN_A034_2D-1FL2_V000,CWT_pyBOAT,pre,28.0,0.5,0.49405123434606735,True,
cal_0029,SYN_A034_2D-1FL2_V000,CWT_pyBOAT,post,28.0,0.5,0.49562053635440345,True,
cal_0030,SYN_A034_2D-1FL2_V000,STFT,pre,30.0,0.5,0.43655792646151503,True,
cal_0030,SYN_A034_2D-1FL2_V000,STFT,post,30.0,0.5,0.4365579264615151,True,
cal_0030,SYN_A034_2D-1FL2_V000,Hilbert,pre,30.0,0.5,0.3849797649529352,True,
cal_0030,SYN_A034_2D-1FL2_V000,Hilbert,post,30.0,0.5,0.3520128936913392,True,
cal_0030,SYN_A034_2D-1FL2_V000,CWT_pyBOAT,pre,30.0,0.5,0.49148973606974905,True,
cal_0030,SYN_A034_2D-1FL2_V000,CWT_pyBOAT,post,30.0,0.5,0.4925689566873015,True,
cal_0031,SYN_A034_2D-1FL2_V000,STFT,pre,20.0,1.0,1.082082855445321,True,
cal_0031,SYN_A034_2D-1FL2_V000,STFT,post,20.0,1.0,1.0820853730859645,True,
cal_0031,SYN_A034_2D-1FL2_V000,Hilbert,pre,20.0,1.0,0.9336876037061422,True,
cal_0031,SYN_A034_2D-1FL2_V000,Hilbert,post,20.0,1.0,0.9292822147719703,True,
cal_0031,SYN_A034_2D-1FL2_V000,CWT_pyBOAT,pre,20.0,1.0,0.9971462081663057,True,
cal_0031,SYN_A034_2D-1FL2_V000,CWT_pyBOAT,post,20.0,1.0,0.9973845678982506,True,
cal_0032,SYN_A034_2D-1FL2_V000,STFT,pre,22.0,1.0,1.0752336629783388,True,
cal_0032,SYN_A034_2D-1FL2_V000,STFT,post,22.0,1.0,1.0749167307154632,True,
cal_0032,SYN_A034_2D-1FL2_V000,Hilbert,pre,22.0,1.0,1.0063660751938048,True,
cal_0032,SYN_A034_2D-1FL2_V000,Hilbert,post,22.0,1.0,0.9996366282287439,True,
cal_0032,SYN_A034_2D-1FL2_V000,CWT_pyBOAT,pre,22.0,1.0,0.9952828204277884,True,
cal_0032,SYN_A034_2D-1FL2_V000,CWT_pyBOAT,post,22.0,1.0,0.9954080708097295,True,
cal_0033,SYN_A034_2D-1FL2_V000,STFT,pre,24.0,1.0,1.0045627532862513,True,
cal_0033,SYN_A034_2D-1FL2_V000,STFT,post,24.0,1.0,1.0045627532862522,True,
cal_0033,SYN_A034_2D-1FL2_V000,Hilbert,pre,24.0,1.0,1.012020951974136,True,
cal_0033,SYN_A034_2D-1FL2_V000,Hilbert,post,24.0,1.0,1.0222743384624071,True,
cal_0033,SYN_A034_2D-1FL2_V000,CWT_pyBOAT,pre,24.0,1.0,0.9942909274119925,True,
cal_0033,SYN_A034_2D-1FL2_V000,CWT_pyBOAT,post,24.0,1.0,0.9945716009381209,True,
cal_0034,SYN_A034_2D-1FL2_V000,STFT,pre,26.0,1.0,0.9289665140552581,True,
cal_0034,SYN_A034_2D-1FL2_V000,STFT,post,26.0,1.0,0.9279701901533488,True,
cal_0034,SYN_A034_2D-1FL2_V000,Hilbert,pre,26.0,1.0,1.0263270469028556,True,
cal_0034,SYN_A034_2D-1FL2_V000,Hilbert,post,26.0,1.0,1.0224208675841098,True,
cal_0034,SYN_A034_2D-1FL2_V000,CWT_pyBOAT,pre,26.0,1.0,0.9920274217668776,True,
cal_0034,SYN_A034_2D-1FL2_V000,CWT_pyBOAT,post,26.0,1.0,0.9924091789015654,True,
cal_0035,SYN_A034_2D-1FL2_V000,STFT,pre,28.0,1.0,0.8826813269009193,True,
cal_0035,SYN_A034_2D-1FL2_V000,STFT,post,28.0,1.0,0.8826855243201288,True,
cal_0035,SYN_A034_2D-1FL2_V000,Hilbert,pre,28.0,1.0,0.9673322015585688,True,
cal_0035,SYN_A034_2D-1FL2_V000,Hilbert,post,28.0,1.0,0.900698715107147,True,
cal_0035,SYN_A034_2D-1FL2_V000,CWT_pyBOAT,pre,28.0,1.0,0.9881024686921347,True,
cal_0035,SYN_A034_2D-1FL2_V000,CWT_pyBOAT,post,28.0,1.0,0.9912410727088069,True,
cal_0036,SYN_A034_2D-1FL2_V000,STFT,pre,30.0,1.0,0.8731158529230301,True,
cal_0036,SYN_A034_2D-1FL2_V000,STFT,post,30.0,1.0,0.8731158529230302,True,
cal_0036,SYN_A034_2D-1FL2_V000,Hilbert,pre,30.0,1.0,0.7699595299058704,True,
cal_0036,SYN_A034_2D-1FL2_V000,Hilbert,post,30.0,1.0,0.7040257873826784,True,
cal_0036,SYN_A034_2D-1FL2_V000,CWT_pyBOAT,pre,30.0,1.0,0.9829794721394981,True,
cal_0036,SYN_A034_2D-1FL2_V000,CWT_pyBOAT,post,30.0,1.0,0.985137913374603,True,
cal_0037,SYN_A034_2D-1FL2_V000,STFT,pre,20.0,2.0,2.164165710890642,True,
cal_0037,SYN_A034_2D-1FL2_V000,STFT,post,20.0,2.0,2.164170746171929,True,
cal_0037,SYN_A034_2D-1FL2_V000,Hilbert,pre,20.0,2.0,1.8673752074122845,True,
cal_0037,SYN_A034_2D-1FL2_V000,Hilbert,post,20.0,2.0,1.8585644295439405,True,
cal_0037,SYN_A034_2D-1FL2_V000,CWT_pyBOAT,pre,20.0,2.0,1.9942924163326115,True,
cal_0037,SYN_A034_2D-1FL2_V000,CWT_pyBOAT,post,20.0,2.0,1.9947691357965012,True,
cal_0038,SYN_A034_2D-1FL2_V000,STFT,pre,22.0,2.0,2.1504673259566776,True,
cal_0038,SYN_A034_2D-1FL2_V000,STFT,post,22.0,2.0,2.1498334614309265,True,
cal_0038,SYN_A034_2D-1FL2_V000,Hilbert,pre,22.0,2.0,2.0127321503876097,True,
cal_0038,SYN_A034_2D-1FL2_V000,Hilbert,post,22.0,2.0,1.9992732564574878,True,
cal_0038,SYN_A034_2D-1FL2_V000,CWT_pyBOAT,pre,22.0,2.0,1.9905656408555767,True,
cal_0038,SYN_A034_2D-1FL2_V000,CWT_pyBOAT,post,22.0,2.0,1.990816141619459,True,
cal_0039,SYN_A034_2D-1FL2_V000,STFT,pre,24.0,2.0,2.0091255065725027,True,
cal_0039,SYN_A034_2D-1FL2_V000,STFT,post,24.0,2.0,2.0091255065725044,True,
cal_0039,SYN_A034_2D-1FL2_V000,Hilbert,pre,24.0,2.0,2.024041903948272,True,
cal_0039,SYN_A034_2D-1FL2_V000,Hilbert,post,24.0,2.0,2.0445486769248142,True,
cal_0039,SYN_A034_2D-1FL2_V000,CWT_pyBOAT,pre,24.0,2.0,1.988581854823985,True,
cal_0039,SYN_A034_2D-1FL2_V000,CWT_pyBOAT,post,24.0,2.0,1.9891432018762418,True,
cal_0040,SYN_A034_2D-1FL2_V000,STFT,pre,26.0,2.0,1.8579330281105162,True,
cal_0040,SYN_A034_2D-1FL2_V000,STFT,post,26.0,2.0,1.8559403803066976,True,
cal_0040,SYN_A034_2D-1FL2_V000,Hilbert,pre,26.0,2.0,2.052654093805711,True,
cal_0040,SYN_A034_2D-1FL2_V000,Hilbert,post,26.0,2.0,2.0448417351682195,True,
cal_0040,SYN_A034_2D-1FL2_V000,CWT_pyBOAT,pre,26.0,2.0,1.9840548435337553,True,
cal_0040,SYN_A034_2D-1FL2_V000,CWT_pyBOAT,post,26.0,2.0,1.9848183578031309,True,
cal_0041,SYN_A034_2D-1FL2_V000,STFT,pre,28.0,2.0,1.7653626538018385,True,
cal_0041,SYN_A034_2D-1FL2_V000,STFT,post,28.0,2.0,1.7653710486402576,True,
cal_0041,SYN_A034_2D-1FL2_V000,Hilbert,pre,28.0,2.0,1.9346644031171376,True,
cal_0041,SYN_A034_2D-1FL2_V000,Hilbert,post,28.0,2.0,1.801397430214294,True,
cal_0041,SYN_A034_2D-1FL2_V000,CWT_pyBOAT,pre,28.0,2.0,1.9762049373842694,True,
cal_0041,SYN_A034_2D-1FL2_V000,CWT_pyBOAT,post,28.0,2.0,1.9824821454176138,True,
cal_0042,SYN_A034_2D-1FL2_V000,STFT,pre,30.0,2.0,1.7462317058460601,True,
cal_0042,SYN_A034_2D-1FL2_V000,STFT,post,30.0,2.0,1.7462317058460604,True,
cal_0042,SYN_A034_2D-1FL2_V000,Hilbert,pre,30.0,2.0,1.5399190598117407,True,
cal_0042,SYN_A034_2D-1FL2_V000,Hilbert,post,30.0,2.0,1.4080515747653568,True,
cal_0042,SYN_A034_2D-1FL2_V000,CWT_pyBOAT,pre,30.0,2.0,1.9659589442789962,True,
cal_0042,SYN_A034_2D-1FL2_V000,CWT_pyBOAT,post,30.0,2.0,1.970275826749206,True,
cal_0043,SYN_A034_2D-1FL2_V000,STFT,pre,20.0,4.0,4.328331421781284,True,
cal_0043,SYN_A034_2D-1FL2_V000,STFT,post,20.0,4.0,4.328341492343858,True,
cal_0043,SYN_A034_2D-1FL2_V000,Hilbert,pre,20.0,4.0,3.734750414824569,True,
cal_0043,SYN_A034_2D-1FL2_V000,Hilbert,post,20.0,4.0,3.717128859087881,True,
cal_0043,SYN_A034_2D-1FL2_V000,CWT_pyBOAT,pre,20.0,4.0,3.988584832665223,True,
cal_0043,SYN_A034_2D-1FL2_V000,CWT_pyBOAT,post,20.0,4.0,3.9895382715930023,True,
cal_0044,SYN_A034_2D-1FL2_V000,STFT,pre,22.0,4.0,4.300934651913355,True,
cal_0044,SYN_A034_2D-1FL2_V000,STFT,post,22.0,4.0,4.299666922861853,True,
cal_0044,SYN_A034_2D-1FL2_V000,Hilbert,pre,22.0,4.0,4.025464300775219,True,
cal_0044,SYN_A034_2D-1FL2_V000,Hilbert,post,22.0,4.0,3.9985465129149755,True,
cal_0044,SYN_A034_2D-1FL2_V000,CWT_pyBOAT,pre,22.0,4.0,3.9811312817111535,True,
cal_0044,SYN_A034_2D-1FL2_V000,CWT_pyBOAT,post,22.0,4.0,3.981632283238918,True,
cal_0045,SYN_A034_2D-1FL2_V000,STFT,pre,24.0,4.0,4.018251013145005,True,
cal_0045,SYN_A034_2D-1FL2_V000,STFT,post,24.0,4.0,4.018251013145009,True,
cal_0045,SYN_A034_2D-1FL2_V000,Hilbert,pre,24.0,4.0,4.048083807896544,True,
cal_0045,SYN_A034_2D-1FL2_V000,Hilbert,post,24.0,4.0,4.0890973538496285,True,
cal_0045,SYN_A034_2D-1FL2_V000,CWT_pyBOAT,pre,24.0,4.0,3.97716370964797,True,
cal_0045,SYN_A034_2D-1FL2_V000,CWT_pyBOAT,post,24.0,4.0,3.9782864037524837,True,
cal_0046,SYN_A034_2D-1FL2_V000,STFT,pre,26.0,4.0,3.7158660562210324,True,
cal_0046,SYN_A034_2D-1FL2_V000,STFT,post,26.0,4.0,3.7118807606133952,True,
cal_0046,SYN_A034_2D-1FL2_V000,Hilbert,pre,26.0,4.0,4.105308187611422,True,
cal_0046,SYN_A034_2D-1FL2_V000,Hilbert,post,26.0,4.0,4.089683470336439,True,
cal_0046,SYN_A034_2D-1FL2_V000,CWT_pyBOAT,pre,26.0,4.0,3.9681096870675105,True,
cal_0046,SYN_A034_2D-1FL2_V000,CWT_pyBOAT,post,26.0,4.0,3.9696367156062617,True,
cal_0047,SYN_A034_2D-1FL2_V000,STFT,pre,28.0,4.0,3.530725307603677,True,
cal_0047,SYN_A034_2D-1FL2_V000,STFT,post,28.0,4.0,3.5307420972805152,True,
cal_0047,SYN_A034_2D-1FL2_V000,Hilbert,pre,28.0,4.0,3.869328806234275,True,
cal_0047,SYN_A034_2D-1FL2_V000,Hilbert,post,28.0,4.0,3.602794860428588,True,
cal_0047,SYN_A034_2D-1FL2_V000,CWT_pyBOAT,pre,28.0,4.0,3.9524098747685388,True,
cal_0047,SYN_A034_2D-1FL2_V000,CWT_pyBOAT,post,28.0,4.0,3.9649642908352276,True,
cal_0048,SYN_A034_2D-1FL2_V000,STFT,pre,30.0,4.0,3.4924634116921203,True,
cal_0048,SYN_A034_2D-1FL2_V000,STFT,post,30.0,4.0,3.4924634116921207,True,
cal_0048,SYN_A034_2D-1FL2_V000,Hilbert,pre,30.0,4.0,3.0798381196234814,True,
cal_0048,SYN_A034_2D-1FL2_V000,Hilbert,post,30.0,4.0,2.8161031495307136,True,
cal_0048,SYN_A034_2D-1FL2_V000,CWT_pyBOAT,pre,30.0,4.0,3.9319178885579924,True,
cal_0048,SYN_A034_2D-1FL2_V000,CWT_pyBOAT,post,30.0,4.0,3.940551653498412,True,
cal_0049,SYN_A030_1B-2MSCN_V000,STFT,pre,20.0,0.5,0.5410414277226605,True,
cal_0049,SYN_A030_1B-2MSCN_V000,STFT,post,20.0,0.5,0.5410426865429823,True,
cal_0049,SYN_A030_1B-2MSCN_V000,Hilbert,pre,20.0,0.5,0.4668438018530711,True,
cal_0049,SYN_A030_1B-2MSCN_V000,Hilbert,post,20.0,0.5,0.46464110738598513,True,
cal_0049,SYN_A030_1B-2MSCN_V000,CWT_pyBOAT,pre,20.0,0.5,0.49857310408315286,True,
cal_0049,SYN_A030_1B-2MSCN_V000,CWT_pyBOAT,post,20.0,0.5,0.4986922839491253,True,
cal_0050,SYN_A030_1B-2MSCN_V000,STFT,pre,22.0,0.5,0.5376168314891694,True,
cal_0050,SYN_A030_1B-2MSCN_V000,STFT,post,22.0,0.5,0.5374583653577316,True,
cal_0050,SYN_A030_1B-2MSCN_V000,Hilbert,pre,22.0,0.5,0.5031830375969024,True,
cal_0050,SYN_A030_1B-2MSCN_V000,Hilbert,post,22.0,0.5,0.49981831411437194,True,
cal_0050,SYN_A030_1B-2MSCN_V000,CWT_pyBOAT,pre,22.0,0.5,0.4976414102138942,True,
cal_0050,SYN_A030_1B-2MSCN_V000,CWT_pyBOAT,post,22.0,0.5,0.49770403540486474,True,
cal_0051,SYN_A030_1B-2MSCN_V000,STFT,pre,24.0,0.5,0.5022813766431257,True,
cal_0051,SYN_A030_1B-2MSCN_V000,STFT,post,24.0,0.5,0.5022813766431261,True,
cal_0051,SYN_A030_1B-2MSCN_V000,Hilbert,pre,24.0,0.5,0.506010475987068,True,
cal_0051,SYN_A030_1B-2MSCN_V000,Hilbert,post,24.0,0.5,0.5111371692312036,True,
cal_0051,SYN_A030_1B-2MSCN_V000,CWT_pyBOAT,pre,24.0,0.5,0.49714546370599627,True,
cal_0051,SYN_A030_1B-2MSCN_V000,CWT_pyBOAT,post,24.0,0.5,0.49728580046906046,True,
cal_0052,SYN_A030_1B-2MSCN_V000,STFT,pre,26.0,0.5,0.46448325702762905,True,
cal_0052,SYN_A030_1B-2MSCN_V000,STFT,post,26.0,0.5,0.4639850950766744,True,
cal_0052,SYN_A030_1B-2MSCN_V000,Hilbert,pre,26.0,0.5,0.5131635234514278,True,
cal_0052,SYN_A030_1B-2MSCN_V000,Hilbert,post,26.0,0.5,0.5112104337920549,True,
cal_0052,SYN_A030_1B-2MSCN_V000,CWT_pyBOAT,pre,26.0,0.5,0.4960137108834388,True,
cal_0052,SYN_A030_1B-2MSCN_V000,CWT_pyBOAT,post,26.0,0.5,0.4962045894507827,True,
cal_0053,SYN_A030_1B-2MSCN_V000,STFT,pre,28.0,0.5,0.44134066345045964,True,
cal_0053,SYN_A030_1B-2MSCN_V000,STFT,post,28.0,0.5,0.4413427621600644,True,
cal_0053,SYN_A030_1B-2MSCN_V000,Hilbert,pre,28.0,0.5,0.4836661007792844,True,
cal_0053,SYN_A030_1B-2MSCN_V000,Hilbert,post,28.0,0.5,0.4503493575535735,True,
cal_0053,SYN_A030_1B-2MSCN_V000,CWT_pyBOAT,pre,28.0,0.5,0.49405123434606735,True,
cal_0053,SYN_A030_1B-2MSCN_V000,CWT_pyBOAT,post,28.0,0.5,0.49562053635440345,True,
cal_0054,SYN_A030_1B-2MSCN_V000,STFT,pre,30.0,0.5,0.43655792646151503,True,
cal_0054,SYN_A030_1B-2MSCN_V000,STFT,post,30.0,0.5,0.4365579264615151,True,
cal_0054,SYN_A030_1B-2MSCN_V000,Hilbert,pre,30.0,0.5,0.3849797649529352,True,
cal_0054,SYN_A030_1B-2MSCN_V000,Hilbert,post,30.0,0.5,0.3520128936913392,True,
cal_0054,SYN_A030_1B-2MSCN_V000,CWT_pyBOAT,pre,30.0,0.5,0.49148973606974905,True,
cal_0054,SYN_A030_1B-2MSCN_V000,CWT_pyBOAT,post,30.0,0.5,0.4925689566873015,True,
cal_0055,SYN_A030_1B-2MSCN_V000,STFT,pre,20.0,1.0,1.082082855445321,True,
cal_0055,SYN_A030_1B-2MSCN_V000,STFT,post,20.0,1.0,1.0820853730859645,True,
cal_0055,SYN_A030_1B-2MSCN_V000,Hilbert,pre,20.0,1.0,0.9336876037061422,True,
cal_0055,SYN_A030_1B-2MSCN_V000,Hilbert,post,20.0,1.0,0.9292822147719703,True,
cal_0055,SYN_A030_1B-2MSCN_V000,CWT_pyBOAT,pre,20.0,1.0,0.9971462081663057,True,
cal_0055,SYN_A030_1B-2MSCN_V000,CWT_pyBOAT,post,20.0,1.0,0.9973845678982506,True,
cal_0056,SYN_A030_1B-2MSCN_V000,STFT,pre,22.0,1.0,1.0752336629783388,True,
cal_0056,SYN_A030_1B-2MSCN_V000,STFT,post,22.0,1.0,1.0749167307154632,True,
cal_0056,SYN_A030_1B-2MSCN_V000,Hilbert,pre,22.0,1.0,1.0063660751938048,True,
cal_0056,SYN_A030_1B-2MSCN_V000,Hilbert,post,22.0,1.0,0.9996366282287439,True,
cal_0056,SYN_A030_1B-2MSCN_V000,CWT_pyBOAT,pre,22.0,1.0,0.9952828204277884,True,
cal_0056,SYN_A030_1B-2MSCN_V000,CWT_pyBOAT,post,22.0,1.0,0.9954080708097295,True,
cal_0057,SYN_A030_1B-2MSCN_V000,STFT,pre,24.0,1.0,1.0045627532862513,True,
cal_0057,SYN_A030_1B-2MSCN_V000,STFT,post,24.0,1.0,1.0045627532862522,True,
cal_0057,SYN_A030_1B-2MSCN_V000,Hilbert,pre,24.0,1.0,1.012020951974136,True,
cal_0057,SYN_A030_1B-2MSCN_V000,Hilbert,post,24.0,1.0,1.0222743384624071,True,
cal_0057,SYN_A030_1B-2MSCN_V000,CWT_pyBOAT,pre,24.0,1.0,0.9942909274119925,True,
cal_0057,SYN_A030_1B-2MSCN_V000,CWT_pyBOAT,post,24.0,1.0,0.9945716009381209,True,
cal_0058,SYN_A030_1B-2MSCN_V000,STFT,pre,26.0,1.0,0.9289665140552581,True,
cal_0058,SYN_A030_1B-2MSCN_V000,STFT,post,26.0,1.0,0.9279701901533488,True,
cal_0058,SYN_A030_1B-2MSCN_V000,Hilbert,pre,26.0,1.0,1.0263270469028556,True,
cal_0058,SYN_A030_1B-2MSCN_V000,Hilbert,post,26.0,1.0,1.0224208675841098,True,
cal_0058,SYN_A030_1B-2MSCN_V000,CWT_pyBOAT,pre,26.0,1.0,0.9920274217668776,True,
cal_0058,SYN_A030_1B-2MSCN_V000,CWT_pyBOAT,post,26.0,1.0,0.9924091789015654,True,
cal_0059,SYN_A030_1B-2MSCN_V000,STFT,pre,28.0,1.0,0.8826813269009193,True,
cal_0059,SYN_A030_1B-2MSCN_V000,STFT,post,28.0,1.0,0.8826855243201288,True,
cal_0059,SYN_A030_1B-2MSCN_V000,Hilbert,pre,28.0,1.0,0.9673322015585688,True,
cal_0059,SYN_A030_1B-2MSCN_V000,Hilbert,post,28.0,1.0,0.900698715107147,True,
cal_0059,SYN_A030_1B-2MSCN_V000,CWT_pyBOAT,pre,28.0,1.0,0.9881024686921347,True,
cal_0059,SYN_A030_1B-2MSCN_V000,CWT_pyBOAT,post,28.0,1.0,0.9912410727088069,True,
cal_0060,SYN_A030_1B-2MSCN_V000,STFT,pre,30.0,1.0,0.8731158529230301,True,
cal_0060,SYN_A030_1B-2MSCN_V000,STFT,post,30.0,1.0,0.8731158529230302,True,
cal_0060,SYN_A030_1B-2MSCN_V000,Hilbert,pre,30.0,1.0,0.7699595299058704,True,
cal_0060,SYN_A030_1B-2MSCN_V000,Hilbert,post,30.0,1.0,0.7040257873826784,True,
cal_0060,SYN_A030_1B-2MSCN_V000,CWT_pyBOAT,pre,30.0,1.0,0.9829794721394981,True,
cal_0060,SYN_A030_1B-2MSCN_V000,CWT_pyBOAT,post,30.0,1.0,0.985137913374603,True,
cal_0061,SYN_A030_1B-2MSCN_V000,STFT,pre,20.0,2.0,2.164165710890642,True,
cal_0061,SYN_A030_1B-2MSCN_V000,STFT,post,20.0,2.0,2.164170746171929,True,
cal_0061,SYN_A030_1B-2MSCN_V000,Hilbert,pre,20.0,2.0,1.8673752074122845,True,
cal_0061,SYN_A030_1B-2MSCN_V000,Hilbert,post,20.0,2.0,1.8585644295439405,True,
cal_0061,SYN_A030_1B-2MSCN_V000,CWT_pyBOAT,pre,20.0,2.0,1.9942924163326115,True,
cal_0061,SYN_A030_1B-2MSCN_V000,CWT_pyBOAT,post,20.0,2.0,1.9947691357965012,True,
cal_0062,SYN_A030_1B-2MSCN_V000,STFT,pre,22.0,2.0,2.1504673259566776,True,
cal_0062,SYN_A030_1B-2MSCN_V000,STFT,post,22.0,2.0,2.1498334614309265,True,
cal_0062,SYN_A030_1B-2MSCN_V000,Hilbert,pre,22.0,2.0,2.0127321503876097,True,
cal_0062,SYN_A030_1B-2MSCN_V000,Hilbert,post,22.0,2.0,1.9992732564574878,True,
cal_0062,SYN_A030_1B-2MSCN_V000,CWT_pyBOAT,pre,22.0,2.0,1.9905656408555767,True,
cal_0062,SYN_A030_1B-2MSCN_V000,CWT_pyBOAT,post,22.0,2.0,1.990816141619459,True,
cal_0063,SYN_A030_1B-2MSCN_V000,STFT,pre,24.0,2.0,2.0091255065725027,True,
cal_0063,SYN_A030_1B-2MSCN_V000,STFT,post,24.0,2.0,2.0091255065725044,True,
cal_0063,SYN_A030_1B-2MSCN_V000,Hilbert,pre,24.0,2.0,2.024041903948272,True,
cal_0063,SYN_A030_1B-2MSCN_V000,Hilbert,post,24.0,2.0,2.0445486769248142,True,
cal_0063,SYN_A030_1B-2MSCN_V000,CWT_pyBOAT,pre,24.0,2.0,1.988581854823985,True,
cal_0063,SYN_A030_1B-2MSCN_V000,CWT_pyBOAT,post,24.0,2.0,1.9891432018762418,True,
cal_0064,SYN_A030_1B-2MSCN_V000,STFT,pre,26.0,2.0,1.8579330281105162,True,
cal_0064,SYN_A030_1B-2MSCN_V000,STFT,post,26.0,2.0,1.8559403803066976,True,
cal_0064,SYN_A030_1B-2MSCN_V000,Hilbert,pre,26.0,2.0,2.052654093805711,True,
cal_0064,SYN_A030_1B-2MSCN_V000,Hilbert,post,26.0,2.0,2.0448417351682195,True,
cal_0064,SYN_A030_1B-2MSCN_V000,CWT_pyBOAT,pre,26.0,2.0,1.9840548435337553,True,
cal_0064,SYN_A030_1B-2MSCN_V000,CWT_pyBOAT,post,26.0,2.0,1.9848183578031309,True,
cal_0065,SYN_A030_1B-2MSCN_V000,STFT,pre,28.0,2.0,1.7653626538018385,True,
cal_0065,SYN_A030_1B-2MSCN_V000,STFT,post,28.0,2.0,1.7653710486402576,True,
cal_0065,SYN_A030_1B-2MSCN_V000,Hilbert,pre,28.0,2.0,1.9346644031171376,True,
cal_0065,SYN_A030_1B-2MSCN_V000,Hilbert,post,28.0,2.0,1.801397430214294,True,
cal_0065,SYN_A030_1B-2MSCN_V000,CWT_pyBOAT,pre,28.0,2.0,1.9762049373842694,True,
cal_0065,SYN_A030_1B-2MSCN_V000,CWT_pyBOAT,post,28.0,2.0,1.9824821454176138,True,
cal_0066,SYN_A030_1B-2MSCN_V000,STFT,pre,30.0,2.0,1.7462317058460601,True,
cal_0066,SYN_A030_1B-2MSCN_V000,STFT,post,30.0,2.0,1.7462317058460604,True,
cal_0066,SYN_A030_1B-2MSCN_V000,Hilbert,pre,30.0,2.0,1.5399190598117407,True,
cal_0066,SYN_A030_1B-2MSCN_V000,Hilbert,post,30.0,2.0,1.4080515747653568,True,
cal_0066,SYN_A030_1B-2MSCN_V000,CWT_pyBOAT,pre,30.0,2.0,1.9659589442789962,True,
cal_0066,SYN_A030_1B-2MSCN_V000,CWT_pyBOAT,post,30.0,2.0,1.970275826749206,True,
cal_0067,SYN_A030_1B-2MSCN_V000,STFT,pre,20.0,4.0,4.328331421781284,True,
cal_0067,SYN_A030_1B-2MSCN_V000,STFT,post,20.0,4.0,4.328341492343858,True,
cal_0067,SYN_A030_1B-2MSCN_V000,Hilbert,pre,20.0,4.0,3.734750414824569,True,
cal_0067,SYN_A030_1B-2MSCN_V000,Hilbert,post,20.0,4.0,3.717128859087881,True,
cal_0067,SYN_A030_1B-2MSCN_V000,CWT_pyBOAT,pre,20.0,4.0,3.988584832665223,True,
cal_0067,SYN_A030_1B-2MSCN_V000,CWT_pyBOAT,post,20.0,4.0,3.9895382715930023,True,
cal_0068,SYN_A030_1B-2MSCN_V000,STFT,pre,22.0,4.0,4.300934651913355,True,
cal_0068,SYN_A030_1B-2MSCN_V000,STFT,post,22.0,4.0,4.299666922861853,True,
cal_0068,SYN_A030_1B-2MSCN_V000,Hilbert,pre,22.0,4.0,4.025464300775219,True,
cal_0068,SYN_A030_1B-2MSCN_V000,Hilbert,post,22.0,4.0,3.9985465129149755,True,
cal_0068,SYN_A030_1B-2MSCN_V000,CWT_pyBOAT,pre,22.0,4.0,3.9811312817111535,True,
cal_0068,SYN_A030_1B-2MSCN_V000,CWT_pyBOAT,post,22.0,4.0,3.981632283238918,True,
cal_0069,SYN_A030_1B-2MSCN_V000,STFT,pre,24.0,4.0,4.018251013145005,True,
cal_0069,SYN_A030_1B-2MSCN_V000,STFT,post,24.0,4.0,4.018251013145009,True,
cal_0069,SYN_A030_1B-2MSCN_V000,Hilbert,pre,24.0,4.0,4.048083807896544,True,
cal_0069,SYN_A030_1B-2MSCN_V000,Hilbert,post,24.0,4.0,4.0890973538496285,True,
cal_0069,SYN_A030_1B-2MSCN_V000,CWT_pyBOAT,pre,24.0,4.0,3.97716370964797,True,
cal_0069,SYN_A030_1B-2MSCN_V000,CWT_pyBOAT,post,24.0,4.0,3.9782864037524837,True,
cal_0070,SYN_A030_1B-2MSCN_V000,STFT,pre,26.0,4.0,3.7158660562210324,True,
cal_0070,SYN_A030_1B-2MSCN_V000,STFT,post,26.0,4.0,3.7118807606133952,True,
cal_0070,SYN_A030_1B-2MSCN_V000,Hilbert,pre,26.0,4.0,4.105308187611422,True,
cal_0070,SYN_A030_1B-2MSCN_V000,Hilbert,post,26.0,4.0,4.089683470336439,True,
cal_0070,SYN_A030_1B-2MSCN_V000,CWT_pyBOAT,pre,26.0,4.0,3.9681096870675105,True,
cal_0070,SYN_A030_1B-2MSCN_V000,CWT_pyBOAT,post,26.0,4.0,3.9696367156062617,True,
cal_0071,SYN_A030_1B-2MSCN_V000,STFT,pre,28.0,4.0,3.530725307603677,True,
cal_0071,SYN_A030_1B-2MSCN_V000,STFT,post,28.0,4.0,3.5307420972805152,True,
cal_0071,SYN_A030_1B-2MSCN_V000,Hilbert,pre,28.0,4.0,3.869328806234275,True,
cal_0071,SYN_A030_1B-2MSCN_V000,Hilbert,post,28.0,4.0,3.602794860428588,True,
cal_0071,SYN_A030_1B-2MSCN_V000,CWT_pyBOAT,pre,28.0,4.0,3.9524098747685388,True,
cal_0071,SYN_A030_1B-2MSCN_V000,CWT_pyBOAT,post,28.0,4.0,3.9649642908352276,True,
cal_0072,SYN_A030_1B-2MSCN_V000,STFT,pre,30.0,4.0,3.4924634116921203,True,
cal_0072,SYN_A030_1B-2MSCN_V000,STFT,post,30.0,4.0,3.4924634116921207,True,
cal_0072,SYN_A030_1B-2MSCN_V000,Hilbert,pre,30.0,4.0,3.0798381196234814,True,
cal_0072,SYN_A030_1B-2MSCN_V000,Hilbert,post,30.0,4.0,2.8161031495307136,True,
cal_0072,SYN_A030_1B-2MSCN_V000,CWT_pyBOAT,pre,30.0,4.0,3.9319178885579924,True,
cal_0072,SYN_A030_1B-2MSCN_V000,CWT_pyBOAT,post,30.0,4.0,3.940551653498412,True,
cal_0073,SYN_A050_2B-1MT7_V000,STFT,pre,20.0,0.5,0.5410414277226606,True,
cal_0073,SYN_A050_2B-1MT7_V000,STFT,post,20.0,0.5,0.5410446467681451,True,
cal_0073,SYN_A050_2B-1MT7_V000,Hilbert,pre,20.0,0.5,0.46869661257198164,True,
cal_0073,SYN_A050_2B-1MT7_V000,Hilbert,post,20.0,0.5,0.46759861378659956,True,
cal_0073,SYN_A050_2B-1MT7_V000,CWT_pyBOAT,pre,20.0,0.5,0.4987688276464929,True,
cal_0073,SYN_A050_2B-1MT7_V000,CWT_pyBOAT,post,20.0,0.5,0.4987731924089531,True,
cal_0074,SYN_A050_2B-1MT7_V000,STFT,pre,22.0,0.5,0.5375021225523563,True,
cal_0074,SYN_A050_2B-1MT7_V000,STFT,post,22.0,0.5,0.537364662301472,True,
cal_0074,SYN_A050_2B-1MT7_V000,Hilbert,pre,22.0,0.5,0.5032476516383172,True,
cal_0074,SYN_A050_2B-1MT7_V000,Hilbert,post,22.0,0.5,0.5031253451324664,True,
cal_0074,SYN_A050_2B-1MT7_V000,CWT_pyBOAT,pre,22.0,0.5,0.4981964213779784,True,
cal_0074,SYN_A050_2B-1MT7_V000,CWT_pyBOAT,post,22.0,0.5,0.4981540274383457,True,
cal_0075,SYN_A050_2B-1MT7_V000,STFT,pre,24.0,0.5,0.5022813766431258,True,
cal_0075,SYN_A050_2B-1MT7_V000,STFT,post,24.0,0.5,0.502281376643126,True,
cal_0075,SYN_A050_2B-1MT7_V000,Hilbert,pre,24.0,0.5,0.49945614900076796,True,
cal_0075,SYN_A050_2B-1MT7_V000,Hilbert,post,24.0,0.5,0.5068398660891729,True,
cal_0075,SYN_A050_2B-1MT7_V000,CWT_pyBOAT,pre,24.0,0.5,0.4982205593586309,True,
cal_0075,SYN_A050_2B-1MT7_V000,CWT_pyBOAT,post,24.0,0.5,0.49832778146838597,True,
cal_0076,SYN_A050_2B-1MT7_V000,STFT,pre,26.0,0.5,0.4644559318361922,True,
cal_0076,SYN_A050_2B-1MT7_V000,STFT,post,26.0,0.5,0.463845546902916,True,
cal_0076,SYN_A050_2B-1MT7_V000,Hilbert,pre,26.0,0.5,0.5113532600102931,True,
cal_0076,SYN_A050_2B-1MT7_V000,Hilbert,post,26.0,0.5,0.5108333126523223,True,
cal_0076,SYN_A050_2B-1MT7_V000,CWT_pyBOAT,pre,26.0,0.5,0.4972795848584079,True,
cal_0076,SYN_A050_2B-1MT7_V000,CWT_pyBOAT,post,26.0,0.5,0.49750656373011104,True,
cal_0077,SYN_A050_2B-1MT7_V000,STFT,pre,28.0,0.5,0.4410069434907062,True,
cal_0077,SYN_A050_2B-1MT7_V000,STFT,post,28.0,0.5,0.4407777331997935,True,
cal_0077,SYN_A050_2B-1MT7_V000,Hilbert,pre,28.0,0.5,0.49101004914297075,True,
cal_0077,SYN_A050_2B-1MT7_V000,Hilbert,post,28.0,0.5,0.46048353326218844,True,
cal_0077,SYN_A050_2B-1MT7_V000,CWT_pyBOAT,pre,28.0,0.5,0.49661804794668835,True,
cal_0077,SYN_A050_2B-1MT7_V000,CWT_pyBOAT,post,28.0,0.5,0.4966358860691504,True,
cal_0078,SYN_A050_2B-1MT7_V000,STFT,pre,30.0,0.5,0.43655792646151503,True,
cal_0078,SYN_A050_2B-1MT7_V000,STFT,post,30.0,0.5,0.43654782123117297,True,
cal_0078,SYN_A050_2B-1MT7_V000,Hilbert,pre,30.0,0.5,0.3934497435377955,True,
cal_0078,SYN_A050_2B-1MT7_V000,Hilbert,post,30.0,0.5,0.36257531708700397,True,
cal_0078,SYN_A050_2B-1MT7_V000,CWT_pyBOAT,pre,30.0,0.5,0.4955768683571556,True,
cal_0078,SYN_A050_2B-1MT7_V000,CWT_pyBOAT,post,30.0,0.5,0.49558239481539496,True,
cal_0079,SYN_A050_2B-1MT7_V000,STFT,pre,20.0,1.0,1.0820828554453212,True,
cal_0079,SYN_A050_2B-1MT7_V000,STFT,post,20.0,1.0,1.0820892935362902,True,
cal_0079,SYN_A050_2B-1MT7_V000,Hilbert,pre,20.0,1.0,0.9373932251439633,True,
cal_0079,SYN_A050_2B-1MT7_V000,Hilbert,post,20.0,1.0,0.9351972275731991,True,
cal_0079,SYN_A050_2B-1MT7_V000,CWT_pyBOAT,pre,20.0,1.0,0.9975376552929858,True,
cal_0079,SYN_A050_2B-1MT7_V000,CWT_pyBOAT,post,20.0,1.0,0.9975463848179063,True,
cal_0080,SYN_A050_2B-1MT7_V000,STFT,pre,22.0,1.0,1.0750042451047126,True,
cal_0080,SYN_A050_2B-1MT7_V000,STFT,post,22.0,1.0,1.074729324602944,True,
cal_0080,SYN_A050_2B-1MT7_V000,Hilbert,pre,22.0,1.0,1.0064953032766344,True,
cal_0080,SYN_A050_2B-1MT7_V000,Hilbert,post,22.0,1.0,1.0062506902649329,True,
cal_0080,SYN_A050_2B-1MT7_V000,CWT_pyBOAT,pre,22.0,1.0,0.9963928427559569,True,
cal_0080,SYN_A050_2B-1MT7_V000,CWT_pyBOAT,post,22.0,1.0,0.9963080548766914,True,
cal_0081,SYN_A050_2B-1MT7_V000,STFT,pre,24.0,1.0,1.0045627532862516,True,
cal_0081,SYN_A050_2B-1MT7_V000,STFT,post,24.0,1.0,1.004562753286252,True,
cal_0081,SYN_A050_2B-1MT7_V000,Hilbert,pre,24.0,1.0,0.9989122980015359,True,
cal_0081,SYN_A050_2B-1MT7_V000,Hilbert,post,24.0,1.0,1.0136797321783457,True,
cal_0081,SYN_A050_2B-1MT7_V000,CWT_pyBOAT,pre,24.0,1.0,0.9964411187172618,True,
cal_0081,SYN_A050_2B-1MT7_V000,CWT_pyBOAT,post,24.0,1.0,0.9966555629367719,True,
cal_0082,SYN_A050_2B-1MT7_V000,STFT,pre,26.0,1.0,0.9289118636723844,True,
cal_0082,SYN_A050_2B-1MT7_V000,STFT,post,26.0,1.0,0.927691093805832,True,
cal_0082,SYN_A050_2B-1MT7_V000,Hilbert,pre,26.0,1.0,1.0227065200205863,True,
cal_0082,SYN_A050_2B-1MT7_V000,Hilbert,post,26.0,1.0,1.0216666253046447,True,
cal_0082,SYN_A050_2B-1MT7_V000,CWT_pyBOAT,pre,26.0,1.0,0.9945591697168158,True,
cal_0082,SYN_A050_2B-1MT7_V000,CWT_pyBOAT,post,26.0,1.0,0.9950131274602221,True,
cal_0083,SYN_A050_2B-1MT7_V000,STFT,pre,28.0,1.0,0.8820138869814124,True,
cal_0083,SYN_A050_2B-1MT7_V000,STFT,post,28.0,1.0,0.881555466399587,True,
cal_0083,SYN_A050_2B-1MT7_V000,Hilbert,pre,28.0,1.0,0.9820200982859415,True,
cal_0083,SYN_A050_2B-1MT7_V000,Hilbert,post,28.0,1.0,0.9209670665243769,True,
cal_0083,SYN_A050_2B-1MT7_V000,CWT_pyBOAT,pre,28.0,1.0,0.9932360958933767,True,
cal_0083,SYN_A050_2B-1MT7_V000,CWT_pyBOAT,post,28.0,1.0,0.9932717721383008,True,
cal_0084,SYN_A050_2B-1MT7_V000,STFT,pre,30.0,1.0,0.8731158529230301,True,
cal_0084,SYN_A050_2B-1MT7_V000,STFT,post,30.0,1.0,0.8730956424623459,True,
cal_0084,SYN_A050_2B-1MT7_V000,Hilbert,pre,30.0,1.0,0.786899487075591,True,
cal_0084,SYN_A050_2B-1MT7_V000,Hilbert,post,30.0,1.0,0.7251506341740079,True,
cal_0084,SYN_A050_2B-1MT7_V000,CWT_pyBOAT,pre,30.0,1.0,0.9911537367143112,True,
cal_0084,SYN_A050_2B-1MT7_V000,CWT_pyBOAT,post,30.0,1.0,0.9911647896307899,True,
cal_0085,SYN_A050_2B-1MT7_V000,STFT,pre,20.0,2.0,2.1641657108906425,True,
cal_0085,SYN_A050_2B-1MT7_V000,STFT,post,20.0,2.0,2.1641785870725805,True,
cal_0085,SYN_A050_2B-1MT7_V000,Hilbert,pre,20.0,2.0,1.8747864502879266,True,
cal_0085,SYN_A050_2B-1MT7_V000,Hilbert,post,20.0,2.0,1.8703944551463982,True,
cal_0085,SYN_A050_2B-1MT7_V000,CWT_pyBOAT,pre,20.0,2.0,1.9950753105859715,True,
cal_0085,SYN_A050_2B-1MT7_V000,CWT_pyBOAT,post,20.0,2.0,1.9950927696358125,True,
cal_0086,SYN_A050_2B-1MT7_V000,STFT,pre,22.0,2.0,2.150008490209425,True,
cal_0086,SYN_A050_2B-1MT7_V000,STFT,post,22.0,2.0,2.149458649205888,True,
cal_0086,SYN_A050_2B-1MT7_V000,Hilbert,pre,22.0,2.0,2.012990606553269,True,
cal_0086,SYN_A050_2B-1MT7_V000,Hilbert,post,22.0,2.0,2.0125013805298657,True,
cal_0086,SYN_A050_2B-1MT7_V000,CWT_pyBOAT,pre,22.0,2.0,1.9927856855119137,True,
cal_0086,SYN_A050_2B-1MT7_V000,CWT_pyBOAT,post,22.0,2.0,1.9926161097533828,True,
cal_0087,SYN_A050_2B-1MT7_V000,STFT,pre,24.0,2.0,2.009125506572503,True,
cal_0087,SYN_A050_2B-1MT7_V000,STFT,post,24.0,2.0,2.009125506572504,True,
cal_0087,SYN_A050_2B-1MT7_V000,Hilbert,pre,24.0,2.0,1.9978245960030718,True,
cal_0087,SYN_A050_2B-1MT7_V000,Hilbert,post,24.0,2.0,2.0273594643566915,True,
cal_0087,SYN_A050_2B-1MT7_V000,CWT_pyBOAT,pre,24.0,2.0,1.9928822374345236,True,
cal_0087,SYN_A050_2B-1MT7_V000,CWT_pyBOAT,post,24.0,2.0,1.9933111258735439,True,
cal_0088,SYN_A050_2B-1MT7_V000,STFT,pre,26.0,2.0,1.8578237273447689,True,
cal_0088,SYN_A050_2B-1MT7_V000,STFT,post,26.0,2.0,1.855382187611664,True,
cal_0088,SYN_A050_2B-1MT7_V000,Hilbert,pre,26.0,2.0,2.0454130400411725,True,
cal_0088,SYN_A050_2B-1MT7_V000,Hilbert,post,26.0,2.0,2.0433332506092894,True,
cal_0088,SYN_A050_2B-1MT7_V000,CWT_pyBOAT,pre,26.0,2.0,1.9891183394336316,True,
cal_0088,SYN_A050_2B-1MT7_V000,CWT_pyBOAT,post,26.0,2.0,1.9900262549204442,True,
cal_0089,SYN_A050_2B-1MT7_V000,STFT,pre,28.0,2.0,1.7640277739628247,True,
cal_0089,SYN_A050_2B-1MT7_V000,STFT,post,28.0,2.0,1.763110932799174,True,
cal_0089,SYN_A050_2B-1MT7_V000,Hilbert,pre,28.0,2.0,1.964040196571883,True,
cal_0089,SYN_A050_2B-1MT7_V000,Hilbert,post,28.0,2.0,1.8419341330487538,True,
cal_0089,SYN_A050_2B-1MT7_V000,CWT_pyBOAT,pre,28.0,2.0,1.9864721917867534,True,
cal_0089,SYN_A050_2B-1MT7_V000,CWT_pyBOAT,post,28.0,2.0,1.9865435442766015,True,
cal_0090,SYN_A050_2B-1MT7_V000,STFT,pre,30.0,2.0,1.7462317058460601,True,
cal_0090,SYN_A050_2B-1MT7_V000,STFT,post,30.0,2.0,1.7461912849246919,True,
cal_0090,SYN_A050_2B-1MT7_V000,Hilbert,pre,30.0,2.0,1.573798974151182,True,
cal_0090,SYN_A050_2B-1MT7_V000,Hilbert,post,30.0,2.0,1.4503012683480159,True,
cal_0090,SYN_A050_2B-1MT7_V000,CWT_pyBOAT,pre,30.0,2.0,1.9823074734286223,True,
cal_0090,SYN_A050_2B-1MT7_V000,CWT_pyBOAT,post,30.0,2.0,1.9823295792615798,True,
cal_0091,SYN_A050_2B-1MT7_V000,STFT,pre,20.0,4.0,4.328331421781285,True,
cal_0091,SYN_A050_2B-1MT7_V000,STFT,post,20.0,4.0,4.328357174145161,True,
cal_0091,SYN_A050_2B-1MT7_V000,Hilbert,pre,20.0,4.0,3.749572900575853,True,
cal_0091,SYN_A050_2B-1MT7_V000,Hilbert,post,20.0,4.0,3.7407889102927965,True,
cal_0091,SYN_A050_2B-1MT7_V000,CWT_pyBOAT,pre,20.0,4.0,3.990150621171943,True,
cal_0091,SYN_A050_2B-1MT7_V000,CWT_pyBOAT,post,20.0,4.0,3.990185539271625,True,
cal_0092,SYN_A050_2B-1MT7_V000,STFT,pre,22.0,4.0,4.30001698041885,True,
cal_0092,SYN_A050_2B-1MT7_V000,STFT,post,22.0,4.0,4.298917298411776,True,
cal_0092,SYN_A050_2B-1MT7_V000,Hilbert,pre,22.0,4.0,4.025981213106538,True,
cal_0092,SYN_A050_2B-1MT7_V000,Hilbert,post,22.0,4.0,4.025002761059731,True,
cal_0092,SYN_A050_2B-1MT7_V000,CWT_pyBOAT,pre,22.0,4.0,3.9855713710238274,True,
cal_0092,SYN_A050_2B-1MT7_V000,CWT_pyBOAT,post,22.0,4.0,3.9852322195067655,True,
cal_0093,SYN_A050_2B-1MT7_V000,STFT,pre,24.0,4.0,4.018251013145006,True,
cal_0093,SYN_A050_2B-1MT7_V000,STFT,post,24.0,4.0,4.018251013145008,True,
cal_0093,SYN_A050_2B-1MT7_V000,Hilbert,pre,24.0,4.0,3.9956491920061437,True,
cal_0093,SYN_A050_2B-1MT7_V000,Hilbert,post,24.0,4.0,4.054718928713383,True,
cal_0093,SYN_A050_2B-1MT7_V000,CWT_pyBOAT,pre,24.0,4.0,3.9857644748690473,True,
cal_0093,SYN_A050_2B-1MT7_V000,CWT_pyBOAT,post,24.0,4.0,3.9866222517470877,True,
cal_0094,SYN_A050_2B-1MT7_V000,STFT,pre,26.0,4.0,3.7156474546895377,True,
cal_0094,SYN_A050_2B-1MT7_V000,STFT,post,26.0,4.0,3.710764375223328,True,
cal_0094,SYN_A050_2B-1MT7_V000,Hilbert,pre,26.0,4.0,4.090826080082345,True,
cal_0094,SYN_A050_2B-1MT7_V000,Hilbert,post,26.0,4.0,4.086666501218579,True,
cal_0094,SYN_A050_2B-1MT7_V000,CWT_pyBOAT,pre,26.0,4.0,3.978236678867263,True,
cal_0094,SYN_A050_2B-1MT7_V000,CWT_pyBOAT,post,26.0,4.0,3.9800525098408883,True,
cal_0095,SYN_A050_2B-1MT7_V000,STFT,pre,28.0,4.0,3.5280555479256495,True,
cal_0095,SYN_A050_2B-1MT7_V000,STFT,post,28.0,4.0,3.526221865598348,True,
cal_0095,SYN_A050_2B-1MT7_V000,Hilbert,pre,28.0,4.0,3.928080393143766,True,
cal_0095,SYN_A050_2B-1MT7_V000,Hilbert,post,28.0,4.0,3.6838682660975075,True,
cal_0095,SYN_A050_2B-1MT7_V000,CWT_pyBOAT,pre,28.0,4.0,3.9729443835735068,True,
cal_0095,SYN_A050_2B-1MT7_V000,CWT_pyBOAT,post,28.0,4.0,3.973087088553203,True,
cal_0096,SYN_A050_2B-1MT7_V000,STFT,pre,30.0,4.0,3.4924634116921203,True,
cal_0096,SYN_A050_2B-1MT7_V000,STFT,post,30.0,4.0,3.4923825698493838,True,
cal_0096,SYN_A050_2B-1MT7_V000,Hilbert,pre,30.0,4.0,3.147597948302364,True,
cal_0096,SYN_A050_2B-1MT7_V000,Hilbert,post,30.0,4.0,2.9006025366960317,True,
cal_0096,SYN_A050_2B-1MT7_V000,CWT_pyBOAT,pre,30.0,4.0,3.9646149468572447,True,
cal_0096,SYN_A050_2B-1MT7_V000,CWT_pyBOAT,post,30.0,4.0,3.9646591585231596,True,
cal_0097,SYN_A052_2D-M1L4_V000,STFT,pre,20.0,0.5,0.5410414277226606,True,
cal_0097,SYN_A052_2D-M1L4_V000,STFT,post,20.0,0.5,0.5410446467681451,True,
cal_0097,SYN_A052_2D-M1L4_V000,Hilbert,pre,20.0,0.5,0.4687104047842377,True,
cal_0097,SYN_A052_2D-M1L4_V000,Hilbert,post,20.0,0.5,0.4677288821173492,True,
cal_0097,SYN_A052_2D-M1L4_V000,CWT_pyBOAT,pre,20.0,0.5,0.4987692939250276,True,
cal_0097,SYN_A052_2D-M1L4_V000,CWT_pyBOAT,post,20.0,0.5,0.49877357598418903,True,
cal_0098,SYN_A052_2D-M1L4_V000,STFT,pre,22.0,0.5,0.5375021225523563,True,
cal_0098,SYN_A052_2D-M1L4_V000,STFT,post,22.0,0.5,0.537364662301472,True,
cal_0098,SYN_A052_2D-M1L4_V000,Hilbert,pre,22.0,0.5,0.5032484782028217,True,
cal_0098,SYN_A052_2D-M1L4_V000,Hilbert,post,22.0,0.5,0.5030496093787646,True,
cal_0098,SYN_A052_2D-M1L4_V000,CWT_pyBOAT,pre,22.0,0.5,0.4981965543897723,True,
cal_0098,SYN_A052_2D-M1L4_V000,CWT_pyBOAT,post,22.0,0.5,0.4981560804738654,True,
cal_0099,SYN_A052_2D-M1L4_V000,STFT,pre,24.0,0.5,0.5022813766431258,True,
cal_0099,SYN_A052_2D-M1L4_V000,STFT,post,24.0,0.5,0.502281376643126,True,
cal_0099,SYN_A052_2D-M1L4_V000,Hilbert,pre,24.0,0.5,0.499401722907381,True,
cal_0099,SYN_A052_2D-M1L4_V000,Hilbert,post,24.0,0.5,0.5065332643061176,True,
cal_0099,SYN_A052_2D-M1L4_V000,CWT_pyBOAT,pre,24.0,0.5,0.49821997998594447,True,
cal_0099,SYN_A052_2D-M1L4_V000,CWT_pyBOAT,post,24.0,0.5,0.4983491477234173,True,
cal_0100,SYN_A052_2D-M1L4_V000,STFT,pre,26.0,0.5,0.4644559318361922,True,
cal_0100,SYN_A052_2D-M1L4_V000,STFT,post,26.0,0.5,0.463845546902916,True,
cal_0100,SYN_A052_2D-M1L4_V000,Hilbert,pre,26.0,0.5,0.5113616990349088,True,
cal_0100,SYN_A052_2D-M1L4_V000,Hilbert,post,26.0,0.5,0.5110536293695788,True,
cal_0100,SYN_A052_2D-M1L4_V000,CWT_pyBOAT,pre,26.0,0.5,0.4973001566790175,True,
cal_0100,SYN_A052_2D-M1L4_V000,CWT_pyBOAT,post,26.0,0.5,0.4975346244457359,True,
cal_0101,SYN_A052_2D-M1L4_V000,STFT,pre,28.0,0.5,0.4410069434907062,True,
cal_0101,SYN_A052_2D-M1L4_V000,STFT,post,28.0,0.5,0.4407777331997935,True,
cal_0101,SYN_A052_2D-M1L4_V000,Hilbert,pre,28.0,0.5,0.491039023434431,True,
cal_0101,SYN_A052_2D-M1L4_V000,Hilbert,post,28.0,0.5,0.46109189191940275,True,
cal_0101,SYN_A052_2D-M1L4_V000,CWT_pyBOAT,pre,28.0,0.5,0.4966506990547415,True,
cal_0101,SYN_A052_2D-M1L4_V000,CWT_pyBOAT,post,28.0,0.5,0.496590530149861,True,
cal_0102,SYN_A052_2D-M1L4_V000,STFT,pre,30.0,0.5,0.43655792646151503,True,
cal_0102,SYN_A052_2D-M1L4_V000,STFT,post,30.0,0.5,0.43654782123117297,True,
cal_0102,SYN_A052_2D-M1L4_V000,Hilbert,pre,30.0,0.5,0.39348530904647677,True,
cal_0102,SYN_A052_2D-M1L4_V000,Hilbert,post,30.0,0.5,0.3626597333642878,True,
cal_0102,SYN_A052_2D-M1L4_V000,CWT_pyBOAT,pre,30.0,0.5,0.49562515884415603,True,
cal_0102,SYN_A052_2D-M1L4_V000,CWT_pyBOAT,post,30.0,0.5,0.49574622169953036,True,
cal_0103,SYN_A052_2D-M1L4_V000,STFT,pre,20.0,1.0,1.0820828554453212,True,
cal_0103,SYN_A052_2D-M1L4_V000,STFT,post,20.0,1.0,1.0820892935362902,True,
cal_0103,SYN_A052_2D-M1L4_V000,Hilbert,pre,20.0,1.0,0.9374208095684754,True,
cal_0103,SYN_A052_2D-M1L4_V000,Hilbert,post,20.0,1.0,0.9354577642346984,True,
cal_0103,SYN_A052_2D-M1L4_V000,CWT_pyBOAT,pre,20.0,1.0,0.9975385878500552,True,
cal_0103,SYN_A052_2D-M1L4_V000,CWT_pyBOAT,post,20.0,1.0,0.9975471519683781,True,
cal_0104,SYN_A052_2D-M1L4_V000,STFT,pre,22.0,1.0,1.0750042451047126,True,
cal_0104,SYN_A052_2D-M1L4_V000,STFT,post,22.0,1.0,1.074729324602944,True,
cal_0104,SYN_A052_2D-M1L4_V000,Hilbert,pre,22.0,1.0,1.0064969564056434,True,
cal_0104,SYN_A052_2D-M1L4_V000,Hilbert,post,22.0,1.0,1.0060992187575293,True,
cal_0104,SYN_A052_2D-M1L4_V000,CWT_pyBOAT,pre,22.0,1.0,0.9963931087795446,True,
cal_0104,SYN_A052_2D-M1L4_V000,CWT_pyBOAT,post,22.0,1.0,0.9963121609477308,True,
cal_0105,SYN_A052_2D-M1L4_V000,STFT,pre,24.0,1.0,1.0045627532862516,True,
cal_0105,SYN_A052_2D-M1L4_V000,STFT,post,24.0,1.0,1.004562753286252,True,
cal_0105,SYN_A052_2D-M1L4_V000,Hilbert,pre,24.0,1.0,0.998803445814762,True,
cal_0105,SYN_A052_2D-M1L4_V000,Hilbert,post,24.0,1.0,1.0130665286122351,True,
cal_0105,SYN_A052_2D-M1L4_V000,CWT_pyBOAT,pre,24.0,1.0,0.9964399599718889,True,
cal_0105,SYN_A052_2D-M1L4_V000,CWT_pyBOAT,post,24.0,1.0,0.9966982954468346,True,
cal_0106,SYN_A052_2D-M1L4_V000,STFT,pre,26.0,1.0,0.9289118636723844,True,
cal_0106,SYN_A052_2D-M1L4_V000,STFT,post,26.0,1.0,0.927691093805832,True,
cal_0106,SYN_A052_2D-M1L4_V000,Hilbert,pre,26.0,1.0,1.0227233980698176,True,
cal_0106,SYN_A052_2D-M1L4_V000,Hilbert,post,26.0,1.0,1.0221072587391575,True,
cal_0106,SYN_A052_2D-M1L4_V000,CWT_pyBOAT,pre,26.0,1.0,0.994600313358035,True,
cal_0106,SYN_A052_2D-M1L4_V000,CWT_pyBOAT,post,26.0,1.0,0.9950692488914717,True,
cal_0107,SYN_A052_2D-M1L4_V000,STFT,pre,28.0,1.0,0.8820138869814124,True,
cal_0107,SYN_A052_2D-M1L4_V000,STFT,post,28.0,1.0,0.881555466399587,True,
cal_0107,SYN_A052_2D-M1L4_V000,Hilbert,pre,28.0,1.0,0.982078046868862,True,
cal_0107,SYN_A052_2D-M1L4_V000,Hilbert,post,28.0,1.0,0.9221837838388055,True,
cal_0107,SYN_A052_2D-M1L4_V000,CWT_pyBOAT,pre,28.0,1.0,0.993301398109483,True,
cal_0107,SYN_A052_2D-M1L4_V000,CWT_pyBOAT,post,28.0,1.0,0.993181060299722,True,
cal_0108,SYN_A052_2D-M1L4_V000,STFT,pre,30.0,1.0,0.8731158529230301,True,
cal_0108,SYN_A052_2D-M1L4_V000,STFT,post,30.0,1.0,0.8730956424623459,True,
cal_0108,SYN_A052_2D-M1L4_V000,Hilbert,pre,30.0,1.0,0.7869706180929535,True,
cal_0108,SYN_A052_2D-M1L4_V000,Hilbert,post,30.0,1.0,0.7253194667285756,True,
cal_0108,SYN_A052_2D-M1L4_V000,CWT_pyBOAT,pre,30.0,1.0,0.9912503176883121,True,
cal_0108,SYN_A052_2D-M1L4_V000,CWT_pyBOAT,post,30.0,1.0,0.9914924433990607,True,
cal_0109,SYN_A052_2D-M1L4_V000,STFT,pre,20.0,2.0,2.1641657108906425,True,
cal_0109,SYN_A052_2D-M1L4_V000,STFT,post,20.0,2.0,2.1641785870725805,True,
cal_0109,SYN_A052_2D-M1L4_V000,Hilbert,pre,20.0,2.0,1.8748416191369508,True,
cal_0109,SYN_A052_2D-M1L4_V000,Hilbert,post,20.0,2.0,1.8709155284693968,True,
cal_0109,SYN_A052_2D-M1L4_V000,CWT_pyBOAT,pre,20.0,2.0,1.9950771757001105,True,
cal_0109,SYN_A052_2D-M1L4_V000,CWT_pyBOAT,post,20.0,2.0,1.9950943039367561,True,
cal_0110,SYN_A052_2D-M1L4_V000,STFT,pre,22.0,2.0,2.150008490209425,True,
cal_0110,SYN_A052_2D-M1L4_V000,STFT,post,22.0,2.0,2.149458649205888,True,
cal_0110,SYN_A052_2D-M1L4_V000,Hilbert,pre,22.0,2.0,2.012993912811287,True,
cal_0110,SYN_A052_2D-M1L4_V000,Hilbert,post,22.0,2.0,2.0121984375150586,True,
cal_0110,SYN_A052_2D-M1L4_V000,CWT_pyBOAT,pre,22.0,2.0,1.9927862175590891,True,
cal_0110,SYN_A052_2D-M1L4_V000,CWT_pyBOAT,post,22.0,2.0,1.9926243218954616,True,
cal_0111,SYN_A052_2D-M1L4_V000,STFT,pre,24.0,2.0,2.009125506572503,True,
cal_0111,SYN_A052_2D-M1L4_V000,STFT,post,24.0,2.0,2.009125506572504,True,
cal_0111,SYN_A052_2D-M1L4_V000,Hilbert,pre,24.0,2.0,1.997606891629524,True,
cal_0111,SYN_A052_2D-M1L4_V000,Hilbert,post,24.0,2.0,2.0261330572244702,True,
cal_0111,SYN_A052_2D-M1L4_V000,CWT_pyBOAT,pre,24.0,2.0,1.9928799199437779,True,
cal_0111,SYN_A052_2D-M1L4_V000,CWT_pyBOAT,post,24.0,2.0,1.9933965908936693,True,
cal_0112,SYN_A052_2D-M1L4_V000,STFT,pre,26.0,2.0,1.8578237273447689,True,
cal_0112,SYN_A052_2D-M1L4_V000,STFT,post,26.0,2.0,1.855382187611664,True,
cal_0112,SYN_A052_2D-M1L4_V000,Hilbert,pre,26.0,2.0,2.045446796139635,True,
cal_0112,SYN_A052_2D-M1L4_V000,Hilbert,post,26.0,2.0,2.044214517478315,True,
cal_0112,SYN_A052_2D-M1L4_V000,CWT_pyBOAT,pre,26.0,2.0,1.98920062671607,True,
cal_0112,SYN_A052_2D-M1L4_V000,CWT_pyBOAT,post,26.0,2.0,1.9901384977829435,True,
cal_0113,SYN_A052_2D-M1L4_V000,STFT,pre,28.0,2.0,1.7640277739628247,True,
cal_0113,SYN_A052_2D-M1L4_V000,STFT,post,28.0,2.0,1.763110932799174,True,
cal_0113,SYN_A052_2D-M1L4_V000,Hilbert,pre,28.0,2.0,1.964156093737724,True,
cal_0113,SYN_A052_2D-M1L4_V000,Hilbert,post,28.0,2.0,1.844367567677611,True,
cal_0113,SYN_A052_2D-M1L4_V000,CWT_pyBOAT,pre,28.0,2.0,1.986602796218966,True,
cal_0113,SYN_A052_2D-M1L4_V000,CWT_pyBOAT,post,28.0,2.0,1.986362120599444,True,
cal_0114,SYN_A052_2D-M1L4_V000,STFT,pre,30.0,2.0,1.7462317058460601,True,
cal_0114,SYN_A052_2D-M1L4_V000,STFT,post,30.0,2.0,1.7461912849246919,True,
cal_0114,SYN_A052_2D-M1L4_V000,Hilbert,pre,30.0,2.0,1.573941236185907,True,
cal_0114,SYN_A052_2D-M1L4_V000,Hilbert,post,30.0,2.0,1.4506389334571512,True,
cal_0114,SYN_A052_2D-M1L4_V000,CWT_pyBOAT,pre,30.0,2.0,1.9825006353766241,True,
cal_0114,SYN_A052_2D-M1L4_V000,CWT_pyBOAT,post,30.0,2.0,1.9829848867981215,True,
cal_0115,SYN_A052_2D-M1L4_V000,STFT,pre,20.0,4.0,4.328331421781285,True,
cal_0115,SYN_A052_2D-M1L4_V000,STFT,post,20.0,4.0,4.328357174145161,True,
cal_0115,SYN_A052_2D-M1L4_V000,Hilbert,pre,20.0,4.0,3.7496832382739016,True,
cal_0115,SYN_A052_2D-M1L4_V000,Hilbert,post,20.0,4.0,3.7418310569387936,True,
cal_0115,SYN_A052_2D-M1L4_V000,CWT_pyBOAT,pre,20.0,4.0,3.990154351400221,True,
cal_0115,SYN_A052_2D-M1L4_V000,CWT_pyBOAT,post,20.0,4.0,3.9901886078735123,True,
cal_0116,SYN_A052_2D-M1L4_V000,STFT,pre,22.0,4.0,4.30001698041885,True,
cal_0116,SYN_A052_2D-M1L4_V000,STFT,post,22.0,4.0,4.298917298411776,True,
cal_0116,SYN_A052_2D-M1L4_V000,Hilbert,pre,22.0,4.0,4.025987825622574,True,
cal_0116,SYN_A052_2D-M1L4_V000,Hilbert,post,22.0,4.0,4.024396875030117,True,
cal_0116,SYN_A052_2D-M1L4_V000,CWT_pyBOAT,pre,22.0,4.0,3.9855724351181783,True,
cal_0116,SYN_A052_2D-M1L4_V000,CWT_pyBOAT,post,22.0,4.0,3.985248643790923,True,
cal_0117,SYN_A052_2D-M1L4_V000,STFT,pre,24.0,4.0,4.018251013145006,True,
cal_0117,SYN_A052_2D-M1L4_V000,STFT,post,24.0,4.0,4.018251013145008,True,
cal_0117,SYN_A052_2D-M1L4_V000,Hilbert,pre,24.0,4.0,3.995213783259048,True,
cal_0117,SYN_A052_2D-M1L4_V000,Hilbert,post,24.0,4.0,4.0522661144489405,True,
cal_0117,SYN_A052_2D-M1L4_V000,CWT_pyBOAT,pre,24.0,4.0,3.9857598398875558,True,
cal_0117,SYN_A052_2D-M1L4_V000,CWT_pyBOAT,post,24.0,4.0,3.9867931817873385,True,
cal_0118,SYN_A052_2D-M1L4_V000,STFT,pre,26.0,4.0,3.7156474546895377,True,
cal_0118,SYN_A052_2D-M1L4_V000,STFT,post,26.0,4.0,3.710764375223328,True,
cal_0118,SYN_A052_2D-M1L4_V000,Hilbert,pre,26.0,4.0,4.09089359227927,True,
cal_0118,SYN_A052_2D-M1L4_V000,Hilbert,post,26.0,4.0,4.08842903495663,True,
cal_0118,SYN_A052_2D-M1L4_V000,CWT_pyBOAT,pre,26.0,4.0,3.97840125343214,True,
cal_0118,SYN_A052_2D-M1L4_V000,CWT_pyBOAT,post,26.0,4.0,3.980276995565887,True,
cal_0119,SYN_A052_2D-M1L4_V000,STFT,pre,28.0,4.0,3.5280555479256495,True,
cal_0119,SYN_A052_2D-M1L4_V000,STFT,post,28.0,4.0,3.526221865598348,True,
cal_0119,SYN_A052_2D-M1L4_V000,Hilbert,pre,28.0,4.0,3.928312187475448,True,
cal_0119,SYN_A052_2D-M1L4_V000,Hilbert,post,28.0,4.0,3.688735135355222,True,
cal_0119,SYN_A052_2D-M1L4_V000,CWT_pyBOAT,pre,28.0,4.0,3.973205592437932,True,
cal_0119,SYN_A052_2D-M1L4_V000,CWT_pyBOAT,post,28.0,4.0,3.972724241198888,True,
cal_0120,SYN_A052_2D-M1L4_V000,STFT,pre,30.0,4.0,3.4924634116921203,True,
cal_0120,SYN_A052_2D-M1L4_V000,STFT,post,30.0,4.0,3.4923825698493838,True,
cal_0120,SYN_A052_2D-M1L4_V000,Hilbert,pre,30.0,4.0,3.147882472371814,True,
cal_0120,SYN_A052_2D-M1L4_V000,Hilbert,post,30.0,4.0,2.9012778669143025,True,
cal_0120,SYN_A052_2D-M1L4_V000,CWT_pyBOAT,pre,30.0,4.0,3.9650012707532483,True,
cal_0120,SYN_A052_2D-M1L4_V000,CWT_pyBOAT,post,30.0,4.0,3.965969773596243,True,
cal_0121,SYN_A001_1B-L1m2_V000,STFT,pre,20.0,0.5,0.5410414277226606,True,
cal_0121,SYN_A001_1B-L1m2_V000,STFT,post,20.0,0.5,0.5410446467681451,True,
cal_0121,SYN_A001_1B-L1m2_V000,Hilbert,pre,20.0,0.5,0.4687104047842377,True,
cal_0121,SYN_A001_1B-L1m2_V000,Hilbert,post,20.0,0.5,0.4677288821173492,True,
cal_0121,SYN_A001_1B-L1m2_V000,CWT_pyBOAT,pre,20.0,0.5,0.4987692939250276,True,
cal_0121,SYN_A001_1B-L1m2_V000,CWT_pyBOAT,post,20.0,0.5,0.49877357598418903,True,
cal_0122,SYN_A001_1B-L1m2_V000,STFT,pre,22.0,0.5,0.5375021225523563,True,
cal_0122,SYN_A001_1B-L1m2_V000,STFT,post,22.0,0.5,0.537364662301472,True,
cal_0122,SYN_A001_1B-L1m2_V000,Hilbert,pre,22.0,0.5,0.5032484782028217,True,
cal_0122,SYN_A001_1B-L1m2_V000,Hilbert,post,22.0,0.5,0.5030496093787646,True,
cal_0122,SYN_A001_1B-L1m2_V000,CWT_pyBOAT,pre,22.0,0.5,0.4981965543897723,True,
cal_0122,SYN_A001_1B-L1m2_V000,CWT_pyBOAT,post,22.0,0.5,0.4981560804738654,True,
cal_0123,SYN_A001_1B-L1m2_V000,STFT,pre,24.0,0.5,0.5022813766431258,True,
cal_0123,SYN_A001_1B-L1m2_V000,STFT,post,24.0,0.5,0.502281376643126,True,
cal_0123,SYN_A001_1B-L1m2_V000,Hilbert,pre,24.0,0.5,0.499401722907381,True,
cal_0123,SYN_A001_1B-L1m2_V000,Hilbert,post,24.0,0.5,0.5065332643061176,True,
cal_0123,SYN_A001_1B-L1m2_V000,CWT_pyBOAT,pre,24.0,0.5,0.49821997998594447,True,
cal_0123,SYN_A001_1B-L1m2_V000,CWT_pyBOAT,post,24.0,0.5,0.4983491477234173,True,
cal_0124,SYN_A001_1B-L1m2_V000,STFT,pre,26.0,0.5,0.4644559318361922,True,
cal_0124,SYN_A001_1B-L1m2_V000,STFT,post,26.0,0.5,0.463845546902916,True,
cal_0124,SYN_A001_1B-L1m2_V000,Hilbert,pre,26.0,0.5,0.5113616990349088,True,
cal_0124,SYN_A001_1B-L1m2_V000,Hilbert,post,26.0,0.5,0.5110536293695788,True,
cal_0124,SYN_A001_1B-L1m2_V000,CWT_pyBOAT,pre,26.0,0.5,0.4973001566790175,True,
cal_0124,SYN_A001_1B-L1m2_V000,CWT_pyBOAT,post,26.0,0.5,0.4975346244457359,True,
cal_0125,SYN_A001_1B-L1m2_V000,STFT,pre,28.0,0.5,0.4410069434907062,True,
cal_0125,SYN_A001_1B-L1m2_V000,STFT,post,28.0,0.5,0.4407777331997935,True,
cal_0125,SYN_A001_1B-L1m2_V000,Hilbert,pre,28.0,0.5,0.491039023434431,True,
cal_0125,SYN_A001_1B-L1m2_V000,Hilbert,post,28.0,0.5,0.46109189191940275,True,
cal_0125,SYN_A001_1B-L1m2_V000,CWT_pyBOAT,pre,28.0,0.5,0.4966506990547415,True,
cal_0125,SYN_A001_1B-L1m2_V000,CWT_pyBOAT,post,28.0,0.5,0.496590530149861,True,
cal_0126,SYN_A001_1B-L1m2_V000,STFT,pre,30.0,0.5,0.43655792646151503,True,
cal_0126,SYN_A001_1B-L1m2_V000,STFT,post,30.0,0.5,0.43654782123117297,True,
cal_0126,SYN_A001_1B-L1m2_V000,Hilbert,pre,30.0,0.5,0.39348530904647677,True,
cal_0126,SYN_A001_1B-L1m2_V000,Hilbert,post,30.0,0.5,0.3626597333642878,True,
cal_0126,SYN_A001_1B-L1m2_V000,CWT_pyBOAT,pre,30.0,0.5,0.49562515884415603,True,
cal_0126,SYN_A001_1B-L1m2_V000,CWT_pyBOAT,post,30.0,0.5,0.49574622169953036,True,
cal_0127,SYN_A001_1B-L1m2_V000,STFT,pre,20.0,1.0,1.0820828554453212,True,
cal_0127,SYN_A001_1B-L1m2_V000,STFT,post,20.0,1.0,1.0820892935362902,True,
cal_0127,SYN_A001_1B-L1m2_V000,Hilbert,pre,20.0,1.0,0.9374208095684754,True,
cal_0127,SYN_A001_1B-L1m2_V000,Hilbert,post,20.0,1.0,0.9354577642346984,True,
cal_0127,SYN_A001_1B-L1m2_V000,CWT_pyBOAT,pre,20.0,1.0,0.9975385878500552,True,
cal_0127,SYN_A001_1B-L1m2_V000,CWT_pyBOAT,post,20.0,1.0,0.9975471519683781,True,
cal_0128,SYN_A001_1B-L1m2_V000,STFT,pre,22.0,1.0,1.0750042451047126,True,
cal_0128,SYN_A001_1B-L1m2_V000,STFT,post,22.0,1.0,1.074729324602944,True,
cal_0128,SYN_A001_1B-L1m2_V000,Hilbert,pre,22.0,1.0,1.0064969564056434,True,
cal_0128,SYN_A001_1B-L1m2_V000,Hilbert,post,22.0,1.0,1.0060992187575293,True,
cal_0128,SYN_A001_1B-L1m2_V000,CWT_pyBOAT,pre,22.0,1.0,0.9963931087795446,True,
cal_0128,SYN_A001_1B-L1m2_V000,CWT_pyBOAT,post,22.0,1.0,0.9963121609477308,True,
cal_0129,SYN_A001_1B-L1m2_V000,STFT,pre,24.0,1.0,1.0045627532862516,True,
cal_0129,SYN_A001_1B-L1m2_V000,STFT,post,24.0,1.0,1.004562753286252,True,
cal_0129,SYN_A001_1B-L1m2_V000,Hilbert,pre,24.0,1.0,0.998803445814762,True,
cal_0129,SYN_A001_1B-L1m2_V000,Hilbert,post,24.0,1.0,1.0130665286122351,True,
cal_0129,SYN_A001_1B-L1m2_V000,CWT_pyBOAT,pre,24.0,1.0,0.9964399599718889,True,
cal_0129,SYN_A001_1B-L1m2_V000,CWT_pyBOAT,post,24.0,1.0,0.9966982954468346,True,
cal_0130,SYN_A001_1B-L1m2_V000,STFT,pre,26.0,1.0,0.9289118636723844,True,
cal_0130,SYN_A001_1B-L1m2_V000,STFT,post,26.0,1.0,0.927691093805832,True,
cal_0130,SYN_A001_1B-L1m2_V000,Hilbert,pre,26.0,1.0,1.0227233980698176,True,
cal_0130,SYN_A001_1B-L1m2_V000,Hilbert,post,26.0,1.0,1.0221072587391575,True,
cal_0130,SYN_A001_1B-L1m2_V000,CWT_pyBOAT,pre,26.0,1.0,0.994600313358035,True,
cal_0130,SYN_A001_1B-L1m2_V000,CWT_pyBOAT,post,26.0,1.0,0.9950692488914717,True,
cal_0131,SYN_A001_1B-L1m2_V000,STFT,pre,28.0,1.0,0.8820138869814124,True,
cal_0131,SYN_A001_1B-L1m2_V000,STFT,post,28.0,1.0,0.881555466399587,True,
cal_0131,SYN_A001_1B-L1m2_V000,Hilbert,pre,28.0,1.0,0.982078046868862,True,
cal_0131,SYN_A001_1B-L1m2_V000,Hilbert,post,28.0,1.0,0.9221837838388055,True,
cal_0131,SYN_A001_1B-L1m2_V000,CWT_pyBOAT,pre,28.0,1.0,0.993301398109483,True,
cal_0131,SYN_A001_1B-L1m2_V000,CWT_pyBOAT,post,28.0,1.0,0.993181060299722,True,
cal_0132,SYN_A001_1B-L1m2_V000,STFT,pre,30.0,1.0,0.8731158529230301,True,
cal_0132,SYN_A001_1B-L1m2_V000,STFT,post,30.0,1.0,0.8730956424623459,True,
cal_0132,SYN_A001_1B-L1m2_V000,Hilbert,pre,30.0,1.0,0.7869706180929535,True,
cal_0132,SYN_A001_1B-L1m2_V000,Hilbert,post,30.0,1.0,0.7253194667285756,True,
cal_0132,SYN_A001_1B-L1m2_V000,CWT_pyBOAT,pre,30.0,1.0,0.9912503176883121,True,
cal_0132,SYN_A001_1B-L1m2_V000,CWT_pyBOAT,post,30.0,1.0,0.9914924433990607,True,
cal_0133,SYN_A001_1B-L1m2_V000,STFT,pre,20.0,2.0,2.1641657108906425,True,
cal_0133,SYN_A001_1B-L1m2_V000,STFT,post,20.0,2.0,2.1641785870725805,True,
cal_0133,SYN_A001_1B-L1m2_V000,Hilbert,pre,20.0,2.0,1.8748416191369508,True,
cal_0133,SYN_A001_1B-L1m2_V000,Hilbert,post,20.0,2.0,1.8709155284693968,True,
cal_0133,SYN_A001_1B-L1m2_V000,CWT_pyBOAT,pre,20.0,2.0,1.9950771757001105,True,
cal_0133,SYN_A001_1B-L1m2_V000,CWT_pyBOAT,post,20.0,2.0,1.9950943039367561,True,
cal_0134,SYN_A001_1B-L1m2_V000,STFT,pre,22.0,2.0,2.150008490209425,True,
cal_0134,SYN_A001_1B-L1m2_V000,STFT,post,22.0,2.0,2.149458649205888,True,
cal_0134,SYN_A001_1B-L1m2_V000,Hilbert,pre,22.0,2.0,2.012993912811287,True,
cal_0134,SYN_A001_1B-L1m2_V000,Hilbert,post,22.0,2.0,2.0121984375150586,True,
cal_0134,SYN_A001_1B-L1m2_V000,CWT_pyBOAT,pre,22.0,2.0,1.9927862175590891,True,
cal_0134,SYN_A001_1B-L1m2_V000,CWT_pyBOAT,post,22.0,2.0,1.9926243218954616,True,
cal_0135,SYN_A001_1B-L1m2_V000,STFT,pre,24.0,2.0,2.009125506572503,True,
cal_0135,SYN_A001_1B-L1m2_V000,STFT,post,24.0,2.0,2.009125506572504,True,
cal_0135,SYN_A001_1B-L1m2_V000,Hilbert,pre,24.0,2.0,1.997606891629524,True,
cal_0135,SYN_A001_1B-L1m2_V000,Hilbert,post,24.0,2.0,2.0261330572244702,True,
cal_0135,SYN_A001_1B-L1m2_V000,CWT_pyBOAT,pre,24.0,2.0,1.9928799199437779,True,
cal_0135,SYN_A001_1B-L1m2_V000,CWT_pyBOAT,post,24.0,2.0,1.9933965908936693,True,
cal_0136,SYN_A001_1B-L1m2_V000,STFT,pre,26.0,2.0,1.8578237273447689,True,
cal_0136,SYN_A001_1B-L1m2_V000,STFT,post,26.0,2.0,1.855382187611664,True,
cal_0136,SYN_A001_1B-L1m2_V000,Hilbert,pre,26.0,2.0,2.045446796139635,True,
cal_0136,SYN_A001_1B-L1m2_V000,Hilbert,post,26.0,2.0,2.044214517478315,True,
cal_0136,SYN_A001_1B-L1m2_V000,CWT_pyBOAT,pre,26.0,2.0,1.98920062671607,True,
cal_0136,SYN_A001_1B-L1m2_V000,CWT_pyBOAT,post,26.0,2.0,1.9901384977829435,True,
cal_0137,SYN_A001_1B-L1m2_V000,STFT,pre,28.0,2.0,1.7640277739628247,True,
cal_0137,SYN_A001_1B-L1m2_V000,STFT,post,28.0,2.0,1.763110932799174,True,
cal_0137,SYN_A001_1B-L1m2_V000,Hilbert,pre,28.0,2.0,1.964156093737724,True,
cal_0137,SYN_A001_1B-L1m2_V000,Hilbert,post,28.0,2.0,1.844367567677611,True,
cal_0137,SYN_A001_1B-L1m2_V000,CWT_pyBOAT,pre,28.0,2.0,1.986602796218966,True,
cal_0137,SYN_A001_1B-L1m2_V000,CWT_pyBOAT,post,28.0,2.0,1.986362120599444,True,
cal_0138,SYN_A001_1B-L1m2_V000,STFT,pre,30.0,2.0,1.7462317058460601,True,
cal_0138,SYN_A001_1B-L1m2_V000,STFT,post,30.0,2.0,1.7461912849246919,True,
cal_0138,SYN_A001_1B-L1m2_V000,Hilbert,pre,30.0,2.0,1.573941236185907,True,
cal_0138,SYN_A001_1B-L1m2_V000,Hilbert,post,30.0,2.0,1.4506389334571512,True,
cal_0138,SYN_A001_1B-L1m2_V000,CWT_pyBOAT,pre,30.0,2.0,1.9825006353766241,True,
cal_0138,SYN_A001_1B-L1m2_V000,CWT_pyBOAT,post,30.0,2.0,1.9829848867981215,True,
cal_0139,SYN_A001_1B-L1m2_V000,STFT,pre,20.0,4.0,4.328331421781285,True,
cal_0139,SYN_A001_1B-L1m2_V000,STFT,post,20.0,4.0,4.328357174145161,True,
cal_0139,SYN_A001_1B-L1m2_V000,Hilbert,pre,20.0,4.0,3.7496832382739016,True,
cal_0139,SYN_A001_1B-L1m2_V000,Hilbert,post,20.0,4.0,3.7418310569387936,True,
cal_0139,SYN_A001_1B-L1m2_V000,CWT_pyBOAT,pre,20.0,4.0,3.990154351400221,True,
cal_0139,SYN_A001_1B-L1m2_V000,CWT_pyBOAT,post,20.0,4.0,3.9901886078735123,True,
cal_0140,SYN_A001_1B-L1m2_V000,STFT,pre,22.0,4.0,4.30001698041885,True,
cal_0140,SYN_A001_1B-L1m2_V000,STFT,post,22.0,4.0,4.298917298411776,True,
cal_0140,SYN_A001_1B-L1m2_V000,Hilbert,pre,22.0,4.0,4.025987825622574,True,
cal_0140,SYN_A001_1B-L1m2_V000,Hilbert,post,22.0,4.0,4.024396875030117,True,
cal_0140,SYN_A001_1B-L1m2_V000,CWT_pyBOAT,pre,22.0,4.0,3.9855724351181783,True,
cal_0140,SYN_A001_1B-L1m2_V000,CWT_pyBOAT,post,22.0,4.0,3.985248643790923,True,
cal_0141,SYN_A001_1B-L1m2_V000,STFT,pre,24.0,4.0,4.018251013145006,True,
cal_0141,SYN_A001_1B-L1m2_V000,STFT,post,24.0,4.0,4.018251013145008,True,
cal_0141,SYN_A001_1B-L1m2_V000,Hilbert,pre,24.0,4.0,3.995213783259048,True,
cal_0141,SYN_A001_1B-L1m2_V000,Hilbert,post,24.0,4.0,4.0522661144489405,True,
cal_0141,SYN_A001_1B-L1m2_V000,CWT_pyBOAT,pre,24.0,4.0,3.9857598398875558,True,
cal_0141,SYN_A001_1B-L1m2_V000,CWT_pyBOAT,post,24.0,4.0,3.9867931817873385,True,
cal_0142,SYN_A001_1B-L1m2_V000,STFT,pre,26.0,4.0,3.7156474546895377,True,
cal_0142,SYN_A001_1B-L1m2_V000,STFT,post,26.0,4.0,3.710764375223328,True,
cal_0142,SYN_A001_1B-L1m2_V000,Hilbert,pre,26.0,4.0,4.09089359227927,True,
cal_0142,SYN_A001_1B-L1m2_V000,Hilbert,post,26.0,4.0,4.08842903495663,True,
cal_0142,SYN_A001_1B-L1m2_V000,CWT_pyBOAT,pre,26.0,4.0,3.97840125343214,True,
cal_0142,SYN_A001_1B-L1m2_V000,CWT_pyBOAT,post,26.0,4.0,3.980276995565887,True,
cal_0143,SYN_A001_1B-L1m2_V000,STFT,pre,28.0,4.0,3.5280555479256495,True,
cal_0143,SYN_A001_1B-L1m2_V000,STFT,post,28.0,4.0,3.526221865598348,True,
cal_0143,SYN_A001_1B-L1m2_V000,Hilbert,pre,28.0,4.0,3.928312187475448,True,
cal_0143,SYN_A001_1B-L1m2_V000,Hilbert,post,28.0,4.0,3.688735135355222,True,
cal_0143,SYN_A001_1B-L1m2_V000,CWT_pyBOAT,pre,28.0,4.0,3.973205592437932,True,
cal_0143,SYN_A001_1B-L1m2_V000,CWT_pyBOAT,post,28.0,4.0,3.972724241198888,True,
cal_0144,SYN_A001_1B-L1m2_V000,STFT,pre,30.0,4.0,3.4924634116921203,True,
cal_0144,SYN_A001_1B-L1m2_V000,STFT,post,30.0,4.0,3.4923825698493838,True,
cal_0144,SYN_A001_1B-L1m2_V000,Hilbert,pre,30.0,4.0,3.147882472371814,True,
cal_0144,SYN_A001_1B-L1m2_V000,Hilbert,post,30.0,4.0,2.9012778669143025,True,
cal_0144,SYN_A001_1B-L1m2_V000,CWT_pyBOAT,pre,30.0,4.0,3.9650012707532483,True,
cal_0144,SYN_A001_1B-L1m2_V000,CWT_pyBOAT,post,30.0,4.0,3.965969773596243,True,
cal_0145,SYN_A006_3B-T10m2_V000,STFT,pre,20.0,0.5,0.5410414277226606,True,
cal_0145,SYN_A006_3B-T10m2_V000,STFT,post,20.0,0.5,0.5410446467681451,True,
cal_0145,SYN_A006_3B-T10m2_V000,Hilbert,pre,20.0,0.5,0.46874240443162235,True,
cal_0145,SYN_A006_3B-T10m2_V000,Hilbert,post,20.0,0.5,0.4675837336220686,True,
cal_0145,SYN_A006_3B-T10m2_V000,CWT_pyBOAT,pre,20.0,0.5,0.4987692939091648,True,
cal_0145,SYN_A006_3B-T10m2_V000,CWT_pyBOAT,post,20.0,0.5,0.49877383760529803,True,
cal_0146,SYN_A006_3B-T10m2_V000,STFT,pre,22.0,0.5,0.5375021225523563,True,
cal_0146,SYN_A006_3B-T10m2_V000,STFT,post,22.0,0.5,0.537364662301472,True,
cal_0146,SYN_A006_3B-T10m2_V000,Hilbert,pre,22.0,0.5,0.5032399015266272,True,
cal_0146,SYN_A006_3B-T10m2_V000,Hilbert,post,22.0,0.5,0.5030647130759488,True,
cal_0146,SYN_A006_3B-T10m2_V000,CWT_pyBOAT,pre,22.0,0.5,0.4981965542430563,True,
cal_0146,SYN_A006_3B-T10m2_V000,CWT_pyBOAT,post,22.0,0.5,0.4981595477244845,True,
cal_0147,SYN_A006_3B-T10m2_V000,STFT,pre,24.0,0.5,0.5022813766431258,True,
cal_0147,SYN_A006_3B-T10m2_V000,STFT,post,24.0,0.5,0.502281376643126,True,
cal_0147,SYN_A006_3B-T10m2_V000,Hilbert,pre,24.0,0.5,0.4994359578513733,True,
cal_0147,SYN_A006_3B-T10m2_V000,Hilbert,post,24.0,0.5,0.5063583444583206,True,
cal_0147,SYN_A006_3B-T10m2_V000,CWT_pyBOAT,pre,24.0,0.5,0.4982199799039385,True,
cal_0147,SYN_A006_3B-T10m2_V000,CWT_pyBOAT,post,24.0,0.5,0.4983662344708879,True,
cal_0148,SYN_A006_3B-T10m2_V000,STFT,pre,26.0,0.5,0.4644559318361922,True,
cal_0148,SYN_A006_3B-T10m2_V000,STFT,post,26.0,0.5,0.463845546902916,True,
cal_0148,SYN_A006_3B-T10m2_V000,Hilbert,pre,26.0,0.5,0.5113598639899359,True,
cal_0148,SYN_A006_3B-T10m2_V000,Hilbert,post,26.0,0.5,0.5110487616604572,True,
cal_0148,SYN_A006_3B-T10m2_V000,CWT_pyBOAT,pre,26.0,0.5,0.4972803242882029,True,
cal_0148,SYN_A006_3B-T10m2_V000,CWT_pyBOAT,post,26.0,0.5,0.4975832283715882,True,
cal_0149,SYN_A006_3B-T10m2_V000,STFT,pre,28.0,0.5,0.4410069434907062,True,
cal_0149,SYN_A006_3B-T10m2_V000,STFT,post,28.0,0.5,0.4407777331997935,True,
cal_0149,SYN_A006_3B-T10m2_V000,Hilbert,pre,28.0,0.5,0.4910011513118852,True,
cal_0149,SYN_A006_3B-T10m2_V000,Hilbert,post,28.0,0.5,0.4617511539854452,True,
cal_0149,SYN_A006_3B-T10m2_V000,CWT_pyBOAT,pre,28.0,0.5,0.4966177209754607,True,
cal_0149,SYN_A006_3B-T10m2_V000,CWT_pyBOAT,post,28.0,0.5,0.4966178264543547,True,
cal_0150,SYN_A006_3B-T10m2_V000,STFT,pre,30.0,0.5,0.43655792646151503,True,
cal_0150,SYN_A006_3B-T10m2_V000,STFT,post,30.0,0.5,0.43654782123117297,True,
cal_0150,SYN_A006_3B-T10m2_V000,Hilbert,pre,30.0,0.5,0.393456414126098,True,
cal_0150,SYN_A006_3B-T10m2_V000,Hilbert,post,30.0,0.5,0.36268408652239403,True,
cal_0150,SYN_A006_3B-T10m2_V000,CWT_pyBOAT,pre,30.0,0.5,0.49557607898399175,True,
cal_0150,SYN_A006_3B-T10m2_V000,CWT_pyBOAT,post,30.0,0.5,0.4959914300941509,True,
cal_0151,SYN_A006_3B-T10m2_V000,STFT,pre,20.0,1.0,1.0820828554453212,True,
cal_0151,SYN_A006_3B-T10m2_V000,STFT,post,20.0,1.0,1.0820892935362902,True,
cal_0151,SYN_A006_3B-T10m2_V000,Hilbert,pre,20.0,1.0,0.9374848088632447,True,
cal_0151,SYN_A006_3B-T10m2_V000,Hilbert,post,20.0,1.0,0.9351674672441372,True,
cal_0151,SYN_A006_3B-T10m2_V000,CWT_pyBOAT,pre,20.0,1.0,0.9975385878183296,True,
cal_0151,SYN_A006_3B-T10m2_V000,CWT_pyBOAT,post,20.0,1.0,0.9975476752105961,True,
cal_0152,SYN_A006_3B-T10m2_V000,STFT,pre,22.0,1.0,1.0750042451047126,True,
cal_0152,SYN_A006_3B-T10m2_V000,STFT,post,22.0,1.0,1.074729324602944,True,
cal_0152,SYN_A006_3B-T10m2_V000,Hilbert,pre,22.0,1.0,1.0064798030532545,True,
cal_0152,SYN_A006_3B-T10m2_V000,Hilbert,post,22.0,1.0,1.0061294261518976,True,
cal_0152,SYN_A006_3B-T10m2_V000,CWT_pyBOAT,pre,22.0,1.0,0.9963931084861126,True,
cal_0152,SYN_A006_3B-T10m2_V000,CWT_pyBOAT,post,22.0,1.0,0.996319095448969,True,
cal_0153,SYN_A006_3B-T10m2_V000,STFT,pre,24.0,1.0,1.0045627532862516,True,
cal_0153,SYN_A006_3B-T10m2_V000,STFT,post,24.0,1.0,1.004562753286252,True,
cal_0153,SYN_A006_3B-T10m2_V000,Hilbert,pre,24.0,1.0,0.9988719157027466,True,
cal_0153,SYN_A006_3B-T10m2_V000,Hilbert,post,24.0,1.0,1.0127166889166412,True,
cal_0153,SYN_A006_3B-T10m2_V000,CWT_pyBOAT,pre,24.0,1.0,0.996439959807877,True,
cal_0153,SYN_A006_3B-T10m2_V000,CWT_pyBOAT,post,24.0,1.0,0.9967324689417758,True,
cal_0154,SYN_A006_3B-T10m2_V000,STFT,pre,26.0,1.0,0.9289118636723844,True,
cal_0154,SYN_A006_3B-T10m2_V000,STFT,post,26.0,1.0,0.927691093805832,True,
cal_0154,SYN_A006_3B-T10m2_V000,Hilbert,pre,26.0,1.0,1.0227197279798719,True,
cal_0154,SYN_A006_3B-T10m2_V000,Hilbert,post,26.0,1.0,1.0220975233209144,True,
cal_0154,SYN_A006_3B-T10m2_V000,CWT_pyBOAT,pre,26.0,1.0,0.9945606485764058,True,
cal_0154,SYN_A006_3B-T10m2_V000,CWT_pyBOAT,post,26.0,1.0,0.9951664567431764,True,
cal_0155,SYN_A006_3B-T10m2_V000,STFT,pre,28.0,1.0,0.8820138869814124,True,
cal_0155,SYN_A006_3B-T10m2_V000,STFT,post,28.0,1.0,0.881555466399587,True,
cal_0155,SYN_A006_3B-T10m2_V000,Hilbert,pre,28.0,1.0,0.9820023026237704,True,
cal_0155,SYN_A006_3B-T10m2_V000,Hilbert,post,28.0,1.0,0.9235023079708904,True,
cal_0155,SYN_A006_3B-T10m2_V000,CWT_pyBOAT,pre,28.0,1.0,0.9932354419509214,True,
cal_0155,SYN_A006_3B-T10m2_V000,CWT_pyBOAT,post,28.0,1.0,0.9932356529087094,True,
cal_0156,SYN_A006_3B-T10m2_V000,STFT,pre,30.0,1.0,0.8731158529230301,True,
cal_0156,SYN_A006_3B-T10m2_V000,STFT,post,30.0,1.0,0.8730956424623459,True,
cal_0156,SYN_A006_3B-T10m2_V000,Hilbert,pre,30.0,1.0,0.786912828252196,True,
cal_0156,SYN_A006_3B-T10m2_V000,Hilbert,post,30.0,1.0,0.7253681730447881,True,
cal_0156,SYN_A006_3B-T10m2_V000,CWT_pyBOAT,pre,30.0,1.0,0.9911521579679835,True,
cal_0156,SYN_A006_3B-T10m2_V000,CWT_pyBOAT,post,30.0,1.0,0.9919828601883018,True,
cal_0157,SYN_A006_3B-T10m2_V000,STFT,pre,20.0,2.0,2.1641657108906425,True,
cal_0157,SYN_A006_3B-T10m2_V000,STFT,post,20.0,2.0,2.1641785870725805,True,
cal_0157,SYN_A006_3B-T10m2_V000,Hilbert,pre,20.0,2.0,1.8749696177264894,True,
cal_0157,SYN_A006_3B-T10m2_V000,Hilbert,post,20.0,2.0,1.8703349344882745,True,
cal_0157,SYN_A006_3B-T10m2_V000,CWT_pyBOAT,pre,20.0,2.0,1.9950771756366592,True,
cal_0157,SYN_A006_3B-T10m2_V000,CWT_pyBOAT,post,20.0,2.0,1.9950953504211921,True,
cal_0158,SYN_A006_3B-T10m2_V000,STFT,pre,22.0,2.0,2.150008490209425,True,
cal_0158,SYN_A006_3B-T10m2_V000,STFT,post,22.0,2.0,2.149458649205888,True,
cal_0158,SYN_A006_3B-T10m2_V000,Hilbert,pre,22.0,2.0,2.012959606106509,True,
cal_0158,SYN_A006_3B-T10m2_V000,Hilbert,post,22.0,2.0,2.012258852303795,True,
cal_0158,SYN_A006_3B-T10m2_V000,CWT_pyBOAT,pre,22.0,2.0,1.9927862169722252,True,
cal_0158,SYN_A006_3B-T10m2_V000,CWT_pyBOAT,post,22.0,2.0,1.992638190897938,True,
cal_0159,SYN_A006_3B-T10m2_V000,STFT,pre,24.0,2.0,2.009125506572503,True,
cal_0159,SYN_A006_3B-T10m2_V000,STFT,post,24.0,2.0,2.009125506572504,True,
cal_0159,SYN_A006_3B-T10m2_V000,Hilbert,pre,24.0,2.0,1.9977438314054932,True,
cal_0159,SYN_A006_3B-T10m2_V000,Hilbert,post,24.0,2.0,2.0254333778332825,True,
cal_0159,SYN_A006_3B-T10m2_V000,CWT_pyBOAT,pre,24.0,2.0,1.992879919615754,True,
cal_0159,SYN_A006_3B-T10m2_V000,CWT_pyBOAT,post,24.0,2.0,1.9934649378835516,True,
cal_0160,SYN_A006_3B-T10m2_V000,STFT,pre,26.0,2.0,1.8578237273447689,True,
cal_0160,SYN_A006_3B-T10m2_V000,STFT,post,26.0,2.0,1.855382187611664,True,
cal_0160,SYN_A006_3B-T10m2_V000,Hilbert,pre,26.0,2.0,2.0454394559597437,True,
cal_0160,SYN_A006_3B-T10m2_V000,Hilbert,post,26.0,2.0,2.044195046641829,True,
cal_0160,SYN_A006_3B-T10m2_V000,CWT_pyBOAT,pre,26.0,2.0,1.9891212971528116,True,
cal_0160,SYN_A006_3B-T10m2_V000,CWT_pyBOAT,post,26.0,2.0,1.9903329134863528,True,
cal_0161,SYN_A006_3B-T10m2_V000,STFT,pre,28.0,2.0,1.7640277739628247,True,
cal_0161,SYN_A006_3B-T10m2_V000,STFT,post,28.0,2.0,1.763110932799174,True,
cal_0161,SYN_A006_3B-T10m2_V000,Hilbert,pre,28.0,2.0,1.9640046052475408,True,
cal_0161,SYN_A006_3B-T10m2_V000,Hilbert,post,28.0,2.0,1.8470046159417808,True,
cal_0161,SYN_A006_3B-T10m2_V000,CWT_pyBOAT,pre,28.0,2.0,1.9864708839018428,True,
cal_0161,SYN_A006_3B-T10m2_V000,CWT_pyBOAT,post,28.0,2.0,1.9864713058174188,True,
cal_0162,SYN_A006_3B-T10m2_V000,STFT,pre,30.0,2.0,1.7462317058460601,True,
cal_0162,SYN_A006_3B-T10m2_V000,STFT,post,30.0,2.0,1.7461912849246919,True,
cal_0162,SYN_A006_3B-T10m2_V000,Hilbert,pre,30.0,2.0,1.573825656504392,True,
cal_0162,SYN_A006_3B-T10m2_V000,Hilbert,post,30.0,2.0,1.4507363460895761,True,
cal_0162,SYN_A006_3B-T10m2_V000,CWT_pyBOAT,pre,30.0,2.0,1.982304315935967,True,
cal_0162,SYN_A006_3B-T10m2_V000,CWT_pyBOAT,post,30.0,2.0,1.9839657203766037,True,
cal_0163,SYN_A006_3B-T10m2_V000,STFT,pre,20.0,4.0,4.328331421781285,True,
cal_0163,SYN_A006_3B-T10m2_V000,STFT,post,20.0,4.0,4.328357174145161,True,
cal_0163,SYN_A006_3B-T10m2_V000,Hilbert,pre,20.0,4.0,3.749939235452979,True,
cal_0163,SYN_A006_3B-T10m2_V000,Hilbert,post,20.0,4.0,3.740669868976549,True,
cal_0163,SYN_A006_3B-T10m2_V000,CWT_pyBOAT,pre,20.0,4.0,3.9901543512733184,True,
cal_0163,SYN_A006_3B-T10m2_V000,CWT_pyBOAT,post,20.0,4.0,3.9901907008423843,True,
cal_0164,SYN_A006_3B-T10m2_V000,STFT,pre,22.0,4.0,4.30001698041885,True,
cal_0164,SYN_A006_3B-T10m2_V000,STFT,post,22.0,4.0,4.298917298411776,True,
cal_0164,SYN_A006_3B-T10m2_V000,Hilbert,pre,22.0,4.0,4.025919212213018,True,
cal_0164,SYN_A006_3B-T10m2_V000,Hilbert,post,22.0,4.0,4.02451770460759,True,
cal_0164,SYN_A006_3B-T10m2_V000,CWT_pyBOAT,pre,22.0,4.0,3.9855724339444505,True,
cal_0164,SYN_A006_3B-T10m2_V000,CWT_pyBOAT,post,22.0,4.0,3.985276381795876,True,
cal_0165,SYN_A006_3B-T10m2_V000,STFT,pre,24.0,4.0,4.018251013145006,True,
cal_0165,SYN_A006_3B-T10m2_V000,STFT,post,24.0,4.0,4.018251013145008,True,
cal_0165,SYN_A006_3B-T10m2_V000,Hilbert,pre,24.0,4.0,3.9954876628109863,True,
cal_0165,SYN_A006_3B-T10m2_V000,Hilbert,post,24.0,4.0,4.050866755666565,True,
cal_0165,SYN_A006_3B-T10m2_V000,CWT_pyBOAT,pre,24.0,4.0,3.985759839231508,True,
cal_0165,SYN_A006_3B-T10m2_V000,CWT_pyBOAT,post,24.0,4.0,3.9869298757671032,True,
cal_0166,SYN_A006_3B-T10m2_V000,STFT,pre,26.0,4.0,3.7156474546895377,True,
cal_0166,SYN_A006_3B-T10m2_V000,STFT,post,26.0,4.0,3.710764375223328,True,
cal_0166,SYN_A006_3B-T10m2_V000,Hilbert,pre,26.0,4.0,4.0908789119194875,True,
cal_0166,SYN_A006_3B-T10m2_V000,Hilbert,post,26.0,4.0,4.088390093283658,True,
cal_0166,SYN_A006_3B-T10m2_V000,CWT_pyBOAT,pre,26.0,4.0,3.978242594305623,True,
cal_0166,SYN_A006_3B-T10m2_V000,CWT_pyBOAT,post,26.0,4.0,3.9806658269727055,True,
cal_0167,SYN_A006_3B-T10m2_V000,STFT,pre,28.0,4.0,3.5280555479256495,True,
cal_0167,SYN_A006_3B-T10m2_V000,STFT,post,28.0,4.0,3.526221865598348,True,
cal_0167,SYN_A006_3B-T10m2_V000,Hilbert,pre,28.0,4.0,3.9280092104950817,True,
cal_0167,SYN_A006_3B-T10m2_V000,Hilbert,post,28.0,4.0,3.6940092318835616,True,
cal_0167,SYN_A006_3B-T10m2_V000,CWT_pyBOAT,pre,28.0,4.0,3.9729417678036856,True,
cal_0167,SYN_A006_3B-T10m2_V000,CWT_pyBOAT,post,28.0,4.0,3.9729426116348376,True,
cal_0168,SYN_A006_3B-T10m2_V000,STFT,pre,30.0,4.0,3.4924634116921203,True,
cal_0168,SYN_A006_3B-T10m2_V000,STFT,post,30.0,4.0,3.4923825698493838,True,
cal_0168,SYN_A006_3B-T10m2_V000,Hilbert,pre,30.0,4.0,3.147651313008784,True,
cal_0168,SYN_A006_3B-T10m2_V000,Hilbert,post,30.0,4.0,2.9014726921791523,True,
cal_0168,SYN_A006_3B-T10m2_V000,CWT_pyBOAT,pre,30.0,4.0,3.964608631871934,True,
cal_0168,SYN_A006_3B-T10m2_V000,CWT_pyBOAT,post,30.0,4.0,3.9679314407532074,True,
cal_0169,SYN_A003_1D-L2m2_V000,STFT,pre,20.0,0.5,0.5410414277226606,True,
cal_0169,SYN_A003_1D-L2m2_V000,STFT,post,20.0,0.5,0.5410446467681451,True,
cal_0169,SYN_A003_1D-L2m2_V000,Hilbert,pre,20.0,0.5,0.46874240443162235,True,
cal_0169,SYN_A003_1D-L2m2_V000,Hilbert,post,20.0,0.5,0.4675837336220686,True,
cal_0169,SYN_A003_1D-L2m2_V000,CWT_pyBOAT,pre,20.0,0.5,0.4987692939091648,True,
cal_0169,SYN_A003_1D-L2m2_V000,CWT_pyBOAT,post,20.0,0.5,0.49877383760529803,True,
cal_0170,SYN_A003_1D-L2m2_V000,STFT,pre,22.0,0.5,0.5375021225523563,True,
cal_0170,SYN_A003_1D-L2m2_V000,STFT,post,22.0,0.5,0.537364662301472,True,
cal_0170,SYN_A003_1D-L2m2_V000,Hilbert,pre,22.0,0.5,0.5032399015266272,True,
cal_0170,SYN_A003_1D-L2m2_V000,Hilbert,post,22.0,0.5,0.5030647130759488,True,
cal_0170,SYN_A003_1D-L2m2_V000,CWT_pyBOAT,pre,22.0,0.5,0.4981965542430563,True,
cal_0170,SYN_A003_1D-L2m2_V000,CWT_pyBOAT,post,22.0,0.5,0.4981595477244845,True,
cal_0171,SYN_A003_1D-L2m2_V000,STFT,pre,24.0,0.5,0.5022813766431258,True,
cal_0171,SYN_A003_1D-L2m2_V000,STFT,post,24.0,0.5,0.502281376643126,True,
cal_0171,SYN_A003_1D-L2m2_V000,Hilbert,pre,24.0,0.5,0.4994359578513733,True,
cal_0171,SYN_A003_1D-L2m2_V000,Hilbert,post,24.0,0.5,0.5063583444583206,True,
cal_0171,SYN_A003_1D-L2m2_V000,CWT_pyBOAT,pre,24.0,0.5,0.4982199799039385,True,
cal_0171,SYN_A003_1D-L2m2_V000,CWT_pyBOAT,post,24.0,0.5,0.4983662344708879,True,
cal_0172,SYN_A003_1D-L2m2_V000,STFT,pre,26.0,0.5,0.4644559318361922,True,
cal_0172,SYN_A003_1D-L2m2_V000,STFT,post,26.0,0.5,0.463845546902916,True,
cal_0172,SYN_A003_1D-L2m2_V000,Hilbert,pre,26.0,0.5,0.5113598639899359,True,
cal_0172,SYN_A003_1D-L2m2_V000,Hilbert,post,26.0,0.5,0.5110487616604572,True,
cal_0172,SYN_A003_1D-L2m2_V000,CWT_pyBOAT,pre,26.0,0.5,0.4972803242882029,True,
cal_0172,SYN_A003_1D-L2m2_V000,CWT_pyBOAT,post,26.0,0.5,0.4975832283715882,True,
cal_0173,SYN_A003_1D-L2m2_V000,STFT,pre,28.0,0.5,0.4410069434907062,True,
cal_0173,SYN_A003_1D-L2m2_V000,STFT,post,28.0,0.5,0.4407777331997935,True,
cal_0173,SYN_A003_1D-L2m2_V000,Hilbert,pre,28.0,0.5,0.4910011513118852,True,
cal_0173,SYN_A003_1D-L2m2_V000,Hilbert,post,28.0,0.5,0.4617511539854452,True,
cal_0173,SYN_A003_1D-L2m2_V000,CWT_pyBOAT,pre,28.0,0.5,0.4966177209754607,True,
cal_0173,SYN_A003_1D-L2m2_V000,CWT_pyBOAT,post,28.0,0.5,0.4966178264543547,True,
cal_0174,SYN_A003_1D-L2m2_V000,STFT,pre,30.0,0.5,0.43655792646151503,True,
cal_0174,SYN_A003_1D-L2m2_V000,STFT,post,30.0,0.5,0.43654782123117297,True,
cal_0174,SYN_A003_1D-L2m2_V000,Hilbert,pre,30.0,0.5,0.393456414126098,True,
cal_0174,SYN_A003_1D-L2m2_V000,Hilbert,post,30.0,0.5,0.36268408652239403,True,
cal_0174,SYN_A003_1D-L2m2_V000,CWT_pyBOAT,pre,30.0,0.5,0.49557607898399175,True,
cal_0174,SYN_A003_1D-L2m2_V000,CWT_pyBOAT,post,30.0,0.5,0.4959914300941509,True,
cal_0175,SYN_A003_1D-L2m2_V000,STFT,pre,20.0,1.0,1.0820828554453212,True,
cal_0175,SYN_A003_1D-L2m2_V000,STFT,post,20.0,1.0,1.0820892935362902,True,
cal_0175,SYN_A003_1D-L2m2_V000,Hilbert,pre,20.0,1.0,0.9374848088632447,True,
cal_0175,SYN_A003_1D-L2m2_V000,Hilbert,post,20.0,1.0,0.9351674672441372,True,
cal_0175,SYN_A003_1D-L2m2_V000,CWT_pyBOAT,pre,20.0,1.0,0.9975385878183296,True,
cal_0175,SYN_A003_1D-L2m2_V000,CWT_pyBOAT,post,20.0,1.0,0.9975476752105961,True,
cal_0176,SYN_A003_1D-L2m2_V000,STFT,pre,22.0,1.0,1.0750042451047126,True,
cal_0176,SYN_A003_1D-L2m2_V000,STFT,post,22.0,1.0,1.074729324602944,True,
cal_0176,SYN_A003_1D-L2m2_V000,Hilbert,pre,22.0,1.0,1.0064798030532545,True,
cal_0176,SYN_A003_1D-L2m2_V000,Hilbert,post,22.0,1.0,1.0061294261518976,True,
cal_0176,SYN_A003_1D-L2m2_V000,CWT_pyBOAT,pre,22.0,1.0,0.9963931084861126,True,
cal_0176,SYN_A003_1D-L2m2_V000,CWT_pyBOAT,post,22.0,1.0,0.996319095448969,True,
cal_0177,SYN_A003_1D-L2m2_V000,STFT,pre,24.0,1.0,1.0045627532862516,True,
cal_0177,SYN_A003_1D-L2m2_V000,STFT,post,24.0,1.0,1.004562753286252,True,
cal_0177,SYN_A003_1D-L2m2_V000,Hilbert,pre,24.0,1.0,0.9988719157027466,True,
cal_0177,SYN_A003_1D-L2m2_V000,Hilbert,post,24.0,1.0,1.0127166889166412,True,
cal_0177,SYN_A003_1D-L2m2_V000,CWT_pyBOAT,pre,24.0,1.0,0.996439959807877,True,
cal_0177,SYN_A003_1D-L2m2_V000,CWT_pyBOAT,post,24.0,1.0,0.9967324689417758,True,
cal_0178,SYN_A003_1D-L2m2_V000,STFT,pre,26.0,1.0,0.9289118636723844,True,
cal_0178,SYN_A003_1D-L2m2_V000,STFT,post,26.0,1.0,0.927691093805832,True,
cal_0178,SYN_A003_1D-L2m2_V000,Hilbert,pre,26.0,1.0,1.0227197279798719,True,
cal_0178,SYN_A003_1D-L2m2_V000,Hilbert,post,26.0,1.0,1.0220975233209144,True,
cal_0178,SYN_A003_1D-L2m2_V000,CWT_pyBOAT,pre,26.0,1.0,0.9945606485764058,True,
cal_0178,SYN_A003_1D-L2m2_V000,CWT_pyBOAT,post,26.0,1.0,0.9951664567431764,True,
cal_0179,SYN_A003_1D-L2m2_V000,STFT,pre,28.0,1.0,0.8820138869814124,True,
cal_0179,SYN_A003_1D-L2m2_V000,STFT,post,28.0,1.0,0.881555466399587,True,
cal_0179,SYN_A003_1D-L2m2_V000,Hilbert,pre,28.0,1.0,0.9820023026237704,True,
cal_0179,SYN_A003_1D-L2m2_V000,Hilbert,post,28.0,1.0,0.9235023079708904,True,
cal_0179,SYN_A003_1D-L2m2_V000,CWT_pyBOAT,pre,28.0,1.0,0.9932354419509214,True,
cal_0179,SYN_A003_1D-L2m2_V000,CWT_pyBOAT,post,28.0,1.0,0.9932356529087094,True,
cal_0180,SYN_A003_1D-L2m2_V000,STFT,pre,30.0,1.0,0.8731158529230301,True,
cal_0180,SYN_A003_1D-L2m2_V000,STFT,post,30.0,1.0,0.8730956424623459,True,
cal_0180,SYN_A003_1D-L2m2_V000,Hilbert,pre,30.0,1.0,0.786912828252196,True,
cal_0180,SYN_A003_1D-L2m2_V000,Hilbert,post,30.0,1.0,0.7253681730447881,True,
cal_0180,SYN_A003_1D-L2m2_V000,CWT_pyBOAT,pre,30.0,1.0,0.9911521579679835,True,
cal_0180,SYN_A003_1D-L2m2_V000,CWT_pyBOAT,post,30.0,1.0,0.9919828601883018,True,
cal_0181,SYN_A003_1D-L2m2_V000,STFT,pre,20.0,2.0,2.1641657108906425,True,
cal_0181,SYN_A003_1D-L2m2_V000,STFT,post,20.0,2.0,2.1641785870725805,True,
cal_0181,SYN_A003_1D-L2m2_V000,Hilbert,pre,20.0,2.0,1.8749696177264894,True,
cal_0181,SYN_A003_1D-L2m2_V000,Hilbert,post,20.0,2.0,1.8703349344882745,True,
cal_0181,SYN_A003_1D-L2m2_V000,CWT_pyBOAT,pre,20.0,2.0,1.9950771756366592,True,
cal_0181,SYN_A003_1D-L2m2_V000,CWT_pyBOAT,post,20.0,2.0,1.9950953504211921,True,
cal_0182,SYN_A003_1D-L2m2_V000,STFT,pre,22.0,2.0,2.150008490209425,True,
cal_0182,SYN_A003_1D-L2m2_V000,STFT,post,22.0,2.0,2.149458649205888,True,
cal_0182,SYN_A003_1D-L2m2_V000,Hilbert,pre,22.0,2.0,2.012959606106509,True,
cal_0182,SYN_A003_1D-L2m2_V000,Hilbert,post,22.0,2.0,2.012258852303795,True,
cal_0182,SYN_A003_1D-L2m2_V000,CWT_pyBOAT,pre,22.0,2.0,1.9927862169722252,True,
cal_0182,SYN_A003_1D-L2m2_V000,CWT_pyBOAT,post,22.0,2.0,1.992638190897938,True,
cal_0183,SYN_A003_1D-L2m2_V000,STFT,pre,24.0,2.0,2.009125506572503,True,
cal_0183,SYN_A003_1D-L2m2_V000,STFT,post,24.0,2.0,2.009125506572504,True,
cal_0183,SYN_A003_1D-L2m2_V000,Hilbert,pre,24.0,2.0,1.9977438314054932,True,
cal_0183,SYN_A003_1D-L2m2_V000,Hilbert,post,24.0,2.0,2.0254333778332825,True,
cal_0183,SYN_A003_1D-L2m2_V000,CWT_pyBOAT,pre,24.0,2.0,1.992879919615754,True,
cal_0183,SYN_A003_1D-L2m2_V000,CWT_pyBOAT,post,24.0,2.0,1.9934649378835516,True,
cal_0184,SYN_A003_1D-L2m2_V000,STFT,pre,26.0,2.0,1.8578237273447689,True,
cal_0184,SYN_A003_1D-L2m2_V000,STFT,post,26.0,2.0,1.855382187611664,True,
cal_0184,SYN_A003_1D-L2m2_V000,Hilbert,pre,26.0,2.0,2.0454394559597437,True,
cal_0184,SYN_A003_1D-L2m2_V000,Hilbert,post,26.0,2.0,2.044195046641829,True,
cal_0184,SYN_A003_1D-L2m2_V000,CWT_pyBOAT,pre,26.0,2.0,1.9891212971528116,True,
cal_0184,SYN_A003_1D-L2m2_V000,CWT_pyBOAT,post,26.0,2.0,1.9903329134863528,True,
cal_0185,SYN_A003_1D-L2m2_V000,STFT,pre,28.0,2.0,1.7640277739628247,True,
cal_0185,SYN_A003_1D-L2m2_V000,STFT,post,28.0,2.0,1.763110932799174,True,
cal_0185,SYN_A003_1D-L2m2_V000,Hilbert,pre,28.0,2.0,1.9640046052475408,True,
cal_0185,SYN_A003_1D-L2m2_V000,Hilbert,post,28.0,2.0,1.8470046159417808,True,
cal_0185,SYN_A003_1D-L2m2_V000,CWT_pyBOAT,pre,28.0,2.0,1.9864708839018428,True,
cal_0185,SYN_A003_1D-L2m2_V000,CWT_pyBOAT,post,28.0,2.0,1.9864713058174188,True,
cal_0186,SYN_A003_1D-L2m2_V000,STFT,pre,30.0,2.0,1.7462317058460601,True,
cal_0186,SYN_A003_1D-L2m2_V000,STFT,post,30.0,2.0,1.7461912849246919,True,
cal_0186,SYN_A003_1D-L2m2_V000,Hilbert,pre,30.0,2.0,1.573825656504392,True,
cal_0186,SYN_A003_1D-L2m2_V000,Hilbert,post,30.0,2.0,1.4507363460895761,True,
cal_0186,SYN_A003_1D-L2m2_V000,CWT_pyBOAT,pre,30.0,2.0,1.982304315935967,True,
cal_0186,SYN_A003_1D-L2m2_V000,CWT_pyBOAT,post,30.0,2.0,1.9839657203766037,True,
cal_0187,SYN_A003_1D-L2m2_V000,STFT,pre,20.0,4.0,4.328331421781285,True,
cal_0187,SYN_A003_1D-L2m2_V000,STFT,post,20.0,4.0,4.328357174145161,True,
cal_0187,SYN_A003_1D-L2m2_V000,Hilbert,pre,20.0,4.0,3.749939235452979,True,
cal_0187,SYN_A003_1D-L2m2_V000,Hilbert,post,20.0,4.0,3.740669868976549,True,
cal_0187,SYN_A003_1D-L2m2_V000,CWT_pyBOAT,pre,20.0,4.0,3.9901543512733184,True,
cal_0187,SYN_A003_1D-L2m2_V000,CWT_pyBOAT,post,20.0,4.0,3.9901907008423843,True,
cal_0188,SYN_A003_1D-L2m2_V000,STFT,pre,22.0,4.0,4.30001698041885,True,
cal_0188,SYN_A003_1D-L2m2_V000,STFT,post,22.0,4.0,4.298917298411776,True,
cal_0188,SYN_A003_1D-L2m2_V000,Hilbert,pre,22.0,4.0,4.025919212213018,True,
cal_0188,SYN_A003_1D-L2m2_V000,Hilbert,post,22.0,4.0,4.02451770460759,True,
cal_0188,SYN_A003_1D-L2m2_V000,CWT_pyBOAT,pre,22.0,4.0,3.9855724339444505,True,
cal_0188,SYN_A003_1D-L2m2_V000,CWT_pyBOAT,post,22.0,4.0,3.985276381795876,True,
cal_0189,SYN_A003_1D-L2m2_V000,STFT,pre,24.0,4.0,4.018251013145006,True,
cal_0189,SYN_A003_1D-L2m2_V000,STFT,post,24.0,4.0,4.018251013145008,True,
cal_0189,SYN_A003_1D-L2m2_V000,Hilbert,pre,24.0,4.0,3.9954876628109863,True,
cal_0189,SYN_A003_1D-L2m2_V000,Hilbert,post,24.0,4.0,4.050866755666565,True,
cal_0189,SYN_A003_1D-L2m2_V000,CWT_pyBOAT,pre,24.0,4.0,3.985759839231508,True,
cal_0189,SYN_A003_1D-L2m2_V000,CWT_pyBOAT,post,24.0,4.0,3.9869298757671032,True,
cal_0190,SYN_A003_1D-L2m2_V000,STFT,pre,26.0,4.0,3.7156474546895377,True,
cal_0190,SYN_A003_1D-L2m2_V000,STFT,post,26.0,4.0,3.710764375223328,True,
cal_0190,SYN_A003_1D-L2m2_V000,Hilbert,pre,26.0,4.0,4.0908789119194875,True,
cal_0190,SYN_A003_1D-L2m2_V000,Hilbert,post,26.0,4.0,4.088390093283658,True,
cal_0190,SYN_A003_1D-L2m2_V000,CWT_pyBOAT,pre,26.0,4.0,3.978242594305623,True,
cal_0190,SYN_A003_1D-L2m2_V000,CWT_pyBOAT,post,26.0,4.0,3.9806658269727055,True,
cal_0191,SYN_A003_1D-L2m2_V000,STFT,pre,28.0,4.0,3.5280555479256495,True,
cal_0191,SYN_A003_1D-L2m2_V000,STFT,post,28.0,4.0,3.526221865598348,True,
cal_0191,SYN_A003_1D-L2m2_V000,Hilbert,pre,28.0,4.0,3.9280092104950817,True,
cal_0191,SYN_A003_1D-L2m2_V000,Hilbert,post,28.0,4.0,3.6940092318835616,True,
cal_0191,SYN_A003_1D-L2m2_V000,CWT_pyBOAT,pre,28.0,4.0,3.9729417678036856,True,
cal_0191,SYN_A003_1D-L2m2_V000,CWT_pyBOAT,post,28.0,4.0,3.9729426116348376,True,
cal_0192,SYN_A003_1D-L2m2_V000,STFT,pre,30.0,4.0,3.4924634116921203,True,
cal_0192,SYN_A003_1D-L2m2_V000,STFT,post,30.0,4.0,3.4923825698493838,True,
cal_0192,SYN_A003_1D-L2m2_V000,Hilbert,pre,30.0,4.0,3.147651313008784,True,
cal_0192,SYN_A003_1D-L2m2_V000,Hilbert,post,30.0,4.0,2.9014726921791523,True,
cal_0192,SYN_A003_1D-L2m2_V000,CWT_pyBOAT,pre,30.0,4.0,3.964608631871934,True,
cal_0192,SYN_A003_1D-L2m2_V000,CWT_pyBOAT,post,30.0,4.0,3.9679314407532074,True,
cal_0193,SYN_A026_6B-SCNrM2_V000,STFT,pre,20.0,0.5,0.5410414277226606,True,
cal_0193,SYN_A026_6B-SCNrM2_V000,STFT,post,20.0,0.5,0.5410446467681451,True,
cal_0193,SYN_A026_6B-SCNrM2_V000,Hilbert,pre,20.0,0.5,0.4687470761724097,True,
cal_0193,SYN_A026_6B-SCNrM2_V000,Hilbert,post,20.0,0.5,0.4697517218019218,True,
cal_0193,SYN_A026_6B-SCNrM2_V000,CWT_pyBOAT,pre,20.0,0.5,0.49876978101475444,True,
cal_0193,SYN_A026_6B-SCNrM2_V000,CWT_pyBOAT,post,20.0,0.5,0.49877407412292735,True,
cal_0194,SYN_A026_6B-SCNrM2_V000,STFT,pre,22.0,0.5,0.5375021225523563,True,
cal_0194,SYN_A026_6B-SCNrM2_V000,STFT,post,22.0,0.5,0.537364662301472,True,
cal_0194,SYN_A026_6B-SCNrM2_V000,Hilbert,pre,22.0,0.5,0.5032344579051619,True,
cal_0194,SYN_A026_6B-SCNrM2_V000,Hilbert,post,22.0,0.5,0.5029575824581962,True,
cal_0194,SYN_A026_6B-SCNrM2_V000,CWT_pyBOAT,pre,22.0,0.5,0.49819663777342416,True,
cal_0194,SYN_A026_6B-SCNrM2_V000,CWT_pyBOAT,post,22.0,0.5,0.4981641640134975,True,
cal_0195,SYN_A026_6B-SCNrM2_V000,STFT,pre,24.0,0.5,0.5022813766431258,True,
cal_0195,SYN_A026_6B-SCNrM2_V000,STFT,post,24.0,0.5,0.502281376643126,True,
cal_0195,SYN_A026_6B-SCNrM2_V000,Hilbert,pre,24.0,0.5,0.4993868772539406,True,
cal_0195,SYN_A026_6B-SCNrM2_V000,Hilbert,post,24.0,0.5,0.5061780020619928,True,
cal_0195,SYN_A026_6B-SCNrM2_V000,CWT_pyBOAT,pre,24.0,0.5,0.49821944015622843,True,
cal_0195,SYN_A026_6B-SCNrM2_V000,CWT_pyBOAT,post,24.0,0.5,0.49837830712861286,True,
cal_0196,SYN_A026_6B-SCNrM2_V000,STFT,pre,26.0,0.5,0.4644559318361922,True,
cal_0196,SYN_A026_6B-SCNrM2_V000,STFT,post,26.0,0.5,0.463845546902916,True,
cal_0196,SYN_A026_6B-SCNrM2_V000,Hilbert,pre,26.0,0.5,0.5113656672174397,True,
cal_0196,SYN_A026_6B-SCNrM2_V000,Hilbert,post,26.0,0.5,0.5112991649781617,True,
cal_0196,SYN_A026_6B-SCNrM2_V000,CWT_pyBOAT,pre,26.0,0.5,0.49730085175439437,True,
cal_0196,SYN_A026_6B-SCNrM2_V000,CWT_pyBOAT,post,26.0,0.5,0.4975958572584872,True,
cal_0197,SYN_A026_6B-SCNrM2_V000,STFT,pre,28.0,0.5,0.4410069434907062,True,
cal_0197,SYN_A026_6B-SCNrM2_V000,STFT,post,28.0,0.5,0.4407777331997935,True,
cal_0197,SYN_A026_6B-SCNrM2_V000,Hilbert,pre,28.0,0.5,0.49102940656562194,True,
cal_0197,SYN_A026_6B-SCNrM2_V000,Hilbert,post,28.0,0.5,0.4625320069568821,True,
cal_0197,SYN_A026_6B-SCNrM2_V000,CWT_pyBOAT,pre,28.0,0.5,0.496650435800982,True,
cal_0197,SYN_A026_6B-SCNrM2_V000,CWT_pyBOAT,post,28.0,0.5,0.4965804029166869,True,
cal_0198,SYN_A026_6B-SCNrM2_V000,STFT,pre,30.0,0.5,0.43655792646151503,True,
cal_0198,SYN_A026_6B-SCNrM2_V000,STFT,post,30.0,0.5,0.43654527431947265,True,
cal_0198,SYN_A026_6B-SCNrM2_V000,Hilbert,pre,30.0,0.5,0.39349060178896106,True,
cal_0198,SYN_A026_6B-SCNrM2_V000,Hilbert,post,30.0,0.5,0.36282908181283613,True,
cal_0198,SYN_A026_6B-SCNrM2_V000,CWT_pyBOAT,pre,30.0,0.5,0.4956243126400996,True,
cal_0198,SYN_A026_6B-SCNrM2_V000,CWT_pyBOAT,post,30.0,0.5,0.4961347332629598,True,
cal_0199,SYN_A026_6B-SCNrM2_V000,STFT,pre,20.0,1.0,1.0820828554453212,True,
cal_0199,SYN_A026_6B-SCNrM2_V000,STFT,post,20.0,1.0,1.0820892935362902,True,
cal_0199,SYN_A026_6B-SCNrM2_V000,Hilbert,pre,20.0,1.0,0.9374941523448194,True,
cal_0199,SYN_A026_6B-SCNrM2_V000,Hilbert,post,20.0,1.0,0.9395034436038436,True,
cal_0199,SYN_A026_6B-SCNrM2_V000,CWT_pyBOAT,pre,20.0,1.0,0.9975395620295089,True,
cal_0199,SYN_A026_6B-SCNrM2_V000,CWT_pyBOAT,post,20.0,1.0,0.9975481482458547,True,
cal_0200,SYN_A026_6B-SCNrM2_V000,STFT,pre,22.0,1.0,1.0750042451047126,True,
cal_0200,SYN_A026_6B-SCNrM2_V000,STFT,post,22.0,1.0,1.074729324602944,True,
cal_0200,SYN_A026_6B-SCNrM2_V000,Hilbert,pre,22.0,1.0,1.0064689158103237,True,
cal_0200,SYN_A026_6B-SCNrM2_V000,Hilbert,post,22.0,1.0,1.0059151649163924,True,
cal_0200,SYN_A026_6B-SCNrM2_V000,CWT_pyBOAT,pre,22.0,1.0,0.9963932755468483,True,
cal_0200,SYN_A026_6B-SCNrM2_V000,CWT_pyBOAT,post,22.0,1.0,0.996328328026995,True,
cal_0201,SYN_A026_6B-SCNrM2_V000,STFT,pre,24.0,1.0,1.0045627532862516,True,
cal_0201,SYN_A026_6B-SCNrM2_V000,STFT,post,24.0,1.0,1.004562753286252,True,
cal_0201,SYN_A026_6B-SCNrM2_V000,Hilbert,pre,24.0,1.0,0.9987737545078812,True,
cal_0201,SYN_A026_6B-SCNrM2_V000,Hilbert,post,24.0,1.0,1.0123560041239856,True,
cal_0201,SYN_A026_6B-SCNrM2_V000,CWT_pyBOAT,pre,24.0,1.0,0.9964388803124569,True,
cal_0201,SYN_A026_6B-SCNrM2_V000,CWT_pyBOAT,post,24.0,1.0,0.9967566142572257,True,
cal_0202,SYN_A026_6B-SCNrM2_V000,STFT,pre,26.0,1.0,0.9289118636723844,True,
cal_0202,SYN_A026_6B-SCNrM2_V000,STFT,post,26.0,1.0,0.927691093805832,True,
cal_0202,SYN_A026_6B-SCNrM2_V000,Hilbert,pre,26.0,1.0,1.0227313344348794,True,
cal_0202,SYN_A026_6B-SCNrM2_V000,Hilbert,post,26.0,1.0,1.0225983299563235,True,
cal_0202,SYN_A026_6B-SCNrM2_V000,CWT_pyBOAT,pre,26.0,1.0,0.9946017035087887,True,
cal_0202,SYN_A026_6B-SCNrM2_V000,CWT_pyBOAT,post,26.0,1.0,0.9951917145169744,True,
cal_0203,SYN_A026_6B-SCNrM2_V000,STFT,pre,28.0,1.0,0.8820138869814124,True,
cal_0203,SYN_A026_6B-SCNrM2_V000,STFT,post,28.0,1.0,0.881555466399587,True,
cal_0203,SYN_A026_6B-SCNrM2_V000,Hilbert,pre,28.0,1.0,0.9820588131312439,True,
cal_0203,SYN_A026_6B-SCNrM2_V000,Hilbert,post,28.0,1.0,0.9250640139137642,True,
cal_0203,SYN_A026_6B-SCNrM2_V000,CWT_pyBOAT,pre,28.0,1.0,0.993300871601964,True,
cal_0203,SYN_A026_6B-SCNrM2_V000,CWT_pyBOAT,post,28.0,1.0,0.9931608058333738,True,
cal_0204,SYN_A026_6B-SCNrM2_V000,STFT,pre,30.0,1.0,0.8731158529230301,True,
cal_0204,SYN_A026_6B-SCNrM2_V000,STFT,post,30.0,1.0,0.8730905486389453,True,
cal_0204,SYN_A026_6B-SCNrM2_V000,Hilbert,pre,30.0,1.0,0.7869812035779221,True,
cal_0204,SYN_A026_6B-SCNrM2_V000,Hilbert,post,30.0,1.0,0.7256581636256723,True,
cal_0204,SYN_A026_6B-SCNrM2_V000,CWT_pyBOAT,pre,30.0,1.0,0.9912486252801992,True,
cal_0204,SYN_A026_6B-SCNrM2_V000,CWT_pyBOAT,post,30.0,1.0,0.9922694665259196,True,
cal_0205,SYN_A026_6B-SCNrM2_V000,STFT,pre,20.0,2.0,2.1641657108906425,True,
cal_0205,SYN_A026_6B-SCNrM2_V000,STFT,post,20.0,2.0,2.1641785870725805,True,
cal_0205,SYN_A026_6B-SCNrM2_V000,Hilbert,pre,20.0,2.0,1.8749883046896387,True,
cal_0205,SYN_A026_6B-SCNrM2_V000,Hilbert,post,20.0,2.0,1.8790068872076873,True,
cal_0205,SYN_A026_6B-SCNrM2_V000,CWT_pyBOAT,pre,20.0,2.0,1.9950791240590178,True,
cal_0205,SYN_A026_6B-SCNrM2_V000,CWT_pyBOAT,post,20.0,2.0,1.9950962964917094,True,
cal_0206,SYN_A026_6B-SCNrM2_V000,STFT,pre,22.0,2.0,2.150008490209425,True,
cal_0206,SYN_A026_6B-SCNrM2_V000,STFT,post,22.0,2.0,2.149458649205888,True,
cal_0206,SYN_A026_6B-SCNrM2_V000,Hilbert,pre,22.0,2.0,2.0129378316206474,True,
cal_0206,SYN_A026_6B-SCNrM2_V000,Hilbert,post,22.0,2.0,2.011830329832785,True,
cal_0206,SYN_A026_6B-SCNrM2_V000,CWT_pyBOAT,pre,22.0,2.0,1.9927865510936966,True,
cal_0206,SYN_A026_6B-SCNrM2_V000,CWT_pyBOAT,post,22.0,2.0,1.99265665605399,True,
cal_0207,SYN_A026_6B-SCNrM2_V000,STFT,pre,24.0,2.0,2.009125506572503,True,
cal_0207,SYN_A026_6B-SCNrM2_V000,STFT,post,24.0,2.0,2.009125506572504,True,
cal_0207,SYN_A026_6B-SCNrM2_V000,Hilbert,pre,24.0,2.0,1.9975475090157624,True,
cal_0207,SYN_A026_6B-SCNrM2_V000,Hilbert,post,24.0,2.0,2.0247120082479713,True,
cal_0207,SYN_A026_6B-SCNrM2_V000,CWT_pyBOAT,pre,24.0,2.0,1.9928777606249137,True,
cal_0207,SYN_A026_6B-SCNrM2_V000,CWT_pyBOAT,post,24.0,2.0,1.9935132285144515,True,
cal_0208,SYN_A026_6B-SCNrM2_V000,STFT,pre,26.0,2.0,1.8578237273447689,True,
cal_0208,SYN_A026_6B-SCNrM2_V000,STFT,post,26.0,2.0,1.855382187611664,True,
cal_0208,SYN_A026_6B-SCNrM2_V000,Hilbert,pre,26.0,2.0,2.045462668869759,True,
cal_0208,SYN_A026_6B-SCNrM2_V000,Hilbert,post,26.0,2.0,2.045196659912647,True,
cal_0208,SYN_A026_6B-SCNrM2_V000,CWT_pyBOAT,pre,26.0,2.0,1.9892034070175775,True,
cal_0208,SYN_A026_6B-SCNrM2_V000,CWT_pyBOAT,post,26.0,2.0,1.9903834290339488,True,
cal_0209,SYN_A026_6B-SCNrM2_V000,STFT,pre,28.0,2.0,1.7640277739628247,True,
cal_0209,SYN_A026_6B-SCNrM2_V000,STFT,post,28.0,2.0,1.763110932799174,True,
cal_0209,SYN_A026_6B-SCNrM2_V000,Hilbert,pre,28.0,2.0,1.9641176262624878,True,
cal_0209,SYN_A026_6B-SCNrM2_V000,Hilbert,post,28.0,2.0,1.8501280278275285,True,
cal_0209,SYN_A026_6B-SCNrM2_V000,CWT_pyBOAT,pre,28.0,2.0,1.986601743203928,True,
cal_0209,SYN_A026_6B-SCNrM2_V000,CWT_pyBOAT,post,28.0,2.0,1.9863216116667477,True,
cal_0210,SYN_A026_6B-SCNrM2_V000,STFT,pre,30.0,2.0,1.7462317058460601,True,
cal_0210,SYN_A026_6B-SCNrM2_V000,STFT,post,30.0,2.0,1.7461810972778906,True,
cal_0210,SYN_A026_6B-SCNrM2_V000,Hilbert,pre,30.0,2.0,1.5739624071558442,True,
cal_0210,SYN_A026_6B-SCNrM2_V000,Hilbert,post,30.0,2.0,1.4513163272513445,True,
cal_0210,SYN_A026_6B-SCNrM2_V000,CWT_pyBOAT,pre,30.0,2.0,1.9824972505603984,True,
cal_0210,SYN_A026_6B-SCNrM2_V000,CWT_pyBOAT,post,30.0,2.0,1.9845389330518393,True,
cal_0211,SYN_A026_6B-SCNrM2_V000,STFT,pre,20.0,4.0,4.328331421781285,True,
cal_0211,SYN_A026_6B-SCNrM2_V000,STFT,post,20.0,4.0,4.328357174145161,True,
cal_0211,SYN_A026_6B-SCNrM2_V000,Hilbert,pre,20.0,4.0,3.7499766093792775,True,
cal_0211,SYN_A026_6B-SCNrM2_V000,Hilbert,post,20.0,4.0,3.7580137744153745,True,
cal_0211,SYN_A026_6B-SCNrM2_V000,CWT_pyBOAT,pre,20.0,4.0,3.9901582481180355,True,
cal_0211,SYN_A026_6B-SCNrM2_V000,CWT_pyBOAT,post,20.0,4.0,3.9901925929834188,True,
cal_0212,SYN_A026_6B-SCNrM2_V000,STFT,pre,22.0,4.0,4.30001698041885,True,
cal_0212,SYN_A026_6B-SCNrM2_V000,STFT,post,22.0,4.0,4.298917298411776,True,
cal_0212,SYN_A026_6B-SCNrM2_V000,Hilbert,pre,22.0,4.0,4.025875663241295,True,
cal_0212,SYN_A026_6B-SCNrM2_V000,Hilbert,post,22.0,4.0,4.02366065966557,True,
cal_0212,SYN_A026_6B-SCNrM2_V000,CWT_pyBOAT,pre,22.0,4.0,3.9855731021873932,True,
cal_0212,SYN_A026_6B-SCNrM2_V000,CWT_pyBOAT,post,22.0,4.0,3.98531331210798,True,
cal_0213,SYN_A026_6B-SCNrM2_V000,STFT,pre,24.0,4.0,4.018251013145006,True,
cal_0213,SYN_A026_6B-SCNrM2_V000,STFT,post,24.0,4.0,4.018251013145008,True,
cal_0213,SYN_A026_6B-SCNrM2_V000,Hilbert,pre,24.0,4.0,3.995095018031525,True,
cal_0213,SYN_A026_6B-SCNrM2_V000,Hilbert,post,24.0,4.0,4.0494240164959425,True,
cal_0213,SYN_A026_6B-SCNrM2_V000,CWT_pyBOAT,pre,24.0,4.0,3.9857555212498275,True,
cal_0213,SYN_A026_6B-SCNrM2_V000,CWT_pyBOAT,post,24.0,4.0,3.987026457028903,True,
cal_0214,SYN_A026_6B-SCNrM2_V000,STFT,pre,26.0,4.0,3.7156474546895377,True,
cal_0214,SYN_A026_6B-SCNrM2_V000,STFT,post,26.0,4.0,3.710764375223328,True,
cal_0214,SYN_A026_6B-SCNrM2_V000,Hilbert,pre,26.0,4.0,4.090925337739518,True,
cal_0214,SYN_A026_6B-SCNrM2_V000,Hilbert,post,26.0,4.0,4.090393319825294,True,
cal_0214,SYN_A026_6B-SCNrM2_V000,CWT_pyBOAT,pre,26.0,4.0,3.978406814035155,True,
cal_0214,SYN_A026_6B-SCNrM2_V000,CWT_pyBOAT,post,26.0,4.0,3.9807668580678977,True,
cal_0215,SYN_A026_6B-SCNrM2_V000,STFT,pre,28.0,4.0,3.5280555479256495,True,
cal_0215,SYN_A026_6B-SCNrM2_V000,STFT,post,28.0,4.0,3.526221865598348,True,
cal_0215,SYN_A026_6B-SCNrM2_V000,Hilbert,pre,28.0,4.0,3.9282352525249755,True,
cal_0215,SYN_A026_6B-SCNrM2_V000,Hilbert,post,28.0,4.0,3.700256055655057,True,
cal_0215,SYN_A026_6B-SCNrM2_V000,CWT_pyBOAT,pre,28.0,4.0,3.973203486407856,True,
cal_0215,SYN_A026_6B-SCNrM2_V000,CWT_pyBOAT,post,28.0,4.0,3.9726432233334954,True,
cal_0216,SYN_A026_6B-SCNrM2_V000,STFT,pre,30.0,4.0,3.4924634116921203,True,
cal_0216,SYN_A026_6B-SCNrM2_V000,STFT,post,30.0,4.0,3.4923621945557812,True,
cal_0216,SYN_A026_6B-SCNrM2_V000,Hilbert,pre,30.0,4.0,3.1479248143116885,True,
cal_0216,SYN_A026_6B-SCNrM2_V000,Hilbert,post,30.0,4.0,2.902632654502689,True,
cal_0216,SYN_A026_6B-SCNrM2_V000,CWT_pyBOAT,pre,30.0,4.0,3.9649945011207968,True,
cal_0216,SYN_A026_6B-SCNrM2_V000,CWT_pyBOAT,post,30.0,4.0,3.9690778661036785,True,
cal_0217,SYN_A013_5D-T10_V000,STFT,pre,20.0,0.5,0.5410414277226606,True,
cal_0217,SYN_A013_5D-T10_V000,STFT,post,20.0,0.5,0.5410446467681451,True,
cal_0217,SYN_A013_5D-T10_V000,Hilbert,pre,20.0,0.5,0.46876997032933165,True,
cal_0217,SYN_A013_5D-T10_V000,Hilbert,post,20.0,0.5,0.46989920132663643,True,
cal_0217,SYN_A013_5D-T10_V000,CWT_pyBOAT,pre,20.0,0.5,0.49876978100258706,True,
cal_0217,SYN_A013_5D-T10_V000,CWT_pyBOAT,post,20.0,0.5,0.49877433279416383,True,
cal_0218,SYN_A013_5D-T10_V000,STFT,pre,22.0,0.5,0.5375021225523563,True,
cal_0218,SYN_A013_5D-T10_V000,STFT,post,22.0,0.5,0.537364662301472,True,
cal_0218,SYN_A013_5D-T10_V000,Hilbert,pre,22.0,0.5,0.5032205237675058,True,
cal_0218,SYN_A013_5D-T10_V000,Hilbert,post,22.0,0.5,0.502955840249632,True,
cal_0218,SYN_A013_5D-T10_V000,CWT_pyBOAT,pre,22.0,0.5,0.4981966376423754,True,
cal_0218,SYN_A013_5D-T10_V000,CWT_pyBOAT,post,22.0,0.5,0.49817029076199715,True,
cal_0219,SYN_A013_5D-T10_V000,STFT,pre,24.0,0.5,0.5022813766431258,True,
cal_0219,SYN_A013_5D-T10_V000,STFT,post,24.0,0.5,0.502281376643126,True,
cal_0219,SYN_A013_5D-T10_V000,Hilbert,pre,24.0,0.5,0.49942631831478324,True,
cal_0219,SYN_A013_5D-T10_V000,Hilbert,post,24.0,0.5,0.5061102629352422,True,
cal_0219,SYN_A013_5D-T10_V000,CWT_pyBOAT,pre,24.0,0.5,0.4982194401532795,True,
cal_0219,SYN_A013_5D-T10_V000,CWT_pyBOAT,post,24.0,0.5,0.49838696597824056,True,
cal_0220,SYN_A013_5D-T10_V000,STFT,pre,26.0,0.5,0.4644559318361922,True,
cal_0220,SYN_A013_5D-T10_V000,STFT,post,26.0,0.5,0.463845546902916,True,
cal_0220,SYN_A013_5D-T10_V000,Hilbert,pre,26.0,0.5,0.5113612839041044,True,
cal_0220,SYN_A013_5D-T10_V000,Hilbert,post,26.0,0.5,0.5111761136971764,True,
cal_0220,SYN_A013_5D-T10_V000,CWT_pyBOAT,pre,26.0,0.5,0.4972810193996656,True,
cal_0220,SYN_A013_5D-T10_V000,CWT_pyBOAT,post,26.0,0.5,0.4976286029188952,True,
cal_0221,SYN_A013_5D-T10_V000,STFT,pre,28.0,0.5,0.4410069434907062,True,
cal_0221,SYN_A013_5D-T10_V000,STFT,post,28.0,0.5,0.4407777331997935,True,
cal_0221,SYN_A013_5D-T10_V000,Hilbert,pre,28.0,0.5,0.4909906128255179,True,
cal_0221,SYN_A013_5D-T10_V000,Hilbert,post,28.0,0.5,0.463351964742004,True,
cal_0221,SYN_A013_5D-T10_V000,CWT_pyBOAT,pre,28.0,0.5,0.4966174564609217,True,
cal_0221,SYN_A013_5D-T10_V000,CWT_pyBOAT,post,28.0,0.5,0.49661798899600895,True,
cal_0222,SYN_A013_5D-T10_V000,STFT,pre,30.0,0.5,0.43655792646151503,True,
cal_0222,SYN_A013_5D-T10_V000,STFT,post,30.0,0.5,0.43654313566503716,True,
cal_0222,SYN_A013_5D-T10_V000,Hilbert,pre,30.0,0.5,0.3934614158668594,True,
cal_0222,SYN_A013_5D-T10_V000,Hilbert,post,30.0,0.5,0.3629339442549139,True,
cal_0222,SYN_A013_5D-T10_V000,CWT_pyBOAT,pre,30.0,0.5,0.49557523134265324,True,
cal_0222,SYN_A013_5D-T10_V000,CWT_pyBOAT,post,30.0,0.5,0.4963463170228397,True,
cal_0223,SYN_A013_5D-T10_V000,STFT,pre,20.0,1.0,1.0820828554453212,True,
cal_0223,SYN_A013_5D-T10_V000,STFT,post,20.0,1.0,1.0820892935362902,True,
cal_0223,SYN_A013_5D-T10_V000,Hilbert,pre,20.0,1.0,0.9375399406586633,True,
cal_0223,SYN_A013_5D-T10_V000,Hilbert,post,20.0,1.0,0.9397984026532729,True,
cal_0223,SYN_A013_5D-T10_V000,CWT_pyBOAT,pre,20.0,1.0,0.9975395620051741,True,
cal_0223,SYN_A013_5D-T10_V000,CWT_pyBOAT,post,20.0,1.0,0.9975486655883277,True,
cal_0224,SYN_A013_5D-T10_V000,STFT,pre,22.0,1.0,1.0750042451047126,True,
cal_0224,SYN_A013_5D-T10_V000,STFT,post,22.0,1.0,1.074729324602944,True,
cal_0224,SYN_A013_5D-T10_V000,Hilbert,pre,22.0,1.0,1.0064410475350116,True,
cal_0224,SYN_A013_5D-T10_V000,Hilbert,post,22.0,1.0,1.005911680499264,True,
cal_0224,SYN_A013_5D-T10_V000,CWT_pyBOAT,pre,22.0,1.0,0.9963932752847507,True,
cal_0224,SYN_A013_5D-T10_V000,CWT_pyBOAT,post,22.0,1.0,0.9963405815239943,True,
cal_0225,SYN_A013_5D-T10_V000,STFT,pre,24.0,1.0,1.0045627532862516,True,
cal_0225,SYN_A013_5D-T10_V000,STFT,post,24.0,1.0,1.004562753286252,True,
cal_0225,SYN_A013_5D-T10_V000,Hilbert,pre,24.0,1.0,0.9988526366295665,True,
cal_0225,SYN_A013_5D-T10_V000,Hilbert,post,24.0,1.0,1.0122205258704844,True,
cal_0225,SYN_A013_5D-T10_V000,CWT_pyBOAT,pre,24.0,1.0,0.996438880306559,True,
cal_0225,SYN_A013_5D-T10_V000,CWT_pyBOAT,post,24.0,1.0,0.9967739319564811,True,
cal_0226,SYN_A013_5D-T10_V000,STFT,pre,26.0,1.0,0.9289118636723844,True,
cal_0226,SYN_A013_5D-T10_V000,STFT,post,26.0,1.0,0.927691093805832,True,
cal_0226,SYN_A013_5D-T10_V000,Hilbert,pre,26.0,1.0,1.0227225678082088,True,
cal_0226,SYN_A013_5D-T10_V000,Hilbert,post,26.0,1.0,1.0223522273943528,True,
cal_0226,SYN_A013_5D-T10_V000,CWT_pyBOAT,pre,26.0,1.0,0.9945620387993312,True,
cal_0226,SYN_A013_5D-T10_V000,CWT_pyBOAT,post,26.0,1.0,0.9952572058377904,True,
cal_0227,SYN_A013_5D-T10_V000,STFT,pre,28.0,1.0,0.8820138869814124,True,
cal_0227,SYN_A013_5D-T10_V000,STFT,post,28.0,1.0,0.881555466399587,True,
cal_0227,SYN_A013_5D-T10_V000,Hilbert,pre,28.0,1.0,0.9819812256510358,True,
cal_0227,SYN_A013_5D-T10_V000,Hilbert,post,28.0,1.0,0.926703929484008,True,
cal_0227,SYN_A013_5D-T10_V000,CWT_pyBOAT,pre,28.0,1.0,0.9932349129218434,True,
cal_0227,SYN_A013_5D-T10_V000,CWT_pyBOAT,post,28.0,1.0,0.9932359779920179,True,
cal_0228,SYN_A013_5D-T10_V000,STFT,pre,30.0,1.0,0.8731158529230301,True,
cal_0228,SYN_A013_5D-T10_V000,STFT,post,30.0,1.0,0.8730862713300743,True,
cal_0228,SYN_A013_5D-T10_V000,Hilbert,pre,30.0,1.0,0.7869228317337188,True,
cal_0228,SYN_A013_5D-T10_V000,Hilbert,post,30.0,1.0,0.7258678885098278,True,
cal_0228,SYN_A013_5D-T10_V000,CWT_pyBOAT,pre,30.0,1.0,0.9911504626853065,True,
cal_0228,SYN_A013_5D-T10_V000,CWT_pyBOAT,post,30.0,1.0,0.9926926340456794,True,
cal_0229,SYN_A013_5D-T10_V000,STFT,pre,20.0,2.0,2.1641657108906425,True,
cal_0229,SYN_A013_5D-T10_V000,STFT,post,20.0,2.0,2.1641785870725805,True,
cal_0229,SYN_A013_5D-T10_V000,Hilbert,pre,20.0,2.0,1.8750798813173266,True,
cal_0229,SYN_A013_5D-T10_V000,Hilbert,post,20.0,2.0,1.8795968053065457,True,
cal_0229,SYN_A013_5D-T10_V000,CWT_pyBOAT,pre,20.0,2.0,1.9950791240103483,True,
cal_0229,SYN_A013_5D-T10_V000,CWT_pyBOAT,post,20.0,2.0,1.9950973311766553,True,
cal_0230,SYN_A013_5D-T10_V000,STFT,pre,22.0,2.0,2.150008490209425,True,
cal_0230,SYN_A013_5D-T10_V000,STFT,post,22.0,2.0,2.149458649205888,True,
cal_0230,SYN_A013_5D-T10_V000,Hilbert,pre,22.0,2.0,2.0128820950700232,True,
cal_0230,SYN_A013_5D-T10_V000,Hilbert,post,22.0,2.0,2.011823360998528,True,
cal_0230,SYN_A013_5D-T10_V000,CWT_pyBOAT,pre,22.0,2.0,1.9927865505695015,True,
cal_0230,SYN_A013_5D-T10_V000,CWT_pyBOAT,post,22.0,2.0,1.9926811630479886,True,
cal_0231,SYN_A013_5D-T10_V000,STFT,pre,24.0,2.0,2.009125506572503,True,
cal_0231,SYN_A013_5D-T10_V000,STFT,post,24.0,2.0,2.009125506572504,True,
cal_0231,SYN_A013_5D-T10_V000,Hilbert,pre,24.0,2.0,1.997705273259133,True,
cal_0231,SYN_A013_5D-T10_V000,Hilbert,post,24.0,2.0,2.0244410517409688,True,
cal_0231,SYN_A013_5D-T10_V000,CWT_pyBOAT,pre,24.0,2.0,1.992877760613118,True,
cal_0231,SYN_A013_5D-T10_V000,CWT_pyBOAT,post,24.0,2.0,1.9935478639129622,True,
cal_0232,SYN_A013_5D-T10_V000,STFT,pre,26.0,2.0,1.8578237273447689,True,
cal_0232,SYN_A013_5D-T10_V000,STFT,post,26.0,2.0,1.855382187611664,True,
cal_0232,SYN_A013_5D-T10_V000,Hilbert,pre,26.0,2.0,2.0454451356164176,True,
cal_0232,SYN_A013_5D-T10_V000,Hilbert,post,26.0,2.0,2.0447044547887057,True,
cal_0232,SYN_A013_5D-T10_V000,CWT_pyBOAT,pre,26.0,2.0,1.9891240775986625,True,
cal_0232,SYN_A013_5D-T10_V000,CWT_pyBOAT,post,26.0,2.0,1.9905144116755809,True,
cal_0233,SYN_A013_5D-T10_V000,STFT,pre,28.0,2.0,1.7640277739628247,True,
cal_0233,SYN_A013_5D-T10_V000,STFT,post,28.0,2.0,1.763110932799174,True,
cal_0233,SYN_A013_5D-T10_V000,Hilbert,pre,28.0,2.0,1.9639624513020717,True,
cal_0233,SYN_A013_5D-T10_V000,Hilbert,post,28.0,2.0,1.853407858968016,True,
cal_0233,SYN_A013_5D-T10_V000,CWT_pyBOAT,pre,28.0,2.0,1.9864698258436868,True,
cal_0233,SYN_A013_5D-T10_V000,CWT_pyBOAT,post,28.0,2.0,1.9864719559840358,True,
cal_0234,SYN_A013_5D-T10_V000,STFT,pre,30.0,2.0,1.7462317058460601,True,
cal_0234,SYN_A013_5D-T10_V000,STFT,post,30.0,2.0,1.7461725426601487,True,
cal_0234,SYN_A013_5D-T10_V000,Hilbert,pre,30.0,2.0,1.5738456634674376,True,
cal_0234,SYN_A013_5D-T10_V000,Hilbert,post,30.0,2.0,1.4517357770196555,True,
cal_0234,SYN_A013_5D-T10_V000,CWT_pyBOAT,pre,30.0,2.0,1.982300925370613,True,
cal_0234,SYN_A013_5D-T10_V000,CWT_pyBOAT,post,30.0,2.0,1.9853852680913588,True,
cal_0235,SYN_A013_5D-T10_V000,STFT,pre,20.0,4.0,4.328331421781285,True,
cal_0235,SYN_A013_5D-T10_V000,STFT,post,20.0,4.0,4.328357174145161,True,
cal_0235,SYN_A013_5D-T10_V000,Hilbert,pre,20.0,4.0,3.7501597626346532,True,
cal_0235,SYN_A013_5D-T10_V000,Hilbert,post,20.0,4.0,3.7591936106130914,True,
cal_0235,SYN_A013_5D-T10_V000,CWT_pyBOAT,pre,20.0,4.0,3.9901582480206965,True,
cal_0235,SYN_A013_5D-T10_V000,CWT_pyBOAT,post,20.0,4.0,3.9901946623533107,True,
cal_0236,SYN_A013_5D-T10_V000,STFT,pre,22.0,4.0,4.30001698041885,True,
cal_0236,SYN_A013_5D-T10_V000,STFT,post,22.0,4.0,4.298917298411776,True,
cal_0236,SYN_A013_5D-T10_V000,Hilbert,pre,22.0,4.0,4.0257641901400465,True,
cal_0236,SYN_A013_5D-T10_V000,Hilbert,post,22.0,4.0,4.023646721997056,True,
cal_0236,SYN_A013_5D-T10_V000,CWT_pyBOAT,pre,22.0,4.0,3.985573101139003,True,
cal_0236,SYN_A013_5D-T10_V000,CWT_pyBOAT,post,22.0,4.0,3.985362326095977,True,
cal_0237,SYN_A013_5D-T10_V000,STFT,pre,24.0,4.0,4.018251013145006,True,
cal_0237,SYN_A013_5D-T10_V000,STFT,post,24.0,4.0,4.018251013145008,True,
cal_0237,SYN_A013_5D-T10_V000,Hilbert,pre,24.0,4.0,3.995410546518266,True,
cal_0237,SYN_A013_5D-T10_V000,Hilbert,post,24.0,4.0,4.0488821034819376,True,
cal_0237,SYN_A013_5D-T10_V000,CWT_pyBOAT,pre,24.0,4.0,3.985755521226236,True,
cal_0237,SYN_A013_5D-T10_V000,CWT_pyBOAT,post,24.0,4.0,3.9870957278259245,True,
cal_0238,SYN_A013_5D-T10_V000,STFT,pre,26.0,4.0,3.7156474546895377,True,
cal_0238,SYN_A013_5D-T10_V000,STFT,post,26.0,4.0,3.710764375223328,True,
cal_0238,SYN_A013_5D-T10_V000,Hilbert,pre,26.0,4.0,4.090890271232835,True,
cal_0238,SYN_A013_5D-T10_V000,Hilbert,post,26.0,4.0,4.089408909577411,True,
cal_0238,SYN_A013_5D-T10_V000,CWT_pyBOAT,pre,26.0,4.0,3.978248155197325,True,
cal_0238,SYN_A013_5D-T10_V000,CWT_pyBOAT,post,26.0,4.0,3.9810288233511617,True,
cal_0239,SYN_A013_5D-T10_V000,STFT,pre,28.0,4.0,3.5280555479256495,True,
cal_0239,SYN_A013_5D-T10_V000,STFT,post,28.0,4.0,3.526221865598348,True,
cal_0239,SYN_A013_5D-T10_V000,Hilbert,pre,28.0,4.0,3.9279249026041434,True,
cal_0239,SYN_A013_5D-T10_V000,Hilbert,post,28.0,4.0,3.706815717936032,True,
cal_0239,SYN_A013_5D-T10_V000,CWT_pyBOAT,pre,28.0,4.0,3.9729396516873736,True,
cal_0239,SYN_A013_5D-T10_V000,CWT_pyBOAT,post,28.0,4.0,3.9729439119680716,True,
cal_0240,SYN_A013_5D-T10_V000,STFT,pre,30.0,4.0,3.4924634116921203,True,
cal_0240,SYN_A013_5D-T10_V000,STFT,post,30.0,4.0,3.4923450853202973,True,
cal_0240,SYN_A013_5D-T10_V000,Hilbert,pre,30.0,4.0,3.147691326934875,True,
cal_0240,SYN_A013_5D-T10_V000,Hilbert,post,30.0,4.0,2.903471554039311,True,
cal_0240,SYN_A013_5D-T10_V000,CWT_pyBOAT,pre,30.0,4.0,3.964601850741226,True,
cal_0240,SYN_A013_5D-T10_V000,CWT_pyBOAT,post,30.0,4.0,3.9707705361827177,True,
cal_0241,SYN_A025_6A-SCNrM1_V000,STFT,pre,20.0,0.5,0.5410414277226606,True,
cal_0241,SYN_A025_6A-SCNrM1_V000,STFT,post,20.0,0.5,0.5410446467681451,True,
cal_0241,SYN_A025_6A-SCNrM1_V000,Hilbert,pre,20.0,0.5,0.46876997032933165,True,
cal_0241,SYN_A025_6A-SCNrM1_V000,Hilbert,post,20.0,0.5,0.46989920132663643,True,
cal_0241,SYN_A025_6A-SCNrM1_V000,CWT_pyBOAT,pre,20.0,0.5,0.49876978100258706,True,
cal_0241,SYN_A025_6A-SCNrM1_V000,CWT_pyBOAT,post,20.0,0.5,0.49877433279416383,True,
cal_0242,SYN_A025_6A-SCNrM1_V000,STFT,pre,22.0,0.5,0.5375021225523563,True,
cal_0242,SYN_A025_6A-SCNrM1_V000,STFT,post,22.0,0.5,0.537364662301472,True,
cal_0242,SYN_A025_6A-SCNrM1_V000,Hilbert,pre,22.0,0.5,0.5032205237675058,True,
cal_0242,SYN_A025_6A-SCNrM1_V000,Hilbert,post,22.0,0.5,0.502955840249632,True,
cal_0242,SYN_A025_6A-SCNrM1_V000,CWT_pyBOAT,pre,22.0,0.5,0.4981966376423754,True,
cal_0242,SYN_A025_6A-SCNrM1_V000,CWT_pyBOAT,post,22.0,0.5,0.49817029076199715,True,
cal_0243,SYN_A025_6A-SCNrM1_V000,STFT,pre,24.0,0.5,0.5022813766431258,True,
cal_0243,SYN_A025_6A-SCNrM1_V000,STFT,post,24.0,0.5,0.502281376643126,True,
cal_0243,SYN_A025_6A-SCNrM1_V000,Hilbert,pre,24.0,0.5,0.49942631831478324,True,
cal_0243,SYN_A025_6A-SCNrM1_V000,Hilbert,post,24.0,0.5,0.5061102629352422,True,
cal_0243,SYN_A025_6A-SCNrM1_V000,CWT_pyBOAT,pre,24.0,0.5,0.4982194401532795,True,
cal_0243,SYN_A025_6A-SCNrM1_V000,CWT_pyBOAT,post,24.0,0.5,0.49838696597824056,True,
cal_0244,SYN_A025_6A-SCNrM1_V000,STFT,pre,26.0,0.5,0.4644559318361922,True,
cal_0244,SYN_A025_6A-SCNrM1_V000,STFT,post,26.0,0.5,0.463845546902916,True,
cal_0244,SYN_A025_6A-SCNrM1_V000,Hilbert,pre,26.0,0.5,0.5113612839041044,True,
cal_0244,SYN_A025_6A-SCNrM1_V000,Hilbert,post,26.0,0.5,0.5111761136971764,True,
cal_0244,SYN_A025_6A-SCNrM1_V000,CWT_pyBOAT,pre,26.0,0.5,0.4972810193996656,True,
cal_0244,SYN_A025_6A-SCNrM1_V000,CWT_pyBOAT,post,26.0,0.5,0.4976286029188952,True,
cal_0245,SYN_A025_6A-SCNrM1_V000,STFT,pre,28.0,0.5,0.4410069434907062,True,
cal_0245,SYN_A025_6A-SCNrM1_V000,STFT,post,28.0,0.5,0.4407777331997935,True,
cal_0245,SYN_A025_6A-SCNrM1_V000,Hilbert,pre,28.0,0.5,0.4909906128255179,True,
cal_0245,SYN_A025_6A-SCNrM1_V000,Hilbert,post,28.0,0.5,0.463351964742004,True,
cal_0245,SYN_A025_6A-SCNrM1_V000,CWT_pyBOAT,pre,28.0,0.5,0.4966174564609217,True,
cal_0245,SYN_A025_6A-SCNrM1_V000,CWT_pyBOAT,post,28.0,0.5,0.49661798899600895,True,
cal_0246,SYN_A025_6A-SCNrM1_V000,STFT,pre,30.0,0.5,0.43655792646151503,True,
cal_0246,SYN_A025_6A-SCNrM1_V000,STFT,post,30.0,0.5,0.43654313566503716,True,
cal_0246,SYN_A025_6A-SCNrM1_V000,Hilbert,pre,30.0,0.5,0.3934614158668594,True,
cal_0246,SYN_A025_6A-SCNrM1_V000,Hilbert,post,30.0,0.5,0.3629339442549139,True,
cal_0246,SYN_A025_6A-SCNrM1_V000,CWT_pyBOAT,pre,30.0,0.5,0.49557523134265324,True,
cal_0246,SYN_A025_6A-SCNrM1_V000,CWT_pyBOAT,post,30.0,0.5,0.4963463170228397,True,
cal_0247,SYN_A025_6A-SCNrM1_V000,STFT,pre,20.0,1.0,1.0820828554453212,True,
cal_0247,SYN_A025_6A-SCNrM1_V000,STFT,post,20.0,1.0,1.0820892935362902,True,
cal_0247,SYN_A025_6A-SCNrM1_V000,Hilbert,pre,20.0,1.0,0.9375399406586633,True,
cal_0247,SYN_A025_6A-SCNrM1_V000,Hilbert,post,20.0,1.0,0.9397984026532729,True,
cal_0247,SYN_A025_6A-SCNrM1_V000,CWT_pyBOAT,pre,20.0,1.0,0.9975395620051741,True,
cal_0247,SYN_A025_6A-SCNrM1_V000,CWT_pyBOAT,post,20.0,1.0,0.9975486655883277,True,
cal_0248,SYN_A025_6A-SCNrM1_V000,STFT,pre,22.0,1.0,1.0750042451047126,True,
cal_0248,SYN_A025_6A-SCNrM1_V000,STFT,post,22.0,1.0,1.074729324602944,True,
cal_0248,SYN_A025_6A-SCNrM1_V000,Hilbert,pre,22.0,1.0,1.0064410475350116,True,
cal_0248,SYN_A025_6A-SCNrM1_V000,Hilbert,post,22.0,1.0,1.005911680499264,True,
cal_0248,SYN_A025_6A-SCNrM1_V000,CWT_pyBOAT,pre,22.0,1.0,0.9963932752847507,True,
cal_0248,SYN_A025_6A-SCNrM1_V000,CWT_pyBOAT,post,22.0,1.0,0.9963405815239943,True,
cal_0249,SYN_A025_6A-SCNrM1_V000,STFT,pre,24.0,1.0,1.0045627532862516,True,
cal_0249,SYN_A025_6A-SCNrM1_V000,STFT,post,24.0,1.0,1.004562753286252,True,
cal_0249,SYN_A025_6A-SCNrM1_V000,Hilbert,pre,24.0,1.0,0.9988526366295665,True,
cal_0249,SYN_A025_6A-SCNrM1_V000,Hilbert,post,24.0,1.0,1.0122205258704844,True,
cal_0249,SYN_A025_6A-SCNrM1_V000,CWT_pyBOAT,pre,24.0,1.0,0.996438880306559,True,
cal_0249,SYN_A025_6A-SCNrM1_V000,CWT_pyBOAT,post,24.0,1.0,0.9967739319564811,True,
cal_0250,SYN_A025_6A-SCNrM1_V000,STFT,pre,26.0,1.0,0.9289118636723844,True,
cal_0250,SYN_A025_6A-SCNrM1_V000,STFT,post,26.0,1.0,0.927691093805832,True,
cal_0250,SYN_A025_6A-SCNrM1_V000,Hilbert,pre,26.0,1.0,1.0227225678082088,True,
cal_0250,SYN_A025_6A-SCNrM1_V000,Hilbert,post,26.0,1.0,1.0223522273943528,True,
cal_0250,SYN_A025_6A-SCNrM1_V000,CWT_pyBOAT,pre,26.0,1.0,0.9945620387993312,True,
cal_0250,SYN_A025_6A-SCNrM1_V000,CWT_pyBOAT,post,26.0,1.0,0.9952572058377904,True,
cal_0251,SYN_A025_6A-SCNrM1_V000,STFT,pre,28.0,1.0,0.8820138869814124,True,
cal_0251,SYN_A025_6A-SCNrM1_V000,STFT,post,28.0,1.0,0.881555466399587,True,
cal_0251,SYN_A025_6A-SCNrM1_V000,Hilbert,pre,28.0,1.0,0.9819812256510358,True,
cal_0251,SYN_A025_6A-SCNrM1_V000,Hilbert,post,28.0,1.0,0.926703929484008,True,
cal_0251,SYN_A025_6A-SCNrM1_V000,CWT_pyBOAT,pre,28.0,1.0,0.9932349129218434,True,
cal_0251,SYN_A025_6A-SCNrM1_V000,CWT_pyBOAT,post,28.0,1.0,0.9932359779920179,True,
cal_0252,SYN_A025_6A-SCNrM1_V000,STFT,pre,30.0,1.0,0.8731158529230301,True,
cal_0252,SYN_A025_6A-SCNrM1_V000,STFT,post,30.0,1.0,0.8730862713300743,True,
cal_0252,SYN_A025_6A-SCNrM1_V000,Hilbert,pre,30.0,1.0,0.7869228317337188,True,
cal_0252,SYN_A025_6A-SCNrM1_V000,Hilbert,post,30.0,1.0,0.7258678885098278,True,
cal_0252,SYN_A025_6A-SCNrM1_V000,CWT_pyBOAT,pre,30.0,1.0,0.9911504626853065,True,
cal_0252,SYN_A025_6A-SCNrM1_V000,CWT_pyBOAT,post,30.0,1.0,0.9926926340456794,True,
cal_0253,SYN_A025_6A-SCNrM1_V000,STFT,pre,20.0,2.0,2.1641657108906425,True,
cal_0253,SYN_A025_6A-SCNrM1_V000,STFT,post,20.0,2.0,2.1641785870725805,True,
cal_0253,SYN_A025_6A-SCNrM1_V000,Hilbert,pre,20.0,2.0,1.8750798813173266,True,
cal_0253,SYN_A025_6A-SCNrM1_V000,Hilbert,post,20.0,2.0,1.8795968053065457,True,
cal_0253,SYN_A025_6A-SCNrM1_V000,CWT_pyBOAT,pre,20.0,2.0,1.9950791240103483,True,
cal_0253,SYN_A025_6A-SCNrM1_V000,CWT_pyBOAT,post,20.0,2.0,1.9950973311766553,True,
cal_0254,SYN_A025_6A-SCNrM1_V000,STFT,pre,22.0,2.0,2.150008490209425,True,
cal_0254,SYN_A025_6A-SCNrM1_V000,STFT,post,22.0,2.0,2.149458649205888,True,
cal_0254,SYN_A025_6A-SCNrM1_V000,Hilbert,pre,22.0,2.0,2.0128820950700232,True,
cal_0254,SYN_A025_6A-SCNrM1_V000,Hilbert,post,22.0,2.0,2.011823360998528,True,
cal_0254,SYN_A025_6A-SCNrM1_V000,CWT_pyBOAT,pre,22.0,2.0,1.9927865505695015,True,
cal_0254,SYN_A025_6A-SCNrM1_V000,CWT_pyBOAT,post,22.0,2.0,1.9926811630479886,True,
cal_0255,SYN_A025_6A-SCNrM1_V000,STFT,pre,24.0,2.0,2.009125506572503,True,
cal_0255,SYN_A025_6A-SCNrM1_V000,STFT,post,24.0,2.0,2.009125506572504,True,
cal_0255,SYN_A025_6A-SCNrM1_V000,Hilbert,pre,24.0,2.0,1.997705273259133,True,
cal_0255,SYN_A025_6A-SCNrM1_V000,Hilbert,post,24.0,2.0,2.0244410517409688,True,
cal_0255,SYN_A025_6A-SCNrM1_V000,CWT_pyBOAT,pre,24.0,2.0,1.992877760613118,True,
cal_0255,SYN_A025_6A-SCNrM1_V000,CWT_pyBOAT,post,24.0,2.0,1.9935478639129622,True,
cal_0256,SYN_A025_6A-SCNrM1_V000,STFT,pre,26.0,2.0,1.8578237273447689,True,
cal_0256,SYN_A025_6A-SCNrM1_V000,STFT,post,26.0,2.0,1.855382187611664,True,
cal_0256,SYN_A025_6A-SCNrM1_V000,Hilbert,pre,26.0,2.0,2.0454451356164176,True,
cal_0256,SYN_A025_6A-SCNrM1_V000,Hilbert,post,26.0,2.0,2.0447044547887057,True,
cal_0256,SYN_A025_6A-SCNrM1_V000,CWT_pyBOAT,pre,26.0,2.0,1.9891240775986625,True,
cal_0256,SYN_A025_6A-SCNrM1_V000,CWT_pyBOAT,post,26.0,2.0,1.9905144116755809,True,
cal_0257,SYN_A025_6A-SCNrM1_V000,STFT,pre,28.0,2.0,1.7640277739628247,True,
cal_0257,SYN_A025_6A-SCNrM1_V000,STFT,post,28.0,2.0,1.763110932799174,True,
cal_0257,SYN_A025_6A-SCNrM1_V000,Hilbert,pre,28.0,2.0,1.9639624513020717,True,
cal_0257,SYN_A025_6A-SCNrM1_V000,Hilbert,post,28.0,2.0,1.853407858968016,True,
cal_0257,SYN_A025_6A-SCNrM1_V000,CWT_pyBOAT,pre,28.0,2.0,1.9864698258436868,True,
cal_0257,SYN_A025_6A-SCNrM1_V000,CWT_pyBOAT,post,28.0,2.0,1.9864719559840358,True,
cal_0258,SYN_A025_6A-SCNrM1_V000,STFT,pre,30.0,2.0,1.7462317058460601,True,
cal_0258,SYN_A025_6A-SCNrM1_V000,STFT,post,30.0,2.0,1.7461725426601487,True,
cal_0258,SYN_A025_6A-SCNrM1_V000,Hilbert,pre,30.0,2.0,1.5738456634674376,True,
cal_0258,SYN_A025_6A-SCNrM1_V000,Hilbert,post,30.0,2.0,1.4517357770196555,True,
cal_0258,SYN_A025_6A-SCNrM1_V000,CWT_pyBOAT,pre,30.0,2.0,1.982300925370613,True,
cal_0258,SYN_A025_6A-SCNrM1_V000,CWT_pyBOAT,post,30.0,2.0,1.9853852680913588,True,
cal_0259,SYN_A025_6A-SCNrM1_V000,STFT,pre,20.0,4.0,4.328331421781285,True,
cal_0259,SYN_A025_6A-SCNrM1_V000,STFT,post,20.0,4.0,4.328357174145161,True,
cal_0259,SYN_A025_6A-SCNrM1_V000,Hilbert,pre,20.0,4.0,3.7501597626346532,True,
cal_0259,SYN_A025_6A-SCNrM1_V000,Hilbert,post,20.0,4.0,3.7591936106130914,True,
cal_0259,SYN_A025_6A-SCNrM1_V000,CWT_pyBOAT,pre,20.0,4.0,3.9901582480206965,True,
cal_0259,SYN_A025_6A-SCNrM1_V000,CWT_pyBOAT,post,20.0,4.0,3.9901946623533107,True,
cal_0260,SYN_A025_6A-SCNrM1_V000,STFT,pre,22.0,4.0,4.30001698041885,True,
cal_0260,SYN_A025_6A-SCNrM1_V000,STFT,post,22.0,4.0,4.298917298411776,True,
cal_0260,SYN_A025_6A-SCNrM1_V000,Hilbert,pre,22.0,4.0,4.0257641901400465,True,
cal_0260,SYN_A025_6A-SCNrM1_V000,Hilbert,post,22.0,4.0,4.023646721997056,True,
cal_0260,SYN_A025_6A-SCNrM1_V000,CWT_pyBOAT,pre,22.0,4.0,3.985573101139003,True,
cal_0260,SYN_A025_6A-SCNrM1_V000,CWT_pyBOAT,post,22.0,4.0,3.985362326095977,True,
cal_0261,SYN_A025_6A-SCNrM1_V000,STFT,pre,24.0,4.0,4.018251013145006,True,
cal_0261,SYN_A025_6A-SCNrM1_V000,STFT,post,24.0,4.0,4.018251013145008,True,
cal_0261,SYN_A025_6A-SCNrM1_V000,Hilbert,pre,24.0,4.0,3.995410546518266,True,
cal_0261,SYN_A025_6A-SCNrM1_V000,Hilbert,post,24.0,4.0,4.0488821034819376,True,
cal_0261,SYN_A025_6A-SCNrM1_V000,CWT_pyBOAT,pre,24.0,4.0,3.985755521226236,True,
cal_0261,SYN_A025_6A-SCNrM1_V000,CWT_pyBOAT,post,24.0,4.0,3.9870957278259245,True,
cal_0262,SYN_A025_6A-SCNrM1_V000,STFT,pre,26.0,4.0,3.7156474546895377,True,
cal_0262,SYN_A025_6A-SCNrM1_V000,STFT,post,26.0,4.0,3.710764375223328,True,
cal_0262,SYN_A025_6A-SCNrM1_V000,Hilbert,pre,26.0,4.0,4.090890271232835,True,
cal_0262,SYN_A025_6A-SCNrM1_V000,Hilbert,post,26.0,4.0,4.089408909577411,True,
cal_0262,SYN_A025_6A-SCNrM1_V000,CWT_pyBOAT,pre,26.0,4.0,3.978248155197325,True,
cal_0262,SYN_A025_6A-SCNrM1_V000,CWT_pyBOAT,post,26.0,4.0,3.9810288233511617,True,
cal_0263,SYN_A025_6A-SCNrM1_V000,STFT,pre,28.0,4.0,3.5280555479256495,True,
cal_0263,SYN_A025_6A-SCNrM1_V000,STFT,post,28.0,4.0,3.526221865598348,True,
cal_0263,SYN_A025_6A-SCNrM1_V000,Hilbert,pre,28.0,4.0,3.9279249026041434,True,
cal_0263,SYN_A025_6A-SCNrM1_V000,Hilbert,post,28.0,4.0,3.706815717936032,True,
cal_0263,SYN_A025_6A-SCNrM1_V000,CWT_pyBOAT,pre,28.0,4.0,3.9729396516873736,True,
cal_0263,SYN_A025_6A-SCNrM1_V000,CWT_pyBOAT,post,28.0,4.0,3.9729439119680716,True,
cal_0264,SYN_A025_6A-SCNrM1_V000,STFT,pre,30.0,4.0,3.4924634116921203,True,
cal_0264,SYN_A025_6A-SCNrM1_V000,STFT,post,30.0,4.0,3.4923450853202973,True,
cal_0264,SYN_A025_6A-SCNrM1_V000,Hilbert,pre,30.0,4.0,3.147691326934875,True,
cal_0264,SYN_A025_6A-SCNrM1_V000,Hilbert,post,30.0,4.0,2.903471554039311,True,
cal_0264,SYN_A025_6A-SCNrM1_V000,CWT_pyBOAT,pre,30.0,4.0,3.964601850741226,True,
cal_0264,SYN_A025_6A-SCNrM1_V000,CWT_pyBOAT,post,30.0,4.0,3.9707705361827177,True,
cal_0265,SYN_A002_1C-SCN_V000,STFT,pre,20.0,0.5,0.5410414277226606,True,
cal_0265,SYN_A002_1C-SCN_V000,STFT,post,20.0,0.5,0.5410446467681451,True,
cal_0265,SYN_A002_1C-SCN_V000,Hilbert,pre,20.0,0.5,0.4687666679217929,True,
cal_0265,SYN_A002_1C-SCN_V000,Hilbert,post,20.0,0.5,0.4699970304681992,True,
cal_0265,SYN_A002_1C-SCN_V000,CWT_pyBOAT,pre,20.0,0.5,0.4987702851046656,True,
cal_0265,SYN_A002_1C-SCN_V000,CWT_pyBOAT,post,20.0,0.5,0.498774838337935,True,
cal_0266,SYN_A002_1C-SCN_V000,STFT,pre,22.0,0.5,0.5375021225523563,True,
cal_0266,SYN_A002_1C-SCN_V000,STFT,post,22.0,0.5,0.537364662301472,True,
cal_0266,SYN_A002_1C-SCN_V000,Hilbert,pre,22.0,0.5,0.5032110713328363,True,
cal_0266,SYN_A002_1C-SCN_V000,Hilbert,post,22.0,0.5,0.5028406332386766,True,
cal_0266,SYN_A002_1C-SCN_V000,CWT_pyBOAT,pre,22.0,0.5,0.49819667059973355,True,
cal_0266,SYN_A002_1C-SCN_V000,CWT_pyBOAT,post,22.0,0.5,0.4981774684461794,True,
cal_0267,SYN_A002_1C-SCN_V000,STFT,pre,24.0,0.5,0.5022813766431258,True,
cal_0267,SYN_A002_1C-SCN_V000,STFT,post,24.0,0.5,0.502281376643126,True,
cal_0267,SYN_A002_1C-SCN_V000,Hilbert,pre,24.0,0.5,0.499380286705645,True,
cal_0267,SYN_A002_1C-SCN_V000,Hilbert,post,24.0,0.5,0.50601589169572,True,
cal_0267,SYN_A002_1C-SCN_V000,CWT_pyBOAT,pre,24.0,0.5,0.49821894319466303,True,
cal_0267,SYN_A002_1C-SCN_V000,CWT_pyBOAT,post,24.0,0.5,0.4983918569092053,True,
cal_0268,SYN_A002_1C-SCN_V000,STFT,pre,26.0,0.5,0.4644559318361922,True,
cal_0268,SYN_A002_1C-SCN_V000,STFT,post,26.0,0.5,0.463845546902916,True,
cal_0268,SYN_A002_1C-SCN_V000,Hilbert,pre,26.0,0.5,0.5113648752621586,True,
cal_0268,SYN_A002_1C-SCN_V000,Hilbert,post,26.0,0.5,0.5113131211320835,True,
cal_0268,SYN_A002_1C-SCN_V000,CWT_pyBOAT,pre,26.0,0.5,0.49730149938323354,True,
cal_0268,SYN_A002_1C-SCN_V000,CWT_pyBOAT,post,26.0,0.5,0.4976285127450961,True,
cal_0269,SYN_A002_1C-SCN_V000,STFT,pre,28.0,0.5,0.4410069434907062,True,
cal_0269,SYN_A002_1C-SCN_V000,STFT,post,28.0,0.5,0.4407777331997935,True,
cal_0269,SYN_A002_1C-SCN_V000,Hilbert,pre,28.0,0.5,0.4910182077180569,True,
cal_0269,SYN_A002_1C-SCN_V000,Hilbert,post,28.0,0.5,0.46428060948588945,True,
cal_0269,SYN_A002_1C-SCN_V000,CWT_pyBOAT,pre,28.0,0.5,0.4966502364615508,True,
cal_0269,SYN_A002_1C-SCN_V000,CWT_pyBOAT,post,28.0,0.5,0.4965932756023955,True,
cal_0270,SYN_A002_1C-SCN_V000,STFT,pre,30.0,0.5,0.43655792646151503,True,
cal_0270,SYN_A002_1C-SCN_V000,STFT,post,30.0,0.5,0.4365414431918805,True,
cal_0270,SYN_A002_1C-SCN_V000,Hilbert,pre,30.0,0.5,0.3934944575250068,True,
cal_0270,SYN_A002_1C-SCN_V000,Hilbert,post,30.0,0.5,0.363173234550935,True,
cal_0270,SYN_A002_1C-SCN_V000,CWT_pyBOAT,pre,30.0,0.5,0.4956234094514738,True,
cal_0270,SYN_A002_1C-SCN_V000,CWT_pyBOAT,post,30.0,0.5,0.4964638091738628,True,
cal_0271,SYN_A002_1C-SCN_V000,STFT,pre,20.0,1.0,1.0820828554453212,True,
cal_0271,SYN_A002_1C-SCN_V000,STFT,post,20.0,1.0,1.0820892935362902,True,
cal_0271,SYN_A002_1C-SCN_V000,Hilbert,pre,20.0,1.0,0.9375333358435858,True,
cal_0271,SYN_A002_1C-SCN_V000,Hilbert,post,20.0,1.0,0.9399940609363984,True,
cal_0271,SYN_A002_1C-SCN_V000,CWT_pyBOAT,pre,20.0,1.0,0.9975405702093312,True,
cal_0271,SYN_A002_1C-SCN_V000,CWT_pyBOAT,post,20.0,1.0,0.99754967667587,True,
cal_0272,SYN_A002_1C-SCN_V000,STFT,pre,22.0,1.0,1.0750042451047126,True,
cal_0272,SYN_A002_1C-SCN_V000,STFT,post,22.0,1.0,1.074729324602944,True,
cal_0272,SYN_A002_1C-SCN_V000,Hilbert,pre,22.0,1.0,1.0064221426656725,True,
cal_0272,SYN_A002_1C-SCN_V000,Hilbert,post,22.0,1.0,1.0056812664773531,True,
cal_0272,SYN_A002_1C-SCN_V000,CWT_pyBOAT,pre,22.0,1.0,0.9963933411994671,True,
cal_0272,SYN_A002_1C-SCN_V000,CWT_pyBOAT,post,22.0,1.0,0.9963549368923588,True,
cal_0273,SYN_A002_1C-SCN_V000,STFT,pre,24.0,1.0,1.0045627532862516,True,
cal_0273,SYN_A002_1C-SCN_V000,STFT,post,24.0,1.0,1.004562753286252,True,
cal_0273,SYN_A002_1C-SCN_V000,Hilbert,pre,24.0,1.0,0.99876057341129,True,
cal_0273,SYN_A002_1C-SCN_V000,Hilbert,post,24.0,1.0,1.01203178339144,True,
cal_0273,SYN_A002_1C-SCN_V000,CWT_pyBOAT,pre,24.0,1.0,0.9964378863893261,True,
cal_0273,SYN_A002_1C-SCN_V000,CWT_pyBOAT,post,24.0,1.0,0.9967837138184106,True,
cal_0274,SYN_A002_1C-SCN_V000,STFT,pre,26.0,1.0,0.9289118636723844,True,
cal_0274,SYN_A002_1C-SCN_V000,STFT,post,26.0,1.0,0.927691093805832,True,
cal_0274,SYN_A002_1C-SCN_V000,Hilbert,pre,26.0,1.0,1.0227297505243171,True,
cal_0274,SYN_A002_1C-SCN_V000,Hilbert,post,26.0,1.0,1.022626242264167,True,
cal_0274,SYN_A002_1C-SCN_V000,CWT_pyBOAT,pre,26.0,1.0,0.9946029987664671,True,
cal_0274,SYN_A002_1C-SCN_V000,CWT_pyBOAT,post,26.0,1.0,0.9952570254901922,True,
cal_0275,SYN_A002_1C-SCN_V000,STFT,pre,28.0,1.0,0.8820138869814124,True,
cal_0275,SYN_A002_1C-SCN_V000,STFT,post,28.0,1.0,0.881555466399587,True,
cal_0275,SYN_A002_1C-SCN_V000,Hilbert,pre,28.0,1.0,0.9820364154361138,True,
cal_0275,SYN_A002_1C-SCN_V000,Hilbert,post,28.0,1.0,0.9285612189717789,True,
cal_0275,SYN_A002_1C-SCN_V000,CWT_pyBOAT,pre,28.0,1.0,0.9933004729231016,True,
cal_0275,SYN_A002_1C-SCN_V000,CWT_pyBOAT,post,28.0,1.0,0.993186551204791,True,
cal_0276,SYN_A002_1C-SCN_V000,STFT,pre,30.0,1.0,0.8731158529230301,True,
cal_0276,SYN_A002_1C-SCN_V000,STFT,post,30.0,1.0,0.873082886383761,True,
cal_0276,SYN_A002_1C-SCN_V000,Hilbert,pre,30.0,1.0,0.7869889150500136,True,
cal_0276,SYN_A002_1C-SCN_V000,Hilbert,post,30.0,1.0,0.72634646910187,True,
cal_0276,SYN_A002_1C-SCN_V000,CWT_pyBOAT,pre,30.0,1.0,0.9912468189029476,True,
cal_0276,SYN_A002_1C-SCN_V000,CWT_pyBOAT,post,30.0,1.0,0.9929276183477256,True,
cal_0277,SYN_A002_1C-SCN_V000,STFT,pre,20.0,2.0,2.1641657108906425,True,
cal_0277,SYN_A002_1C-SCN_V000,STFT,post,20.0,2.0,2.1641785870725805,True,
cal_0277,SYN_A002_1C-SCN_V000,Hilbert,pre,20.0,2.0,1.8750666716871716,True,
cal_0277,SYN_A002_1C-SCN_V000,Hilbert,post,20.0,2.0,1.8799881218727967,True,
cal_0277,SYN_A002_1C-SCN_V000,CWT_pyBOAT,pre,20.0,2.0,1.9950811404186624,True,
cal_0277,SYN_A002_1C-SCN_V000,CWT_pyBOAT,post,20.0,2.0,1.99509935335174,True,
cal_0278,SYN_A002_1C-SCN_V000,STFT,pre,22.0,2.0,2.150008490209425,True,
cal_0278,SYN_A002_1C-SCN_V000,STFT,post,22.0,2.0,2.149458649205888,True,
cal_0278,SYN_A002_1C-SCN_V000,Hilbert,pre,22.0,2.0,2.012844285331345,True,
cal_0278,SYN_A002_1C-SCN_V000,Hilbert,post,22.0,2.0,2.0113625329547062,True,
cal_0278,SYN_A002_1C-SCN_V000,CWT_pyBOAT,pre,22.0,2.0,1.9927866823989342,True,
cal_0278,SYN_A002_1C-SCN_V000,CWT_pyBOAT,post,22.0,2.0,1.9927098737847175,True,
cal_0279,SYN_A002_1C-SCN_V000,STFT,pre,24.0,2.0,2.009125506572503,True,
cal_0279,SYN_A002_1C-SCN_V000,STFT,post,24.0,2.0,2.009125506572504,True,
cal_0279,SYN_A002_1C-SCN_V000,Hilbert,pre,24.0,2.0,1.99752114682258,True,
cal_0279,SYN_A002_1C-SCN_V000,Hilbert,post,24.0,2.0,2.02406356678288,True,
cal_0279,SYN_A002_1C-SCN_V000,CWT_pyBOAT,pre,24.0,2.0,1.9928757727786521,True,
cal_0279,SYN_A002_1C-SCN_V000,CWT_pyBOAT,post,24.0,2.0,1.9935674276368212,True,
cal_0280,SYN_A002_1C-SCN_V000,STFT,pre,26.0,2.0,1.8578237273447689,True,
cal_0280,SYN_A002_1C-SCN_V000,STFT,post,26.0,2.0,1.855382187611664,True,
cal_0280,SYN_A002_1C-SCN_V000,Hilbert,pre,26.0,2.0,2.0454595010486343,True,
cal_0280,SYN_A002_1C-SCN_V000,Hilbert,post,26.0,2.0,2.045252484528334,True,
cal_0280,SYN_A002_1C-SCN_V000,CWT_pyBOAT,pre,26.0,2.0,1.9892059975329341,True,
cal_0280,SYN_A002_1C-SCN_V000,CWT_pyBOAT,post,26.0,2.0,1.9905140509803845,True,
cal_0281,SYN_A002_1C-SCN_V000,STFT,pre,28.0,2.0,1.7640277739628247,True,
cal_0281,SYN_A002_1C-SCN_V000,STFT,post,28.0,2.0,1.763110932799174,True,
cal_0281,SYN_A002_1C-SCN_V000,Hilbert,pre,28.0,2.0,1.9640728308722275,True,
cal_0281,SYN_A002_1C-SCN_V000,Hilbert,post,28.0,2.0,1.8571224379435578,True,
cal_0281,SYN_A002_1C-SCN_V000,CWT_pyBOAT,pre,28.0,2.0,1.9866009458462033,True,
cal_0281,SYN_A002_1C-SCN_V000,CWT_pyBOAT,post,28.0,2.0,1.986373102409582,True,
cal_0282,SYN_A002_1C-SCN_V000,STFT,pre,30.0,2.0,1.7462317058460601,True,
cal_0282,SYN_A002_1C-SCN_V000,STFT,post,30.0,2.0,1.746165772767522,True,
cal_0282,SYN_A002_1C-SCN_V000,Hilbert,pre,30.0,2.0,1.5739778301000271,True,
cal_0282,SYN_A002_1C-SCN_V000,Hilbert,post,30.0,2.0,1.45269293820374,True,
cal_0282,SYN_A002_1C-SCN_V000,CWT_pyBOAT,pre,30.0,2.0,1.9824936378058953,True,
cal_0282,SYN_A002_1C-SCN_V000,CWT_pyBOAT,post,30.0,2.0,1.9858552366954512,True,
cal_0283,SYN_A002_1C-SCN_V000,STFT,pre,20.0,4.0,4.328331421781285,True,
cal_0283,SYN_A002_1C-SCN_V000,STFT,post,20.0,4.0,4.328357174145161,True,
cal_0283,SYN_A002_1C-SCN_V000,Hilbert,pre,20.0,4.0,3.750133343374343,True,
cal_0283,SYN_A002_1C-SCN_V000,Hilbert,post,20.0,4.0,3.7599762437455935,True,
cal_0283,SYN_A002_1C-SCN_V000,CWT_pyBOAT,pre,20.0,4.0,3.9901622808373247,True,
cal_0283,SYN_A002_1C-SCN_V000,CWT_pyBOAT,post,20.0,4.0,3.99019870670348,True,
cal_0284,SYN_A002_1C-SCN_V000,STFT,pre,22.0,4.0,4.30001698041885,True,
cal_0284,SYN_A002_1C-SCN_V000,STFT,post,22.0,4.0,4.298917298411776,True,
cal_0284,SYN_A002_1C-SCN_V000,Hilbert,pre,22.0,4.0,4.02568857066269,True,
cal_0284,SYN_A002_1C-SCN_V000,Hilbert,post,22.0,4.0,4.0227250659094125,True,
cal_0284,SYN_A002_1C-SCN_V000,CWT_pyBOAT,pre,22.0,4.0,3.9855733647978684,True,
cal_0284,SYN_A002_1C-SCN_V000,CWT_pyBOAT,post,22.0,4.0,3.985419747569435,True,
cal_0285,SYN_A002_1C-SCN_V000,STFT,pre,24.0,4.0,4.018251013145006,True,
cal_0285,SYN_A002_1C-SCN_V000,STFT,post,24.0,4.0,4.018251013145008,True,
cal_0285,SYN_A002_1C-SCN_V000,Hilbert,pre,24.0,4.0,3.99504229364516,True,
cal_0285,SYN_A002_1C-SCN_V000,Hilbert,post,24.0,4.0,4.04812713356576,True,
cal_0285,SYN_A002_1C-SCN_V000,CWT_pyBOAT,pre,24.0,4.0,3.9857515455573043,True,
cal_0285,SYN_A002_1C-SCN_V000,CWT_pyBOAT,post,24.0,4.0,3.9871348552736423,True,
cal_0286,SYN_A002_1C-SCN_V000,STFT,pre,26.0,4.0,3.7156474546895377,True,
cal_0286,SYN_A002_1C-SCN_V000,STFT,post,26.0,4.0,3.710764375223328,True,
cal_0286,SYN_A002_1C-SCN_V000,Hilbert,pre,26.0,4.0,4.0909190020972686,True,
cal_0286,SYN_A002_1C-SCN_V000,Hilbert,post,26.0,4.0,4.090504969056668,True,
cal_0286,SYN_A002_1C-SCN_V000,CWT_pyBOAT,pre,26.0,4.0,3.9784119950658683,True,
cal_0286,SYN_A002_1C-SCN_V000,CWT_pyBOAT,post,26.0,4.0,3.981028101960769,True,
cal_0287,SYN_A002_1C-SCN_V000,STFT,pre,28.0,4.0,3.5280555479256495,True,
cal_0287,SYN_A002_1C-SCN_V000,STFT,post,28.0,4.0,3.526221865598348,True,
cal_0287,SYN_A002_1C-SCN_V000,Hilbert,pre,28.0,4.0,3.928145661744455,True,
cal_0287,SYN_A002_1C-SCN_V000,Hilbert,post,28.0,4.0,3.7142448758871156,True,
cal_0287,SYN_A002_1C-SCN_V000,CWT_pyBOAT,pre,28.0,4.0,3.9732018916924066,True,
cal_0287,SYN_A002_1C-SCN_V000,CWT_pyBOAT,post,28.0,4.0,3.972746204819164,True,
cal_0288,SYN_A002_1C-SCN_V000,STFT,pre,30.0,4.0,3.4924634116921203,True,
cal_0288,SYN_A002_1C-SCN_V000,STFT,post,30.0,4.0,3.492331545535044,True,
cal_0288,SYN_A002_1C-SCN_V000,Hilbert,pre,30.0,4.0,3.1479556602000542,True,
cal_0288,SYN_A002_1C-SCN_V000,Hilbert,post,30.0,4.0,2.90538587640748,True,
cal_0288,SYN_A002_1C-SCN_V000,CWT_pyBOAT,pre,30.0,4.0,3.9649872756117905,True,
cal_0288,SYN_A002_1C-SCN_V000,CWT_pyBOAT,post,30.0,4.0,3.9717104733909023,True,
