method,scenario_family,scenario_level_number,scenario_level,added_component,target_status,method_applicable,primary_metric_name,primary_metric_unit,metric,point_estimate,ci_lower_95,ci_upper_95,n_anchors_valid,bootstrap_replicates,bootstrap_seed
CWT_pyBOAT,phase_shift_hours,0,S0_target_only,target_only,difficult,True,circular_absolute_error_radians,radians,primary_error,0.11819712569396401,0.07668662700706541,0.16643788817832794,11,2000,20260902
CWT_pyBOAT,phase_shift_hours,0,S0_target_only,target_only,difficult,True,circular_absolute_error_radians,radians,primary_error_deterioration_from_target_only,0.0,0.0,0.0,11,2000,20260902
CWT_pyBOAT,phase_shift_hours,0,S0_target_only,target_only,difficult,True,circular_absolute_error_radians,radians,phase_equivalent_absolute_error_hours,0.45147976352276264,0.2929213381732536,0.6357459029125686,11,2000,20260902
CWT_pyBOAT,phase_shift_hours,0,S0_target_only,target_only,difficult,True,circular_absolute_error_radians,radians,phase_equivalent_absolute_error_hours_deterioration_from_target_only,0.0,0.0,0.0,11,2000,20260902
CWT_pyBOAT,phase_shift_hours,0,S0_target_only,target_only,difficult,True,circular_absolute_error_radians,radians,ratio_log_error,0.005477780876592,0.00051916404209275,0.02141008211914305,11,2000,20260902
CWT_pyBOAT,phase_shift_hours,0,S0_target_only,target_only,difficult,True,circular_absolute_error_radians,radians,ratio_log_error_deterioration_from_target_only,0.0,0.0,0.0,11,2000,20260902
CWT_pyBOAT,phase_shift_hours,0,S0_target_only,target_only,difficult,True,circular_absolute_error_radians,radians,processing_success_fraction,1.0,1.0,1.0,11,2000,20260902
CWT_pyBOAT,phase_shift_hours,0,S0_target_only,target_only,difficult,True,circular_absolute_error_radians,radians,valid_fraction,1.0,1.0,1.0,11,2000,20260902
CWT_pyBOAT,phase_shift_hours,0,S0_target_only,target_only,eligible,True,circular_absolute_error_radians,radians,primary_error,0.10719239896632105,0.08844898631480702,0.1220199402672244,41,2000,20260902
CWT_pyBOAT,phase_shift_hours,0,S0_target_only,target_only,eligible,True,circular_absolute_error_radians,radians,primary_error_deterioration_from_target_only,0.0,0.0,0.0,41,2000,20260902
CWT_pyBOAT,phase_shift_hours,0,S0_target_only,target_only,eligible,True,circular_absolute_error_radians,radians,phase_equivalent_absolute_error_hours,0.4094448037768456,0.3378502412032546,0.4660818395833577,41,2000,20260902
CWT_pyBOAT,phase_shift_hours,0,S0_target_only,target_only,eligible,True,circular_absolute_error_radians,radians,phase_equivalent_absolute_error_hours_deterioration_from_target_only,0.0,0.0,0.0,41,2000,20260902
CWT_pyBOAT,phase_shift_hours,0,S0_target_only,target_only,eligible,True,circular_absolute_error_radians,radians,ratio_log_error,0.00440533298208135,0.0025266147960906,0.00733784216282885,41,2000,20260902
CWT_pyBOAT,phase_shift_hours,0,S0_target_only,target_only,eligible,True,circular_absolute_error_radians,radians,ratio_log_error_deterioration_from_target_only,0.0,0.0,0.0,41,2000,20260902
CWT_pyBOAT,phase_shift_hours,0,S0_target_only,target_only,eligible,True,circular_absolute_error_radians,radians,processing_success_fraction,1.0,1.0,1.0,41,2000,20260902
CWT_pyBOAT,phase_shift_hours,0,S0_target_only,target_only,eligible,True,circular_absolute_error_radians,radians,valid_fraction,1.0,1.0,1.0,41,2000,20260902
CWT_pyBOAT,phase_shift_hours,0,S0_target_only,target_only,ineligible,True,circular_absolute_error_radians,radians,primary_error,0.060746659276013304,,,1,0,20260902
CWT_pyBOAT,phase_shift_hours,0,S0_target_only,target_only,ineligible,True,circular_absolute_error_radians,radians,primary_error_deterioration_from_target_only,0.0,,,1,0,20260902
CWT_pyBOAT,phase_shift_hours,0,S0_target_only,target_only,ineligible,True,circular_absolute_error_radians,radians,phase_equivalent_absolute_error_hours,0.2320351464023197,,,1,0,20260902
CWT_pyBOAT,phase_shift_hours,0,S0_target_only,target_only,ineligible,True,circular_absolute_error_radians,radians,phase_equivalent_absolute_error_hours_deterioration_from_target_only,0.0,,,1,0,20260902
CWT_pyBOAT,phase_shift_hours,0,S0_target_only,target_only,ineligible,True,circular_absolute_error_radians,radians,ratio_log_error,0.01006986547469,,,1,0,20260902
CWT_pyBOAT,phase_shift_hours,0,S0_target_only,target_only,ineligible,True,circular_absolute_error_radians,radians,ratio_log_error_deterioration_from_target_only,0.0,,,1,0,20260902
CWT_pyBOAT,phase_shift_hours,0,S0_target_only,target_only,ineligible,True,circular_absolute_error_radians,radians,processing_success_fraction,1.0,,,1,0,20260902
CWT_pyBOAT,phase_shift_hours,0,S0_target_only,target_only,ineligible,True,circular_absolute_error_radians,radians,valid_fraction,1.0,,,1,0,20260902
CWT_pyBOAT,phase_shift_hours,1,S1_pre_amplitude,pre_amplitude,difficult,True,circular_absolute_error_radians,radians,primary_error,0.1413721535498207,0.07609433105025154,0.22691001841795044,11,2000,20260902
CWT_pyBOAT,phase_shift_hours,1,S1_pre_amplitude,pre_amplitude,difficult,True,circular_absolute_error_radians,radians,primary_error_deterioration_from_target_only,-0.00045257574972978887,-0.0024978682084686454,0.0070056143612511335,11,2000,20260902
CWT_pyBOAT,phase_shift_hours,1,S1_pre_amplitude,pre_amplitude,difficult,True,circular_absolute_error_radians,radians,phase_equivalent_absolute_error_hours,0.5400018492720097,0.2906589342700471,0.8667324256389559,11,2000,20260902
CWT_pyBOAT,phase_shift_hours,1,S1_pre_amplitude,pre_amplitude,difficult,True,circular_absolute_error_radians,radians,phase_equivalent_absolute_error_hours_deterioration_from_target_only,-0.0017287120246324006,-0.00954115374167716,0.02675947571972853,11,2000,20260902
CWT_pyBOAT,phase_shift_hours,1,S1_pre_amplitude,pre_amplitude,difficult,True,circular_absolute_error_radians,radians,ratio_log_error,0.01119756100454385,0.0061778654090107,0.02381842723226085,11,2000,20260902
CWT_pyBOAT,phase_shift_hours,1,S1_pre_amplitude,pre_amplitude,difficult,True,circular_absolute_error_radians,radians,ratio_log_error_deterioration_from_target_only,0.004428659824409471,0.0005462810503607507,0.011041724136160527,11,2000,20260902
CWT_pyBOAT,phase_shift_hours,1,S1_pre_amplitude,pre_amplitude,difficult,True,circular_absolute_error_radians,radians,processing_success_fraction,1.0,1.0,1.0,11,2000,20260902
CWT_pyBOAT,phase_shift_hours,1,S1_pre_amplitude,pre_amplitude,difficult,True,circular_absolute_error_radians,radians,valid_fraction,1.0,1.0,1.0,11,2000,20260902
CWT_pyBOAT,phase_shift_hours,1,S1_pre_amplitude,pre_amplitude,eligible,True,circular_absolute_error_radians,radians,primary_error,0.10401159757717893,0.09133700031798142,0.14517036452560683,41,2000,20260902
CWT_pyBOAT,phase_shift_hours,1,S1_pre_amplitude,pre_amplitude,eligible,True,circular_absolute_error_radians,radians,primary_error_deterioration_from_target_only,0.00018600491624098936,-0.00041298775107279084,0.0016849257587170374,41,2000,20260902
CWT_pyBOAT,phase_shift_hours,1,S1_pre_amplitude,pre_amplitude,eligible,True,circular_absolute_error_radians,radians,phase_equivalent_absolute_error_hours,0.3972950374390327,0.3488816421070262,0.5545099465128638,41,2000,20260902
CWT_pyBOAT,phase_shift_hours,1,S1_pre_amplitude,pre_amplitude,eligible,True,circular_absolute_error_radians,radians,phase_equivalent_absolute_error_hours_deterioration_from_target_only,0.0007104864446195319,-0.0015774970084713597,0.006435942317824267,41,2000,20260902
CWT_pyBOAT,phase_shift_hours,1,S1_pre_amplitude,pre_amplitude,eligible,True,circular_absolute_error_radians,radians,ratio_log_error,0.009715275373811949,0.00562883698561705,0.015891541453286,41,2000,20260902
CWT_pyBOAT,phase_shift_hours,1,S1_pre_amplitude,pre_amplitude,eligible,True,circular_absolute_error_radians,radians,ratio_log_error_deterioration_from_target_only,0.0012816142935683002,0.00022822890815869996,0.00510218132044115,41,2000,20260902
CWT_pyBOAT,phase_shift_hours,1,S1_pre_amplitude,pre_amplitude,eligible,True,circular_absolute_error_radians,radians,processing_success_fraction,1.0,1.0,1.0,41,2000,20260902
CWT_pyBOAT,phase_shift_hours,1,S1_pre_amplitude,pre_amplitude,eligible,True,circular_absolute_error_radians,radians,valid_fraction,1.0,1.0,1.0,41,2000,20260902
CWT_pyBOAT,phase_shift_hours,1,S1_pre_amplitude,pre_amplitude,ineligible,True,circular_absolute_error_radians,radians,primary_error,0.11112121577225587,,,1,0,20260902
CWT_pyBOAT,phase_shift_hours,1,S1_pre_amplitude,pre_amplitude,ineligible,True,circular_absolute_error_radians,radians,primary_error_deterioration_from_target_only,0.02860611251537981,,,1,0,20260902
CWT_pyBOAT,phase_shift_hours,1,S1_pre_amplitude,pre_amplitude,ineligible,True,circular_absolute_error_radians,radians,phase_equivalent_absolute_error_hours,0.4244517785408545,,,1,0,20260902
CWT_pyBOAT,phase_shift_hours,1,S1_pre_amplitude,pre_amplitude,ineligible,True,circular_absolute_error_radians,radians,phase_equivalent_absolute_error_hours_deterioration_from_target_only,0.10926730102717509,,,1,0,20260902
CWT_pyBOAT,phase_shift_hours,1,S1_pre_amplitude,pre_amplitude,ineligible,True,circular_absolute_error_radians,radians,ratio_log_error,0.007435412039604,,,1,0,20260902
CWT_pyBOAT,phase_shift_hours,1,S1_pre_amplitude,pre_amplitude,ineligible,True,circular_absolute_error_radians,radians,ratio_log_error_deterioration_from_target_only,-0.0030386425002617494,,,1,0,20260902
CWT_pyBOAT,phase_shift_hours,1,S1_pre_amplitude,pre_amplitude,ineligible,True,circular_absolute_error_radians,radians,processing_success_fraction,1.0,,,1,0,20260902
CWT_pyBOAT,phase_shift_hours,1,S1_pre_amplitude,pre_amplitude,ineligible,True,circular_absolute_error_radians,radians,valid_fraction,1.0,,,1,0,20260902
CWT_pyBOAT,phase_shift_hours,2,S2_post_amplitude,post_amplitude,difficult,True,circular_absolute_error_radians,radians,primary_error,0.12455809601634704,0.07655593462992805,0.15783741743671698,11,2000,20260902
CWT_pyBOAT,phase_shift_hours,2,S2_post_amplitude,post_amplitude,difficult,True,circular_absolute_error_radians,radians,primary_error_deterioration_from_target_only,-0.0004919898634909714,-0.01806090912224434,0.0007358077007779684,11,2000,20260902
CWT_pyBOAT,phase_shift_hours,2,S2_post_amplitude,post_amplitude,difficult,True,circular_absolute_error_radians,radians,phase_equivalent_absolute_error_hours,0.47577688039479715,0.2924221300649534,0.602894524557898,11,2000,20260902
CWT_pyBOAT,phase_shift_hours,2,S2_post_amplitude,post_amplitude,difficult,True,circular_absolute_error_radians,radians,phase_equivalent_absolute_error_hours_deterioration_from_target_only,-0.0018792628494166685,-0.06898759112492864,0.002810578385853524,11,2000,20260902
CWT_pyBOAT,phase_shift_hours,2,S2_post_amplitude,post_amplitude,difficult,True,circular_absolute_error_radians,radians,ratio_log_error,0.0115749033228878,0.00402199728840855,0.02569041220644035,11,2000,20260902
CWT_pyBOAT,phase_shift_hours,2,S2_post_amplitude,post_amplitude,difficult,True,circular_absolute_error_radians,radians,ratio_log_error_deterioration_from_target_only,0.0011343614944605,-1.5641259692850823e-05,0.0104250166897219,11,2000,20260902
CWT_pyBOAT,phase_shift_hours,2,S2_post_amplitude,post_amplitude,difficult,True,circular_absolute_error_radians,radians,processing_success_fraction,1.0,1.0,1.0,11,2000,20260902
CWT_pyBOAT,phase_shift_hours,2,S2_post_amplitude,post_amplitude,difficult,True,circular_absolute_error_radians,radians,valid_fraction,1.0,1.0,1.0,11,2000,20260902
CWT_pyBOAT,phase_shift_hours,2,S2_post_amplitude,post_amplitude,eligible,True,circular_absolute_error_radians,radians,primary_error,0.10596744341425435,0.0885577052412565,0.1285119834736741,41,2000,20260902
CWT_pyBOAT,phase_shift_hours,2,S2_post_amplitude,post_amplitude,eligible,True,circular_absolute_error_radians,radians,primary_error_deterioration_from_target_only,0.00021213690054366907,-0.00021873091164792413,0.0037224907017368025,41,2000,20260902
CWT_pyBOAT,phase_shift_hours,2,S2_post_amplitude,post_amplitude,eligible,True,circular_absolute_error_radians,radians,phase_equivalent_absolute_error_hours,0.40476581822854296,0.3382655169125045,0.49087961799310065,41,2000,20260902
CWT_pyBOAT,phase_shift_hours,2,S2_post_amplitude,post_amplitude,eligible,True,circular_absolute_error_radians,radians,phase_equivalent_absolute_error_hours_deterioration_from_target_only,0.0008103032720092329,-0.0008354905390983366,0.01421886709908074,41,2000,20260902
CWT_pyBOAT,phase_shift_hours,2,S2_post_amplitude,post_amplitude,eligible,True,circular_absolute_error_radians,radians,ratio_log_error,0.00920778513668465,0.0055589637700108,0.01187718651202785,41,2000,20260902
CWT_pyBOAT,phase_shift_hours,2,S2_post_amplitude,post_amplitude,eligible,True,circular_absolute_error_radians,radians,ratio_log_error_deterioration_from_target_only,5.361055124940284e-05,-0.00013599182697140002,0.0042678997630484,41,2000,20260902
CWT_pyBOAT,phase_shift_hours,2,S2_post_amplitude,post_amplitude,eligible,True,circular_absolute_error_radians,radians,processing_success_fraction,1.0,1.0,1.0,41,2000,20260902
CWT_pyBOAT,phase_shift_hours,2,S2_post_amplitude,post_amplitude,eligible,True,circular_absolute_error_radians,radians,valid_fraction,1.0,1.0,1.0,41,2000,20260902
CWT_pyBOAT,phase_shift_hours,2,S2_post_amplitude,post_amplitude,ineligible,True,circular_absolute_error_radians,radians,primary_error,0.05999216919436279,,,1,0,20260902
CWT_pyBOAT,phase_shift_hours,2,S2_post_amplitude,post_amplitude,ineligible,True,circular_absolute_error_radians,radians,primary_error_deterioration_from_target_only,3.4848469905313095e-05,,,1,0,20260902
CWT_pyBOAT,phase_shift_hours,2,S2_post_amplitude,post_amplitude,ineligible,True,circular_absolute_error_radians,radians,phase_equivalent_absolute_error_hours,0.229153206578116,,,1,0,20260902
CWT_pyBOAT,phase_shift_hours,2,S2_post_amplitude,post_amplitude,ineligible,True,circular_absolute_error_radians,radians,phase_equivalent_absolute_error_hours_deterioration_from_target_only,0.00013311134987087359,,,1,0,20260902
CWT_pyBOAT,phase_shift_hours,2,S2_post_amplitude,post_amplitude,ineligible,True,circular_absolute_error_radians,radians,ratio_log_error,0.00939560584629245,,,1,0,20260902
CWT_pyBOAT,phase_shift_hours,2,S2_post_amplitude,post_amplitude,ineligible,True,circular_absolute_error_radians,radians,ratio_log_error_deterioration_from_target_only,-0.0003290132486479516,,,1,0,20260902
CWT_pyBOAT,phase_shift_hours,2,S2_post_amplitude,post_amplitude,ineligible,True,circular_absolute_error_radians,radians,processing_success_fraction,1.0,,,1,0,20260902
CWT_pyBOAT,phase_shift_hours,2,S2_post_amplitude,post_amplitude,ineligible,True,circular_absolute_error_radians,radians,valid_fraction,1.0,,,1,0,20260902
CWT_pyBOAT,phase_shift_hours,3,S3_pre_period,pre_period,difficult,True,circular_absolute_error_radians,radians,primary_error,0.15734895981054065,0.11201982330881455,0.25509021669464893,11,2000,20260902
CWT_pyBOAT,phase_shift_hours,3,S3_pre_period,pre_period,difficult,True,circular_absolute_error_radians,radians,primary_error_deterioration_from_target_only,0.0259641669523063,-0.009019548359230356,0.12080619020170502,11,2000,20260902
CWT_pyBOAT,phase_shift_hours,3,S3_pre_period,pre_period,difficult,True,circular_absolute_error_radians,radians,phase_equivalent_absolute_error_hours,0.6010287538611726,0.42788420649308523,0.9743728541120664,11,2000,20260902
CWT_pyBOAT,phase_shift_hours,3,S3_pre_period,pre_period,difficult,True,circular_absolute_error_radians,radians,phase_equivalent_absolute_error_hours_deterioration_from_target_only,0.09917581232934666,-0.03445213693986973,0.4614456558408252,11,2000,20260902
CWT_pyBOAT,phase_shift_hours,3,S3_pre_period,pre_period,difficult,True,circular_absolute_error_radians,radians,ratio_log_error,0.0241151302216011,0.0095564139972702,0.0305880670377782,11,2000,20260902
CWT_pyBOAT,phase_shift_hours,3,S3_pre_period,pre_period,difficult,True,circular_absolute_error_radians,radians,ratio_log_error_deterioration_from_target_only,0.005181867991561052,0.0004734357336531501,0.027792516804511003,11,2000,20260902
CWT_pyBOAT,phase_shift_hours,3,S3_pre_period,pre_period,difficult,True,circular_absolute_error_radians,radians,processing_success_fraction,1.0,1.0,1.0,11,2000,20260902
CWT_pyBOAT,phase_shift_hours,3,S3_pre_period,pre_period,difficult,True,circular_absolute_error_radians,radians,valid_fraction,1.0,1.0,1.0,11,2000,20260902
CWT_pyBOAT,phase_shift_hours,3,S3_pre_period,pre_period,eligible,True,circular_absolute_error_radians,radians,primary_error,0.1142541544763569,0.1034087662545311,0.12477664730937166,41,2000,20260902
CWT_pyBOAT,phase_shift_hours,3,S3_pre_period,pre_period,eligible,True,circular_absolute_error_radians,radians,primary_error_deterioration_from_target_only,0.0003349130256076194,-0.0041325309527415754,0.012908617954721535,41,2000,20260902
CWT_pyBOAT,phase_shift_hours,3,S3_pre_period,pre_period,eligible,True,circular_absolute_error_radians,radians,phase_equivalent_absolute_error_hours,0.43641872288873285,0.3949923914026321,0.476611684841293,41,2000,20260902
CWT_pyBOAT,phase_shift_hours,3,S3_pre_period,pre_period,eligible,True,circular_absolute_error_radians,radians,phase_equivalent_absolute_error_hours_deterioration_from_target_only,0.0012792735247515452,-0.015785105486617948,0.04930728854348937,41,2000,20260902
CWT_pyBOAT,phase_shift_hours,3,S3_pre_period,pre_period,eligible,True,circular_absolute_error_radians,radians,ratio_log_error,0.0051811037100739,0.0027643414929394497,0.009228739612356051,41,2000,20260902
CWT_pyBOAT,phase_shift_hours,3,S3_pre_period,pre_period,eligible,True,circular_absolute_error_radians,radians,ratio_log_error_deterioration_from_target_only,0.00024615058991,-2.873497247440004e-05,0.00090583979250845,41,2000,20260902
CWT_pyBOAT,phase_shift_hours,3,S3_pre_period,pre_period,eligible,True,circular_absolute_error_radians,radians,processing_success_fraction,1.0,1.0,1.0,41,2000,20260902
CWT_pyBOAT,phase_shift_hours,3,S3_pre_period,pre_period,eligible,True,circular_absolute_error_radians,radians,valid_fraction,1.0,1.0,1.0,41,2000,20260902
CWT_pyBOAT,phase_shift_hours,3,S3_pre_period,pre_period,ineligible,True,circular_absolute_error_radians,radians,primary_error,0.14522980765615268,,,1,0,20260902
CWT_pyBOAT,phase_shift_hours,3,S3_pre_period,pre_period,ineligible,True,circular_absolute_error_radians,radians,primary_error_deterioration_from_target_only,0.08533029230375933,,,1,0,20260902
CWT_pyBOAT,phase_shift_hours,3,S3_pre_period,pre_period,ineligible,True,circular_absolute_error_radians,radians,phase_equivalent_absolute_error_hours,0.5547370025462852,,,1,0,20260902
CWT_pyBOAT,phase_shift_hours,3,S3_pre_period,pre_period,ineligible,True,circular_absolute_error_radians,radians,phase_equivalent_absolute_error_hours_deterioration_from_target_only,0.32593770757487067,,,1,0,20260902
CWT_pyBOAT,phase_shift_hours,3,S3_pre_period,pre_period,ineligible,True,circular_absolute_error_radians,radians,ratio_log_error,0.03089919884947095,,,1,0,20260902
CWT_pyBOAT,phase_shift_hours,3,S3_pre_period,pre_period,ineligible,True,circular_absolute_error_radians,radians,ratio_log_error_deterioration_from_target_only,0.020263003012834648,,,1,0,20260902
CWT_pyBOAT,phase_shift_hours,3,S3_pre_period,pre_period,ineligible,True,circular_absolute_error_radians,radians,processing_success_fraction,1.0,,,1,0,20260902
CWT_pyBOAT,phase_shift_hours,3,S3_pre_period,pre_period,ineligible,True,circular_absolute_error_radians,radians,valid_fraction,1.0,,,1,0,20260902
CWT_pyBOAT,phase_shift_hours,4,S4_post_period,post_period,difficult,True,circular_absolute_error_radians,radians,primary_error,0.13366671300572452,0.06610974410573967,0.23187678524684907,11,2000,20260902
CWT_pyBOAT,phase_shift_hours,4,S4_post_period,post_period,difficult,True,circular_absolute_error_radians,radians,primary_error_deterioration_from_target_only,0.0022120324624523846,-0.0021401561282772263,0.03219518146363143,11,2000,20260902
CWT_pyBOAT,phase_shift_hours,4,S4_post_period,post_period,difficult,True,circular_absolute_error_radians,radians,phase_equivalent_absolute_error_hours,0.6171052881916586,0.26544061692334364,0.9454143548700222,11,2000,20260902
CWT_pyBOAT,phase_shift_hours,4,S4_post_period,post_period,difficult,True,circular_absolute_error_radians,radians,phase_equivalent_absolute_error_hours_deterioration_from_target_only,0.050958950789299795,-0.007273129090221677,0.22147240311192823,11,2000,20260902
CWT_pyBOAT,phase_shift_hours,4,S4_post_period,post_period,difficult,True,circular_absolute_error_radians,radians,ratio_log_error,0.01475851565104305,0.00340907774541605,0.03523654801490815,11,2000,20260902
CWT_pyBOAT,phase_shift_hours,4,S4_post_period,post_period,difficult,True,circular_absolute_error_radians,radians,ratio_log_error_deterioration_from_target_only,0.0084072292700737,-5.556840692869154e-05,0.013841484327090398,11,2000,20260902
CWT_pyBOAT,phase_shift_hours,4,S4_post_period,post_period,difficult,True,circular_absolute_error_radians,radians,processing_success_fraction,1.0,1.0,1.0,11,2000,20260902
CWT_pyBOAT,phase_shift_hours,4,S4_post_period,post_period,difficult,True,circular_absolute_error_radians,radians,valid_fraction,1.0,1.0,1.0,11,2000,20260902
CWT_pyBOAT,phase_shift_hours,4,S4_post_period,post_period,eligible,True,circular_absolute_error_radians,radians,primary_error,0.12688580592590726,0.1064466732812035,0.14685743962767717,41,2000,20260902
CWT_pyBOAT,phase_shift_hours,4,S4_post_period,post_period,eligible,True,circular_absolute_error_radians,radians,primary_error_deterioration_from_target_only,0.005589593758461353,-0.001872888331629241,0.029741626348034345,41,2000,20260902
CWT_pyBOAT,phase_shift_hours,4,S4_post_period,post_period,eligible,True,circular_absolute_error_radians,radians,phase_equivalent_absolute_error_hours,0.5032880595438245,0.4269773717177933,0.6004213681379921,41,2000,20260902
CWT_pyBOAT,phase_shift_hours,4,S4_post_period,post_period,eligible,True,circular_absolute_error_radians,radians,phase_equivalent_absolute_error_hours_deterioration_from_target_only,0.054925382477355844,0.010998595760093433,0.13719660623177032,41,2000,20260902
CWT_pyBOAT,phase_shift_hours,4,S4_post_period,post_period,eligible,True,circular_absolute_error_radians,radians,ratio_log_error,0.008340630688446201,0.0059947280832567,0.0101165736669905,41,2000,20260902
CWT_pyBOAT,phase_shift_hours,4,S4_post_period,post_period,eligible,True,circular_absolute_error_radians,radians,ratio_log_error_deterioration_from_target_only,0.0021051364170679,0.0005043324055152,0.004927176683006242,41,2000,20260902
CWT_pyBOAT,phase_shift_hours,4,S4_post_period,post_period,eligible,True,circular_absolute_error_radians,radians,processing_success_fraction,1.0,1.0,1.0,41,2000,20260902
CWT_pyBOAT,phase_shift_hours,4,S4_post_period,post_period,eligible,True,circular_absolute_error_radians,radians,valid_fraction,1.0,1.0,1.0,41,2000,20260902
CWT_pyBOAT,phase_shift_hours,4,S4_post_period,post_period,ineligible,True,circular_absolute_error_radians,radians,primary_error,0.10350021377633278,,,1,0,20260902
CWT_pyBOAT,phase_shift_hours,4,S4_post_period,post_period,ineligible,True,circular_absolute_error_radians,radians,primary_error_deterioration_from_target_only,0.010518172506938539,,,1,0,20260902
CWT_pyBOAT,phase_shift_hours,4,S4_post_period,post_period,ineligible,True,circular_absolute_error_radians,radians,phase_equivalent_absolute_error_hours,0.4562550438455172,,,1,0,20260902
CWT_pyBOAT,phase_shift_hours,4,S4_post_period,post_period,ineligible,True,circular_absolute_error_radians,radians,phase_equivalent_absolute_error_hours_deterioration_from_target_only,0.08241910364556666,,,1,0,20260902
CWT_pyBOAT,phase_shift_hours,4,S4_post_period,post_period,ineligible,True,circular_absolute_error_radians,radians,ratio_log_error,0.02521690932623805,,,1,0,20260902
CWT_pyBOAT,phase_shift_hours,4,S4_post_period,post_period,ineligible,True,circular_absolute_error_radians,radians,ratio_log_error_deterioration_from_target_only,0.015752145631686598,,,1,0,20260902
CWT_pyBOAT,phase_shift_hours,4,S4_post_period,post_period,ineligible,True,circular_absolute_error_radians,radians,processing_success_fraction,1.0,,,1,0,20260902
CWT_pyBOAT,phase_shift_hours,4,S4_post_period,post_period,ineligible,True,circular_absolute_error_radians,radians,valid_fraction,1.0,,,1,0,20260902
CWT_pyBOAT,phase_shift_hours,5,S5_pre_envelope,pre_envelope,difficult,True,circular_absolute_error_radians,radians,primary_error,0.36981152873293666,0.09233403276617791,1.4589273320123173,11,2000,20260902
CWT_pyBOAT,phase_shift_hours,5,S5_pre_envelope,pre_envelope,difficult,True,circular_absolute_error_radians,radians,primary_error_deterioration_from_target_only,0.2259046813404415,0.027836295174587633,1.3383481945839297,11,2000,20260902
CWT_pyBOAT,phase_shift_hours,5,S5_pre_envelope,pre_envelope,difficult,True,circular_absolute_error_radians,radians,phase_equivalent_absolute_error_hours,1.4125759874452166,0.35269002552830986,5.572691916039146,11,2000,20260902
CWT_pyBOAT,phase_shift_hours,5,S5_pre_envelope,pre_envelope,difficult,True,circular_absolute_error_radians,radians,phase_equivalent_absolute_error_hours_deterioration_from_target_only,0.8628923208703372,0.1063268153856167,5.1121135379075096,11,2000,20260902
CWT_pyBOAT,phase_shift_hours,5,S5_pre_envelope,pre_envelope,difficult,True,circular_absolute_error_radians,radians,ratio_log_error,0.20930975520121095,0.07942701942690836,0.5151493176977089,11,2000,20260902
CWT_pyBOAT,phase_shift_hours,5,S5_pre_envelope,pre_envelope,difficult,True,circular_absolute_error_radians,radians,ratio_log_error_deterioration_from_target_only,0.19359145767031805,0.07927946846713074,0.5139707869375972,11,2000,20260902
CWT_pyBOAT,phase_shift_hours,5,S5_pre_envelope,pre_envelope,difficult,True,circular_absolute_error_radians,radians,processing_success_fraction,1.0,1.0,1.0,11,2000,20260902
CWT_pyBOAT,phase_shift_hours,5,S5_pre_envelope,pre_envelope,difficult,True,circular_absolute_error_radians,radians,valid_fraction,1.0,1.0,1.0,11,2000,20260902
CWT_pyBOAT,phase_shift_hours,5,S5_pre_envelope,pre_envelope,eligible,True,circular_absolute_error_radians,radians,primary_error,0.2164458247842067,0.14560811748986446,0.26610878016843964,41,2000,20260902
CWT_pyBOAT,phase_shift_hours,5,S5_pre_envelope,pre_envelope,eligible,True,circular_absolute_error_radians,radians,primary_error_deterioration_from_target_only,0.06562331466756177,0.04621813692633836,0.12695540110604142,41,2000,20260902
CWT_pyBOAT,phase_shift_hours,5,S5_pre_envelope,pre_envelope,eligible,True,circular_absolute_error_radians,radians,phase_equivalent_absolute_error_hours,0.8267621502242104,0.5561820396676174,1.0164606663350808,41,2000,20260902
CWT_pyBOAT,phase_shift_hours,5,S5_pre_envelope,pre_envelope,eligible,True,circular_absolute_error_radians,radians,phase_equivalent_absolute_error_hours_deterioration_from_target_only,0.25066259787401607,0.1765402788557954,0.4849339113177784,41,2000,20260902
CWT_pyBOAT,phase_shift_hours,5,S5_pre_envelope,pre_envelope,eligible,True,circular_absolute_error_radians,radians,ratio_log_error,0.09165119627724665,0.07893988014612355,0.10513283751106006,41,2000,20260902
CWT_pyBOAT,phase_shift_hours,5,S5_pre_envelope,pre_envelope,eligible,True,circular_absolute_error_radians,radians,ratio_log_error_deterioration_from_target_only,0.0814874476722757,0.06960246506790715,0.09680428490649146,41,2000,20260902
CWT_pyBOAT,phase_shift_hours,5,S5_pre_envelope,pre_envelope,eligible,True,circular_absolute_error_radians,radians,processing_success_fraction,1.0,1.0,1.0,41,2000,20260902
CWT_pyBOAT,phase_shift_hours,5,S5_pre_envelope,pre_envelope,eligible,True,circular_absolute_error_radians,radians,valid_fraction,1.0,1.0,1.0,41,2000,20260902
CWT_pyBOAT,phase_shift_hours,5,S5_pre_envelope,pre_envelope,ineligible,True,circular_absolute_error_radians,radians,primary_error,0.9561609217006262,,,1,0,20260902
CWT_pyBOAT,phase_shift_hours,5,S5_pre_envelope,pre_envelope,ineligible,True,circular_absolute_error_radians,radians,primary_error_deterioration_from_target_only,0.8762934257900412,,,1,0,20260902
CWT_pyBOAT,phase_shift_hours,5,S5_pre_envelope,pre_envelope,ineligible,True,circular_absolute_error_radians,radians,phase_equivalent_absolute_error_hours,3.652265689918977,,,1,0,20260902
CWT_pyBOAT,phase_shift_hours,5,S5_pre_envelope,pre_envelope,ineligible,True,circular_absolute_error_radians,radians,phase_equivalent_absolute_error_hours_deterioration_from_target_only,3.3471943275219846,,,1,0,20260902
CWT_pyBOAT,phase_shift_hours,5,S5_pre_envelope,pre_envelope,ineligible,True,circular_absolute_error_radians,radians,ratio_log_error,0.14203686236340102,,,1,0,20260902
CWT_pyBOAT,phase_shift_hours,5,S5_pre_envelope,pre_envelope,ineligible,True,circular_absolute_error_radians,radians,ratio_log_error_deterioration_from_target_only,0.13200216788206515,,,1,0,20260902
CWT_pyBOAT,phase_shift_hours,5,S5_pre_envelope,pre_envelope,ineligible,True,circular_absolute_error_radians,radians,processing_success_fraction,1.0,,,1,0,20260902
CWT_pyBOAT,phase_shift_hours,5,S5_pre_envelope,pre_envelope,ineligible,True,circular_absolute_error_radians,radians,valid_fraction,1.0,,,1,0,20260902
CWT_pyBOAT,phase_shift_hours,6,S6_post_envelope,post_envelope,difficult,True,circular_absolute_error_radians,radians,primary_error,0.13980714346262735,0.07712561980673804,0.1776345339582457,11,2000,20260902
CWT_pyBOAT,phase_shift_hours,6,S6_post_envelope,post_envelope,difficult,True,circular_absolute_error_radians,radians,primary_error_deterioration_from_target_only,-0.013530386613201273,-0.032306708979012555,0.009691056531416109,11,2000,20260902
CWT_pyBOAT,phase_shift_hours,6,S6_post_envelope,post_envelope,difficult,True,circular_absolute_error_radians,radians,phase_equivalent_absolute_error_hours,0.5340239510792377,0.2945981671504452,0.6785139394387186,11,2000,20260902
CWT_pyBOAT,phase_shift_hours,6,S6_post_envelope,post_envelope,difficult,True,circular_absolute_error_radians,radians,phase_equivalent_absolute_error_hours_deterioration_from_target_only,-0.05168226987444938,-0.12340253829698804,0.037017109218188904,11,2000,20260902
CWT_pyBOAT,phase_shift_hours,6,S6_post_envelope,post_envelope,difficult,True,circular_absolute_error_radians,radians,ratio_log_error,0.09442669866066315,0.053136102845016894,0.1600042475928711,11,2000,20260902
CWT_pyBOAT,phase_shift_hours,6,S6_post_envelope,post_envelope,difficult,True,circular_absolute_error_radians,radians,ratio_log_error_deterioration_from_target_only,0.09413408666857687,0.0332060550435016,0.1416300453961995,11,2000,20260902
CWT_pyBOAT,phase_shift_hours,6,S6_post_envelope,post_envelope,difficult,True,circular_absolute_error_radians,radians,processing_success_fraction,1.0,1.0,1.0,11,2000,20260902
CWT_pyBOAT,phase_shift_hours,6,S6_post_envelope,post_envelope,difficult,True,circular_absolute_error_radians,radians,valid_fraction,1.0,1.0,1.0,11,2000,20260902
CWT_pyBOAT,phase_shift_hours,6,S6_post_envelope,post_envelope,eligible,True,circular_absolute_error_radians,radians,primary_error,0.10506297451762592,0.0840461103054091,0.1463825642923917,41,2000,20260902
CWT_pyBOAT,phase_shift_hours,6,S6_post_envelope,post_envelope,eligible,True,circular_absolute_error_radians,radians,primary_error_deterioration_from_target_only,-0.003386195321798624,-0.01727626551230399,0.009924680372251027,41,2000,20260902
CWT_pyBOAT,phase_shift_hours,6,S6_post_envelope,post_envelope,eligible,True,circular_absolute_error_radians,radians,phase_equivalent_absolute_error_hours,0.4013110015300321,0.321032493666061,0.5590216328018227,41,2000,20260902
CWT_pyBOAT,phase_shift_hours,6,S6_post_envelope,post_envelope,eligible,True,circular_absolute_error_radians,radians,phase_equivalent_absolute_error_hours_deterioration_from_target_only,-0.012934313369733608,-0.06599047330682918,0.03790948655642071,41,2000,20260902
CWT_pyBOAT,phase_shift_hours,6,S6_post_envelope,post_envelope,eligible,True,circular_absolute_error_radians,radians,ratio_log_error,0.12397968976348955,0.07787898515652265,0.15888145617666388,41,2000,20260902
CWT_pyBOAT,phase_shift_hours,6,S6_post_envelope,post_envelope,eligible,True,circular_absolute_error_radians,radians,ratio_log_error_deterioration_from_target_only,0.11292826895152455,0.07310291345775766,0.1569405926026288,41,2000,20260902
CWT_pyBOAT,phase_shift_hours,6,S6_post_envelope,post_envelope,eligible,True,circular_absolute_error_radians,radians,processing_success_fraction,1.0,1.0,1.0,41,2000,20260902
CWT_pyBOAT,phase_shift_hours,6,S6_post_envelope,post_envelope,eligible,True,circular_absolute_error_radians,radians,valid_fraction,1.0,1.0,1.0,41,2000,20260902
CWT_pyBOAT,phase_shift_hours,6,S6_post_envelope,post_envelope,ineligible,True,circular_absolute_error_radians,radians,primary_error,0.9940892002431843,,,1,0,20260902
CWT_pyBOAT,phase_shift_hours,6,S6_post_envelope,post_envelope,ineligible,True,circular_absolute_error_radians,radians,primary_error_deterioration_from_target_only,0.9606942801679952,,,1,0,20260902
CWT_pyBOAT,phase_shift_hours,6,S6_post_envelope,post_envelope,ineligible,True,circular_absolute_error_radians,radians,phase_equivalent_absolute_error_hours,3.797141042231322,,,1,0,20260902
CWT_pyBOAT,phase_shift_hours,6,S6_post_envelope,post_envelope,ineligible,True,circular_absolute_error_radians,radians,phase_equivalent_absolute_error_hours_deterioration_from_target_only,3.669581843732319,,,1,0,20260902
CWT_pyBOAT,phase_shift_hours,6,S6_post_envelope,post_envelope,ineligible,True,circular_absolute_error_radians,radians,ratio_log_error,0.8719449830633641,,,1,0,20260902
CWT_pyBOAT,phase_shift_hours,6,S6_post_envelope,post_envelope,ineligible,True,circular_absolute_error_radians,radians,ratio_log_error_deterioration_from_target_only,0.8606780372504244,,,1,0,20260902
CWT_pyBOAT,phase_shift_hours,6,S6_post_envelope,post_envelope,ineligible,True,circular_absolute_error_radians,radians,processing_success_fraction,1.0,,,1,0,20260902
CWT_pyBOAT,phase_shift_hours,6,S6_post_envelope,post_envelope,ineligible,True,circular_absolute_error_radians,radians,valid_fraction,1.0,,,1,0,20260902
CWT_pyBOAT,phase_shift_hours,7,S7_linear_drift,linear_drift,difficult,True,circular_absolute_error_radians,radians,primary_error,0.11788945837655973,0.07574604526112161,0.16648119685208806,11,2000,20260902
CWT_pyBOAT,phase_shift_hours,7,S7_linear_drift,linear_drift,difficult,True,circular_absolute_error_radians,radians,primary_error_deterioration_from_target_only,1.3634965171149815e-05,-0.0003470213918070897,0.0008967053175368278,11,2000,20260902
CWT_pyBOAT,phase_shift_hours,7,S7_linear_drift,linear_drift,difficult,True,circular_absolute_error_radians,radians,phase_equivalent_absolute_error_hours,0.4503045609373375,0.2893285805512785,0.6359113298607528,11,2000,20260902
CWT_pyBOAT,phase_shift_hours,7,S7_linear_drift,linear_drift,difficult,True,circular_absolute_error_radians,radians,phase_equivalent_absolute_error_hours_deterioration_from_target_only,5.2081730540998183e-05,-0.001325524076753487,0.003425162010786603,11,2000,20260902
CWT_pyBOAT,phase_shift_hours,7,S7_linear_drift,linear_drift,difficult,True,circular_absolute_error_radians,radians,ratio_log_error,0.0054821550476240495,0.0005250814877692,0.02141166820061615,11,2000,20260902
CWT_pyBOAT,phase_shift_hours,7,S7_linear_drift,linear_drift,difficult,True,circular_absolute_error_radians,radians,ratio_log_error_deterioration_from_target_only,1.2346877403500434e-06,-0.00035950951771279976,4.945988051949842e-06,11,2000,20260902
CWT_pyBOAT,phase_shift_hours,7,S7_linear_drift,linear_drift,difficult,True,circular_absolute_error_radians,radians,processing_success_fraction,1.0,1.0,1.0,11,2000,20260902
CWT_pyBOAT,phase_shift_hours,7,S7_linear_drift,linear_drift,difficult,True,circular_absolute_error_radians,radians,valid_fraction,1.0,1.0,1.0,11,2000,20260902
CWT_pyBOAT,phase_shift_hours,7,S7_linear_drift,linear_drift,eligible,True,circular_absolute_error_radians,radians,primary_error,0.11016086401013525,0.08842676302559638,0.1218297145552314,41,2000,20260902
CWT_pyBOAT,phase_shift_hours,7,S7_linear_drift,linear_drift,eligible,True,circular_absolute_error_radians,radians,primary_error_deterioration_from_target_only,1.2252998981665542e-05,-1.699191056658833e-05,0.00020222496928923306,41,2000,20260902
CWT_pyBOAT,phase_shift_hours,7,S7_linear_drift,linear_drift,eligible,True,circular_absolute_error_radians,radians,phase_equivalent_absolute_error_hours,0.42078350501969036,0.3377653544913434,0.46535523088655295,41,2000,20260902
CWT_pyBOAT,phase_shift_hours,7,S7_linear_drift,linear_drift,eligible,True,circular_absolute_error_radians,radians,phase_equivalent_absolute_error_hours_deterioration_from_target_only,4.680300853515673e-05,-6.490431742196823e-05,0.0007724424834956722,41,2000,20260902
CWT_pyBOAT,phase_shift_hours,7,S7_linear_drift,linear_drift,eligible,True,circular_absolute_error_radians,radians,ratio_log_error,0.0044675445554705,0.00252665493530135,0.0073119033118344,41,2000,20260902
CWT_pyBOAT,phase_shift_hours,7,S7_linear_drift,linear_drift,eligible,True,circular_absolute_error_radians,radians,ratio_log_error_deterioration_from_target_only,1.1868155515500382e-06,-3.5061517732999994e-06,9.19145774390005e-06,41,2000,20260902
CWT_pyBOAT,phase_shift_hours,7,S7_linear_drift,linear_drift,eligible,True,circular_absolute_error_radians,radians,processing_success_fraction,1.0,1.0,1.0,41,2000,20260902
CWT_pyBOAT,phase_shift_hours,7,S7_linear_drift,linear_drift,eligible,True,circular_absolute_error_radians,radians,valid_fraction,1.0,1.0,1.0,41,2000,20260902
CWT_pyBOAT,phase_shift_hours,7,S7_linear_drift,linear_drift,ineligible,True,circular_absolute_error_radians,radians,primary_error,0.05978186214777281,,,1,0,20260902
CWT_pyBOAT,phase_shift_hours,7,S7_linear_drift,linear_drift,ineligible,True,circular_absolute_error_radians,radians,primary_error_deterioration_from_target_only,-0.0009724609877679313,,,1,0,20260902
CWT_pyBOAT,phase_shift_hours,7,S7_linear_drift,linear_drift,ineligible,True,circular_absolute_error_radians,radians,phase_equivalent_absolute_error_hours,0.22834989283335155,,,1,0,20260902
CWT_pyBOAT,phase_shift_hours,7,S7_linear_drift,linear_drift,ineligible,True,circular_absolute_error_radians,radians,phase_equivalent_absolute_error_hours_deterioration_from_target_only,-0.003714527356015046,,,1,0,20260902
CWT_pyBOAT,phase_shift_hours,7,S7_linear_drift,linear_drift,ineligible,True,circular_absolute_error_radians,radians,ratio_log_error,0.009920707234207151,,,1,0,20260902
CWT_pyBOAT,phase_shift_hours,7,S7_linear_drift,linear_drift,ineligible,True,circular_absolute_error_radians,radians,ratio_log_error_deterioration_from_target_only,-0.00014662101594465054,,,1,0,20260902
CWT_pyBOAT,phase_shift_hours,7,S7_linear_drift,linear_drift,ineligible,True,circular_absolute_error_radians,radians,processing_success_fraction,1.0,,,1,0,20260902
CWT_pyBOAT,phase_shift_hours,7,S7_linear_drift,linear_drift,ineligible,True,circular_absolute_error_radians,radians,valid_fraction,1.0,,,1,0,20260902
CWT_pyBOAT,phase_shift_hours,8,S8_baseline_step,baseline_step,difficult,True,circular_absolute_error_radians,radians,primary_error,0.11054520922877886,0.08122717296631055,0.3760242523339252,11,2000,20260902
CWT_pyBOAT,phase_shift_hours,8,S8_baseline_step,baseline_step,difficult,True,circular_absolute_error_radians,radians,primary_error_deterioration_from_target_only,0.01784169613811315,-0.007358720184679868,0.13220036641762434,11,2000,20260902
CWT_pyBOAT,phase_shift_hours,8,S8_baseline_step,baseline_step,difficult,True,circular_absolute_error_radians,radians,phase_equivalent_absolute_error_hours,0.42225159561331116,0.3102649461832487,1.4363068435530808,11,2000,20260902
CWT_pyBOAT,phase_shift_hours,8,S8_baseline_step,baseline_step,difficult,True,circular_absolute_error_radians,radians,phase_equivalent_absolute_error_hours_deterioration_from_target_only,0.06815025920458287,-0.02810824061332573,0.5049682030541931,11,2000,20260902
CWT_pyBOAT,phase_shift_hours,8,S8_baseline_step,baseline_step,difficult,True,circular_absolute_error_radians,radians,ratio_log_error,0.0187883125170272,0.0049048258371486506,0.02967213635753535,11,2000,20260902
CWT_pyBOAT,phase_shift_hours,8,S8_baseline_step,baseline_step,difficult,True,circular_absolute_error_radians,radians,ratio_log_error_deterioration_from_target_only,0.004579604858263273,0.0008971721089878499,0.01867202435545635,11,2000,20260902
CWT_pyBOAT,phase_shift_hours,8,S8_baseline_step,baseline_step,difficult,True,circular_absolute_error_radians,radians,processing_success_fraction,1.0,1.0,1.0,11,2000,20260902
CWT_pyBOAT,phase_shift_hours,8,S8_baseline_step,baseline_step,difficult,True,circular_absolute_error_radians,radians,valid_fraction,1.0,1.0,1.0,11,2000,20260902
CWT_pyBOAT,phase_shift_hours,8,S8_baseline_step,baseline_step,eligible,True,circular_absolute_error_radians,radians,primary_error,0.14246600823296496,0.12377597576911925,0.17443680297181796,41,2000,20260902
CWT_pyBOAT,phase_shift_hours,8,S8_baseline_step,baseline_step,eligible,True,circular_absolute_error_radians,radians,primary_error_deterioration_from_target_only,0.027286581582465885,0.0025897846766369526,0.06734761829946834,41,2000,20260902
CWT_pyBOAT,phase_shift_hours,8,S8_baseline_step,baseline_step,eligible,True,circular_absolute_error_radians,radians,phase_equivalent_absolute_error_hours,0.5441800663883287,0.4727894011122718,0.6662995068026843,41,2000,20260902
CWT_pyBOAT,phase_shift_hours,8,S8_baseline_step,baseline_step,eligible,True,circular_absolute_error_radians,radians,phase_equivalent_absolute_error_hours_deterioration_from_target_only,0.10422706413431322,0.00989224878793002,0.25724895258783775,41,2000,20260902
CWT_pyBOAT,phase_shift_hours,8,S8_baseline_step,baseline_step,eligible,True,circular_absolute_error_radians,radians,ratio_log_error,0.0077773007220208,0.00210008822603495,0.0121310161276517,41,2000,20260902
CWT_pyBOAT,phase_shift_hours,8,S8_baseline_step,baseline_step,eligible,True,circular_absolute_error_radians,radians,ratio_log_error_deterioration_from_target_only,0.0009438565203213499,-1.1991301655050047e-05,0.0063827631324482005,41,2000,20260902
CWT_pyBOAT,phase_shift_hours,8,S8_baseline_step,baseline_step,eligible,True,circular_absolute_error_radians,radians,processing_success_fraction,1.0,1.0,1.0,41,2000,20260902
CWT_pyBOAT,phase_shift_hours,8,S8_baseline_step,baseline_step,eligible,True,circular_absolute_error_radians,radians,valid_fraction,1.0,1.0,1.0,41,2000,20260902
CWT_pyBOAT,phase_shift_hours,8,S8_baseline_step,baseline_step,ineligible,True,circular_absolute_error_radians,radians,primary_error,0.06058412549156933,,,1,0,20260902
CWT_pyBOAT,phase_shift_hours,8,S8_baseline_step,baseline_step,ineligible,True,circular_absolute_error_radians,radians,primary_error_deterioration_from_target_only,0.00045340888089695497,,,1,0,20260902
CWT_pyBOAT,phase_shift_hours,8,S8_baseline_step,baseline_step,ineligible,True,circular_absolute_error_radians,radians,phase_equivalent_absolute_error_hours,0.23141431307719112,,,1,0,20260902
CWT_pyBOAT,phase_shift_hours,8,S8_baseline_step,baseline_step,ineligible,True,circular_absolute_error_radians,radians,phase_equivalent_absolute_error_hours_deterioration_from_target_only,0.001731894351276353,,,1,0,20260902
CWT_pyBOAT,phase_shift_hours,8,S8_baseline_step,baseline_step,ineligible,True,circular_absolute_error_radians,radians,ratio_log_error,0.008943543177729999,,,1,0,20260902
CWT_pyBOAT,phase_shift_hours,8,S8_baseline_step,baseline_step,ineligible,True,circular_absolute_error_radians,radians,ratio_log_error_deterioration_from_target_only,-0.0007454990733989503,,,1,0,20260902
CWT_pyBOAT,phase_shift_hours,8,S8_baseline_step,baseline_step,ineligible,True,circular_absolute_error_radians,radians,processing_success_fraction,1.0,,,1,0,20260902
CWT_pyBOAT,phase_shift_hours,8,S8_baseline_step,baseline_step,ineligible,True,circular_absolute_error_radians,radians,valid_fraction,1.0,,,1,0,20260902
CWT_pyBOAT,phase_shift_hours,9,S9_acute_treatment_transient,acute_treatment_transient,difficult,True,circular_absolute_error_radians,radians,primary_error,0.12668634685072844,0.053172535091811524,0.2512929500394496,11,2000,20260902
CWT_pyBOAT,phase_shift_hours,9,S9_acute_treatment_transient,acute_treatment_transient,difficult,True,circular_absolute_error_radians,radians,primary_error_deterioration_from_target_only,0.006207702921663838,-0.007450195274134153,0.06677239607360619,11,2000,20260902
CWT_pyBOAT,phase_shift_hours,9,S9_acute_treatment_transient,acute_treatment_transient,difficult,True,circular_absolute_error_radians,radians,phase_equivalent_absolute_error_hours,0.4839061997651472,0.2031041231181377,0.9598683639101545,11,2000,20260902
CWT_pyBOAT,phase_shift_hours,9,S9_acute_treatment_transient,acute_treatment_transient,difficult,True,circular_absolute_error_radians,radians,phase_equivalent_absolute_error_hours_deterioration_from_target_only,0.02371167852549122,-0.0284576497170799,0.2550517655329028,11,2000,20260902
CWT_pyBOAT,phase_shift_hours,9,S9_acute_treatment_transient,acute_treatment_transient,difficult,True,circular_absolute_error_radians,radians,ratio_log_error,0.0048204087479369,0.00076391733794925,0.009037740558132449,11,2000,20260902
CWT_pyBOAT,phase_shift_hours,9,S9_acute_treatment_transient,acute_treatment_transient,difficult,True,circular_absolute_error_radians,radians,ratio_log_error_deterioration_from_target_only,-0.00011438176995805065,-0.00257687244898965,0.0011948508323950573,11,2000,20260902
CWT_pyBOAT,phase_shift_hours,9,S9_acute_treatment_transient,acute_treatment_transient,difficult,True,circular_absolute_error_radians,radians,processing_success_fraction,1.0,1.0,1.0,11,2000,20260902
CWT_pyBOAT,phase_shift_hours,9,S9_acute_treatment_transient,acute_treatment_transient,difficult,True,circular_absolute_error_radians,radians,valid_fraction,1.0,1.0,1.0,11,2000,20260902
CWT_pyBOAT,phase_shift_hours,9,S9_acute_treatment_transient,acute_treatment_transient,eligible,True,circular_absolute_error_radians,radians,primary_error,0.12471860336358653,0.07738669887995675,0.1405627504397451,41,2000,20260902
CWT_pyBOAT,phase_shift_hours,9,S9_acute_treatment_transient,acute_treatment_transient,eligible,True,circular_absolute_error_radians,radians,primary_error_deterioration_from_target_only,0.0061016107366285155,-5.4519482336479186e-05,0.012598342749740254,41,2000,20260902
CWT_pyBOAT,phase_shift_hours,9,S9_acute_treatment_transient,acute_treatment_transient,eligible,True,circular_absolute_error_radians,radians,phase_equivalent_absolute_error_hours,0.4763899732999748,0.2955954157514198,0.53691015712987,41,2000,20260902
CWT_pyBOAT,phase_shift_hours,9,S9_acute_treatment_transient,acute_treatment_transient,eligible,True,circular_absolute_error_radians,radians,phase_equivalent_absolute_error_hours_deterioration_from_target_only,0.02330643622936822,-0.00020824908260785868,0.04812212456129045,41,2000,20260902
CWT_pyBOAT,phase_shift_hours,9,S9_acute_treatment_transient,acute_treatment_transient,eligible,True,circular_absolute_error_radians,radians,ratio_log_error,0.0058757930509337995,0.0025592997797192502,0.0077715467401784505,41,2000,20260902
CWT_pyBOAT,phase_shift_hours,9,S9_acute_treatment_transient,acute_treatment_transient,eligible,True,circular_absolute_error_radians,radians,ratio_log_error_deterioration_from_target_only,-0.00011732530787989968,-0.00124910482180735,0.0010970117058808505,41,2000,20260902
CWT_pyBOAT,phase_shift_hours,9,S9_acute_treatment_transient,acute_treatment_transient,eligible,True,circular_absolute_error_radians,radians,processing_success_fraction,1.0,1.0,1.0,41,2000,20260902
CWT_pyBOAT,phase_shift_hours,9,S9_acute_treatment_transient,acute_treatment_transient,eligible,True,circular_absolute_error_radians,radians,valid_fraction,1.0,1.0,1.0,41,2000,20260902
CWT_pyBOAT,phase_shift_hours,9,S9_acute_treatment_transient,acute_treatment_transient,ineligible,True,circular_absolute_error_radians,radians,primary_error,0.16171188375060597,,,1,0,20260902
CWT_pyBOAT,phase_shift_hours,9,S9_acute_treatment_transient,acute_treatment_transient,ineligible,True,circular_absolute_error_radians,radians,primary_error_deterioration_from_target_only,0.12237800091480788,,,1,0,20260902
CWT_pyBOAT,phase_shift_hours,9,S9_acute_treatment_transient,acute_treatment_transient,ineligible,True,circular_absolute_error_radians,radians,phase_equivalent_absolute_error_hours,0.6176938957346613,,,1,0,20260902
CWT_pyBOAT,phase_shift_hours,9,S9_acute_treatment_transient,acute_treatment_transient,ineligible,True,circular_absolute_error_radians,radians,phase_equivalent_absolute_error_hours_deterioration_from_target_only,0.46744953051110794,,,1,0,20260902
CWT_pyBOAT,phase_shift_hours,9,S9_acute_treatment_transient,acute_treatment_transient,ineligible,True,circular_absolute_error_radians,radians,ratio_log_error,0.00932643389984555,,,1,0,20260902
CWT_pyBOAT,phase_shift_hours,9,S9_acute_treatment_transient,acute_treatment_transient,ineligible,True,circular_absolute_error_radians,radians,ratio_log_error_deterioration_from_target_only,-0.00039301806166015026,,,1,0,20260902
CWT_pyBOAT,phase_shift_hours,9,S9_acute_treatment_transient,acute_treatment_transient,ineligible,True,circular_absolute_error_radians,radians,processing_success_fraction,1.0,,,1,0,20260902
CWT_pyBOAT,phase_shift_hours,9,S9_acute_treatment_transient,acute_treatment_transient,ineligible,True,circular_absolute_error_radians,radians,valid_fraction,1.0,,,1,0,20260902
CWT_pyBOAT,post_amplitude_trajectory,0,S0_target_only,target_only,difficult,True,target_segment_calibrated_absolute_nrmse,NRMSE,primary_error,1.473991841687668,0.32916745369590034,2.2938323601159976,10,2000,20260902
CWT_pyBOAT,post_amplitude_trajectory,0,S0_target_only,target_only,difficult,True,target_segment_calibrated_absolute_nrmse,NRMSE,primary_error_deterioration_from_target_only,0.0,0.0,0.0,10,2000,20260902
CWT_pyBOAT,post_amplitude_trajectory,0,S0_target_only,target_only,difficult,True,target_segment_calibrated_absolute_nrmse,NRMSE,trajectory_pearson,0.9972035446308043,0.9891377906473444,0.9987665012324229,10,2000,20260902
CWT_pyBOAT,post_amplitude_trajectory,0,S0_target_only,target_only,difficult,True,target_segment_calibrated_absolute_nrmse,NRMSE,trajectory_pearson_deterioration_from_target_only,0.0,0.0,0.0,10,2000,20260902
CWT_pyBOAT,post_amplitude_trajectory,0,S0_target_only,target_only,difficult,True,target_segment_calibrated_absolute_nrmse,NRMSE,target_segment_shape_nrmse,0.10980322489260172,0.05505678964707668,0.17240485199316696,10,2000,20260902
CWT_pyBOAT,post_amplitude_trajectory,0,S0_target_only,target_only,difficult,True,target_segment_calibrated_absolute_nrmse,NRMSE,target_segment_shape_nrmse_deterioration_from_target_only,0.0,0.0,0.0,10,2000,20260902
CWT_pyBOAT,post_amplitude_trajectory,0,S0_target_only,target_only,difficult,True,target_segment_calibrated_absolute_nrmse,NRMSE,envelope_log_rate_absolute_error_per_day,0.043782786118931605,0.02645966645504054,0.1157942949799887,10,2000,20260902
CWT_pyBOAT,post_amplitude_trajectory,0,S0_target_only,target_only,difficult,True,target_segment_calibrated_absolute_nrmse,NRMSE,envelope_log_rate_absolute_error_deterioration_from_target_only,0.0,0.0,0.0,10,2000,20260902
CWT_pyBOAT,post_amplitude_trajectory,0,S0_target_only,target_only,difficult,True,target_segment_calibrated_absolute_nrmse,NRMSE,ratio_log_error,0.9041449343008895,0.29055612767435124,1.0610010423603167,10,2000,20260902
CWT_pyBOAT,post_amplitude_trajectory,0,S0_target_only,target_only,difficult,True,target_segment_calibrated_absolute_nrmse,NRMSE,ratio_log_error_deterioration_from_target_only,0.0,0.0,0.0,10,2000,20260902
CWT_pyBOAT,post_amplitude_trajectory,0,S0_target_only,target_only,difficult,True,target_segment_calibrated_absolute_nrmse,NRMSE,processing_success_fraction,1.0,1.0,1.0,10,2000,20260902
CWT_pyBOAT,post_amplitude_trajectory,0,S0_target_only,target_only,difficult,True,target_segment_calibrated_absolute_nrmse,NRMSE,valid_fraction,1.0,1.0,1.0,10,2000,20260902
CWT_pyBOAT,post_amplitude_trajectory,0,S0_target_only,target_only,eligible,True,target_segment_calibrated_absolute_nrmse,NRMSE,primary_error,0.08862162381292957,0.058476329481034345,0.11348606974597586,42,2000,20260902
CWT_pyBOAT,post_amplitude_trajectory,0,S0_target_only,target_only,eligible,True,target_segment_calibrated_absolute_nrmse,NRMSE,primary_error_deterioration_from_target_only,0.0,0.0,0.0,42,2000,20260902
CWT_pyBOAT,post_amplitude_trajectory,0,S0_target_only,target_only,eligible,True,target_segment_calibrated_absolute_nrmse,NRMSE,trajectory_pearson,0.9965245418762281,0.9955511301134792,0.9978747073985885,42,2000,20260902
CWT_pyBOAT,post_amplitude_trajectory,0,S0_target_only,target_only,eligible,True,target_segment_calibrated_absolute_nrmse,NRMSE,trajectory_pearson_deterioration_from_target_only,0.0,0.0,0.0,42,2000,20260902
CWT_pyBOAT,post_amplitude_trajectory,0,S0_target_only,target_only,eligible,True,target_segment_calibrated_absolute_nrmse,NRMSE,target_segment_shape_nrmse,0.04072681420078963,0.0289660149639666,0.05451452464854755,42,2000,20260902
CWT_pyBOAT,post_amplitude_trajectory,0,S0_target_only,target_only,eligible,True,target_segment_calibrated_absolute_nrmse,NRMSE,target_segment_shape_nrmse_deterioration_from_target_only,0.0,0.0,0.0,42,2000,20260902
CWT_pyBOAT,post_amplitude_trajectory,0,S0_target_only,target_only,eligible,True,target_segment_calibrated_absolute_nrmse,NRMSE,envelope_log_rate_absolute_error_per_day,0.02306716917993519,0.011288574057291376,0.03425837391595192,42,2000,20260902
CWT_pyBOAT,post_amplitude_trajectory,0,S0_target_only,target_only,eligible,True,target_segment_calibrated_absolute_nrmse,NRMSE,envelope_log_rate_absolute_error_deterioration_from_target_only,0.0,0.0,0.0,42,2000,20260902
CWT_pyBOAT,post_amplitude_trajectory,0,S0_target_only,target_only,eligible,True,target_segment_calibrated_absolute_nrmse,NRMSE,ratio_log_error,0.0958903258733448,0.0626928267462444,0.12200338897568093,42,2000,20260902
CWT_pyBOAT,post_amplitude_trajectory,0,S0_target_only,target_only,eligible,True,target_segment_calibrated_absolute_nrmse,NRMSE,ratio_log_error_deterioration_from_target_only,0.0,0.0,0.0,42,2000,20260902
CWT_pyBOAT,post_amplitude_trajectory,0,S0_target_only,target_only,eligible,True,target_segment_calibrated_absolute_nrmse,NRMSE,processing_success_fraction,1.0,1.0,1.0,42,2000,20260902
CWT_pyBOAT,post_amplitude_trajectory,0,S0_target_only,target_only,eligible,True,target_segment_calibrated_absolute_nrmse,NRMSE,valid_fraction,1.0,1.0,1.0,42,2000,20260902
CWT_pyBOAT,post_amplitude_trajectory,0,S0_target_only,target_only,ineligible,True,target_segment_calibrated_absolute_nrmse,NRMSE,primary_error,1.532618559212259,,,1,0,20260902
CWT_pyBOAT,post_amplitude_trajectory,0,S0_target_only,target_only,ineligible,True,target_segment_calibrated_absolute_nrmse,NRMSE,primary_error_deterioration_from_target_only,0.0,,,1,0,20260902
CWT_pyBOAT,post_amplitude_trajectory,0,S0_target_only,target_only,ineligible,True,target_segment_calibrated_absolute_nrmse,NRMSE,trajectory_pearson,0.9947184424486062,,,1,0,20260902
CWT_pyBOAT,post_amplitude_trajectory,0,S0_target_only,target_only,ineligible,True,target_segment_calibrated_absolute_nrmse,NRMSE,trajectory_pearson_deterioration_from_target_only,0.0,,,1,0,20260902
CWT_pyBOAT,post_amplitude_trajectory,0,S0_target_only,target_only,ineligible,True,target_segment_calibrated_absolute_nrmse,NRMSE,target_segment_shape_nrmse,0.1543904773882215,,,1,0,20260902
CWT_pyBOAT,post_amplitude_trajectory,0,S0_target_only,target_only,ineligible,True,target_segment_calibrated_absolute_nrmse,NRMSE,target_segment_shape_nrmse_deterioration_from_target_only,0.0,,,1,0,20260902
CWT_pyBOAT,post_amplitude_trajectory,0,S0_target_only,target_only,ineligible,True,target_segment_calibrated_absolute_nrmse,NRMSE,envelope_log_rate_absolute_error_per_day,0.08391151324280077,,,1,0,20260902
CWT_pyBOAT,post_amplitude_trajectory,0,S0_target_only,target_only,ineligible,True,target_segment_calibrated_absolute_nrmse,NRMSE,envelope_log_rate_absolute_error_deterioration_from_target_only,0.0,,,1,0,20260902
CWT_pyBOAT,post_amplitude_trajectory,0,S0_target_only,target_only,ineligible,True,target_segment_calibrated_absolute_nrmse,NRMSE,ratio_log_error,0.9209040326583742,,,1,0,20260902
CWT_pyBOAT,post_amplitude_trajectory,0,S0_target_only,target_only,ineligible,True,target_segment_calibrated_absolute_nrmse,NRMSE,ratio_log_error_deterioration_from_target_only,0.0,,,1,0,20260902
CWT_pyBOAT,post_amplitude_trajectory,0,S0_target_only,target_only,ineligible,True,target_segment_calibrated_absolute_nrmse,NRMSE,processing_success_fraction,1.0,,,1,0,20260902
CWT_pyBOAT,post_amplitude_trajectory,0,S0_target_only,target_only,ineligible,True,target_segment_calibrated_absolute_nrmse,NRMSE,valid_fraction,1.0,,,1,0,20260902
CWT_pyBOAT,post_amplitude_trajectory,1,S1_post_period,post_period,difficult,True,target_segment_calibrated_absolute_nrmse,NRMSE,primary_error,1.4547553081703046,0.2450576486082479,2.7819290439911883,10,2000,20260902
CWT_pyBOAT,post_amplitude_trajectory,1,S1_post_period,post_period,difficult,True,target_segment_calibrated_absolute_nrmse,NRMSE,primary_error_deterioration_from_target_only,0.10049124302594023,0.005813871839950649,0.4725744772015903,10,2000,20260902
CWT_pyBOAT,post_amplitude_trajectory,1,S1_post_period,post_period,difficult,True,target_segment_calibrated_absolute_nrmse,NRMSE,trajectory_pearson,0.9892425098206685,0.9829716832315971,0.999411641834849,10,2000,20260902
CWT_pyBOAT,post_amplitude_trajectory,1,S1_post_period,post_period,difficult,True,target_segment_calibrated_absolute_nrmse,NRMSE,trajectory_pearson_deterioration_from_target_only,0.003941247882244647,0.0001378691659955078,0.008475456209849186,10,2000,20260902
CWT_pyBOAT,post_amplitude_trajectory,1,S1_post_period,post_period,difficult,True,target_segment_calibrated_absolute_nrmse,NRMSE,target_segment_shape_nrmse,0.23066624336542269,0.0332016561700949,0.23807066088124168,10,2000,20260902
CWT_pyBOAT,post_amplitude_trajectory,1,S1_post_period,post_period,difficult,True,target_segment_calibrated_absolute_nrmse,NRMSE,target_segment_shape_nrmse_deterioration_from_target_only,0.04256050956773547,0.0026334437057257505,0.13783110506454688,10,2000,20260902
CWT_pyBOAT,post_amplitude_trajectory,1,S1_post_period,post_period,difficult,True,target_segment_calibrated_absolute_nrmse,NRMSE,envelope_log_rate_absolute_error_per_day,0.18005325218656554,0.030188081641686515,0.2244078028749935,10,2000,20260902
CWT_pyBOAT,post_amplitude_trajectory,1,S1_post_period,post_period,difficult,True,target_segment_calibrated_absolute_nrmse,NRMSE,envelope_log_rate_absolute_error_deterioration_from_target_only,0.05178072741567086,0.0003916261187192349,0.16163676756304712,10,2000,20260902
CWT_pyBOAT,post_amplitude_trajectory,1,S1_post_period,post_period,difficult,True,target_segment_calibrated_absolute_nrmse,NRMSE,ratio_log_error,0.9193985966595151,0.385046254848823,1.4935685918815338,10,2000,20260902
CWT_pyBOAT,post_amplitude_trajectory,1,S1_post_period,post_period,difficult,True,target_segment_calibrated_absolute_nrmse,NRMSE,ratio_log_error_deterioration_from_target_only,0.10697287004076199,0.009078590679488095,0.4305667561881893,10,2000,20260902
CWT_pyBOAT,post_amplitude_trajectory,1,S1_post_period,post_period,difficult,True,target_segment_calibrated_absolute_nrmse,NRMSE,processing_success_fraction,1.0,1.0,1.0,10,2000,20260902
CWT_pyBOAT,post_amplitude_trajectory,1,S1_post_period,post_period,difficult,True,target_segment_calibrated_absolute_nrmse,NRMSE,valid_fraction,1.0,1.0,1.0,10,2000,20260902
CWT_pyBOAT,post_amplitude_trajectory,1,S1_post_period,post_period,eligible,True,target_segment_calibrated_absolute_nrmse,NRMSE,primary_error,0.09145169402525288,0.0625829605264248,0.11735892556611735,42,2000,20260902
CWT_pyBOAT,post_amplitude_trajectory,1,S1_post_period,post_period,eligible,True,target_segment_calibrated_absolute_nrmse,NRMSE,primary_error_deterioration_from_target_only,0.0035835896073830985,0.0024684797111626253,0.007663628844968875,42,2000,20260902
CWT_pyBOAT,post_amplitude_trajectory,1,S1_post_period,post_period,eligible,True,target_segment_calibrated_absolute_nrmse,NRMSE,trajectory_pearson,0.996348781835618,0.9942182354724229,0.9973934231242401,42,2000,20260902
CWT_pyBOAT,post_amplitude_trajectory,1,S1_post_period,post_period,eligible,True,target_segment_calibrated_absolute_nrmse,NRMSE,trajectory_pearson_deterioration_from_target_only,0.00039930067054716467,0.0001537260147504993,0.0008202349764746819,42,2000,20260902
CWT_pyBOAT,post_amplitude_trajectory,1,S1_post_period,post_period,eligible,True,target_segment_calibrated_absolute_nrmse,NRMSE,target_segment_shape_nrmse,0.04639046129168298,0.032093318050247,0.05678157531008653,42,2000,20260902
CWT_pyBOAT,post_amplitude_trajectory,1,S1_post_period,post_period,eligible,True,target_segment_calibrated_absolute_nrmse,NRMSE,target_segment_shape_nrmse_deterioration_from_target_only,0.0031584836446672503,0.0018342109191666778,0.004312049742700649,42,2000,20260902
CWT_pyBOAT,post_amplitude_trajectory,1,S1_post_period,post_period,eligible,True,target_segment_calibrated_absolute_nrmse,NRMSE,envelope_log_rate_absolute_error_per_day,0.02448114551664035,0.013935433798194452,0.0372029742279808,42,2000,20260902
CWT_pyBOAT,post_amplitude_trajectory,1,S1_post_period,post_period,eligible,True,target_segment_calibrated_absolute_nrmse,NRMSE,envelope_log_rate_absolute_error_deterioration_from_target_only,0.0021402603921350377,-0.00023828058997810153,0.005158083105926123,42,2000,20260902
CWT_pyBOAT,post_amplitude_trajectory,1,S1_post_period,post_period,eligible,True,target_segment_calibrated_absolute_nrmse,NRMSE,ratio_log_error,0.1045419961839491,0.06459127535728727,0.12549277319580776,42,2000,20260902
CWT_pyBOAT,post_amplitude_trajectory,1,S1_post_period,post_period,eligible,True,target_segment_calibrated_absolute_nrmse,NRMSE,ratio_log_error_deterioration_from_target_only,0.003477463200192375,0.0026288195573223507,0.0069842860439123175,42,2000,20260902
CWT_pyBOAT,post_amplitude_trajectory,1,S1_post_period,post_period,eligible,True,target_segment_calibrated_absolute_nrmse,NRMSE,processing_success_fraction,1.0,1.0,1.0,42,2000,20260902
CWT_pyBOAT,post_amplitude_trajectory,1,S1_post_period,post_period,eligible,True,target_segment_calibrated_absolute_nrmse,NRMSE,valid_fraction,1.0,1.0,1.0,42,2000,20260902
CWT_pyBOAT,post_amplitude_trajectory,1,S1_post_period,post_period,ineligible,True,target_segment_calibrated_absolute_nrmse,NRMSE,primary_error,1.747541530612679,,,1,0,20260902
CWT_pyBOAT,post_amplitude_trajectory,1,S1_post_period,post_period,ineligible,True,target_segment_calibrated_absolute_nrmse,NRMSE,primary_error_deterioration_from_target_only,0.21492297140042005,,,1,0,20260902
CWT_pyBOAT,post_amplitude_trajectory,1,S1_post_period,post_period,ineligible,True,target_segment_calibrated_absolute_nrmse,NRMSE,trajectory_pearson,0.9879596222189457,,,1,0,20260902
CWT_pyBOAT,post_amplitude_trajectory,1,S1_post_period,post_period,ineligible,True,target_segment_calibrated_absolute_nrmse,NRMSE,trajectory_pearson_deterioration_from_target_only,0.00668640066033338,,,1,0,20260902
CWT_pyBOAT,post_amplitude_trajectory,1,S1_post_period,post_period,ineligible,True,target_segment_calibrated_absolute_nrmse,NRMSE,target_segment_shape_nrmse,0.24268578933508939,,,1,0,20260902
CWT_pyBOAT,post_amplitude_trajectory,1,S1_post_period,post_period,ineligible,True,target_segment_calibrated_absolute_nrmse,NRMSE,target_segment_shape_nrmse_deterioration_from_target_only,0.08172022396280594,,,1,0,20260902
CWT_pyBOAT,post_amplitude_trajectory,1,S1_post_period,post_period,ineligible,True,target_segment_calibrated_absolute_nrmse,NRMSE,envelope_log_rate_absolute_error_per_day,0.1845919870350088,,,1,0,20260902
CWT_pyBOAT,post_amplitude_trajectory,1,S1_post_period,post_period,ineligible,True,target_segment_calibrated_absolute_nrmse,NRMSE,envelope_log_rate_absolute_error_deterioration_from_target_only,0.08997846595152503,,,1,0,20260902
CWT_pyBOAT,post_amplitude_trajectory,1,S1_post_period,post_period,ineligible,True,target_segment_calibrated_absolute_nrmse,NRMSE,ratio_log_error,1.154053171747617,,,1,0,20260902
CWT_pyBOAT,post_amplitude_trajectory,1,S1_post_period,post_period,ineligible,True,target_segment_calibrated_absolute_nrmse,NRMSE,ratio_log_error_deterioration_from_target_only,0.23481510079290824,,,1,0,20260902
CWT_pyBOAT,post_amplitude_trajectory,1,S1_post_period,post_period,ineligible,True,target_segment_calibrated_absolute_nrmse,NRMSE,processing_success_fraction,1.0,,,1,0,20260902
CWT_pyBOAT,post_amplitude_trajectory,1,S1_post_period,post_period,ineligible,True,target_segment_calibrated_absolute_nrmse,NRMSE,valid_fraction,1.0,,,1,0,20260902
CWT_pyBOAT,post_amplitude_trajectory,2,S2_linear_drift,linear_drift,difficult,True,target_segment_calibrated_absolute_nrmse,NRMSE,primary_error,1.4750458647013243,0.23482470086554166,2.293871659049022,10,2000,20260902
CWT_pyBOAT,post_amplitude_trajectory,2,S2_linear_drift,linear_drift,difficult,True,target_segment_calibrated_absolute_nrmse,NRMSE,primary_error_deterioration_from_target_only,1.4711682840094081e-05,-1.8374707852288757e-05,8.028851523445707e-05,10,2000,20260902
CWT_pyBOAT,post_amplitude_trajectory,2,S2_linear_drift,linear_drift,difficult,True,target_segment_calibrated_absolute_nrmse,NRMSE,trajectory_pearson,0.9972241880862358,0.989478450991888,0.9986818275093924,10,2000,20260902
CWT_pyBOAT,post_amplitude_trajectory,2,S2_linear_drift,linear_drift,difficult,True,target_segment_calibrated_absolute_nrmse,NRMSE,trajectory_pearson_deterioration_from_target_only,-3.1448532407940544e-06,-1.8677565890662384e-05,9.872318524284385e-06,10,2000,20260902
CWT_pyBOAT,post_amplitude_trajectory,2,S2_linear_drift,linear_drift,difficult,True,target_segment_calibrated_absolute_nrmse,NRMSE,target_segment_shape_nrmse,0.10984847275051213,0.0550026313383055,0.1724207326229163,10,2000,20260902
CWT_pyBOAT,post_amplitude_trajectory,2,S2_linear_drift,linear_drift,difficult,True,target_segment_calibrated_absolute_nrmse,NRMSE,target_segment_shape_nrmse_deterioration_from_target_only,-2.67792968709768e-06,-3.489782680442255e-05,4.203656465259775e-05,10,2000,20260902
CWT_pyBOAT,post_amplitude_trajectory,2,S2_linear_drift,linear_drift,difficult,True,target_segment_calibrated_absolute_nrmse,NRMSE,envelope_log_rate_absolute_error_per_day,0.0652652154243743,0.025030325845765145,0.12813885999237518,10,2000,20260902
CWT_pyBOAT,post_amplitude_trajectory,2,S2_linear_drift,linear_drift,difficult,True,target_segment_calibrated_absolute_nrmse,NRMSE,envelope_log_rate_absolute_error_deterioration_from_target_only,2.2238553832376606e-05,-0.0021364471429015375,0.010834362265658815,10,2000,20260902
CWT_pyBOAT,post_amplitude_trajectory,2,S2_linear_drift,linear_drift,difficult,True,target_segment_calibrated_absolute_nrmse,NRMSE,ratio_log_error,0.9054653537945772,0.29057239300932075,1.0606261758303097,10,2000,20260902
CWT_pyBOAT,post_amplitude_trajectory,2,S2_linear_drift,linear_drift,difficult,True,target_segment_calibrated_absolute_nrmse,NRMSE,ratio_log_error_deterioration_from_target_only,4.9560048686170255e-05,1.0357697636853569e-05,0.00032076381394047226,10,2000,20260902
CWT_pyBOAT,post_amplitude_trajectory,2,S2_linear_drift,linear_drift,difficult,True,target_segment_calibrated_absolute_nrmse,NRMSE,processing_success_fraction,1.0,1.0,1.0,10,2000,20260902
CWT_pyBOAT,post_amplitude_trajectory,2,S2_linear_drift,linear_drift,difficult,True,target_segment_calibrated_absolute_nrmse,NRMSE,valid_fraction,1.0,1.0,1.0,10,2000,20260902
CWT_pyBOAT,post_amplitude_trajectory,2,S2_linear_drift,linear_drift,eligible,True,target_segment_calibrated_absolute_nrmse,NRMSE,primary_error,0.08844886162394158,0.05844295022081725,0.11259068077025344,42,2000,20260902
CWT_pyBOAT,post_amplitude_trajectory,2,S2_linear_drift,linear_drift,eligible,True,target_segment_calibrated_absolute_nrmse,NRMSE,primary_error_deterioration_from_target_only,-1.2194413908660912e-05,-0.00010909952467497847,1.0138981244897649e-05,42,2000,20260902
CWT_pyBOAT,post_amplitude_trajectory,2,S2_linear_drift,linear_drift,eligible,True,target_segment_calibrated_absolute_nrmse,NRMSE,trajectory_pearson,0.9965204536855312,0.9954530782047423,0.9979300907650025,42,2000,20260902
CWT_pyBOAT,post_amplitude_trajectory,2,S2_linear_drift,linear_drift,eligible,True,target_segment_calibrated_absolute_nrmse,NRMSE,trajectory_pearson_deterioration_from_target_only,1.1451572569293189e-05,-1.6655642040723505e-06,4.3339370685235856e-05,42,2000,20260902
CWT_pyBOAT,post_amplitude_trajectory,2,S2_linear_drift,linear_drift,eligible,True,target_segment_calibrated_absolute_nrmse,NRMSE,target_segment_shape_nrmse,0.04061802232388297,0.02899627936373005,0.054304555603111454,42,2000,20260902
CWT_pyBOAT,post_amplitude_trajectory,2,S2_linear_drift,linear_drift,eligible,True,target_segment_calibrated_absolute_nrmse,NRMSE,target_segment_shape_nrmse_deterioration_from_target_only,-9.884678053722479e-06,-4.468936857837495e-05,8.79575243502382e-06,42,2000,20260902
CWT_pyBOAT,post_amplitude_trajectory,2,S2_linear_drift,linear_drift,eligible,True,target_segment_calibrated_absolute_nrmse,NRMSE,envelope_log_rate_absolute_error_per_day,0.022738632210573373,0.0119448649522675,0.034236232239804,42,2000,20260902
CWT_pyBOAT,post_amplitude_trajectory,2,S2_linear_drift,linear_drift,eligible,True,target_segment_calibrated_absolute_nrmse,NRMSE,envelope_log_rate_absolute_error_deterioration_from_target_only,-0.00011093863828235545,-0.0004670511106750347,0.0001546925016729095,42,2000,20260902
CWT_pyBOAT,post_amplitude_trajectory,2,S2_linear_drift,linear_drift,eligible,True,target_segment_calibrated_absolute_nrmse,NRMSE,ratio_log_error,0.09557476167314488,0.06269356542223911,0.12197750058712059,42,2000,20260902
CWT_pyBOAT,post_amplitude_trajectory,2,S2_linear_drift,linear_drift,eligible,True,target_segment_calibrated_absolute_nrmse,NRMSE,ratio_log_error_deterioration_from_target_only,-2.3063542086121033e-05,-5.377380009215747e-05,-4.094202723368967e-06,42,2000,20260902
CWT_pyBOAT,post_amplitude_trajectory,2,S2_linear_drift,linear_drift,eligible,True,target_segment_calibrated_absolute_nrmse,NRMSE,processing_success_fraction,1.0,1.0,1.0,42,2000,20260902
CWT_pyBOAT,post_amplitude_trajectory,2,S2_linear_drift,linear_drift,eligible,True,target_segment_calibrated_absolute_nrmse,NRMSE,valid_fraction,1.0,1.0,1.0,42,2000,20260902
CWT_pyBOAT,post_amplitude_trajectory,2,S2_linear_drift,linear_drift,ineligible,True,target_segment_calibrated_absolute_nrmse,NRMSE,primary_error,1.532399289301352,,,1,0,20260902
CWT_pyBOAT,post_amplitude_trajectory,2,S2_linear_drift,linear_drift,ineligible,True,target_segment_calibrated_absolute_nrmse,NRMSE,primary_error_deterioration_from_target_only,-0.00022706295712104918,,,1,0,20260902
CWT_pyBOAT,post_amplitude_trajectory,2,S2_linear_drift,linear_drift,ineligible,True,target_segment_calibrated_absolute_nrmse,NRMSE,trajectory_pearson,0.9946737265607912,,,1,0,20260902
CWT_pyBOAT,post_amplitude_trajectory,2,S2_linear_drift,linear_drift,ineligible,True,target_segment_calibrated_absolute_nrmse,NRMSE,trajectory_pearson_deterioration_from_target_only,4.337931854886401e-05,,,1,0,20260902
CWT_pyBOAT,post_amplitude_trajectory,2,S2_linear_drift,linear_drift,ineligible,True,target_segment_calibrated_absolute_nrmse,NRMSE,target_segment_shape_nrmse,0.15418487312517154,,,1,0,20260902
CWT_pyBOAT,post_amplitude_trajectory,2,S2_linear_drift,linear_drift,ineligible,True,target_segment_calibrated_absolute_nrmse,NRMSE,target_segment_shape_nrmse_deterioration_from_target_only,-0.0002053787786664013,,,1,0,20260902
CWT_pyBOAT,post_amplitude_trajectory,2,S2_linear_drift,linear_drift,ineligible,True,target_segment_calibrated_absolute_nrmse,NRMSE,envelope_log_rate_absolute_error_per_day,0.0751924259531418,,,1,0,20260902
CWT_pyBOAT,post_amplitude_trajectory,2,S2_linear_drift,linear_drift,ineligible,True,target_segment_calibrated_absolute_nrmse,NRMSE,envelope_log_rate_absolute_error_deterioration_from_target_only,-0.00862301632685225,,,1,0,20260902
CWT_pyBOAT,post_amplitude_trajectory,2,S2_linear_drift,linear_drift,ineligible,True,target_segment_calibrated_absolute_nrmse,NRMSE,ratio_log_error,0.9203985905176589,,,1,0,20260902
CWT_pyBOAT,post_amplitude_trajectory,2,S2_linear_drift,linear_drift,ineligible,True,target_segment_calibrated_absolute_nrmse,NRMSE,ratio_log_error_deterioration_from_target_only,-0.0006070516024094808,,,1,0,20260902
CWT_pyBOAT,post_amplitude_trajectory,2,S2_linear_drift,linear_drift,ineligible,True,target_segment_calibrated_absolute_nrmse,NRMSE,processing_success_fraction,1.0,,,1,0,20260902
CWT_pyBOAT,post_amplitude_trajectory,2,S2_linear_drift,linear_drift,ineligible,True,target_segment_calibrated_absolute_nrmse,NRMSE,valid_fraction,1.0,,,1,0,20260902
CWT_pyBOAT,post_amplitude_trajectory,3,S3_baseline_step,baseline_step,difficult,True,target_segment_calibrated_absolute_nrmse,NRMSE,primary_error,1.432697345834872,0.26004241585379534,2.3208537164270107,10,2000,20260902
CWT_pyBOAT,post_amplitude_trajectory,3,S3_baseline_step,baseline_step,difficult,True,target_segment_calibrated_absolute_nrmse,NRMSE,primary_error_deterioration_from_target_only,0.008390510280985152,-0.06568468931686106,0.036321767190108906,10,2000,20260902
CWT_pyBOAT,post_amplitude_trajectory,3,S3_baseline_step,baseline_step,difficult,True,target_segment_calibrated_absolute_nrmse,NRMSE,trajectory_pearson,0.9971729140271869,0.9904754345393012,0.9987417184647,10,2000,20260902
CWT_pyBOAT,post_amplitude_trajectory,3,S3_baseline_step,baseline_step,difficult,True,target_segment_calibrated_absolute_nrmse,NRMSE,trajectory_pearson_deterioration_from_target_only,-0.00012237034883552655,-0.0009684542446402877,0.00012670622458188507,10,2000,20260902
CWT_pyBOAT,post_amplitude_trajectory,3,S3_baseline_step,baseline_step,difficult,True,target_segment_calibrated_absolute_nrmse,NRMSE,target_segment_shape_nrmse,0.10921603079707125,0.05739735676716527,0.18063705594743945,10,2000,20260902
CWT_pyBOAT,post_amplitude_trajectory,3,S3_baseline_step,baseline_step,difficult,True,target_segment_calibrated_absolute_nrmse,NRMSE,target_segment_shape_nrmse_deterioration_from_target_only,0.00011492601498022323,-0.0060596857282244395,0.002920914082315998,10,2000,20260902
CWT_pyBOAT,post_amplitude_trajectory,3,S3_baseline_step,baseline_step,difficult,True,target_segment_calibrated_absolute_nrmse,NRMSE,envelope_log_rate_absolute_error_per_day,0.043236060430965506,0.028323149329361405,0.11648858268155218,10,2000,20260902
CWT_pyBOAT,post_amplitude_trajectory,3,S3_baseline_step,baseline_step,difficult,True,target_segment_calibrated_absolute_nrmse,NRMSE,envelope_log_rate_absolute_error_deterioration_from_target_only,0.000554303108816212,-0.011246984513749253,0.010640414986222813,10,2000,20260902
CWT_pyBOAT,post_amplitude_trajectory,3,S3_baseline_step,baseline_step,difficult,True,target_segment_calibrated_absolute_nrmse,NRMSE,ratio_log_error,0.9040449726696258,0.2985790465973989,1.0458231465176127,10,2000,20260902
CWT_pyBOAT,post_amplitude_trajectory,3,S3_baseline_step,baseline_step,difficult,True,target_segment_calibrated_absolute_nrmse,NRMSE,ratio_log_error_deterioration_from_target_only,-0.001083445941442029,-0.010688943488657121,0.012993151872238706,10,2000,20260902
CWT_pyBOAT,post_amplitude_trajectory,3,S3_baseline_step,baseline_step,difficult,True,target_segment_calibrated_absolute_nrmse,NRMSE,processing_success_fraction,1.0,1.0,1.0,10,2000,20260902
CWT_pyBOAT,post_amplitude_trajectory,3,S3_baseline_step,baseline_step,difficult,True,target_segment_calibrated_absolute_nrmse,NRMSE,valid_fraction,1.0,1.0,1.0,10,2000,20260902
CWT_pyBOAT,post_amplitude_trajectory,3,S3_baseline_step,baseline_step,eligible,True,target_segment_calibrated_absolute_nrmse,NRMSE,primary_error,0.11800603584037894,0.07939959193559959,0.13355518224676816,42,2000,20260902
CWT_pyBOAT,post_amplitude_trajectory,3,S3_baseline_step,baseline_step,eligible,True,target_segment_calibrated_absolute_nrmse,NRMSE,primary_error_deterioration_from_target_only,0.013366855199381227,0.005431626330053955,0.0240580750002532,42,2000,20260902
CWT_pyBOAT,post_amplitude_trajectory,3,S3_baseline_step,baseline_step,eligible,True,target_segment_calibrated_absolute_nrmse,NRMSE,trajectory_pearson,0.9986392766475003,0.9975048233748036,0.9994290448976746,42,2000,20260902
CWT_pyBOAT,post_amplitude_trajectory,3,S3_baseline_step,baseline_step,eligible,True,target_segment_calibrated_absolute_nrmse,NRMSE,trajectory_pearson_deterioration_from_target_only,-0.0010679357092286956,-0.002288327952135877,-0.00011903756806189159,42,2000,20260902
CWT_pyBOAT,post_amplitude_trajectory,3,S3_baseline_step,baseline_step,eligible,True,target_segment_calibrated_absolute_nrmse,NRMSE,target_segment_shape_nrmse,0.03270842112034315,0.0212423672177791,0.041943662668617675,42,2000,20260902
CWT_pyBOAT,post_amplitude_trajectory,3,S3_baseline_step,baseline_step,eligible,True,target_segment_calibrated_absolute_nrmse,NRMSE,target_segment_shape_nrmse_deterioration_from_target_only,-0.0035106091181177253,-0.014242147126754008,-0.00043377609572998267,42,2000,20260902
CWT_pyBOAT,post_amplitude_trajectory,3,S3_baseline_step,baseline_step,eligible,True,target_segment_calibrated_absolute_nrmse,NRMSE,envelope_log_rate_absolute_error_per_day,0.023617164493811266,0.01805841657904976,0.028876613927402914,42,2000,20260902
CWT_pyBOAT,post_amplitude_trajectory,3,S3_baseline_step,baseline_step,eligible,True,target_segment_calibrated_absolute_nrmse,NRMSE,envelope_log_rate_absolute_error_deterioration_from_target_only,4.327094112416274e-05,-0.0022831930575092085,0.005909853379778979,42,2000,20260902
CWT_pyBOAT,post_amplitude_trajectory,3,S3_baseline_step,baseline_step,eligible,True,target_segment_calibrated_absolute_nrmse,NRMSE,ratio_log_error,0.10004262222867122,0.06795286951018549,0.1256270774291517,42,2000,20260902
CWT_pyBOAT,post_amplitude_trajectory,3,S3_baseline_step,baseline_step,eligible,True,target_segment_calibrated_absolute_nrmse,NRMSE,ratio_log_error_deterioration_from_target_only,0.0028352573744968475,0.0004465148911245234,0.004026134196651149,42,2000,20260902
CWT_pyBOAT,post_amplitude_trajectory,3,S3_baseline_step,baseline_step,eligible,True,target_segment_calibrated_absolute_nrmse,NRMSE,processing_success_fraction,1.0,1.0,1.0,42,2000,20260902
CWT_pyBOAT,post_amplitude_trajectory,3,S3_baseline_step,baseline_step,eligible,True,target_segment_calibrated_absolute_nrmse,NRMSE,valid_fraction,1.0,1.0,1.0,42,2000,20260902
CWT_pyBOAT,post_amplitude_trajectory,3,S3_baseline_step,baseline_step,ineligible,True,target_segment_calibrated_absolute_nrmse,NRMSE,primary_error,1.4080614349258198,,,1,0,20260902
CWT_pyBOAT,post_amplitude_trajectory,3,S3_baseline_step,baseline_step,ineligible,True,target_segment_calibrated_absolute_nrmse,NRMSE,primary_error_deterioration_from_target_only,-0.07289765263512782,,,1,0,20260902
CWT_pyBOAT,post_amplitude_trajectory,3,S3_baseline_step,baseline_step,ineligible,True,target_segment_calibrated_absolute_nrmse,NRMSE,trajectory_pearson,0.9933418954787604,,,1,0,20260902
CWT_pyBOAT,post_amplitude_trajectory,3,S3_baseline_step,baseline_step,ineligible,True,target_segment_calibrated_absolute_nrmse,NRMSE,trajectory_pearson_deterioration_from_target_only,0.0009585382135968157,,,1,0,20260902
CWT_pyBOAT,post_amplitude_trajectory,3,S3_baseline_step,baseline_step,ineligible,True,target_segment_calibrated_absolute_nrmse,NRMSE,target_segment_shape_nrmse,0.1709281284193408,,,1,0,20260902
CWT_pyBOAT,post_amplitude_trajectory,3,S3_baseline_step,baseline_step,ineligible,True,target_segment_calibrated_absolute_nrmse,NRMSE,target_segment_shape_nrmse_deterioration_from_target_only,0.013271115351104645,,,1,0,20260902
CWT_pyBOAT,post_amplitude_trajectory,3,S3_baseline_step,baseline_step,ineligible,True,target_segment_calibrated_absolute_nrmse,NRMSE,envelope_log_rate_absolute_error_per_day,0.09712404155039944,,,1,0,20260902
CWT_pyBOAT,post_amplitude_trajectory,3,S3_baseline_step,baseline_step,ineligible,True,target_segment_calibrated_absolute_nrmse,NRMSE,envelope_log_rate_absolute_error_deterioration_from_target_only,0.009522865756345644,,,1,0,20260902
CWT_pyBOAT,post_amplitude_trajectory,3,S3_baseline_step,baseline_step,ineligible,True,target_segment_calibrated_absolute_nrmse,NRMSE,ratio_log_error,0.9189217660040803,,,1,0,20260902
CWT_pyBOAT,post_amplitude_trajectory,3,S3_baseline_step,baseline_step,ineligible,True,target_segment_calibrated_absolute_nrmse,NRMSE,ratio_log_error_deterioration_from_target_only,-0.001642039359303793,,,1,0,20260902
CWT_pyBOAT,post_amplitude_trajectory,3,S3_baseline_step,baseline_step,ineligible,True,target_segment_calibrated_absolute_nrmse,NRMSE,processing_success_fraction,1.0,,,1,0,20260902
CWT_pyBOAT,post_amplitude_trajectory,3,S3_baseline_step,baseline_step,ineligible,True,target_segment_calibrated_absolute_nrmse,NRMSE,valid_fraction,1.0,,,1,0,20260902
CWT_pyBOAT,post_amplitude_trajectory,4,S4_acute_treatment_transient,acute_treatment_transient,difficult,True,target_segment_calibrated_absolute_nrmse,NRMSE,primary_error,1.5693644986945348,0.20428240335492281,2.360018305857822,10,2000,20260902
CWT_pyBOAT,post_amplitude_trajectory,4,S4_acute_treatment_transient,acute_treatment_transient,difficult,True,target_segment_calibrated_absolute_nrmse,NRMSE,primary_error_deterioration_from_target_only,-0.019877167317991024,-0.10228436170406086,0.18234269855418467,10,2000,20260902
CWT_pyBOAT,post_amplitude_trajectory,4,S4_acute_treatment_transient,acute_treatment_transient,difficult,True,target_segment_calibrated_absolute_nrmse,NRMSE,trajectory_pearson,0.9971134975866945,0.9801497207594809,0.9983063487012737,10,2000,20260902
CWT_pyBOAT,post_amplitude_trajectory,4,S4_acute_treatment_transient,acute_treatment_transient,difficult,True,target_segment_calibrated_absolute_nrmse,NRMSE,trajectory_pearson_deterioration_from_target_only,0.0002577054563260017,-0.00043721057384329964,0.008210541511774805,10,2000,20260902
CWT_pyBOAT,post_amplitude_trajectory,4,S4_acute_treatment_transient,acute_treatment_transient,difficult,True,target_segment_calibrated_absolute_nrmse,NRMSE,target_segment_shape_nrmse,0.11062373614591213,0.04730482480577545,0.23634846709351798,10,2000,20260902
CWT_pyBOAT,post_amplitude_trajectory,4,S4_acute_treatment_transient,acute_treatment_transient,difficult,True,target_segment_calibrated_absolute_nrmse,NRMSE,target_segment_shape_nrmse_deterioration_from_target_only,0.007983669007696426,-0.010521177223337848,0.03603252425901408,10,2000,20260902
CWT_pyBOAT,post_amplitude_trajectory,4,S4_acute_treatment_transient,acute_treatment_transient,difficult,True,target_segment_calibrated_absolute_nrmse,NRMSE,envelope_log_rate_absolute_error_per_day,0.05156316016812851,0.023633065843933793,0.19003423625840588,10,2000,20260902
CWT_pyBOAT,post_amplitude_trajectory,4,S4_acute_treatment_transient,acute_treatment_transient,difficult,True,target_segment_calibrated_absolute_nrmse,NRMSE,envelope_log_rate_absolute_error_deterioration_from_target_only,0.010926067347645355,0.0013127957788775513,0.04884673123452421,10,2000,20260902
CWT_pyBOAT,post_amplitude_trajectory,4,S4_acute_treatment_transient,acute_treatment_transient,difficult,True,target_segment_calibrated_absolute_nrmse,NRMSE,ratio_log_error,0.9857566238631094,0.2815254010527127,1.0565011944551923,10,2000,20260902
CWT_pyBOAT,post_amplitude_trajectory,4,S4_acute_treatment_transient,acute_treatment_transient,difficult,True,target_segment_calibrated_absolute_nrmse,NRMSE,ratio_log_error_deterioration_from_target_only,-0.0006107154512967651,-0.01770520866468872,0.0042433742863931465,10,2000,20260902
CWT_pyBOAT,post_amplitude_trajectory,4,S4_acute_treatment_transient,acute_treatment_transient,difficult,True,target_segment_calibrated_absolute_nrmse,NRMSE,processing_success_fraction,1.0,1.0,1.0,10,2000,20260902
CWT_pyBOAT,post_amplitude_trajectory,4,S4_acute_treatment_transient,acute_treatment_transient,difficult,True,target_segment_calibrated_absolute_nrmse,NRMSE,valid_fraction,1.0,1.0,1.0,10,2000,20260902
CWT_pyBOAT,post_amplitude_trajectory,4,S4_acute_treatment_transient,acute_treatment_transient,eligible,True,target_segment_calibrated_absolute_nrmse,NRMSE,primary_error,0.08911037225314047,0.06950717371369315,0.1165367395918409,42,2000,20260902
CWT_pyBOAT,post_amplitude_trajectory,4,S4_acute_treatment_transient,acute_treatment_transient,eligible,True,target_segment_calibrated_absolute_nrmse,NRMSE,primary_error_deterioration_from_target_only,0.009436131361748824,0.0018910786367931018,0.017164530456674175,42,2000,20260902
CWT_pyBOAT,post_amplitude_trajectory,4,S4_acute_treatment_transient,acute_treatment_transient,eligible,True,target_segment_calibrated_absolute_nrmse,NRMSE,trajectory_pearson,0.9972642189738653,0.9962425397217809,0.998109206844884,42,2000,20260902
CWT_pyBOAT,post_amplitude_trajectory,4,S4_acute_treatment_transient,acute_treatment_transient,eligible,True,target_segment_calibrated_absolute_nrmse,NRMSE,trajectory_pearson_deterioration_from_target_only,-0.00017548521768148695,-0.0008122421975108596,0.00035823815846300344,42,2000,20260902
CWT_pyBOAT,post_amplitude_trajectory,4,S4_acute_treatment_transient,acute_treatment_transient,eligible,True,target_segment_calibrated_absolute_nrmse,NRMSE,target_segment_shape_nrmse,0.039918972383860975,0.030830788991503825,0.04974899952014295,42,2000,20260902
CWT_pyBOAT,post_amplitude_trajectory,4,S4_acute_treatment_transient,acute_treatment_transient,eligible,True,target_segment_calibrated_absolute_nrmse,NRMSE,target_segment_shape_nrmse_deterioration_from_target_only,0.0004114892521496754,-0.006730830315501899,0.0033208578199141236,42,2000,20260902
CWT_pyBOAT,post_amplitude_trajectory,4,S4_acute_treatment_transient,acute_treatment_transient,eligible,True,target_segment_calibrated_absolute_nrmse,NRMSE,envelope_log_rate_absolute_error_per_day,0.02011989835677484,0.01474929379686718,0.03023915876961672,42,2000,20260902
CWT_pyBOAT,post_amplitude_trajectory,4,S4_acute_treatment_transient,acute_treatment_transient,eligible,True,target_segment_calibrated_absolute_nrmse,NRMSE,envelope_log_rate_absolute_error_deterioration_from_target_only,0.0006245614226346452,-0.001671903769727423,0.005053530161005362,42,2000,20260902
CWT_pyBOAT,post_amplitude_trajectory,4,S4_acute_treatment_transient,acute_treatment_transient,eligible,True,target_segment_calibrated_absolute_nrmse,NRMSE,ratio_log_error,0.09545083400895815,0.0651436780391932,0.1226464349499013,42,2000,20260902
CWT_pyBOAT,post_amplitude_trajectory,4,S4_acute_treatment_transient,acute_treatment_transient,eligible,True,target_segment_calibrated_absolute_nrmse,NRMSE,ratio_log_error_deterioration_from_target_only,0.0011544730951179027,7.749499880809464e-05,0.0021797158925055704,42,2000,20260902
CWT_pyBOAT,post_amplitude_trajectory,4,S4_acute_treatment_transient,acute_treatment_transient,eligible,True,target_segment_calibrated_absolute_nrmse,NRMSE,processing_success_fraction,1.0,1.0,1.0,42,2000,20260902
CWT_pyBOAT,post_amplitude_trajectory,4,S4_acute_treatment_transient,acute_treatment_transient,eligible,True,target_segment_calibrated_absolute_nrmse,NRMSE,valid_fraction,1.0,1.0,1.0,42,2000,20260902
CWT_pyBOAT,post_amplitude_trajectory,4,S4_acute_treatment_transient,acute_treatment_transient,ineligible,True,target_segment_calibrated_absolute_nrmse,NRMSE,primary_error,1.4471082140989977,,,1,0,20260902
CWT_pyBOAT,post_amplitude_trajectory,4,S4_acute_treatment_transient,acute_treatment_transient,ineligible,True,target_segment_calibrated_absolute_nrmse,NRMSE,primary_error_deterioration_from_target_only,-0.07882298865536141,,,1,0,20260902
CWT_pyBOAT,post_amplitude_trajectory,4,S4_acute_treatment_transient,acute_treatment_transient,ineligible,True,target_segment_calibrated_absolute_nrmse,NRMSE,trajectory_pearson,0.9954601043866524,,,1,0,20260902
CWT_pyBOAT,post_amplitude_trajectory,4,S4_acute_treatment_transient,acute_treatment_transient,ineligible,True,target_segment_calibrated_absolute_nrmse,NRMSE,trajectory_pearson_deterioration_from_target_only,-0.0006265185666023965,,,1,0,20260902
CWT_pyBOAT,post_amplitude_trajectory,4,S4_acute_treatment_transient,acute_treatment_transient,ineligible,True,target_segment_calibrated_absolute_nrmse,NRMSE,target_segment_shape_nrmse,0.14335467736394097,,,1,0,20260902
CWT_pyBOAT,post_amplitude_trajectory,4,S4_acute_treatment_transient,acute_treatment_transient,ineligible,True,target_segment_calibrated_absolute_nrmse,NRMSE,target_segment_shape_nrmse_deterioration_from_target_only,-0.00641813419665084,,,1,0,20260902
CWT_pyBOAT,post_amplitude_trajectory,4,S4_acute_treatment_transient,acute_treatment_transient,ineligible,True,target_segment_calibrated_absolute_nrmse,NRMSE,envelope_log_rate_absolute_error_per_day,0.09320961560858743,,,1,0,20260902
CWT_pyBOAT,post_amplitude_trajectory,4,S4_acute_treatment_transient,acute_treatment_transient,ineligible,True,target_segment_calibrated_absolute_nrmse,NRMSE,envelope_log_rate_absolute_error_deterioration_from_target_only,0.009683792034362981,,,1,0,20260902
CWT_pyBOAT,post_amplitude_trajectory,4,S4_acute_treatment_transient,acute_treatment_transient,ineligible,True,target_segment_calibrated_absolute_nrmse,NRMSE,ratio_log_error,0.9015801030708464,,,1,0,20260902
CWT_pyBOAT,post_amplitude_trajectory,4,S4_acute_treatment_transient,acute_treatment_transient,ineligible,True,target_segment_calibrated_absolute_nrmse,NRMSE,ratio_log_error_deterioration_from_target_only,-0.022282662577381984,,,1,0,20260902
CWT_pyBOAT,post_amplitude_trajectory,4,S4_acute_treatment_transient,acute_treatment_transient,ineligible,True,target_segment_calibrated_absolute_nrmse,NRMSE,processing_success_fraction,1.0,,,1,0,20260902
CWT_pyBOAT,post_amplitude_trajectory,4,S4_acute_treatment_transient,acute_treatment_transient,ineligible,True,target_segment_calibrated_absolute_nrmse,NRMSE,valid_fraction,1.0,,,1,0,20260902
CWT_pyBOAT,post_period_hours,0,S0_target_only,target_only,difficult,True,absolute_error_hours,hours,primary_error,0.043458974037386966,0.01907018347586309,0.18036410997247643,3,2000,20260902
CWT_pyBOAT,post_period_hours,0,S0_target_only,target_only,difficult,True,absolute_error_hours,hours,primary_error_deterioration_from_target_only,0.0,0.0,0.0,3,2000,20260902
CWT_pyBOAT,post_period_hours,0,S0_target_only,target_only,difficult,True,absolute_error_hours,hours,ratio_log_error,0.0008253977607345,0.00057385580557405,0.016775041098054652,3,2000,20260902
CWT_pyBOAT,post_period_hours,0,S0_target_only,target_only,difficult,True,absolute_error_hours,hours,ratio_log_error_deterioration_from_target_only,0.0,0.0,0.0,3,2000,20260902
CWT_pyBOAT,post_period_hours,0,S0_target_only,target_only,difficult,True,absolute_error_hours,hours,processing_success_fraction,1.0,1.0,1.0,3,2000,20260902
CWT_pyBOAT,post_period_hours,0,S0_target_only,target_only,difficult,True,absolute_error_hours,hours,valid_fraction,1.0,1.0,1.0,3,2000,20260902
CWT_pyBOAT,post_period_hours,0,S0_target_only,target_only,eligible,True,absolute_error_hours,hours,primary_error,0.02778599630609513,0.023785993976236597,0.04962853442834714,49,2000,20260902
CWT_pyBOAT,post_period_hours,0,S0_target_only,target_only,eligible,True,absolute_error_hours,hours,primary_error_deterioration_from_target_only,0.0,0.0,0.0,49,2000,20260902
CWT_pyBOAT,post_period_hours,0,S0_target_only,target_only,eligible,True,absolute_error_hours,hours,ratio_log_error,0.00275386071615215,0.0010087528001941001,0.00615115517546355,49,2000,20260902
CWT_pyBOAT,post_period_hours,0,S0_target_only,target_only,eligible,True,absolute_error_hours,hours,ratio_log_error_deterioration_from_target_only,0.0,0.0,0.0,49,2000,20260902
CWT_pyBOAT,post_period_hours,0,S0_target_only,target_only,eligible,True,absolute_error_hours,hours,processing_success_fraction,1.0,1.0,1.0,49,2000,20260902
CWT_pyBOAT,post_period_hours,0,S0_target_only,target_only,eligible,True,absolute_error_hours,hours,valid_fraction,1.0,1.0,1.0,49,2000,20260902
CWT_pyBOAT,post_period_hours,0,S0_target_only,target_only,ineligible,True,absolute_error_hours,hours,primary_error,0.02769192842863788,,,1,0,20260902
CWT_pyBOAT,post_period_hours,0,S0_target_only,target_only,ineligible,True,absolute_error_hours,hours,primary_error_deterioration_from_target_only,0.0,,,1,0,20260902
CWT_pyBOAT,post_period_hours,0,S0_target_only,target_only,ineligible,True,absolute_error_hours,hours,ratio_log_error,0.00501142710362625,,,1,0,20260902
CWT_pyBOAT,post_period_hours,0,S0_target_only,target_only,ineligible,True,absolute_error_hours,hours,ratio_log_error_deterioration_from_target_only,0.0,,,1,0,20260902
CWT_pyBOAT,post_period_hours,0,S0_target_only,target_only,ineligible,True,absolute_error_hours,hours,processing_success_fraction,1.0,,,1,0,20260902
CWT_pyBOAT,post_period_hours,0,S0_target_only,target_only,ineligible,True,absolute_error_hours,hours,valid_fraction,1.0,,,1,0,20260902
CWT_pyBOAT,post_period_hours,1,S1_post_amplitude,post_amplitude,difficult,True,absolute_error_hours,hours,primary_error,0.043458974037386966,0.01907018347586309,0.19185990245726003,3,2000,20260902
CWT_pyBOAT,post_period_hours,1,S1_post_amplitude,post_amplitude,difficult,True,absolute_error_hours,hours,primary_error_deterioration_from_target_only,0.0,0.0,0.0,3,2000,20260902
CWT_pyBOAT,post_period_hours,1,S1_post_amplitude,post_amplitude,difficult,True,absolute_error_hours,hours,ratio_log_error,0.0016806236757398,0.0012470682844056,0.00528407053849595,3,2000,20260902
CWT_pyBOAT,post_period_hours,1,S1_post_amplitude,post_amplitude,difficult,True,absolute_error_hours,hours,ratio_log_error_deterioration_from_target_only,0.0007723351945942,-0.01558145216544475,0.0043804065893399,3,2000,20260902
CWT_pyBOAT,post_period_hours,1,S1_post_amplitude,post_amplitude,difficult,True,absolute_error_hours,hours,processing_success_fraction,1.0,1.0,1.0,3,2000,20260902
CWT_pyBOAT,post_period_hours,1,S1_post_amplitude,post_amplitude,difficult,True,absolute_error_hours,hours,valid_fraction,1.0,1.0,1.0,3,2000,20260902
CWT_pyBOAT,post_period_hours,1,S1_post_amplitude,post_amplitude,eligible,True,absolute_error_hours,hours,primary_error,0.02756605364328557,0.023905759347671918,0.049563910364449626,49,2000,20260902
CWT_pyBOAT,post_period_hours,1,S1_post_amplitude,post_amplitude,eligible,True,absolute_error_hours,hours,primary_error_deterioration_from_target_only,0.0,0.0,0.0,49,2000,20260902
CWT_pyBOAT,post_period_hours,1,S1_post_amplitude,post_amplitude,eligible,True,absolute_error_hours,hours,ratio_log_error,0.0119255552187644,0.01037337866483645,0.0148561254073493,49,2000,20260902
CWT_pyBOAT,post_period_hours,1,S1_post_amplitude,post_amplitude,eligible,True,absolute_error_hours,hours,ratio_log_error_deterioration_from_target_only,0.01068804091005865,0.00628416326753965,0.0123154793690602,49,2000,20260902
CWT_pyBOAT,post_period_hours,1,S1_post_amplitude,post_amplitude,eligible,True,absolute_error_hours,hours,processing_success_fraction,1.0,1.0,1.0,49,2000,20260902
CWT_pyBOAT,post_period_hours,1,S1_post_amplitude,post_amplitude,eligible,True,absolute_error_hours,hours,valid_fraction,1.0,1.0,1.0,49,2000,20260902
CWT_pyBOAT,post_period_hours,1,S1_post_amplitude,post_amplitude,ineligible,True,absolute_error_hours,hours,primary_error,0.02769192842863788,,,1,0,20260902
CWT_pyBOAT,post_period_hours,1,S1_post_amplitude,post_amplitude,ineligible,True,absolute_error_hours,hours,primary_error_deterioration_from_target_only,0.0,,,1,0,20260902
CWT_pyBOAT,post_period_hours,1,S1_post_amplitude,post_amplitude,ineligible,True,absolute_error_hours,hours,ratio_log_error,0.011211977708572199,,,1,0,20260902
CWT_pyBOAT,post_period_hours,1,S1_post_amplitude,post_amplitude,ineligible,True,absolute_error_hours,hours,ratio_log_error_deterioration_from_target_only,0.00618337414034135,,,1,0,20260902
CWT_pyBOAT,post_period_hours,1,S1_post_amplitude,post_amplitude,ineligible,True,absolute_error_hours,hours,processing_success_fraction,1.0,,,1,0,20260902
CWT_pyBOAT,post_period_hours,1,S1_post_amplitude,post_amplitude,ineligible,True,absolute_error_hours,hours,valid_fraction,1.0,,,1,0,20260902
CWT_pyBOAT,post_period_hours,2,S2_post_envelope,post_envelope,difficult,True,absolute_error_hours,hours,primary_error,0.0904535835112199,0.04682676343377068,1.7089479269748278,3,2000,20260902
CWT_pyBOAT,post_period_hours,2,S2_post_envelope,post_envelope,difficult,True,absolute_error_hours,hours,primary_error_deterioration_from_target_only,0.04686801458504952,0.023301768073574536,1.527670280522461,3,2000,20260902
CWT_pyBOAT,post_period_hours,2,S2_post_envelope,post_envelope,difficult,True,absolute_error_hours,hours,ratio_log_error,0.09830288999634909,0.0505337344475346,1.4567611550513093,3,2000,20260902
CWT_pyBOAT,post_period_hours,2,S2_post_envelope,post_envelope,difficult,True,absolute_error_hours,hours,ratio_log_error_deterioration_from_target_only,0.09721038378456726,0.0496705104434211,1.4399861139532546,3,2000,20260902
CWT_pyBOAT,post_period_hours,2,S2_post_envelope,post_envelope,difficult,True,absolute_error_hours,hours,processing_success_fraction,1.0,1.0,1.0,3,2000,20260902
CWT_pyBOAT,post_period_hours,2,S2_post_envelope,post_envelope,difficult,True,absolute_error_hours,hours,valid_fraction,1.0,1.0,1.0,3,2000,20260902
CWT_pyBOAT,post_period_hours,2,S2_post_envelope,post_envelope,eligible,True,absolute_error_hours,hours,primary_error,0.11604960004038745,0.07692767501564113,0.16608870684565247,49,2000,20260902
CWT_pyBOAT,post_period_hours,2,S2_post_envelope,post_envelope,eligible,True,absolute_error_hours,hours,primary_error_deterioration_from_target_only,0.06554096962824474,0.04001934682804276,0.1308788252007922,49,2000,20260902
CWT_pyBOAT,post_period_hours,2,S2_post_envelope,post_envelope,eligible,True,absolute_error_hours,hours,ratio_log_error,0.1193535187143953,0.08185729472363246,0.1817640899252394,49,2000,20260902
CWT_pyBOAT,post_period_hours,2,S2_post_envelope,post_envelope,eligible,True,absolute_error_hours,hours,ratio_log_error_deterioration_from_target_only,0.11824617338902085,0.0786405360545264,0.17334539799624954,49,2000,20260902
CWT_pyBOAT,post_period_hours,2,S2_post_envelope,post_envelope,eligible,True,absolute_error_hours,hours,processing_success_fraction,1.0,1.0,1.0,49,2000,20260902
CWT_pyBOAT,post_period_hours,2,S2_post_envelope,post_envelope,eligible,True,absolute_error_hours,hours,valid_fraction,1.0,1.0,1.0,49,2000,20260902
CWT_pyBOAT,post_period_hours,2,S2_post_envelope,post_envelope,ineligible,True,absolute_error_hours,hours,primary_error,1.4541759764616078,,,1,0,20260902
CWT_pyBOAT,post_period_hours,2,S2_post_envelope,post_envelope,ineligible,True,absolute_error_hours,hours,primary_error_deterioration_from_target_only,1.4425166248571735,,,1,0,20260902
CWT_pyBOAT,post_period_hours,2,S2_post_envelope,post_envelope,ineligible,True,absolute_error_hours,hours,ratio_log_error,1.1703405908596325,,,1,0,20260902
CWT_pyBOAT,post_period_hours,2,S2_post_envelope,post_envelope,ineligible,True,absolute_error_hours,hours,ratio_log_error_deterioration_from_target_only,1.1656070493265838,,,1,0,20260902
CWT_pyBOAT,post_period_hours,2,S2_post_envelope,post_envelope,ineligible,True,absolute_error_hours,hours,processing_success_fraction,1.0,,,1,0,20260902
CWT_pyBOAT,post_period_hours,2,S2_post_envelope,post_envelope,ineligible,True,absolute_error_hours,hours,valid_fraction,1.0,,,1,0,20260902
CWT_pyBOAT,post_period_hours,3,S3_linear_drift,linear_drift,difficult,True,absolute_error_hours,hours,primary_error,0.043458974037386966,0.01907018347586309,0.18036410997247643,3,2000,20260902
CWT_pyBOAT,post_period_hours,3,S3_linear_drift,linear_drift,difficult,True,absolute_error_hours,hours,primary_error_deterioration_from_target_only,0.0,0.0,0.0,3,2000,20260902
CWT_pyBOAT,post_period_hours,3,S3_linear_drift,linear_drift,difficult,True,absolute_error_hours,hours,ratio_log_error,0.0008264101489237001,0.00057365480473415,0.0167981691490726,3,2000,20260902
CWT_pyBOAT,post_period_hours,3,S3_linear_drift,linear_drift,difficult,True,absolute_error_hours,hours,ratio_log_error_deterioration_from_target_only,5.154813129050473e-06,-1.4955841599992477e-08,5.864268487949955e-06,3,2000,20260902
CWT_pyBOAT,post_period_hours,3,S3_linear_drift,linear_drift,difficult,True,absolute_error_hours,hours,processing_success_fraction,1.0,1.0,1.0,3,2000,20260902
CWT_pyBOAT,post_period_hours,3,S3_linear_drift,linear_drift,difficult,True,absolute_error_hours,hours,valid_fraction,1.0,1.0,1.0,3,2000,20260902
CWT_pyBOAT,post_period_hours,3,S3_linear_drift,linear_drift,eligible,True,absolute_error_hours,hours,primary_error,0.02778599630609513,0.021962148920779967,0.04962853442834714,49,2000,20260902
CWT_pyBOAT,post_period_hours,3,S3_linear_drift,linear_drift,eligible,True,absolute_error_hours,hours,primary_error_deterioration_from_target_only,0.0,0.0,0.0,49,2000,20260902
CWT_pyBOAT,post_period_hours,3,S3_linear_drift,linear_drift,eligible,True,absolute_error_hours,hours,ratio_log_error,0.0027527400000254996,0.0010771579788988002,0.00620230300616185,49,2000,20260902
CWT_pyBOAT,post_period_hours,3,S3_linear_drift,linear_drift,eligible,True,absolute_error_hours,hours,ratio_log_error_deterioration_from_target_only,7.562074139994728e-08,-7.667250295549985e-06,5.4914191250499795e-06,49,2000,20260902
CWT_pyBOAT,post_period_hours,3,S3_linear_drift,linear_drift,eligible,True,absolute_error_hours,hours,processing_success_fraction,1.0,1.0,1.0,49,2000,20260902
CWT_pyBOAT,post_period_hours,3,S3_linear_drift,linear_drift,eligible,True,absolute_error_hours,hours,valid_fraction,1.0,1.0,1.0,49,2000,20260902
CWT_pyBOAT,post_period_hours,3,S3_linear_drift,linear_drift,ineligible,True,absolute_error_hours,hours,primary_error,0.02769192842863788,,,1,0,20260902
CWT_pyBOAT,post_period_hours,3,S3_linear_drift,linear_drift,ineligible,True,absolute_error_hours,hours,primary_error_deterioration_from_target_only,0.0,,,1,0,20260902
CWT_pyBOAT,post_period_hours,3,S3_linear_drift,linear_drift,ineligible,True,absolute_error_hours,hours,ratio_log_error,0.0050024833774695,,,1,0,20260902
CWT_pyBOAT,post_period_hours,3,S3_linear_drift,linear_drift,ineligible,True,absolute_error_hours,hours,ratio_log_error_deterioration_from_target_only,-9.07471427854991e-06,,,1,0,20260902
CWT_pyBOAT,post_period_hours,3,S3_linear_drift,linear_drift,ineligible,True,absolute_error_hours,hours,processing_success_fraction,1.0,,,1,0,20260902
CWT_pyBOAT,post_period_hours,3,S3_linear_drift,linear_drift,ineligible,True,absolute_error_hours,hours,valid_fraction,1.0,,,1,0,20260902
CWT_pyBOAT,post_period_hours,4,S4_baseline_step,baseline_step,difficult,True,absolute_error_hours,hours,primary_error,0.028910834811222585,0.01604665331928956,0.16040572656243235,3,2000,20260902
CWT_pyBOAT,post_period_hours,4,S4_baseline_step,baseline_step,difficult,True,absolute_error_hours,hours,primary_error_deterioration_from_target_only,-0.0034437923885182187,-0.008609480971291106,0.0,3,2000,20260902
CWT_pyBOAT,post_period_hours,4,S4_baseline_step,baseline_step,difficult,True,absolute_error_hours,hours,ratio_log_error,0.00128548343349185,0.00050672373551055,0.01504580376335285,3,2000,20260902
CWT_pyBOAT,post_period_hours,4,S4_baseline_step,baseline_step,difficult,True,absolute_error_hours,hours,ratio_log_error_deterioration_from_target_only,0.0001151829810594,-0.0012203731124114008,0.0002460407653000064,3,2000,20260902
CWT_pyBOAT,post_period_hours,4,S4_baseline_step,baseline_step,difficult,True,absolute_error_hours,hours,processing_success_fraction,1.0,1.0,1.0,3,2000,20260902
CWT_pyBOAT,post_period_hours,4,S4_baseline_step,baseline_step,difficult,True,absolute_error_hours,hours,valid_fraction,1.0,1.0,1.0,3,2000,20260902
CWT_pyBOAT,post_period_hours,4,S4_baseline_step,baseline_step,eligible,True,absolute_error_hours,hours,primary_error,0.040079868273990016,0.023905759347671918,0.05638083960973361,49,2000,20260902
CWT_pyBOAT,post_period_hours,4,S4_baseline_step,baseline_step,eligible,True,absolute_error_hours,hours,primary_error_deterioration_from_target_only,0.0,0.0,0.0014590656736874763,49,2000,20260902
CWT_pyBOAT,post_period_hours,4,S4_baseline_step,baseline_step,eligible,True,absolute_error_hours,hours,ratio_log_error,0.0019014608717766,0.00148371226272755,0.00319322421066485,49,2000,20260902
CWT_pyBOAT,post_period_hours,4,S4_baseline_step,baseline_step,eligible,True,absolute_error_hours,hours,ratio_log_error_deterioration_from_target_only,1.0342416690500047e-05,-0.00037507192074745,0.00060112492631725,49,2000,20260902
CWT_pyBOAT,post_period_hours,4,S4_baseline_step,baseline_step,eligible,True,absolute_error_hours,hours,processing_success_fraction,1.0,1.0,1.0,49,2000,20260902
CWT_pyBOAT,post_period_hours,4,S4_baseline_step,baseline_step,eligible,True,absolute_error_hours,hours,valid_fraction,1.0,1.0,1.0,49,2000,20260902
CWT_pyBOAT,post_period_hours,4,S4_baseline_step,baseline_step,ineligible,True,absolute_error_hours,hours,primary_error,0.02769192842863788,,,1,0,20260902
CWT_pyBOAT,post_period_hours,4,S4_baseline_step,baseline_step,ineligible,True,absolute_error_hours,hours,primary_error_deterioration_from_target_only,0.0,,,1,0,20260902
CWT_pyBOAT,post_period_hours,4,S4_baseline_step,baseline_step,ineligible,True,absolute_error_hours,hours,ratio_log_error,0.0087843478483487,,,1,0,20260902
CWT_pyBOAT,post_period_hours,4,S4_baseline_step,baseline_step,ineligible,True,absolute_error_hours,hours,ratio_log_error_deterioration_from_target_only,0.0040638669274519,,,1,0,20260902
CWT_pyBOAT,post_period_hours,4,S4_baseline_step,baseline_step,ineligible,True,absolute_error_hours,hours,processing_success_fraction,1.0,,,1,0,20260902
CWT_pyBOAT,post_period_hours,4,S4_baseline_step,baseline_step,ineligible,True,absolute_error_hours,hours,valid_fraction,1.0,,,1,0,20260902
CWT_pyBOAT,post_period_hours,5,S5_acute_treatment_transient,acute_treatment_transient,difficult,True,absolute_error_hours,hours,primary_error,0.02010303993140994,0.01907018347586309,0.1840558507744845,3,2000,20260902
CWT_pyBOAT,post_period_hours,5,S5_acute_treatment_transient,acute_treatment_transient,difficult,True,absolute_error_hours,hours,primary_error_deterioration_from_target_only,0.0,-0.019299183571259704,0.0,3,2000,20260902
CWT_pyBOAT,post_period_hours,5,S5_acute_treatment_transient,acute_treatment_transient,difficult,True,absolute_error_hours,hours,ratio_log_error,0.0046400356246033,0.0004289728528799,0.01627897655427605,3,2000,20260902
CWT_pyBOAT,post_period_hours,5,S5_acute_treatment_transient,acute_treatment_transient,difficult,True,absolute_error_hours,hours,ratio_log_error_deterioration_from_target_only,-7.99410347976006e-05,-0.00016964307874740007,0.0033260990016591497,3,2000,20260902
CWT_pyBOAT,post_period_hours,5,S5_acute_treatment_transient,acute_treatment_transient,difficult,True,absolute_error_hours,hours,processing_success_fraction,1.0,1.0,1.0,3,2000,20260902
CWT_pyBOAT,post_period_hours,5,S5_acute_treatment_transient,acute_treatment_transient,difficult,True,absolute_error_hours,hours,valid_fraction,1.0,1.0,1.0,3,2000,20260902
CWT_pyBOAT,post_period_hours,5,S5_acute_treatment_transient,acute_treatment_transient,eligible,True,absolute_error_hours,hours,primary_error,0.02961578156643263,0.02384815542223251,0.05950531705965645,49,2000,20260902
CWT_pyBOAT,post_period_hours,5,S5_acute_treatment_transient,acute_treatment_transient,eligible,True,absolute_error_hours,hours,primary_error_deterioration_from_target_only,0.0,0.0,0.0,49,2000,20260902
CWT_pyBOAT,post_period_hours,5,S5_acute_treatment_transient,acute_treatment_transient,eligible,True,absolute_error_hours,hours,ratio_log_error,0.0038227614610188004,0.00124582041700255,0.0063654819453105,49,2000,20260902
CWT_pyBOAT,post_period_hours,5,S5_acute_treatment_transient,acute_treatment_transient,eligible,True,absolute_error_hours,hours,ratio_log_error_deterioration_from_target_only,5.552281866774998e-05,-0.00024781534813944937,0.0013639735248388496,49,2000,20260902
CWT_pyBOAT,post_period_hours,5,S5_acute_treatment_transient,acute_treatment_transient,eligible,True,absolute_error_hours,hours,processing_success_fraction,1.0,1.0,1.0,49,2000,20260902
CWT_pyBOAT,post_period_hours,5,S5_acute_treatment_transient,acute_treatment_transient,eligible,True,absolute_error_hours,hours,valid_fraction,1.0,1.0,1.0,49,2000,20260902
CWT_pyBOAT,post_period_hours,5,S5_acute_treatment_transient,acute_treatment_transient,ineligible,True,absolute_error_hours,hours,primary_error,0.07659020816424267,,,1,0,20260902
CWT_pyBOAT,post_period_hours,5,S5_acute_treatment_transient,acute_treatment_transient,ineligible,True,absolute_error_hours,hours,primary_error_deterioration_from_target_only,0.055831789809301924,,,1,0,20260902
CWT_pyBOAT,post_period_hours,5,S5_acute_treatment_transient,acute_treatment_transient,ineligible,True,absolute_error_hours,hours,ratio_log_error,0.0034772075496652,,,1,0,20260902
CWT_pyBOAT,post_period_hours,5,S5_acute_treatment_transient,acute_treatment_transient,ineligible,True,absolute_error_hours,hours,ratio_log_error_deterioration_from_target_only,-0.0019036663482196999,,,1,0,20260902
CWT_pyBOAT,post_period_hours,5,S5_acute_treatment_transient,acute_treatment_transient,ineligible,True,absolute_error_hours,hours,processing_success_fraction,1.0,,,1,0,20260902
CWT_pyBOAT,post_period_hours,5,S5_acute_treatment_transient,acute_treatment_transient,ineligible,True,absolute_error_hours,hours,valid_fraction,1.0,,,1,0,20260902
CWT_pyBOAT,pre_amplitude_trajectory,0,S0_target_only,target_only,difficult,True,target_segment_calibrated_absolute_nrmse,NRMSE,primary_error,0.35165850642747576,0.2545681019758069,0.9680182650622244,11,2000,20260902
CWT_pyBOAT,pre_amplitude_trajectory,0,S0_target_only,target_only,difficult,True,target_segment_calibrated_absolute_nrmse,NRMSE,primary_error_deterioration_from_target_only,0.0,0.0,0.0,11,2000,20260902
CWT_pyBOAT,pre_amplitude_trajectory,0,S0_target_only,target_only,difficult,True,target_segment_calibrated_absolute_nrmse,NRMSE,trajectory_pearson,0.9466713877436749,0.5343703467066302,0.9612031022320304,11,2000,20260902
CWT_pyBOAT,pre_amplitude_trajectory,0,S0_target_only,target_only,difficult,True,target_segment_calibrated_absolute_nrmse,NRMSE,trajectory_pearson_deterioration_from_target_only,0.0,0.0,0.0,11,2000,20260902
CWT_pyBOAT,pre_amplitude_trajectory,0,S0_target_only,target_only,difficult,True,target_segment_calibrated_absolute_nrmse,NRMSE,target_segment_shape_nrmse,0.2874272454102606,0.24315944508516396,0.5652550916176956,11,2000,20260902
CWT_pyBOAT,pre_amplitude_trajectory,0,S0_target_only,target_only,difficult,True,target_segment_calibrated_absolute_nrmse,NRMSE,target_segment_shape_nrmse_deterioration_from_target_only,0.0,0.0,0.0,11,2000,20260902
CWT_pyBOAT,pre_amplitude_trajectory,0,S0_target_only,target_only,difficult,True,target_segment_calibrated_absolute_nrmse,NRMSE,envelope_log_rate_absolute_error_per_day,0.32421672074675034,0.12825113765866897,0.521179876780457,11,2000,20260902
CWT_pyBOAT,pre_amplitude_trajectory,0,S0_target_only,target_only,difficult,True,target_segment_calibrated_absolute_nrmse,NRMSE,envelope_log_rate_absolute_error_deterioration_from_target_only,0.0,0.0,0.0,11,2000,20260902
CWT_pyBOAT,pre_amplitude_trajectory,0,S0_target_only,target_only,difficult,True,target_segment_calibrated_absolute_nrmse,NRMSE,ratio_log_error,0.3745041424108003,0.07292508571847925,0.6090297765086992,11,2000,20260902
CWT_pyBOAT,pre_amplitude_trajectory,0,S0_target_only,target_only,difficult,True,target_segment_calibrated_absolute_nrmse,NRMSE,ratio_log_error_deterioration_from_target_only,0.0,0.0,0.0,11,2000,20260902
CWT_pyBOAT,pre_amplitude_trajectory,0,S0_target_only,target_only,difficult,True,target_segment_calibrated_absolute_nrmse,NRMSE,processing_success_fraction,1.0,1.0,1.0,11,2000,20260902
CWT_pyBOAT,pre_amplitude_trajectory,0,S0_target_only,target_only,difficult,True,target_segment_calibrated_absolute_nrmse,NRMSE,valid_fraction,1.0,1.0,1.0,11,2000,20260902
CWT_pyBOAT,pre_amplitude_trajectory,0,S0_target_only,target_only,eligible,True,target_segment_calibrated_absolute_nrmse,NRMSE,primary_error,0.13742012200198145,0.12348233950054785,0.15325303415743963,41,2000,20260902
CWT_pyBOAT,pre_amplitude_trajectory,0,S0_target_only,target_only,eligible,True,target_segment_calibrated_absolute_nrmse,NRMSE,primary_error_deterioration_from_target_only,0.0,0.0,0.0,41,2000,20260902
CWT_pyBOAT,pre_amplitude_trajectory,0,S0_target_only,target_only,eligible,True,target_segment_calibrated_absolute_nrmse,NRMSE,trajectory_pearson,0.9776431532203029,0.9738990280112909,0.9814287965813617,41,2000,20260902
CWT_pyBOAT,pre_amplitude_trajectory,0,S0_target_only,target_only,eligible,True,target_segment_calibrated_absolute_nrmse,NRMSE,trajectory_pearson_deterioration_from_target_only,0.0,0.0,0.0,41,2000,20260902
CWT_pyBOAT,pre_amplitude_trajectory,0,S0_target_only,target_only,eligible,True,target_segment_calibrated_absolute_nrmse,NRMSE,target_segment_shape_nrmse,0.13428880272784183,0.12037733370018741,0.14921958471215147,41,2000,20260902
CWT_pyBOAT,pre_amplitude_trajectory,0,S0_target_only,target_only,eligible,True,target_segment_calibrated_absolute_nrmse,NRMSE,target_segment_shape_nrmse_deterioration_from_target_only,0.0,0.0,0.0,41,2000,20260902
CWT_pyBOAT,pre_amplitude_trajectory,0,S0_target_only,target_only,eligible,True,target_segment_calibrated_absolute_nrmse,NRMSE,envelope_log_rate_absolute_error_per_day,0.10921232645440011,0.09860098680148432,0.12061741443069209,41,2000,20260902
CWT_pyBOAT,pre_amplitude_trajectory,0,S0_target_only,target_only,eligible,True,target_segment_calibrated_absolute_nrmse,NRMSE,envelope_log_rate_absolute_error_deterioration_from_target_only,0.0,0.0,0.0,41,2000,20260902
CWT_pyBOAT,pre_amplitude_trajectory,0,S0_target_only,target_only,eligible,True,target_segment_calibrated_absolute_nrmse,NRMSE,ratio_log_error,0.09120143958252765,0.08203134758268066,0.1069890209538686,41,2000,20260902
CWT_pyBOAT,pre_amplitude_trajectory,0,S0_target_only,target_only,eligible,True,target_segment_calibrated_absolute_nrmse,NRMSE,ratio_log_error_deterioration_from_target_only,0.0,0.0,0.0,41,2000,20260902
CWT_pyBOAT,pre_amplitude_trajectory,0,S0_target_only,target_only,eligible,True,target_segment_calibrated_absolute_nrmse,NRMSE,processing_success_fraction,1.0,1.0,1.0,41,2000,20260902
CWT_pyBOAT,pre_amplitude_trajectory,0,S0_target_only,target_only,eligible,True,target_segment_calibrated_absolute_nrmse,NRMSE,valid_fraction,1.0,1.0,1.0,41,2000,20260902
CWT_pyBOAT,pre_amplitude_trajectory,0,S0_target_only,target_only,ineligible,True,target_segment_calibrated_absolute_nrmse,NRMSE,primary_error,0.2512943208178909,,,1,0,20260902
CWT_pyBOAT,pre_amplitude_trajectory,0,S0_target_only,target_only,ineligible,True,target_segment_calibrated_absolute_nrmse,NRMSE,primary_error_deterioration_from_target_only,0.0,,,1,0,20260902
CWT_pyBOAT,pre_amplitude_trajectory,0,S0_target_only,target_only,ineligible,True,target_segment_calibrated_absolute_nrmse,NRMSE,trajectory_pearson,0.9420471388674914,,,1,0,20260902
CWT_pyBOAT,pre_amplitude_trajectory,0,S0_target_only,target_only,ineligible,True,target_segment_calibrated_absolute_nrmse,NRMSE,trajectory_pearson_deterioration_from_target_only,0.0,,,1,0,20260902
CWT_pyBOAT,pre_amplitude_trajectory,0,S0_target_only,target_only,ineligible,True,target_segment_calibrated_absolute_nrmse,NRMSE,target_segment_shape_nrmse,0.22832039658347408,,,1,0,20260902
CWT_pyBOAT,pre_amplitude_trajectory,0,S0_target_only,target_only,ineligible,True,target_segment_calibrated_absolute_nrmse,NRMSE,target_segment_shape_nrmse_deterioration_from_target_only,0.0,,,1,0,20260902
CWT_pyBOAT,pre_amplitude_trajectory,0,S0_target_only,target_only,ineligible,True,target_segment_calibrated_absolute_nrmse,NRMSE,envelope_log_rate_absolute_error_per_day,0.20522853411123543,,,1,0,20260902
CWT_pyBOAT,pre_amplitude_trajectory,0,S0_target_only,target_only,ineligible,True,target_segment_calibrated_absolute_nrmse,NRMSE,envelope_log_rate_absolute_error_deterioration_from_target_only,0.0,,,1,0,20260902
CWT_pyBOAT,pre_amplitude_trajectory,0,S0_target_only,target_only,ineligible,True,target_segment_calibrated_absolute_nrmse,NRMSE,ratio_log_error,0.2209427983363128,,,1,0,20260902
CWT_pyBOAT,pre_amplitude_trajectory,0,S0_target_only,target_only,ineligible,True,target_segment_calibrated_absolute_nrmse,NRMSE,ratio_log_error_deterioration_from_target_only,0.0,,,1,0,20260902
CWT_pyBOAT,pre_amplitude_trajectory,0,S0_target_only,target_only,ineligible,True,target_segment_calibrated_absolute_nrmse,NRMSE,processing_success_fraction,1.0,,,1,0,20260902
CWT_pyBOAT,pre_amplitude_trajectory,0,S0_target_only,target_only,ineligible,True,target_segment_calibrated_absolute_nrmse,NRMSE,valid_fraction,1.0,,,1,0,20260902
CWT_pyBOAT,pre_amplitude_trajectory,1,S1_pre_period,pre_period,difficult,True,target_segment_calibrated_absolute_nrmse,NRMSE,primary_error,0.4489597402247848,0.35253514862452684,0.8866330964822838,11,2000,20260902
CWT_pyBOAT,pre_amplitude_trajectory,1,S1_pre_period,pre_period,difficult,True,target_segment_calibrated_absolute_nrmse,NRMSE,primary_error_deterioration_from_target_only,0.06125883699910731,0.008604092343260233,0.14460718340637832,11,2000,20260902
CWT_pyBOAT,pre_amplitude_trajectory,1,S1_pre_period,pre_period,difficult,True,target_segment_calibrated_absolute_nrmse,NRMSE,trajectory_pearson,0.8406686263554137,0.3503378824319998,0.945071219754724,11,2000,20260902
CWT_pyBOAT,pre_amplitude_trajectory,1,S1_pre_period,pre_period,difficult,True,target_segment_calibrated_absolute_nrmse,NRMSE,trajectory_pearson_deterioration_from_target_only,0.019596965516998965,0.005465200602493281,0.06965881383911174,11,2000,20260902
CWT_pyBOAT,pre_amplitude_trajectory,1,S1_pre_period,pre_period,difficult,True,target_segment_calibrated_absolute_nrmse,NRMSE,target_segment_shape_nrmse,0.40231936889991154,0.2545437759129266,0.655499224443217,11,2000,20260902
CWT_pyBOAT,pre_amplitude_trajectory,1,S1_pre_period,pre_period,difficult,True,target_segment_calibrated_absolute_nrmse,NRMSE,target_segment_shape_nrmse_deterioration_from_target_only,0.06766096020524129,0.002599875211140565,0.13589749869877416,11,2000,20260902
CWT_pyBOAT,pre_amplitude_trajectory,1,S1_pre_period,pre_period,difficult,True,target_segment_calibrated_absolute_nrmse,NRMSE,envelope_log_rate_absolute_error_per_day,0.3903806963543991,0.1370520837456415,0.5347792762074711,11,2000,20260902
CWT_pyBOAT,pre_amplitude_trajectory,1,S1_pre_period,pre_period,difficult,True,target_segment_calibrated_absolute_nrmse,NRMSE,envelope_log_rate_absolute_error_deterioration_from_target_only,0.0513490414689477,0.00880094608697253,0.10340299260886968,11,2000,20260902
CWT_pyBOAT,pre_amplitude_trajectory,1,S1_pre_period,pre_period,difficult,True,target_segment_calibrated_absolute_nrmse,NRMSE,ratio_log_error,0.48755408773617637,0.06537827671985405,0.6856172731248131,11,2000,20260902
CWT_pyBOAT,pre_amplitude_trajectory,1,S1_pre_period,pre_period,difficult,True,target_segment_calibrated_absolute_nrmse,NRMSE,ratio_log_error_deterioration_from_target_only,0.08817065771220366,0.004580058845539052,0.1100250693855156,11,2000,20260902
CWT_pyBOAT,pre_amplitude_trajectory,1,S1_pre_period,pre_period,difficult,True,target_segment_calibrated_absolute_nrmse,NRMSE,processing_success_fraction,1.0,1.0,1.0,11,2000,20260902
CWT_pyBOAT,pre_amplitude_trajectory,1,S1_pre_period,pre_period,difficult,True,target_segment_calibrated_absolute_nrmse,NRMSE,valid_fraction,1.0,1.0,1.0,11,2000,20260902
CWT_pyBOAT,pre_amplitude_trajectory,1,S1_pre_period,pre_period,eligible,True,target_segment_calibrated_absolute_nrmse,NRMSE,primary_error,0.15180242605872835,0.13571215035219944,0.1912076124008425,41,2000,20260902
CWT_pyBOAT,pre_amplitude_trajectory,1,S1_pre_period,pre_period,eligible,True,target_segment_calibrated_absolute_nrmse,NRMSE,primary_error_deterioration_from_target_only,0.0235369263191798,0.007779530499957103,0.035527348027634846,41,2000,20260902
CWT_pyBOAT,pre_amplitude_trajectory,1,S1_pre_period,pre_period,eligible,True,target_segment_calibrated_absolute_nrmse,NRMSE,trajectory_pearson,0.9673429531353409,0.9584110928253238,0.9747201077848908,41,2000,20260902
CWT_pyBOAT,pre_amplitude_trajectory,1,S1_pre_period,pre_period,eligible,True,target_segment_calibrated_absolute_nrmse,NRMSE,trajectory_pearson_deterioration_from_target_only,0.009055926771346146,0.002580651174708848,0.011972174380208866,41,2000,20260902
CWT_pyBOAT,pre_amplitude_trajectory,1,S1_pre_period,pre_period,eligible,True,target_segment_calibrated_absolute_nrmse,NRMSE,target_segment_shape_nrmse,0.14921826371871325,0.13433676408262457,0.18717183840791235,41,2000,20260902
CWT_pyBOAT,pre_amplitude_trajectory,1,S1_pre_period,pre_period,eligible,True,target_segment_calibrated_absolute_nrmse,NRMSE,target_segment_shape_nrmse_deterioration_from_target_only,0.022430692205388666,0.007587194966228804,0.0355670979423343,41,2000,20260902
CWT_pyBOAT,pre_amplitude_trajectory,1,S1_pre_period,pre_period,eligible,True,target_segment_calibrated_absolute_nrmse,NRMSE,envelope_log_rate_absolute_error_per_day,0.12427450778454088,0.10753429839300702,0.15298227144647908,41,2000,20260902
CWT_pyBOAT,pre_amplitude_trajectory,1,S1_pre_period,pre_period,eligible,True,target_segment_calibrated_absolute_nrmse,NRMSE,envelope_log_rate_absolute_error_deterioration_from_target_only,0.01949171724126844,0.006772434269821839,0.029633744283848393,41,2000,20260902
CWT_pyBOAT,pre_amplitude_trajectory,1,S1_pre_period,pre_period,eligible,True,target_segment_calibrated_absolute_nrmse,NRMSE,ratio_log_error,0.0992699415953246,0.0820511594365588,0.12292257747504075,41,2000,20260902
CWT_pyBOAT,pre_amplitude_trajectory,1,S1_pre_period,pre_period,eligible,True,target_segment_calibrated_absolute_nrmse,NRMSE,ratio_log_error_deterioration_from_target_only,0.004398790055010253,0.0008281726007949505,0.015190709317408697,41,2000,20260902
CWT_pyBOAT,pre_amplitude_trajectory,1,S1_pre_period,pre_period,eligible,True,target_segment_calibrated_absolute_nrmse,NRMSE,processing_success_fraction,1.0,1.0,1.0,41,2000,20260902
CWT_pyBOAT,pre_amplitude_trajectory,1,S1_pre_period,pre_period,eligible,True,target_segment_calibrated_absolute_nrmse,NRMSE,valid_fraction,1.0,1.0,1.0,41,2000,20260902
CWT_pyBOAT,pre_amplitude_trajectory,1,S1_pre_period,pre_period,ineligible,True,target_segment_calibrated_absolute_nrmse,NRMSE,primary_error,0.3960257455970258,,,1,0,20260902
CWT_pyBOAT,pre_amplitude_trajectory,1,S1_pre_period,pre_period,ineligible,True,target_segment_calibrated_absolute_nrmse,NRMSE,primary_error_deterioration_from_target_only,0.08699956901390982,,,1,0,20260902
CWT_pyBOAT,pre_amplitude_trajectory,1,S1_pre_period,pre_period,ineligible,True,target_segment_calibrated_absolute_nrmse,NRMSE,trajectory_pearson,0.8860389756727454,,,1,0,20260902
CWT_pyBOAT,pre_amplitude_trajectory,1,S1_pre_period,pre_period,ineligible,True,target_segment_calibrated_absolute_nrmse,NRMSE,trajectory_pearson_deterioration_from_target_only,0.052669828405983,,,1,0,20260902
CWT_pyBOAT,pre_amplitude_trajectory,1,S1_pre_period,pre_period,ineligible,True,target_segment_calibrated_absolute_nrmse,NRMSE,target_segment_shape_nrmse,0.3582369057911336,,,1,0,20260902
CWT_pyBOAT,pre_amplitude_trajectory,1,S1_pre_period,pre_period,ineligible,True,target_segment_calibrated_absolute_nrmse,NRMSE,target_segment_shape_nrmse_deterioration_from_target_only,0.0825041527118737,,,1,0,20260902
CWT_pyBOAT,pre_amplitude_trajectory,1,S1_pre_period,pre_period,ineligible,True,target_segment_calibrated_absolute_nrmse,NRMSE,envelope_log_rate_absolute_error_per_day,0.3112144153813491,,,1,0,20260902
CWT_pyBOAT,pre_amplitude_trajectory,1,S1_pre_period,pre_period,ineligible,True,target_segment_calibrated_absolute_nrmse,NRMSE,envelope_log_rate_absolute_error_deterioration_from_target_only,0.06739517222475672,,,1,0,20260902
CWT_pyBOAT,pre_amplitude_trajectory,1,S1_pre_period,pre_period,ineligible,True,target_segment_calibrated_absolute_nrmse,NRMSE,ratio_log_error,0.33345882346906913,,,1,0,20260902
CWT_pyBOAT,pre_amplitude_trajectory,1,S1_pre_period,pre_period,ineligible,True,target_segment_calibrated_absolute_nrmse,NRMSE,ratio_log_error_deterioration_from_target_only,0.08385748639627745,,,1,0,20260902
CWT_pyBOAT,pre_amplitude_trajectory,1,S1_pre_period,pre_period,ineligible,True,target_segment_calibrated_absolute_nrmse,NRMSE,processing_success_fraction,1.0,,,1,0,20260902
CWT_pyBOAT,pre_amplitude_trajectory,1,S1_pre_period,pre_period,ineligible,True,target_segment_calibrated_absolute_nrmse,NRMSE,valid_fraction,1.0,,,1,0,20260902
CWT_pyBOAT,pre_amplitude_trajectory,2,S2_linear_drift,linear_drift,difficult,True,target_segment_calibrated_absolute_nrmse,NRMSE,primary_error,0.34870344506277307,0.2546264889467189,0.968220893750475,11,2000,20260902
CWT_pyBOAT,pre_amplitude_trajectory,2,S2_linear_drift,linear_drift,difficult,True,target_segment_calibrated_absolute_nrmse,NRMSE,primary_error_deterioration_from_target_only,3.372512721475096e-05,-0.002685897805847548,8.321096849595033e-05,11,2000,20260902
CWT_pyBOAT,pre_amplitude_trajectory,2,S2_linear_drift,linear_drift,difficult,True,target_segment_calibrated_absolute_nrmse,NRMSE,trajectory_pearson,0.9466720492595733,0.5356034996143423,0.9611802874241588,11,2000,20260902
CWT_pyBOAT,pre_amplitude_trajectory,2,S2_linear_drift,linear_drift,difficult,True,target_segment_calibrated_absolute_nrmse,NRMSE,trajectory_pearson_deterioration_from_target_only,0.0005492687468800495,-0.00014265185060874375,0.0010620313838689555,11,2000,20260902
CWT_pyBOAT,pre_amplitude_trajectory,2,S2_linear_drift,linear_drift,difficult,True,target_segment_calibrated_absolute_nrmse,NRMSE,target_segment_shape_nrmse,0.2873342192292868,0.24331777355930034,0.5697634673608027,11,2000,20260902
CWT_pyBOAT,pre_amplitude_trajectory,2,S2_linear_drift,linear_drift,difficult,True,target_segment_calibrated_absolute_nrmse,NRMSE,target_segment_shape_nrmse_deterioration_from_target_only,0.0002235540374526529,-0.00048046826280562227,0.0023316104195357235,11,2000,20260902
CWT_pyBOAT,pre_amplitude_trajectory,2,S2_linear_drift,linear_drift,difficult,True,target_segment_calibrated_absolute_nrmse,NRMSE,envelope_log_rate_absolute_error_per_day,0.32763186701228153,0.1286184605630613,0.5227305202105208,11,2000,20260902
CWT_pyBOAT,pre_amplitude_trajectory,2,S2_linear_drift,linear_drift,difficult,True,target_segment_calibrated_absolute_nrmse,NRMSE,envelope_log_rate_absolute_error_deterioration_from_target_only,0.00028885974213675725,-0.0003709278904199531,0.0018999133796654966,11,2000,20260902
CWT_pyBOAT,pre_amplitude_trajectory,2,S2_linear_drift,linear_drift,difficult,True,target_segment_calibrated_absolute_nrmse,NRMSE,ratio_log_error,0.37445907067256334,0.07146016489621135,0.6090229244921891,11,2000,20260902
CWT_pyBOAT,pre_amplitude_trajectory,2,S2_linear_drift,linear_drift,difficult,True,target_segment_calibrated_absolute_nrmse,NRMSE,ratio_log_error_deterioration_from_target_only,2.1888442848099626e-05,-0.000599380016595763,5.0606223995358635e-05,11,2000,20260902
CWT_pyBOAT,pre_amplitude_trajectory,2,S2_linear_drift,linear_drift,difficult,True,target_segment_calibrated_absolute_nrmse,NRMSE,processing_success_fraction,1.0,1.0,1.0,11,2000,20260902
CWT_pyBOAT,pre_amplitude_trajectory,2,S2_linear_drift,linear_drift,difficult,True,target_segment_calibrated_absolute_nrmse,NRMSE,valid_fraction,1.0,1.0,1.0,11,2000,20260902
CWT_pyBOAT,pre_amplitude_trajectory,2,S2_linear_drift,linear_drift,eligible,True,target_segment_calibrated_absolute_nrmse,NRMSE,primary_error,0.13744532200675313,0.1235447900002537,0.15320124246706057,41,2000,20260902
CWT_pyBOAT,pre_amplitude_trajectory,2,S2_linear_drift,linear_drift,eligible,True,target_segment_calibrated_absolute_nrmse,NRMSE,primary_error_deterioration_from_target_only,8.654972965119884e-05,1.5178973879551028e-05,0.0002911389155275043,41,2000,20260902
CWT_pyBOAT,pre_amplitude_trajectory,2,S2_linear_drift,linear_drift,eligible,True,target_segment_calibrated_absolute_nrmse,NRMSE,trajectory_pearson,0.9772641124881245,0.9738091319843044,0.9813530874001106,41,2000,20260902
CWT_pyBOAT,pre_amplitude_trajectory,2,S2_linear_drift,linear_drift,eligible,True,target_segment_calibrated_absolute_nrmse,NRMSE,trajectory_pearson_deterioration_from_target_only,8.562858054372846e-05,1.1907627267437881e-05,0.0002807190511155966,41,2000,20260902
CWT_pyBOAT,pre_amplitude_trajectory,2,S2_linear_drift,linear_drift,eligible,True,target_segment_calibrated_absolute_nrmse,NRMSE,target_segment_shape_nrmse,0.13597914805783023,0.1204513424922959,0.1496342692106353,41,2000,20260902
CWT_pyBOAT,pre_amplitude_trajectory,2,S2_linear_drift,linear_drift,eligible,True,target_segment_calibrated_absolute_nrmse,NRMSE,target_segment_shape_nrmse_deterioration_from_target_only,0.00029436776764479866,8.961510661979755e-05,0.001024611473622046,41,2000,20260902
CWT_pyBOAT,pre_amplitude_trajectory,2,S2_linear_drift,linear_drift,eligible,True,target_segment_calibrated_absolute_nrmse,NRMSE,envelope_log_rate_absolute_error_per_day,0.10921351280909544,0.09875856462479861,0.12070190955210457,41,2000,20260902
CWT_pyBOAT,pre_amplitude_trajectory,2,S2_linear_drift,linear_drift,eligible,True,target_segment_calibrated_absolute_nrmse,NRMSE,envelope_log_rate_absolute_error_deterioration_from_target_only,0.00013121517038648667,5.150889818719695e-05,0.0006385323696095901,41,2000,20260902
CWT_pyBOAT,pre_amplitude_trajectory,2,S2_linear_drift,linear_drift,eligible,True,target_segment_calibrated_absolute_nrmse,NRMSE,ratio_log_error,0.09120004512539695,0.08204621995408085,0.1074709637818407,41,2000,20260902
CWT_pyBOAT,pre_amplitude_trajectory,2,S2_linear_drift,linear_drift,eligible,True,target_segment_calibrated_absolute_nrmse,NRMSE,ratio_log_error_deterioration_from_target_only,1.5851117904905343e-05,-1.130091641300679e-06,2.7130773280301113e-05,41,2000,20260902
CWT_pyBOAT,pre_amplitude_trajectory,2,S2_linear_drift,linear_drift,eligible,True,target_segment_calibrated_absolute_nrmse,NRMSE,processing_success_fraction,1.0,1.0,1.0,41,2000,20260902
CWT_pyBOAT,pre_amplitude_trajectory,2,S2_linear_drift,linear_drift,eligible,True,target_segment_calibrated_absolute_nrmse,NRMSE,valid_fraction,1.0,1.0,1.0,41,2000,20260902
CWT_pyBOAT,pre_amplitude_trajectory,2,S2_linear_drift,linear_drift,ineligible,True,target_segment_calibrated_absolute_nrmse,NRMSE,primary_error,0.2515410615369836,,,1,0,20260902
CWT_pyBOAT,pre_amplitude_trajectory,2,S2_linear_drift,linear_drift,ineligible,True,target_segment_calibrated_absolute_nrmse,NRMSE,primary_error_deterioration_from_target_only,0.0002220394690277544,,,1,0,20260902
CWT_pyBOAT,pre_amplitude_trajectory,2,S2_linear_drift,linear_drift,ineligible,True,target_segment_calibrated_absolute_nrmse,NRMSE,trajectory_pearson,0.9417004546548452,,,1,0,20260902
CWT_pyBOAT,pre_amplitude_trajectory,2,S2_linear_drift,linear_drift,ineligible,True,target_segment_calibrated_absolute_nrmse,NRMSE,trajectory_pearson_deterioration_from_target_only,0.0003029967285119728,,,1,0,20260902
CWT_pyBOAT,pre_amplitude_trajectory,2,S2_linear_drift,linear_drift,ineligible,True,target_segment_calibrated_absolute_nrmse,NRMSE,target_segment_shape_nrmse,0.2290386253764148,,,1,0,20260902
CWT_pyBOAT,pre_amplitude_trajectory,2,S2_linear_drift,linear_drift,ineligible,True,target_segment_calibrated_absolute_nrmse,NRMSE,target_segment_shape_nrmse_deterioration_from_target_only,0.0007531492752523017,,,1,0,20260902
CWT_pyBOAT,pre_amplitude_trajectory,2,S2_linear_drift,linear_drift,ineligible,True,target_segment_calibrated_absolute_nrmse,NRMSE,envelope_log_rate_absolute_error_per_day,0.2056481531826005,,,1,0,20260902
CWT_pyBOAT,pre_amplitude_trajectory,2,S2_linear_drift,linear_drift,ineligible,True,target_segment_calibrated_absolute_nrmse,NRMSE,envelope_log_rate_absolute_error_deterioration_from_target_only,0.00045879190425150707,,,1,0,20260902
CWT_pyBOAT,pre_amplitude_trajectory,2,S2_linear_drift,linear_drift,ineligible,True,target_segment_calibrated_absolute_nrmse,NRMSE,ratio_log_error,0.22093031467420948,,,1,0,20260902
CWT_pyBOAT,pre_amplitude_trajectory,2,S2_linear_drift,linear_drift,ineligible,True,target_segment_calibrated_absolute_nrmse,NRMSE,ratio_log_error_deterioration_from_target_only,-2.5299470938600077e-05,,,1,0,20260902
CWT_pyBOAT,pre_amplitude_trajectory,2,S2_linear_drift,linear_drift,ineligible,True,target_segment_calibrated_absolute_nrmse,NRMSE,processing_success_fraction,1.0,,,1,0,20260902
CWT_pyBOAT,pre_amplitude_trajectory,2,S2_linear_drift,linear_drift,ineligible,True,target_segment_calibrated_absolute_nrmse,NRMSE,valid_fraction,1.0,,,1,0,20260902
CWT_pyBOAT,pre_period_hours,0,S0_target_only,target_only,difficult,True,absolute_error_hours,hours,primary_error,0.05064235111304427,0.02922829339992994,0.15300347247726975,10,2000,20260902
CWT_pyBOAT,pre_period_hours,0,S0_target_only,target_only,difficult,True,absolute_error_hours,hours,primary_error_deterioration_from_target_only,0.0,0.0,0.0,10,2000,20260902
CWT_pyBOAT,pre_period_hours,0,S0_target_only,target_only,difficult,True,absolute_error_hours,hours,ratio_log_error,0.00743640008218145,0.0030446357522591998,0.0119059544688828,10,2000,20260902
CWT_pyBOAT,pre_period_hours,0,S0_target_only,target_only,difficult,True,absolute_error_hours,hours,ratio_log_error_deterioration_from_target_only,0.0,0.0,0.0,10,2000,20260902
CWT_pyBOAT,pre_period_hours,0,S0_target_only,target_only,difficult,True,absolute_error_hours,hours,processing_success_fraction,1.0,1.0,1.0,10,2000,20260902
CWT_pyBOAT,pre_period_hours,0,S0_target_only,target_only,difficult,True,absolute_error_hours,hours,valid_fraction,1.0,1.0,1.0,10,2000,20260902
CWT_pyBOAT,pre_period_hours,0,S0_target_only,target_only,eligible,True,absolute_error_hours,hours,primary_error,0.018669408216751116,0.016748443946661418,0.020812192196837387,42,2000,20260902
CWT_pyBOAT,pre_period_hours,0,S0_target_only,target_only,eligible,True,absolute_error_hours,hours,primary_error_deterioration_from_target_only,0.0,0.0,0.0,42,2000,20260902
CWT_pyBOAT,pre_period_hours,0,S0_target_only,target_only,eligible,True,absolute_error_hours,hours,ratio_log_error,0.000927176411750975,0.00035974531493735004,0.003223185578175,42,2000,20260902
CWT_pyBOAT,pre_period_hours,0,S0_target_only,target_only,eligible,True,absolute_error_hours,hours,ratio_log_error_deterioration_from_target_only,0.0,0.0,0.0,42,2000,20260902
CWT_pyBOAT,pre_period_hours,0,S0_target_only,target_only,eligible,True,absolute_error_hours,hours,processing_success_fraction,1.0,1.0,1.0,42,2000,20260902
CWT_pyBOAT,pre_period_hours,0,S0_target_only,target_only,eligible,True,absolute_error_hours,hours,valid_fraction,1.0,1.0,1.0,42,2000,20260902
CWT_pyBOAT,pre_period_hours,0,S0_target_only,target_only,ineligible,True,absolute_error_hours,hours,primary_error,0.050086358535713416,,,1,0,20260902
CWT_pyBOAT,pre_period_hours,0,S0_target_only,target_only,ineligible,True,absolute_error_hours,hours,primary_error_deterioration_from_target_only,0.0,,,1,0,20260902
CWT_pyBOAT,pre_period_hours,0,S0_target_only,target_only,ineligible,True,absolute_error_hours,hours,ratio_log_error,0.00913390337920655,,,1,0,20260902
CWT_pyBOAT,pre_period_hours,0,S0_target_only,target_only,ineligible,True,absolute_error_hours,hours,ratio_log_error_deterioration_from_target_only,0.0,,,1,0,20260902
CWT_pyBOAT,pre_period_hours,0,S0_target_only,target_only,ineligible,True,absolute_error_hours,hours,processing_success_fraction,1.0,,,1,0,20260902
CWT_pyBOAT,pre_period_hours,0,S0_target_only,target_only,ineligible,True,absolute_error_hours,hours,valid_fraction,1.0,,,1,0,20260902
CWT_pyBOAT,pre_period_hours,1,S1_pre_amplitude,pre_amplitude,difficult,True,absolute_error_hours,hours,primary_error,0.03825535378072242,0.023415300398262673,0.1718765603991237,10,2000,20260902
CWT_pyBOAT,pre_period_hours,1,S1_pre_amplitude,pre_amplitude,difficult,True,absolute_error_hours,hours,primary_error_deterioration_from_target_only,0.0001229925853039049,0.0,0.0206627543310951,10,2000,20260902
CWT_pyBOAT,pre_period_hours,1,S1_pre_amplitude,pre_amplitude,difficult,True,absolute_error_hours,hours,ratio_log_error,0.013933037105738526,0.00824741327274075,0.0391653435895523,10,2000,20260902
CWT_pyBOAT,pre_period_hours,1,S1_pre_amplitude,pre_amplitude,difficult,True,absolute_error_hours,hours,ratio_log_error_deterioration_from_target_only,0.0076333362712222505,-0.00237980121199785,0.034572838541649054,10,2000,20260902
CWT_pyBOAT,pre_period_hours,1,S1_pre_amplitude,pre_amplitude,difficult,True,absolute_error_hours,hours,processing_success_fraction,1.0,1.0,1.0,10,2000,20260902
CWT_pyBOAT,pre_period_hours,1,S1_pre_amplitude,pre_amplitude,difficult,True,absolute_error_hours,hours,valid_fraction,1.0,1.0,1.0,10,2000,20260902
CWT_pyBOAT,pre_period_hours,1,S1_pre_amplitude,pre_amplitude,eligible,True,absolute_error_hours,hours,primary_error,0.018161860731772173,0.016299271754183664,0.019808807177087218,42,2000,20260902
CWT_pyBOAT,pre_period_hours,1,S1_pre_amplitude,pre_amplitude,eligible,True,absolute_error_hours,hours,primary_error_deterioration_from_target_only,0.0,0.0,0.0,42,2000,20260902
CWT_pyBOAT,pre_period_hours,1,S1_pre_amplitude,pre_amplitude,eligible,True,absolute_error_hours,hours,ratio_log_error,0.012349791063607299,0.009529857425876202,0.016519611029561575,42,2000,20260902
CWT_pyBOAT,pre_period_hours,1,S1_pre_amplitude,pre_amplitude,eligible,True,absolute_error_hours,hours,ratio_log_error_deterioration_from_target_only,0.010945919234002024,0.00786676156845965,0.013995167004168795,42,2000,20260902
CWT_pyBOAT,pre_period_hours,1,S1_pre_amplitude,pre_amplitude,eligible,True,absolute_error_hours,hours,processing_success_fraction,1.0,1.0,1.0,42,2000,20260902
CWT_pyBOAT,pre_period_hours,1,S1_pre_amplitude,pre_amplitude,eligible,True,absolute_error_hours,hours,valid_fraction,1.0,1.0,1.0,42,2000,20260902
CWT_pyBOAT,pre_period_hours,1,S1_pre_amplitude,pre_amplitude,ineligible,True,absolute_error_hours,hours,primary_error,0.051804325620311786,,,1,0,20260902
CWT_pyBOAT,pre_period_hours,1,S1_pre_amplitude,pre_amplitude,ineligible,True,absolute_error_hours,hours,primary_error_deterioration_from_target_only,0.0,,,1,0,20260902
CWT_pyBOAT,pre_period_hours,1,S1_pre_amplitude,pre_amplitude,ineligible,True,absolute_error_hours,hours,ratio_log_error,0.0112820746288883,,,1,0,20260902
CWT_pyBOAT,pre_period_hours,1,S1_pre_amplitude,pre_amplitude,ineligible,True,absolute_error_hours,hours,ratio_log_error_deterioration_from_target_only,0.0022768978964062,,,1,0,20260902
CWT_pyBOAT,pre_period_hours,1,S1_pre_amplitude,pre_amplitude,ineligible,True,absolute_error_hours,hours,processing_success_fraction,1.0,,,1,0,20260902
CWT_pyBOAT,pre_period_hours,1,S1_pre_amplitude,pre_amplitude,ineligible,True,absolute_error_hours,hours,valid_fraction,1.0,,,1,0,20260902
CWT_pyBOAT,pre_period_hours,2,S2_pre_envelope,pre_envelope,difficult,True,absolute_error_hours,hours,primary_error,0.193922212020043,0.08756830595556231,0.32543802203990246,10,2000,20260902
CWT_pyBOAT,pre_period_hours,2,S2_pre_envelope,pre_envelope,difficult,True,absolute_error_hours,hours,primary_error_deterioration_from_target_only,0.12022525213479796,0.04157149383279801,0.18774818146677497,10,2000,20260902
CWT_pyBOAT,pre_period_hours,2,S2_pre_envelope,pre_envelope,difficult,True,absolute_error_hours,hours,ratio_log_error,0.31098043861234503,0.165519077908667,0.7253632278197764,10,2000,20260902
CWT_pyBOAT,pre_period_hours,2,S2_pre_envelope,pre_envelope,difficult,True,absolute_error_hours,hours,ratio_log_error_deterioration_from_target_only,0.3060257984472021,0.12605928774339378,0.6573593063885959,10,2000,20260902
CWT_pyBOAT,pre_period_hours,2,S2_pre_envelope,pre_envelope,difficult,True,absolute_error_hours,hours,processing_success_fraction,1.0,1.0,1.0,10,2000,20260902
CWT_pyBOAT,pre_period_hours,2,S2_pre_envelope,pre_envelope,difficult,True,absolute_error_hours,hours,valid_fraction,1.0,1.0,1.0,10,2000,20260902
CWT_pyBOAT,pre_period_hours,2,S2_pre_envelope,pre_envelope,eligible,True,absolute_error_hours,hours,primary_error,0.05593417829202885,0.049051011927867094,0.06569869148409335,42,2000,20260902
CWT_pyBOAT,pre_period_hours,2,S2_pre_envelope,pre_envelope,eligible,True,absolute_error_hours,hours,primary_error_deterioration_from_target_only,0.03351586119406402,0.018391638716870773,0.045557612908432965,42,2000,20260902
CWT_pyBOAT,pre_period_hours,2,S2_pre_envelope,pre_envelope,eligible,True,absolute_error_hours,hours,ratio_log_error,0.09492492541831694,0.08055840280699811,0.11629075394621227,42,2000,20260902
CWT_pyBOAT,pre_period_hours,2,S2_pre_envelope,pre_envelope,eligible,True,absolute_error_hours,hours,ratio_log_error_deterioration_from_target_only,0.09098116295603452,0.08014802633231216,0.11429519419104084,42,2000,20260902
CWT_pyBOAT,pre_period_hours,2,S2_pre_envelope,pre_envelope,eligible,True,absolute_error_hours,hours,processing_success_fraction,1.0,1.0,1.0,42,2000,20260902
CWT_pyBOAT,pre_period_hours,2,S2_pre_envelope,pre_envelope,eligible,True,absolute_error_hours,hours,valid_fraction,1.0,1.0,1.0,42,2000,20260902
CWT_pyBOAT,pre_period_hours,2,S2_pre_envelope,pre_envelope,ineligible,True,absolute_error_hours,hours,primary_error,0.06947836613600344,,,1,0,20260902
CWT_pyBOAT,pre_period_hours,2,S2_pre_envelope,pre_envelope,ineligible,True,absolute_error_hours,hours,primary_error_deterioration_from_target_only,0.019186843307446466,,,1,0,20260902
CWT_pyBOAT,pre_period_hours,2,S2_pre_envelope,pre_envelope,ineligible,True,absolute_error_hours,hours,ratio_log_error,0.19833283524535406,,,1,0,20260902
CWT_pyBOAT,pre_period_hours,2,S2_pre_envelope,pre_envelope,ineligible,True,absolute_error_hours,hours,ratio_log_error_deterioration_from_target_only,0.18715428662917816,,,1,0,20260902
CWT_pyBOAT,pre_period_hours,2,S2_pre_envelope,pre_envelope,ineligible,True,absolute_error_hours,hours,processing_success_fraction,1.0,,,1,0,20260902
CWT_pyBOAT,pre_period_hours,2,S2_pre_envelope,pre_envelope,ineligible,True,absolute_error_hours,hours,valid_fraction,1.0,,,1,0,20260902
CWT_pyBOAT,pre_period_hours,3,S3_linear_drift,linear_drift,difficult,True,absolute_error_hours,hours,primary_error,0.05064235111304427,0.02922829339992994,0.14671907368943415,10,2000,20260902
CWT_pyBOAT,pre_period_hours,3,S3_linear_drift,linear_drift,difficult,True,absolute_error_hours,hours,primary_error_deterioration_from_target_only,0.0,0.0,0.0,10,2000,20260902
CWT_pyBOAT,pre_period_hours,3,S3_linear_drift,linear_drift,difficult,True,absolute_error_hours,hours,ratio_log_error,0.007542362867206875,0.00269417237050715,0.01190932735481996,10,2000,20260902
CWT_pyBOAT,pre_period_hours,3,S3_linear_drift,linear_drift,difficult,True,absolute_error_hours,hours,ratio_log_error_deterioration_from_target_only,-7.024898183499614e-06,-9.874333820265001e-05,0.00017818630069314995,10,2000,20260902
CWT_pyBOAT,pre_period_hours,3,S3_linear_drift,linear_drift,difficult,True,absolute_error_hours,hours,processing_success_fraction,1.0,1.0,1.0,10,2000,20260902
CWT_pyBOAT,pre_period_hours,3,S3_linear_drift,linear_drift,difficult,True,absolute_error_hours,hours,valid_fraction,1.0,1.0,1.0,10,2000,20260902
CWT_pyBOAT,pre_period_hours,3,S3_linear_drift,linear_drift,eligible,True,absolute_error_hours,hours,primary_error,0.018669408216751116,0.016680797510033152,0.020812192196837387,42,2000,20260902
CWT_pyBOAT,pre_period_hours,3,S3_linear_drift,linear_drift,eligible,True,absolute_error_hours,hours,primary_error_deterioration_from_target_only,0.0,0.0,0.0,42,2000,20260902
CWT_pyBOAT,pre_period_hours,3,S3_linear_drift,linear_drift,eligible,True,absolute_error_hours,hours,ratio_log_error,0.000884117641707425,0.00035785115467324997,0.003183660945222525,42,2000,20260902
CWT_pyBOAT,pre_period_hours,3,S3_linear_drift,linear_drift,eligible,True,absolute_error_hours,hours,ratio_log_error_deterioration_from_target_only,8.73826922749991e-08,-1.585447773024977e-06,2.811056748649966e-06,42,2000,20260902
CWT_pyBOAT,pre_period_hours,3,S3_linear_drift,linear_drift,eligible,True,absolute_error_hours,hours,processing_success_fraction,1.0,1.0,1.0,42,2000,20260902
CWT_pyBOAT,pre_period_hours,3,S3_linear_drift,linear_drift,eligible,True,absolute_error_hours,hours,valid_fraction,1.0,1.0,1.0,42,2000,20260902
CWT_pyBOAT,pre_period_hours,3,S3_linear_drift,linear_drift,ineligible,True,absolute_error_hours,hours,primary_error,0.050086358535713416,,,1,0,20260902
CWT_pyBOAT,pre_period_hours,3,S3_linear_drift,linear_drift,ineligible,True,absolute_error_hours,hours,primary_error_deterioration_from_target_only,0.0,,,1,0,20260902
CWT_pyBOAT,pre_period_hours,3,S3_linear_drift,linear_drift,ineligible,True,absolute_error_hours,hours,ratio_log_error,0.0090898704715485,,,1,0,20260902
CWT_pyBOAT,pre_period_hours,3,S3_linear_drift,linear_drift,ineligible,True,absolute_error_hours,hours,ratio_log_error_deterioration_from_target_only,4.272164694879956e-05,,,1,0,20260902
CWT_pyBOAT,pre_period_hours,3,S3_linear_drift,linear_drift,ineligible,True,absolute_error_hours,hours,processing_success_fraction,1.0,,,1,0,20260902
CWT_pyBOAT,pre_period_hours,3,S3_linear_drift,linear_drift,ineligible,True,absolute_error_hours,hours,valid_fraction,1.0,,,1,0,20260902
Hilbert,phase_shift_hours,0,S0_target_only,target_only,difficult,True,circular_absolute_error_radians,radians,primary_error,0.23949066021344656,0.16617246445955103,0.3374543410536157,11,2000,20260902
Hilbert,phase_shift_hours,0,S0_target_only,target_only,difficult,True,circular_absolute_error_radians,radians,primary_error_deterioration_from_target_only,0.0,0.0,0.0,11,2000,20260902
Hilbert,phase_shift_hours,0,S0_target_only,target_only,difficult,True,circular_absolute_error_radians,radians,phase_equivalent_absolute_error_hours,0.9147869375354767,0.6347320589879963,1.28898063471603,11,2000,20260902
Hilbert,phase_shift_hours,0,S0_target_only,target_only,difficult,True,circular_absolute_error_radians,radians,phase_equivalent_absolute_error_hours_deterioration_from_target_only,0.0,0.0,0.0,11,2000,20260902
Hilbert,phase_shift_hours,0,S0_target_only,target_only,difficult,True,circular_absolute_error_radians,radians,ratio_log_error,0.0254555766890594,0.01670312146374945,0.034633414897078954,11,2000,20260902
Hilbert,phase_shift_hours,0,S0_target_only,target_only,difficult,True,circular_absolute_error_radians,radians,ratio_log_error_deterioration_from_target_only,0.0,0.0,0.0,11,2000,20260902
Hilbert,phase_shift_hours,0,S0_target_only,target_only,difficult,True,circular_absolute_error_radians,radians,processing_success_fraction,1.0,1.0,1.0,11,2000,20260902
Hilbert,phase_shift_hours,0,S0_target_only,target_only,difficult,True,circular_absolute_error_radians,radians,valid_fraction,1.0,1.0,1.0,11,2000,20260902
Hilbert,phase_shift_hours,0,S0_target_only,target_only,eligible,True,circular_absolute_error_radians,radians,primary_error,0.2145459701805812,0.1704743223449321,0.27617284312091517,41,2000,20260902
Hilbert,phase_shift_hours,0,S0_target_only,target_only,eligible,True,circular_absolute_error_radians,radians,primary_error_deterioration_from_target_only,0.0,0.0,0.0,41,2000,20260902
Hilbert,phase_shift_hours,0,S0_target_only,target_only,eligible,True,circular_absolute_error_radians,radians,phase_equivalent_absolute_error_hours,0.819505240192461,0.6511639457144902,1.0549025551304685,41,2000,20260902
Hilbert,phase_shift_hours,0,S0_target_only,target_only,eligible,True,circular_absolute_error_radians,radians,phase_equivalent_absolute_error_hours_deterioration_from_target_only,0.0,0.0,0.0,41,2000,20260902
Hilbert,phase_shift_hours,0,S0_target_only,target_only,eligible,True,circular_absolute_error_radians,radians,ratio_log_error,0.026523787643879353,0.018678013195861203,0.03617258340842395,41,2000,20260902
Hilbert,phase_shift_hours,0,S0_target_only,target_only,eligible,True,circular_absolute_error_radians,radians,ratio_log_error_deterioration_from_target_only,0.0,0.0,0.0,41,2000,20260902
Hilbert,phase_shift_hours,0,S0_target_only,target_only,eligible,True,circular_absolute_error_radians,radians,processing_success_fraction,1.0,1.0,1.0,41,2000,20260902
Hilbert,phase_shift_hours,0,S0_target_only,target_only,eligible,True,circular_absolute_error_radians,radians,valid_fraction,1.0,1.0,1.0,41,2000,20260902
Hilbert,phase_shift_hours,0,S0_target_only,target_only,ineligible,True,circular_absolute_error_radians,radians,primary_error,0.3021299844038692,,,1,0,20260902
Hilbert,phase_shift_hours,0,S0_target_only,target_only,ineligible,True,circular_absolute_error_radians,radians,primary_error_deterioration_from_target_only,0.0,,,1,0,20260902
Hilbert,phase_shift_hours,0,S0_target_only,target_only,ineligible,True,circular_absolute_error_radians,radians,phase_equivalent_absolute_error_hours,1.1540515313796726,,,1,0,20260902
Hilbert,phase_shift_hours,0,S0_target_only,target_only,ineligible,True,circular_absolute_error_radians,radians,phase_equivalent_absolute_error_hours_deterioration_from_target_only,0.0,,,1,0,20260902
Hilbert,phase_shift_hours,0,S0_target_only,target_only,ineligible,True,circular_absolute_error_radians,radians,ratio_log_error,0.029152005145262748,,,1,0,20260902
Hilbert,phase_shift_hours,0,S0_target_only,target_only,ineligible,True,circular_absolute_error_radians,radians,ratio_log_error_deterioration_from_target_only,0.0,,,1,0,20260902
Hilbert,phase_shift_hours,0,S0_target_only,target_only,ineligible,True,circular_absolute_error_radians,radians,processing_success_fraction,1.0,,,1,0,20260902
Hilbert,phase_shift_hours,0,S0_target_only,target_only,ineligible,True,circular_absolute_error_radians,radians,valid_fraction,1.0,,,1,0,20260902
Hilbert,phase_shift_hours,1,S1_pre_amplitude,pre_amplitude,difficult,True,circular_absolute_error_radians,radians,primary_error,0.24166850356695413,0.15569598067475088,0.5646677667722027,11,2000,20260902
Hilbert,phase_shift_hours,1,S1_pre_amplitude,pre_amplitude,difficult,True,circular_absolute_error_radians,radians,primary_error_deterioration_from_target_only,0.00026246312551236883,-0.0007318966960807582,0.18629144895195537,11,2000,20260902
Hilbert,phase_shift_hours,1,S1_pre_amplitude,pre_amplitude,difficult,True,circular_absolute_error_radians,radians,phase_equivalent_absolute_error_hours,0.9231056863752503,0.5947148386542436,2.156871990874981,11,2000,20260902
Hilbert,phase_shift_hours,1,S1_pre_amplitude,pre_amplitude,difficult,True,circular_absolute_error_radians,radians,phase_equivalent_absolute_error_hours_deterioration_from_target_only,0.0010025352913113905,-0.0027956394483330815,0.7115809189549245,11,2000,20260902
Hilbert,phase_shift_hours,1,S1_pre_amplitude,pre_amplitude,difficult,True,circular_absolute_error_radians,radians,ratio_log_error,0.02545658957519345,0.01725229543183225,0.0343520475464243,11,2000,20260902
Hilbert,phase_shift_hours,1,S1_pre_amplitude,pre_amplitude,difficult,True,circular_absolute_error_radians,radians,ratio_log_error_deterioration_from_target_only,0.0007022704201166997,-0.00969602825479555,0.006454612916034401,11,2000,20260902
Hilbert,phase_shift_hours,1,S1_pre_amplitude,pre_amplitude,difficult,True,circular_absolute_error_radians,radians,processing_success_fraction,1.0,1.0,1.0,11,2000,20260902
Hilbert,phase_shift_hours,1,S1_pre_amplitude,pre_amplitude,difficult,True,circular_absolute_error_radians,radians,valid_fraction,1.0,1.0,1.0,11,2000,20260902
Hilbert,phase_shift_hours,1,S1_pre_amplitude,pre_amplitude,eligible,True,circular_absolute_error_radians,radians,primary_error,0.211071589828693,0.16946855218045642,0.27361945879153193,41,2000,20260902
Hilbert,phase_shift_hours,1,S1_pre_amplitude,pre_amplitude,eligible,True,circular_absolute_error_radians,radians,primary_error_deterioration_from_target_only,0.0005805139675132409,-0.00034128489126317163,0.004445389768538366,41,2000,20260902
Hilbert,phase_shift_hours,1,S1_pre_amplitude,pre_amplitude,eligible,True,circular_absolute_error_radians,radians,phase_equivalent_absolute_error_hours,0.8062340848200362,0.6473221866755146,1.0451493454272351,41,2000,20260902
Hilbert,phase_shift_hours,1,S1_pre_amplitude,pre_amplitude,eligible,True,circular_absolute_error_radians,radians,phase_equivalent_absolute_error_hours_deterioration_from_target_only,0.0022174000191269028,-0.001303612258730713,0.01698013813519239,41,2000,20260902
Hilbert,phase_shift_hours,1,S1_pre_amplitude,pre_amplitude,eligible,True,circular_absolute_error_radians,radians,ratio_log_error,0.027629035299257948,0.018482189307802252,0.03304175490377225,41,2000,20260902
Hilbert,phase_shift_hours,1,S1_pre_amplitude,pre_amplitude,eligible,True,circular_absolute_error_radians,radians,ratio_log_error_deterioration_from_target_only,0.00029925582251494993,-0.0018050550832004499,0.0014864028061100012,41,2000,20260902
Hilbert,phase_shift_hours,1,S1_pre_amplitude,pre_amplitude,eligible,True,circular_absolute_error_radians,radians,processing_success_fraction,1.0,1.0,1.0,41,2000,20260902
Hilbert,phase_shift_hours,1,S1_pre_amplitude,pre_amplitude,eligible,True,circular_absolute_error_radians,radians,valid_fraction,1.0,1.0,1.0,41,2000,20260902
Hilbert,phase_shift_hours,1,S1_pre_amplitude,pre_amplitude,ineligible,True,circular_absolute_error_radians,radians,primary_error,0.3130824506727592,,,1,0,20260902
Hilbert,phase_shift_hours,1,S1_pre_amplitude,pre_amplitude,ineligible,True,circular_absolute_error_radians,radians,primary_error_deterioration_from_target_only,0.012740749770195237,,,1,0,20260902
Hilbert,phase_shift_hours,1,S1_pre_amplitude,pre_amplitude,ineligible,True,circular_absolute_error_radians,radians,phase_equivalent_absolute_error_hours,1.1958868708774588,,,1,0,20260902
Hilbert,phase_shift_hours,1,S1_pre_amplitude,pre_amplitude,ineligible,True,circular_absolute_error_radians,radians,phase_equivalent_absolute_error_hours_deterioration_from_target_only,0.04866607931096412,,,1,0,20260902
Hilbert,phase_shift_hours,1,S1_pre_amplitude,pre_amplitude,ineligible,True,circular_absolute_error_radians,radians,ratio_log_error,0.0188949127646275,,,1,0,20260902
Hilbert,phase_shift_hours,1,S1_pre_amplitude,pre_amplitude,ineligible,True,circular_absolute_error_radians,radians,ratio_log_error_deterioration_from_target_only,-0.011854283085839499,,,1,0,20260902
Hilbert,phase_shift_hours,1,S1_pre_amplitude,pre_amplitude,ineligible,True,circular_absolute_error_radians,radians,processing_success_fraction,1.0,,,1,0,20260902
Hilbert,phase_shift_hours,1,S1_pre_amplitude,pre_amplitude,ineligible,True,circular_absolute_error_radians,radians,valid_fraction,1.0,,,1,0,20260902
Hilbert,phase_shift_hours,2,S2_post_amplitude,post_amplitude,difficult,True,circular_absolute_error_radians,radians,primary_error,0.23958416420751227,0.14911028054501774,0.3589082059637583,11,2000,20260902
Hilbert,phase_shift_hours,2,S2_post_amplitude,post_amplitude,difficult,True,circular_absolute_error_radians,radians,primary_error_deterioration_from_target_only,-0.0003307615377607931,-0.003681274979957294,0.011552827054050141,11,2000,20260902
Hilbert,phase_shift_hours,2,S2_post_amplitude,post_amplitude,difficult,True,circular_absolute_error_radians,radians,phase_equivalent_absolute_error_hours,0.9151440964839822,0.5695593171494123,1.3709283622890287,11,2000,20260902
Hilbert,phase_shift_hours,2,S2_post_amplitude,post_amplitude,difficult,True,circular_absolute_error_radians,radians,phase_equivalent_absolute_error_hours_deterioration_from_target_only,-0.001263416009263274,-0.014061434638577286,0.04412854877610861,11,2000,20260902
Hilbert,phase_shift_hours,2,S2_post_amplitude,post_amplitude,difficult,True,circular_absolute_error_radians,radians,ratio_log_error,0.02632891701988145,0.019054837461918002,0.049189312320187153,11,2000,20260902
Hilbert,phase_shift_hours,2,S2_post_amplitude,post_amplitude,difficult,True,circular_absolute_error_radians,radians,ratio_log_error_deterioration_from_target_only,0.00020114819566949965,-0.005927241801945052,0.0016302778386739006,11,2000,20260902
Hilbert,phase_shift_hours,2,S2_post_amplitude,post_amplitude,difficult,True,circular_absolute_error_radians,radians,processing_success_fraction,1.0,1.0,1.0,11,2000,20260902
Hilbert,phase_shift_hours,2,S2_post_amplitude,post_amplitude,difficult,True,circular_absolute_error_radians,radians,valid_fraction,1.0,1.0,1.0,11,2000,20260902
Hilbert,phase_shift_hours,2,S2_post_amplitude,post_amplitude,eligible,True,circular_absolute_error_radians,radians,primary_error,0.20307657142177638,0.15812719175714807,0.2958320801705794,41,2000,20260902
Hilbert,phase_shift_hours,2,S2_post_amplitude,post_amplitude,eligible,True,circular_absolute_error_radians,radians,primary_error_deterioration_from_target_only,-0.0007460889718977626,-0.0031067700357425565,0.0027685847027534294,41,2000,20260902
Hilbert,phase_shift_hours,2,S2_post_amplitude,post_amplitude,eligible,True,circular_absolute_error_radians,radians,phase_equivalent_absolute_error_hours,0.775695364030321,0.604001380929363,1.1299953092233341,41,2000,20260902
Hilbert,phase_shift_hours,2,S2_post_amplitude,post_amplitude,eligible,True,circular_absolute_error_radians,radians,phase_equivalent_absolute_error_hours_deterioration_from_target_only,-0.0028498499487331075,-0.011866987397717105,0.010575214579483516,41,2000,20260902
Hilbert,phase_shift_hours,2,S2_post_amplitude,post_amplitude,eligible,True,circular_absolute_error_radians,radians,ratio_log_error,0.0273195414940764,0.0201595461313028,0.0340940139826269,41,2000,20260902
Hilbert,phase_shift_hours,2,S2_post_amplitude,post_amplitude,eligible,True,circular_absolute_error_radians,radians,ratio_log_error_deterioration_from_target_only,-0.00014730738900994942,-0.0017804028734150123,0.0018307828409976502,41,2000,20260902
Hilbert,phase_shift_hours,2,S2_post_amplitude,post_amplitude,eligible,True,circular_absolute_error_radians,radians,processing_success_fraction,1.0,1.0,1.0,41,2000,20260902
Hilbert,phase_shift_hours,2,S2_post_amplitude,post_amplitude,eligible,True,circular_absolute_error_radians,radians,valid_fraction,1.0,1.0,1.0,41,2000,20260902
Hilbert,phase_shift_hours,2,S2_post_amplitude,post_amplitude,ineligible,True,circular_absolute_error_radians,radians,primary_error,0.30110106418250715,,,1,0,20260902
Hilbert,phase_shift_hours,2,S2_post_amplitude,post_amplitude,ineligible,True,circular_absolute_error_radians,radians,primary_error_deterioration_from_target_only,-0.00031496951965337416,,,1,0,20260902
Hilbert,phase_shift_hours,2,S2_post_amplitude,post_amplitude,ineligible,True,circular_absolute_error_radians,radians,phase_equivalent_absolute_error_hours,1.1501213456370252,,,1,0,20260902
Hilbert,phase_shift_hours,2,S2_post_amplitude,post_amplitude,ineligible,True,circular_absolute_error_radians,radians,phase_equivalent_absolute_error_hours_deterioration_from_target_only,-0.0012030949434267413,,,1,0,20260902
Hilbert,phase_shift_hours,2,S2_post_amplitude,post_amplitude,ineligible,True,circular_absolute_error_radians,radians,ratio_log_error,0.0274371184614704,,,1,0,20260902
Hilbert,phase_shift_hours,2,S2_post_amplitude,post_amplitude,ineligible,True,circular_absolute_error_radians,radians,ratio_log_error_deterioration_from_target_only,-0.0023403581102644493,,,1,0,20260902
Hilbert,phase_shift_hours,2,S2_post_amplitude,post_amplitude,ineligible,True,circular_absolute_error_radians,radians,processing_success_fraction,1.0,,,1,0,20260902
Hilbert,phase_shift_hours,2,S2_post_amplitude,post_amplitude,ineligible,True,circular_absolute_error_radians,radians,valid_fraction,1.0,,,1,0,20260902
Hilbert,phase_shift_hours,3,S3_pre_period,pre_period,difficult,True,circular_absolute_error_radians,radians,primary_error,0.10323980668270183,0.05318857560885881,0.28291094347441104,11,2000,20260902
Hilbert,phase_shift_hours,3,S3_pre_period,pre_period,difficult,True,circular_absolute_error_radians,radians,primary_error_deterioration_from_target_only,-0.0954047802811866,-0.24511929630912288,0.03421986936188759,11,2000,20260902
Hilbert,phase_shift_hours,3,S3_pre_period,pre_period,difficult,True,circular_absolute_error_radians,radians,phase_equivalent_absolute_error_hours,0.3943470133776885,0.20316539338000553,1.0806402026098634,11,2000,20260902
Hilbert,phase_shift_hours,3,S3_pre_period,pre_period,difficult,True,circular_absolute_error_radians,radians,phase_equivalent_absolute_error_hours_deterioration_from_target_only,-0.3644194170323287,-0.9362867437152933,0.13071027266167945,11,2000,20260902
Hilbert,phase_shift_hours,3,S3_pre_period,pre_period,difficult,True,circular_absolute_error_radians,radians,ratio_log_error,0.2622704239101882,0.06850562055983295,0.3152049757365203,11,2000,20260902
Hilbert,phase_shift_hours,3,S3_pre_period,pre_period,difficult,True,circular_absolute_error_radians,radians,ratio_log_error_deterioration_from_target_only,0.2425356314173255,0.016930388639681253,0.28909591282383407,11,2000,20260902
Hilbert,phase_shift_hours,3,S3_pre_period,pre_period,difficult,True,circular_absolute_error_radians,radians,processing_success_fraction,1.0,1.0,1.0,11,2000,20260902
Hilbert,phase_shift_hours,3,S3_pre_period,pre_period,difficult,True,circular_absolute_error_radians,radians,valid_fraction,1.0,1.0,1.0,11,2000,20260902
Hilbert,phase_shift_hours,3,S3_pre_period,pre_period,eligible,True,circular_absolute_error_radians,radians,primary_error,0.19893951993738135,0.17182973622765818,0.29233621029044543,41,2000,20260902
Hilbert,phase_shift_hours,3,S3_pre_period,pre_period,eligible,True,circular_absolute_error_radians,radians,primary_error_deterioration_from_target_only,0.013470203005326198,-0.007461090261244863,0.03351932986474182,41,2000,20260902
Hilbert,phase_shift_hours,3,S3_pre_period,pre_period,eligible,True,circular_absolute_error_radians,radians,phase_equivalent_absolute_error_hours,0.7598929913847098,0.6563412453793998,1.1166420698994286,41,2000,20260902
Hilbert,phase_shift_hours,3,S3_pre_period,pre_period,eligible,True,circular_absolute_error_radians,radians,phase_equivalent_absolute_error_hours_deterioration_from_target_only,0.051452385425975244,-0.028499265502366103,0.12803440889043483,41,2000,20260902
Hilbert,phase_shift_hours,3,S3_pre_period,pre_period,eligible,True,circular_absolute_error_radians,radians,ratio_log_error,0.0281862006474903,0.02197353655895465,0.04786128674472975,41,2000,20260902
Hilbert,phase_shift_hours,3,S3_pre_period,pre_period,eligible,True,circular_absolute_error_radians,radians,ratio_log_error_deterioration_from_target_only,0.0020416424887829514,-0.0003145684538356,0.009624791849461248,41,2000,20260902
Hilbert,phase_shift_hours,3,S3_pre_period,pre_period,eligible,True,circular_absolute_error_radians,radians,processing_success_fraction,1.0,1.0,1.0,41,2000,20260902
Hilbert,phase_shift_hours,3,S3_pre_period,pre_period,eligible,True,circular_absolute_error_radians,radians,valid_fraction,1.0,1.0,1.0,41,2000,20260902
Hilbert,phase_shift_hours,3,S3_pre_period,pre_period,ineligible,True,circular_absolute_error_radians,radians,primary_error,0.14240641029375478,,,1,0,20260902
Hilbert,phase_shift_hours,3,S3_pre_period,pre_period,ineligible,True,circular_absolute_error_radians,radians,primary_error_deterioration_from_target_only,-0.16259281193302044,,,1,0,20260902
Hilbert,phase_shift_hours,3,S3_pre_period,pre_period,ineligible,True,circular_absolute_error_radians,radians,phase_equivalent_absolute_error_hours,0.5439524190293674,,,1,0,20260902
Hilbert,phase_shift_hours,3,S3_pre_period,pre_period,ineligible,True,circular_absolute_error_radians,radians,phase_equivalent_absolute_error_hours_deterioration_from_target_only,-0.6210587935284266,,,1,0,20260902
Hilbert,phase_shift_hours,3,S3_pre_period,pre_period,ineligible,True,circular_absolute_error_radians,radians,ratio_log_error,0.28475755572613665,,,1,0,20260902
Hilbert,phase_shift_hours,3,S3_pre_period,pre_period,ineligible,True,circular_absolute_error_radians,radians,ratio_log_error_deterioration_from_target_only,0.25844851543736636,,,1,0,20260902
Hilbert,phase_shift_hours,3,S3_pre_period,pre_period,ineligible,True,circular_absolute_error_radians,radians,processing_success_fraction,1.0,,,1,0,20260902
Hilbert,phase_shift_hours,3,S3_pre_period,pre_period,ineligible,True,circular_absolute_error_radians,radians,valid_fraction,1.0,,,1,0,20260902
Hilbert,phase_shift_hours,4,S4_post_period,post_period,difficult,True,circular_absolute_error_radians,radians,primary_error,0.2793732495320569,0.26644373752542583,0.3063830115641619,11,2000,20260902
Hilbert,phase_shift_hours,4,S4_post_period,post_period,difficult,True,circular_absolute_error_radians,radians,primary_error_deterioration_from_target_only,0.012908781597900543,-0.026516955156257183,0.08047048015490099,11,2000,20260902
Hilbert,phase_shift_hours,4,S4_post_period,post_period,difficult,True,circular_absolute_error_radians,radians,phase_equivalent_absolute_error_hours,1.185062260372145,1.0745199251347648,1.2503731840222638,11,2000,20260902
Hilbert,phase_shift_hours,4,S4_post_period,post_period,difficult,True,circular_absolute_error_radians,radians,phase_equivalent_absolute_error_hours_deterioration_from_target_only,0.05670063161301697,-0.0649782970606182,0.38088237847683554,11,2000,20260902
Hilbert,phase_shift_hours,4,S4_post_period,post_period,difficult,True,circular_absolute_error_radians,radians,ratio_log_error,0.0229217190338454,0.00811866607842045,0.04584775915100325,11,2000,20260902
Hilbert,phase_shift_hours,4,S4_post_period,post_period,difficult,True,circular_absolute_error_radians,radians,ratio_log_error_deterioration_from_target_only,0.0029394957389219985,-0.02678687795834005,0.01622917491773225,11,2000,20260902
Hilbert,phase_shift_hours,4,S4_post_period,post_period,difficult,True,circular_absolute_error_radians,radians,processing_success_fraction,1.0,1.0,1.0,11,2000,20260902
Hilbert,phase_shift_hours,4,S4_post_period,post_period,difficult,True,circular_absolute_error_radians,radians,valid_fraction,1.0,1.0,1.0,11,2000,20260902
Hilbert,phase_shift_hours,4,S4_post_period,post_period,eligible,True,circular_absolute_error_radians,radians,primary_error,0.21777021043579947,0.15900715278182886,0.28873902677704244,41,2000,20260902
Hilbert,phase_shift_hours,4,S4_post_period,post_period,eligible,True,circular_absolute_error_radians,radians,primary_error_deterioration_from_target_only,-0.0010598376877624105,-0.025008338451382173,0.021196268830025566,41,2000,20260902
Hilbert,phase_shift_hours,4,S4_post_period,post_period,eligible,True,circular_absolute_error_radians,radians,phase_equivalent_absolute_error_hours,0.9232524589592966,0.6496211873834459,1.1274732826930038,41,2000,20260902
Hilbert,phase_shift_hours,4,S4_post_period,post_period,eligible,True,circular_absolute_error_radians,radians,phase_equivalent_absolute_error_hours_deterioration_from_target_only,0.020851778971426205,-0.0687581293706776,0.13110392788977077,41,2000,20260902
Hilbert,phase_shift_hours,4,S4_post_period,post_period,eligible,True,circular_absolute_error_radians,radians,ratio_log_error,0.025546795334587348,0.02295724194538195,0.030302326676864548,41,2000,20260902
Hilbert,phase_shift_hours,4,S4_post_period,post_period,eligible,True,circular_absolute_error_radians,radians,ratio_log_error_deterioration_from_target_only,-0.0028109000770490996,-0.0076644274585916,0.0023370177819958,41,2000,20260902
Hilbert,phase_shift_hours,4,S4_post_period,post_period,eligible,True,circular_absolute_error_radians,radians,processing_success_fraction,1.0,1.0,1.0,41,2000,20260902
Hilbert,phase_shift_hours,4,S4_post_period,post_period,eligible,True,circular_absolute_error_radians,radians,valid_fraction,1.0,1.0,1.0,41,2000,20260902
Hilbert,phase_shift_hours,4,S4_post_period,post_period,ineligible,True,circular_absolute_error_radians,radians,primary_error,0.23947900269647882,,,1,0,20260902
Hilbert,phase_shift_hours,4,S4_post_period,post_period,ineligible,True,circular_absolute_error_radians,radians,primary_error_deterioration_from_target_only,-0.08112784414115737,,,1,0,20260902
Hilbert,phase_shift_hours,4,S4_post_period,post_period,ineligible,True,circular_absolute_error_radians,radians,phase_equivalent_absolute_error_hours,1.053512451875942,,,1,0,20260902
Hilbert,phase_shift_hours,4,S4_post_period,post_period,ineligible,True,circular_absolute_error_radians,radians,phase_equivalent_absolute_error_hours_deterioration_from_target_only,-0.1776551859733193,,,1,0,20260902
Hilbert,phase_shift_hours,4,S4_post_period,post_period,ineligible,True,circular_absolute_error_radians,radians,ratio_log_error,0.13077496811682526,,,1,0,20260902
Hilbert,phase_shift_hours,4,S4_post_period,post_period,ineligible,True,circular_absolute_error_radians,radians,ratio_log_error_deterioration_from_target_only,0.0979128734581553,,,1,0,20260902
Hilbert,phase_shift_hours,4,S4_post_period,post_period,ineligible,True,circular_absolute_error_radians,radians,processing_success_fraction,1.0,,,1,0,20260902
Hilbert,phase_shift_hours,4,S4_post_period,post_period,ineligible,True,circular_absolute_error_radians,radians,valid_fraction,1.0,,,1,0,20260902
Hilbert,phase_shift_hours,5,S5_pre_envelope,pre_envelope,difficult,True,circular_absolute_error_radians,radians,primary_error,0.9583099702970428,0.3498435802962594,1.815542900290175,11,2000,20260902
Hilbert,phase_shift_hours,5,S5_pre_envelope,pre_envelope,difficult,True,circular_absolute_error_radians,radians,primary_error_deterioration_from_target_only,0.7220948954248776,0.009035968871426547,1.470135110450606,11,2000,20260902
Hilbert,phase_shift_hours,5,S5_pre_envelope,pre_envelope,difficult,True,circular_absolute_error_radians,radians,phase_equivalent_absolute_error_hours,3.6604744508885223,1.336304042714786,6.934863047437858,11,2000,20260902
Hilbert,phase_shift_hours,5,S5_pre_envelope,pre_envelope,difficult,True,circular_absolute_error_radians,radians,phase_equivalent_absolute_error_hours_deterioration_from_target_only,2.758199327719068,0.034514858676288784,5.615502476187923,11,2000,20260902
Hilbert,phase_shift_hours,5,S5_pre_envelope,pre_envelope,difficult,True,circular_absolute_error_radians,radians,ratio_log_error,0.1107455191456837,0.07761029573238815,0.187589924253132,11,2000,20260902
Hilbert,phase_shift_hours,5,S5_pre_envelope,pre_envelope,difficult,True,circular_absolute_error_radians,radians,ratio_log_error_deterioration_from_target_only,0.09512276912414289,0.0413393784113556,0.13031590089152617,11,2000,20260902
Hilbert,phase_shift_hours,5,S5_pre_envelope,pre_envelope,difficult,True,circular_absolute_error_radians,radians,processing_success_fraction,1.0,1.0,1.0,11,2000,20260902
Hilbert,phase_shift_hours,5,S5_pre_envelope,pre_envelope,difficult,True,circular_absolute_error_radians,radians,valid_fraction,1.0,1.0,1.0,11,2000,20260902
Hilbert,phase_shift_hours,5,S5_pre_envelope,pre_envelope,eligible,True,circular_absolute_error_radians,radians,primary_error,0.2667778064926387,0.19885600518615032,0.3509933615081722,41,2000,20260902
Hilbert,phase_shift_hours,5,S5_pre_envelope,pre_envelope,eligible,True,circular_absolute_error_radians,radians,primary_error_deterioration_from_target_only,0.03248841022870863,0.017477024642570393,0.10051455170353307,41,2000,20260902
Hilbert,phase_shift_hours,5,S5_pre_envelope,pre_envelope,eligible,True,circular_absolute_error_radians,radians,phase_equivalent_absolute_error_hours,1.019016158652398,0.7595739885332016,1.3406958834351888,41,2000,20260902
Hilbert,phase_shift_hours,5,S5_pre_envelope,pre_envelope,eligible,True,circular_absolute_error_radians,radians,phase_equivalent_absolute_error_hours_deterioration_from_target_only,0.12409658594631057,0.06675731669769458,0.38393730615079624,41,2000,20260902
Hilbert,phase_shift_hours,5,S5_pre_envelope,pre_envelope,eligible,True,circular_absolute_error_radians,radians,ratio_log_error,0.0964315479625803,0.0750861494809042,0.10581568353963765,41,2000,20260902
Hilbert,phase_shift_hours,5,S5_pre_envelope,pre_envelope,eligible,True,circular_absolute_error_radians,radians,ratio_log_error_deterioration_from_target_only,0.0591424096370807,0.0279535181212264,0.06786631544289956,41,2000,20260902
Hilbert,phase_shift_hours,5,S5_pre_envelope,pre_envelope,eligible,True,circular_absolute_error_radians,radians,processing_success_fraction,1.0,1.0,1.0,41,2000,20260902
Hilbert,phase_shift_hours,5,S5_pre_envelope,pre_envelope,eligible,True,circular_absolute_error_radians,radians,valid_fraction,1.0,1.0,1.0,41,2000,20260902
Hilbert,phase_shift_hours,5,S5_pre_envelope,pre_envelope,ineligible,True,circular_absolute_error_radians,radians,primary_error,0.5837422682448907,,,1,0,20260902
Hilbert,phase_shift_hours,5,S5_pre_envelope,pre_envelope,ineligible,True,circular_absolute_error_radians,radians,primary_error_deterioration_from_target_only,0.2886391222805038,,,1,0,20260902
Hilbert,phase_shift_hours,5,S5_pre_envelope,pre_envelope,ineligible,True,circular_absolute_error_radians,radians,phase_equivalent_absolute_error_hours,2.2297312195883876,,,1,0,20260902
Hilbert,phase_shift_hours,5,S5_pre_envelope,pre_envelope,ineligible,True,circular_absolute_error_radians,radians,phase_equivalent_absolute_error_hours_deterioration_from_target_only,1.1025202339355569,,,1,0,20260902
Hilbert,phase_shift_hours,5,S5_pre_envelope,pre_envelope,ineligible,True,circular_absolute_error_radians,radians,ratio_log_error,0.08849843672057185,,,1,0,20260902
Hilbert,phase_shift_hours,5,S5_pre_envelope,pre_envelope,ineligible,True,circular_absolute_error_radians,radians,ratio_log_error_deterioration_from_target_only,0.05910969885014851,,,1,0,20260902
Hilbert,phase_shift_hours,5,S5_pre_envelope,pre_envelope,ineligible,True,circular_absolute_error_radians,radians,processing_success_fraction,1.0,,,1,0,20260902
Hilbert,phase_shift_hours,5,S5_pre_envelope,pre_envelope,ineligible,True,circular_absolute_error_radians,radians,valid_fraction,1.0,,,1,0,20260902
Hilbert,phase_shift_hours,6,S6_post_envelope,post_envelope,difficult,True,circular_absolute_error_radians,radians,primary_error,0.2339218846030331,0.18885293828409822,0.5503122542381926,11,2000,20260902
Hilbert,phase_shift_hours,6,S6_post_envelope,post_envelope,difficult,True,circular_absolute_error_radians,radians,primary_error_deterioration_from_target_only,0.022767536864634508,-0.03186391213276352,0.2019185577817595,11,2000,20260902
Hilbert,phase_shift_hours,6,S6_post_envelope,post_envelope,difficult,True,circular_absolute_error_radians,radians,phase_equivalent_absolute_error_hours,0.8935157815666714,0.721365087488229,2.1020379721452525,11,2000,20260902
Hilbert,phase_shift_hours,6,S6_post_envelope,post_envelope,difficult,True,circular_absolute_error_radians,radians,phase_equivalent_absolute_error_hours_deterioration_from_target_only,0.08696558481680484,-0.12171117893220312,0.7712720777508842,11,2000,20260902
Hilbert,phase_shift_hours,6,S6_post_envelope,post_envelope,difficult,True,circular_absolute_error_radians,radians,ratio_log_error,0.06165192206576035,0.0328427552968633,0.07522892437709006,11,2000,20260902
Hilbert,phase_shift_hours,6,S6_post_envelope,post_envelope,difficult,True,circular_absolute_error_radians,radians,ratio_log_error_deterioration_from_target_only,0.0268744938184615,0.016577242318337595,0.045675821017573046,11,2000,20260902
Hilbert,phase_shift_hours,6,S6_post_envelope,post_envelope,difficult,True,circular_absolute_error_radians,radians,processing_success_fraction,1.0,1.0,1.0,11,2000,20260902
Hilbert,phase_shift_hours,6,S6_post_envelope,post_envelope,difficult,True,circular_absolute_error_radians,radians,valid_fraction,1.0,1.0,1.0,11,2000,20260902
Hilbert,phase_shift_hours,6,S6_post_envelope,post_envelope,eligible,True,circular_absolute_error_radians,radians,primary_error,0.3263459630591903,0.1701925050569688,0.34396546804571115,41,2000,20260902
Hilbert,phase_shift_hours,6,S6_post_envelope,post_envelope,eligible,True,circular_absolute_error_radians,radians,primary_error_deterioration_from_target_only,0.0021472347051127993,-0.018075102315172842,0.06262789580142325,41,2000,20260902
Hilbert,phase_shift_hours,6,S6_post_envelope,post_envelope,eligible,True,circular_absolute_error_radians,radians,phase_equivalent_absolute_error_hours,1.246549756294925,0.6500874829682155,1.3138513078174152,41,2000,20260902
Hilbert,phase_shift_hours,6,S6_post_envelope,post_envelope,eligible,True,circular_absolute_error_radians,radians,phase_equivalent_absolute_error_hours_deterioration_from_target_only,0.008201832415132004,-0.06904180512843638,0.23922094061377597,41,2000,20260902
Hilbert,phase_shift_hours,6,S6_post_envelope,post_envelope,eligible,True,circular_absolute_error_radians,radians,ratio_log_error,0.045363486601911904,0.03211336961720555,0.10422007835291025,41,2000,20260902
Hilbert,phase_shift_hours,6,S6_post_envelope,post_envelope,eligible,True,circular_absolute_error_radians,radians,ratio_log_error_deterioration_from_target_only,0.0178492980296292,0.006821692665014251,0.042391385993483605,41,2000,20260902
Hilbert,phase_shift_hours,6,S6_post_envelope,post_envelope,eligible,True,circular_absolute_error_radians,radians,processing_success_fraction,1.0,1.0,1.0,41,2000,20260902
Hilbert,phase_shift_hours,6,S6_post_envelope,post_envelope,eligible,True,circular_absolute_error_radians,radians,valid_fraction,1.0,1.0,1.0,41,2000,20260902
Hilbert,phase_shift_hours,6,S6_post_envelope,post_envelope,ineligible,True,circular_absolute_error_radians,radians,primary_error,1.0012162765291013,,,1,0,20260902
Hilbert,phase_shift_hours,6,S6_post_envelope,post_envelope,ineligible,True,circular_absolute_error_radians,radians,primary_error_deterioration_from_target_only,0.7116997529398861,,,1,0,20260902
Hilbert,phase_shift_hours,6,S6_post_envelope,post_envelope,ineligible,True,circular_absolute_error_radians,radians,phase_equivalent_absolute_error_hours,3.824364468328043,,,1,0,20260902
Hilbert,phase_shift_hours,6,S6_post_envelope,post_envelope,ineligible,True,circular_absolute_error_radians,radians,phase_equivalent_absolute_error_hours_deterioration_from_target_only,2.7184928082639246,,,1,0,20260902
Hilbert,phase_shift_hours,6,S6_post_envelope,post_envelope,ineligible,True,circular_absolute_error_radians,radians,ratio_log_error,0.4198636441542678,,,1,0,20260902
Hilbert,phase_shift_hours,6,S6_post_envelope,post_envelope,ineligible,True,circular_absolute_error_radians,radians,ratio_log_error_deterioration_from_target_only,0.3939735004600212,,,1,0,20260902
Hilbert,phase_shift_hours,6,S6_post_envelope,post_envelope,ineligible,True,circular_absolute_error_radians,radians,processing_success_fraction,1.0,,,1,0,20260902
Hilbert,phase_shift_hours,6,S6_post_envelope,post_envelope,ineligible,True,circular_absolute_error_radians,radians,valid_fraction,1.0,,,1,0,20260902
Hilbert,phase_shift_hours,7,S7_linear_drift,linear_drift,difficult,True,circular_absolute_error_radians,radians,primary_error,0.23958926783440226,0.16609739743597784,0.3375048617865035,11,2000,20260902
Hilbert,phase_shift_hours,7,S7_linear_drift,linear_drift,difficult,True,circular_absolute_error_radians,radians,primary_error_deterioration_from_target_only,-1.685010090213268e-05,-0.0002558653451956161,4.824428197736097e-05,11,2000,20260902
Hilbert,phase_shift_hours,7,S7_linear_drift,linear_drift,difficult,True,circular_absolute_error_radians,radians,phase_equivalent_absolute_error_hours,0.9151635909027159,0.6344453240792394,1.2891736097008555,11,2000,20260902
Hilbert,phase_shift_hours,7,S7_linear_drift,linear_drift,difficult,True,circular_absolute_error_radians,radians,phase_equivalent_absolute_error_hours_deterioration_from_target_only,-6.436264440423667e-05,-0.0009773336268911192,0.00018427958286282298,11,2000,20260902
Hilbert,phase_shift_hours,7,S7_linear_drift,linear_drift,difficult,True,circular_absolute_error_radians,radians,ratio_log_error,0.025454920234347297,0.01674983720192865,0.03466261099718655,11,2000,20260902
Hilbert,phase_shift_hours,7,S7_linear_drift,linear_drift,difficult,True,circular_absolute_error_radians,radians,ratio_log_error_deterioration_from_target_only,-1.068576587649056e-06,-5.932318254649898e-06,2.8396004461302832e-05,11,2000,20260902
Hilbert,phase_shift_hours,7,S7_linear_drift,linear_drift,difficult,True,circular_absolute_error_radians,radians,processing_success_fraction,1.0,1.0,1.0,11,2000,20260902
Hilbert,phase_shift_hours,7,S7_linear_drift,linear_drift,difficult,True,circular_absolute_error_radians,radians,valid_fraction,1.0,1.0,1.0,11,2000,20260902
Hilbert,phase_shift_hours,7,S7_linear_drift,linear_drift,eligible,True,circular_absolute_error_radians,radians,primary_error,0.21425733288951765,0.1705209859015242,0.2760419317536087,41,2000,20260902
Hilbert,phase_shift_hours,7,S7_linear_drift,linear_drift,eligible,True,circular_absolute_error_radians,radians,primary_error_deterioration_from_target_only,-2.5915931093800637e-05,-8.081317431773982e-05,5.254586966429997e-06,41,2000,20260902
Hilbert,phase_shift_hours,7,S7_linear_drift,linear_drift,eligible,True,circular_absolute_error_radians,radians,phase_equivalent_absolute_error_hours,0.818402726953259,0.6513421873711434,1.0544025105413386,41,2000,20260902
Hilbert,phase_shift_hours,7,S7_linear_drift,linear_drift,eligible,True,circular_absolute_error_radians,radians,phase_equivalent_absolute_error_hours_deterioration_from_target_only,-9.899156492176875e-05,-0.00030868358783076033,2.007104375073565e-05,41,2000,20260902
Hilbert,phase_shift_hours,7,S7_linear_drift,linear_drift,eligible,True,circular_absolute_error_radians,radians,ratio_log_error,0.0265228138405475,0.018676716729203048,0.03612189038894785,41,2000,20260902
Hilbert,phase_shift_hours,7,S7_linear_drift,linear_drift,eligible,True,circular_absolute_error_radians,radians,ratio_log_error_deterioration_from_target_only,1.7844971138998578e-06,-1.0256464314001464e-06,8.952624171953277e-06,41,2000,20260902
Hilbert,phase_shift_hours,7,S7_linear_drift,linear_drift,eligible,True,circular_absolute_error_radians,radians,processing_success_fraction,1.0,1.0,1.0,41,2000,20260902
Hilbert,phase_shift_hours,7,S7_linear_drift,linear_drift,eligible,True,circular_absolute_error_radians,radians,valid_fraction,1.0,1.0,1.0,41,2000,20260902
Hilbert,phase_shift_hours,7,S7_linear_drift,linear_drift,ineligible,True,circular_absolute_error_radians,radians,primary_error,0.30210103482225414,,,1,0,20260902
Hilbert,phase_shift_hours,7,S7_linear_drift,linear_drift,ineligible,True,circular_absolute_error_radians,radians,primary_error_deterioration_from_target_only,-3.050077648936167e-05,,,1,0,20260902
Hilbert,phase_shift_hours,7,S7_linear_drift,linear_drift,ineligible,True,circular_absolute_error_radians,radians,phase_equivalent_absolute_error_hours,1.1539409521233253,,,1,0,20260902
Hilbert,phase_shift_hours,7,S7_linear_drift,linear_drift,ineligible,True,circular_absolute_error_radians,radians,phase_equivalent_absolute_error_hours_deterioration_from_target_only,-0.00011650438431409782,,,1,0,20260902
Hilbert,phase_shift_hours,7,S7_linear_drift,linear_drift,ineligible,True,circular_absolute_error_radians,radians,ratio_log_error,0.02918811124410025,,,1,0,20260902
Hilbert,phase_shift_hours,7,S7_linear_drift,linear_drift,ineligible,True,circular_absolute_error_radians,radians,ratio_log_error_deterioration_from_target_only,3.6106098837499975e-05,,,1,0,20260902
Hilbert,phase_shift_hours,7,S7_linear_drift,linear_drift,ineligible,True,circular_absolute_error_radians,radians,processing_success_fraction,1.0,,,1,0,20260902
Hilbert,phase_shift_hours,7,S7_linear_drift,linear_drift,ineligible,True,circular_absolute_error_radians,radians,valid_fraction,1.0,,,1,0,20260902
Hilbert,phase_shift_hours,8,S8_baseline_step,baseline_step,difficult,True,circular_absolute_error_radians,radians,primary_error,0.22086850441547234,0.18869512764755014,0.289633420211572,11,2000,20260902
Hilbert,phase_shift_hours,8,S8_baseline_step,baseline_step,difficult,True,circular_absolute_error_radians,radians,primary_error_deterioration_from_target_only,0.003122578529804798,-0.016512497284573158,0.022522663187999115,11,2000,20260902
Hilbert,phase_shift_hours,8,S8_baseline_step,baseline_step,difficult,True,circular_absolute_error_radians,radians,phase_equivalent_absolute_error_hours,0.8436555420248768,0.7207622952591305,1.10631817227081,11,2000,20260902
Hilbert,phase_shift_hours,8,S8_baseline_step,baseline_step,difficult,True,circular_absolute_error_radians,radians,phase_equivalent_absolute_error_hours_deterioration_from_target_only,0.011927371397065345,-0.06307309357515162,0.08603023627113421,11,2000,20260902
Hilbert,phase_shift_hours,8,S8_baseline_step,baseline_step,difficult,True,circular_absolute_error_radians,radians,ratio_log_error,0.02631380431941105,0.01663768190273655,0.04928256053089545,11,2000,20260902
Hilbert,phase_shift_hours,8,S8_baseline_step,baseline_step,difficult,True,circular_absolute_error_radians,radians,ratio_log_error_deterioration_from_target_only,0.0004642511470924499,-0.009175387364286402,0.017682609013284053,11,2000,20260902
Hilbert,phase_shift_hours,8,S8_baseline_step,baseline_step,difficult,True,circular_absolute_error_radians,radians,processing_success_fraction,1.0,1.0,1.0,11,2000,20260902
Hilbert,phase_shift_hours,8,S8_baseline_step,baseline_step,difficult,True,circular_absolute_error_radians,radians,valid_fraction,1.0,1.0,1.0,11,2000,20260902
Hilbert,phase_shift_hours,8,S8_baseline_step,baseline_step,eligible,True,circular_absolute_error_radians,radians,primary_error,0.19805791100142356,0.14752583079845638,0.2395657237233395,41,2000,20260902
Hilbert,phase_shift_hours,8,S8_baseline_step,baseline_step,eligible,True,circular_absolute_error_radians,radians,primary_error_deterioration_from_target_only,-0.0108124630826405,-0.01799974222377898,-0.0028520563514364827,41,2000,20260902
Hilbert,phase_shift_hours,8,S8_baseline_step,baseline_step,eligible,True,circular_absolute_error_radians,radians,phase_equivalent_absolute_error_hours,0.7565254933039497,0.5635071649275097,0.9150736590229638,41,2000,20260902
Hilbert,phase_shift_hours,8,S8_baseline_step,baseline_step,eligible,True,circular_absolute_error_radians,radians,phase_equivalent_absolute_error_hours_deterioration_from_target_only,-0.04130056671842075,-0.0687539507830639,-0.010894052791386,41,2000,20260902
Hilbert,phase_shift_hours,8,S8_baseline_step,baseline_step,eligible,True,circular_absolute_error_radians,radians,ratio_log_error,0.028993047773311402,0.00836929400271195,0.041934339455050554,41,2000,20260902
Hilbert,phase_shift_hours,8,S8_baseline_step,baseline_step,eligible,True,circular_absolute_error_radians,radians,ratio_log_error_deterioration_from_target_only,-0.0005030904052828503,-0.00326258526573045,0.001500682928189851,41,2000,20260902
Hilbert,phase_shift_hours,8,S8_baseline_step,baseline_step,eligible,True,circular_absolute_error_radians,radians,processing_success_fraction,1.0,1.0,1.0,41,2000,20260902
Hilbert,phase_shift_hours,8,S8_baseline_step,baseline_step,eligible,True,circular_absolute_error_radians,radians,valid_fraction,1.0,1.0,1.0,41,2000,20260902
Hilbert,phase_shift_hours,8,S8_baseline_step,baseline_step,ineligible,True,circular_absolute_error_radians,radians,primary_error,0.29971878055875933,,,1,0,20260902
Hilbert,phase_shift_hours,8,S8_baseline_step,baseline_step,ineligible,True,circular_absolute_error_radians,radians,primary_error_deterioration_from_target_only,-0.001828681669287624,,,1,0,20260902
Hilbert,phase_shift_hours,8,S8_baseline_step,baseline_step,ineligible,True,circular_absolute_error_radians,radians,phase_equivalent_absolute_error_hours,1.1448414111216385,,,1,0,20260902
Hilbert,phase_shift_hours,8,S8_baseline_step,baseline_step,ineligible,True,circular_absolute_error_radians,radians,phase_equivalent_absolute_error_hours_deterioration_from_target_only,-0.006985049448207881,,,1,0,20260902
Hilbert,phase_shift_hours,8,S8_baseline_step,baseline_step,ineligible,True,circular_absolute_error_radians,radians,ratio_log_error,0.026457867629847198,,,1,0,20260902
Hilbert,phase_shift_hours,8,S8_baseline_step,baseline_step,ineligible,True,circular_absolute_error_radians,radians,ratio_log_error_deterioration_from_target_only,-0.003896997141825398,,,1,0,20260902
Hilbert,phase_shift_hours,8,S8_baseline_step,baseline_step,ineligible,True,circular_absolute_error_radians,radians,processing_success_fraction,1.0,,,1,0,20260902
Hilbert,phase_shift_hours,8,S8_baseline_step,baseline_step,ineligible,True,circular_absolute_error_radians,radians,valid_fraction,1.0,,,1,0,20260902
Hilbert,phase_shift_hours,9,S9_acute_treatment_transient,acute_treatment_transient,difficult,True,circular_absolute_error_radians,radians,primary_error,0.25408908212179604,0.15463995628078653,0.30686396486443535,11,2000,20260902
Hilbert,phase_shift_hours,9,S9_acute_treatment_transient,acute_treatment_transient,difficult,True,circular_absolute_error_radians,radians,primary_error_deterioration_from_target_only,-0.003508292177074379,-0.0651126318033588,0.000458706766703898,11,2000,20260902
Hilbert,phase_shift_hours,9,S9_acute_treatment_transient,acute_treatment_transient,difficult,True,circular_absolute_error_radians,radians,phase_equivalent_absolute_error_hours,0.9705488017287929,0.5906811225984423,1.172134004758862,11,2000,20260902
Hilbert,phase_shift_hours,9,S9_acute_treatment_transient,acute_treatment_transient,difficult,True,circular_absolute_error_radians,radians,phase_equivalent_absolute_error_hours_deterioration_from_target_only,-0.013400689003008337,-0.24871193302145045,0.001752130784415079,11,2000,20260902
Hilbert,phase_shift_hours,9,S9_acute_treatment_transient,acute_treatment_transient,difficult,True,circular_absolute_error_radians,radians,ratio_log_error,0.02470241053811065,0.0112611074407398,0.0515598739977665,11,2000,20260902
Hilbert,phase_shift_hours,9,S9_acute_treatment_transient,acute_treatment_transient,difficult,True,circular_absolute_error_radians,radians,ratio_log_error_deterioration_from_target_only,-0.0010284710260889509,-0.0060828442990837495,0.006285928281085099,11,2000,20260902
Hilbert,phase_shift_hours,9,S9_acute_treatment_transient,acute_treatment_transient,difficult,True,circular_absolute_error_radians,radians,processing_success_fraction,1.0,1.0,1.0,11,2000,20260902
Hilbert,phase_shift_hours,9,S9_acute_treatment_transient,acute_treatment_transient,difficult,True,circular_absolute_error_radians,radians,valid_fraction,1.0,1.0,1.0,11,2000,20260902
Hilbert,phase_shift_hours,9,S9_acute_treatment_transient,acute_treatment_transient,eligible,True,circular_absolute_error_radians,radians,primary_error,0.21996054408893162,0.17812102467183655,0.2623132783501929,41,2000,20260902
Hilbert,phase_shift_hours,9,S9_acute_treatment_transient,acute_treatment_transient,eligible,True,circular_absolute_error_radians,radians,primary_error_deterioration_from_target_only,-0.0025237156843436193,-0.007989335890599136,0.001671442259141287,41,2000,20260902
Hilbert,phase_shift_hours,9,S9_acute_treatment_transient,acute_treatment_transient,eligible,True,circular_absolute_error_radians,radians,phase_equivalent_absolute_error_hours,0.84018738904647,0.6803721970827896,1.001962917313763,41,2000,20260902
Hilbert,phase_shift_hours,9,S9_acute_treatment_transient,acute_treatment_transient,eligible,True,circular_absolute_error_radians,radians,phase_equivalent_absolute_error_hours_deterioration_from_target_only,-0.009639883826923934,-0.030517015176248247,0.0063844391432404946,41,2000,20260902
Hilbert,phase_shift_hours,9,S9_acute_treatment_transient,acute_treatment_transient,eligible,True,circular_absolute_error_radians,radians,ratio_log_error,0.02456901636809885,0.0172491634568088,0.03669087036091925,41,2000,20260902
Hilbert,phase_shift_hours,9,S9_acute_treatment_transient,acute_treatment_transient,eligible,True,circular_absolute_error_radians,radians,ratio_log_error_deterioration_from_target_only,7.171289710630386e-05,-0.002203384218121449,0.0017737125612171997,41,2000,20260902
Hilbert,phase_shift_hours,9,S9_acute_treatment_transient,acute_treatment_transient,eligible,True,circular_absolute_error_radians,radians,processing_success_fraction,1.0,1.0,1.0,41,2000,20260902
Hilbert,phase_shift_hours,9,S9_acute_treatment_transient,acute_treatment_transient,eligible,True,circular_absolute_error_radians,radians,valid_fraction,1.0,1.0,1.0,41,2000,20260902
Hilbert,phase_shift_hours,9,S9_acute_treatment_transient,acute_treatment_transient,ineligible,True,circular_absolute_error_radians,radians,primary_error,0.31314852408576566,,,1,0,20260902
Hilbert,phase_shift_hours,9,S9_acute_treatment_transient,acute_treatment_transient,ineligible,True,circular_absolute_error_radians,radians,primary_error_deterioration_from_target_only,0.009427434382229372,,,1,0,20260902
Hilbert,phase_shift_hours,9,S9_acute_treatment_transient,acute_treatment_transient,ineligible,True,circular_absolute_error_radians,radians,phase_equivalent_absolute_error_hours,1.196139252724345,,,1,0,20260902
Hilbert,phase_shift_hours,9,S9_acute_treatment_transient,acute_treatment_transient,ineligible,True,circular_absolute_error_radians,radians,phase_equivalent_absolute_error_hours_deterioration_from_target_only,0.03601014678255099,,,1,0,20260902
Hilbert,phase_shift_hours,9,S9_acute_treatment_transient,acute_treatment_transient,ineligible,True,circular_absolute_error_radians,radians,ratio_log_error,0.033520124399515946,,,1,0,20260902
Hilbert,phase_shift_hours,9,S9_acute_treatment_transient,acute_treatment_transient,ineligible,True,circular_absolute_error_radians,radians,ratio_log_error_deterioration_from_target_only,0.002126166159657099,,,1,0,20260902
Hilbert,phase_shift_hours,9,S9_acute_treatment_transient,acute_treatment_transient,ineligible,True,circular_absolute_error_radians,radians,processing_success_fraction,1.0,,,1,0,20260902
Hilbert,phase_shift_hours,9,S9_acute_treatment_transient,acute_treatment_transient,ineligible,True,circular_absolute_error_radians,radians,valid_fraction,1.0,,,1,0,20260902
Hilbert,post_amplitude_trajectory,0,S0_target_only,target_only,difficult,True,target_segment_calibrated_absolute_nrmse,NRMSE,primary_error,0.4501467015474815,0.23309117923542227,0.596987065648557,10,2000,20260902
Hilbert,post_amplitude_trajectory,0,S0_target_only,target_only,difficult,True,target_segment_calibrated_absolute_nrmse,NRMSE,primary_error_deterioration_from_target_only,0.0,0.0,0.0,10,2000,20260902
Hilbert,post_amplitude_trajectory,0,S0_target_only,target_only,difficult,True,target_segment_calibrated_absolute_nrmse,NRMSE,trajectory_pearson,0.9621192879351096,0.9218179312281274,0.995088539020972,10,2000,20260902
Hilbert,post_amplitude_trajectory,0,S0_target_only,target_only,difficult,True,target_segment_calibrated_absolute_nrmse,NRMSE,trajectory_pearson_deterioration_from_target_only,0.0,0.0,0.0,10,2000,20260902
Hilbert,post_amplitude_trajectory,0,S0_target_only,target_only,difficult,True,target_segment_calibrated_absolute_nrmse,NRMSE,target_segment_shape_nrmse,0.3080542580012652,0.07492907768168275,0.49422499977165096,10,2000,20260902
Hilbert,post_amplitude_trajectory,0,S0_target_only,target_only,difficult,True,target_segment_calibrated_absolute_nrmse,NRMSE,target_segment_shape_nrmse_deterioration_from_target_only,0.0,0.0,0.0,10,2000,20260902
Hilbert,post_amplitude_trajectory,0,S0_target_only,target_only,difficult,True,target_segment_calibrated_absolute_nrmse,NRMSE,envelope_log_rate_absolute_error_per_day,0.5276765513712597,0.19447656196700913,0.9283874294318628,10,2000,20260902
Hilbert,post_amplitude_trajectory,0,S0_target_only,target_only,difficult,True,target_segment_calibrated_absolute_nrmse,NRMSE,envelope_log_rate_absolute_error_deterioration_from_target_only,0.0,0.0,0.0,10,2000,20260902
Hilbert,post_amplitude_trajectory,0,S0_target_only,target_only,difficult,True,target_segment_calibrated_absolute_nrmse,NRMSE,ratio_log_error,0.1541514999398796,0.08520193424628718,0.6107881888710971,10,2000,20260902
Hilbert,post_amplitude_trajectory,0,S0_target_only,target_only,difficult,True,target_segment_calibrated_absolute_nrmse,NRMSE,ratio_log_error_deterioration_from_target_only,0.0,0.0,0.0,10,2000,20260902
Hilbert,post_amplitude_trajectory,0,S0_target_only,target_only,difficult,True,target_segment_calibrated_absolute_nrmse,NRMSE,processing_success_fraction,1.0,1.0,1.0,10,2000,20260902
Hilbert,post_amplitude_trajectory,0,S0_target_only,target_only,difficult,True,target_segment_calibrated_absolute_nrmse,NRMSE,valid_fraction,1.0,1.0,1.0,10,2000,20260902
Hilbert,post_amplitude_trajectory,0,S0_target_only,target_only,eligible,True,target_segment_calibrated_absolute_nrmse,NRMSE,primary_error,0.11415247174094842,0.09844917488609423,0.12894172414764293,42,2000,20260902
Hilbert,post_amplitude_trajectory,0,S0_target_only,target_only,eligible,True,target_segment_calibrated_absolute_nrmse,NRMSE,primary_error_deterioration_from_target_only,0.0,0.0,0.0,42,2000,20260902
Hilbert,post_amplitude_trajectory,0,S0_target_only,target_only,eligible,True,target_segment_calibrated_absolute_nrmse,NRMSE,trajectory_pearson,0.993661833065512,0.9887015026473306,0.9960826405694133,42,2000,20260902
Hilbert,post_amplitude_trajectory,0,S0_target_only,target_only,eligible,True,target_segment_calibrated_absolute_nrmse,NRMSE,trajectory_pearson_deterioration_from_target_only,0.0,0.0,0.0,42,2000,20260902
Hilbert,post_amplitude_trajectory,0,S0_target_only,target_only,eligible,True,target_segment_calibrated_absolute_nrmse,NRMSE,target_segment_shape_nrmse,0.06307099027999341,0.05521595639019668,0.06825725548466985,42,2000,20260902
Hilbert,post_amplitude_trajectory,0,S0_target_only,target_only,eligible,True,target_segment_calibrated_absolute_nrmse,NRMSE,target_segment_shape_nrmse_deterioration_from_target_only,0.0,0.0,0.0,42,2000,20260902
Hilbert,post_amplitude_trajectory,0,S0_target_only,target_only,eligible,True,target_segment_calibrated_absolute_nrmse,NRMSE,envelope_log_rate_absolute_error_per_day,0.06711660868991257,0.05428009059821336,0.08590422294166775,42,2000,20260902
Hilbert,post_amplitude_trajectory,0,S0_target_only,target_only,eligible,True,target_segment_calibrated_absolute_nrmse,NRMSE,envelope_log_rate_absolute_error_deterioration_from_target_only,0.0,0.0,0.0,42,2000,20260902
Hilbert,post_amplitude_trajectory,0,S0_target_only,target_only,eligible,True,target_segment_calibrated_absolute_nrmse,NRMSE,ratio_log_error,0.0476929242320369,0.03283848235666126,0.07075578863507542,42,2000,20260902
Hilbert,post_amplitude_trajectory,0,S0_target_only,target_only,eligible,True,target_segment_calibrated_absolute_nrmse,NRMSE,ratio_log_error_deterioration_from_target_only,0.0,0.0,0.0,42,2000,20260902
Hilbert,post_amplitude_trajectory,0,S0_target_only,target_only,eligible,True,target_segment_calibrated_absolute_nrmse,NRMSE,processing_success_fraction,1.0,1.0,1.0,42,2000,20260902
Hilbert,post_amplitude_trajectory,0,S0_target_only,target_only,eligible,True,target_segment_calibrated_absolute_nrmse,NRMSE,valid_fraction,1.0,1.0,1.0,42,2000,20260902
Hilbert,post_amplitude_trajectory,0,S0_target_only,target_only,ineligible,True,target_segment_calibrated_absolute_nrmse,NRMSE,primary_error,0.49236434875238355,,,1,0,20260902
Hilbert,post_amplitude_trajectory,0,S0_target_only,target_only,ineligible,True,target_segment_calibrated_absolute_nrmse,NRMSE,primary_error_deterioration_from_target_only,0.0,,,1,0,20260902
Hilbert,post_amplitude_trajectory,0,S0_target_only,target_only,ineligible,True,target_segment_calibrated_absolute_nrmse,NRMSE,trajectory_pearson,0.9770285981055278,,,1,0,20260902
Hilbert,post_amplitude_trajectory,0,S0_target_only,target_only,ineligible,True,target_segment_calibrated_absolute_nrmse,NRMSE,trajectory_pearson_deterioration_from_target_only,0.0,,,1,0,20260902
Hilbert,post_amplitude_trajectory,0,S0_target_only,target_only,ineligible,True,target_segment_calibrated_absolute_nrmse,NRMSE,target_segment_shape_nrmse,0.30586412328495305,,,1,0,20260902
Hilbert,post_amplitude_trajectory,0,S0_target_only,target_only,ineligible,True,target_segment_calibrated_absolute_nrmse,NRMSE,target_segment_shape_nrmse_deterioration_from_target_only,0.0,,,1,0,20260902
Hilbert,post_amplitude_trajectory,0,S0_target_only,target_only,ineligible,True,target_segment_calibrated_absolute_nrmse,NRMSE,envelope_log_rate_absolute_error_per_day,0.3729863760425734,,,1,0,20260902
Hilbert,post_amplitude_trajectory,0,S0_target_only,target_only,ineligible,True,target_segment_calibrated_absolute_nrmse,NRMSE,envelope_log_rate_absolute_error_deterioration_from_target_only,0.0,,,1,0,20260902
Hilbert,post_amplitude_trajectory,0,S0_target_only,target_only,ineligible,True,target_segment_calibrated_absolute_nrmse,NRMSE,ratio_log_error,0.41862210611289474,,,1,0,20260902
Hilbert,post_amplitude_trajectory,0,S0_target_only,target_only,ineligible,True,target_segment_calibrated_absolute_nrmse,NRMSE,ratio_log_error_deterioration_from_target_only,0.0,,,1,0,20260902
Hilbert,post_amplitude_trajectory,0,S0_target_only,target_only,ineligible,True,target_segment_calibrated_absolute_nrmse,NRMSE,processing_success_fraction,1.0,,,1,0,20260902
Hilbert,post_amplitude_trajectory,0,S0_target_only,target_only,ineligible,True,target_segment_calibrated_absolute_nrmse,NRMSE,valid_fraction,1.0,,,1,0,20260902
Hilbert,post_amplitude_trajectory,1,S1_post_period,post_period,difficult,True,target_segment_calibrated_absolute_nrmse,NRMSE,primary_error,0.6364833344018384,0.22484910245118492,1.5755760946514705,10,2000,20260902
Hilbert,post_amplitude_trajectory,1,S1_post_period,post_period,difficult,True,target_segment_calibrated_absolute_nrmse,NRMSE,primary_error_deterioration_from_target_only,0.14515501672053008,-0.028205078951980517,0.9755330526860293,10,2000,20260902
Hilbert,post_amplitude_trajectory,1,S1_post_period,post_period,difficult,True,target_segment_calibrated_absolute_nrmse,NRMSE,trajectory_pearson,0.9888888314156442,0.9444680378013173,0.9954041720276394,10,2000,20260902
Hilbert,post_amplitude_trajectory,1,S1_post_period,post_period,difficult,True,target_segment_calibrated_absolute_nrmse,NRMSE,trajectory_pearson_deterioration_from_target_only,-0.013726497638203855,-0.02881483925440742,0.0004583025443534172,10,2000,20260902
Hilbert,post_amplitude_trajectory,1,S1_post_period,post_period,difficult,True,target_segment_calibrated_absolute_nrmse,NRMSE,target_segment_shape_nrmse,0.275146760114289,0.05987744266948495,0.5727175446007642,10,2000,20260902
Hilbert,post_amplitude_trajectory,1,S1_post_period,post_period,difficult,True,target_segment_calibrated_absolute_nrmse,NRMSE,target_segment_shape_nrmse_deterioration_from_target_only,-0.01627176533244937,-0.056730930222735634,0.02430809044136653,10,2000,20260902
Hilbert,post_amplitude_trajectory,1,S1_post_period,post_period,difficult,True,target_segment_calibrated_absolute_nrmse,NRMSE,envelope_log_rate_absolute_error_per_day,0.45348363937034036,0.06403978625115292,0.6899452041988228,10,2000,20260902
Hilbert,post_amplitude_trajectory,1,S1_post_period,post_period,difficult,True,target_segment_calibrated_absolute_nrmse,NRMSE,envelope_log_rate_absolute_error_deterioration_from_target_only,-0.21082663677316782,-0.2915975168563693,-0.0007848016230658506,10,2000,20260902
Hilbert,post_amplitude_trajectory,1,S1_post_period,post_period,difficult,True,target_segment_calibrated_absolute_nrmse,NRMSE,ratio_log_error,0.4889910839281304,0.13597697111476134,1.3085426012023436,10,2000,20260902
Hilbert,post_amplitude_trajectory,1,S1_post_period,post_period,difficult,True,target_segment_calibrated_absolute_nrmse,NRMSE,ratio_log_error_deterioration_from_target_only,0.33453591086715373,0.05607687646906233,0.5749185624395255,10,2000,20260902
Hilbert,post_amplitude_trajectory,1,S1_post_period,post_period,difficult,True,target_segment_calibrated_absolute_nrmse,NRMSE,processing_success_fraction,1.0,1.0,1.0,10,2000,20260902
Hilbert,post_amplitude_trajectory,1,S1_post_period,post_period,difficult,True,target_segment_calibrated_absolute_nrmse,NRMSE,valid_fraction,1.0,1.0,1.0,10,2000,20260902
Hilbert,post_amplitude_trajectory,1,S1_post_period,post_period,eligible,True,target_segment_calibrated_absolute_nrmse,NRMSE,primary_error,0.10676236587712104,0.08961693441210433,0.12412746234863833,42,2000,20260902
Hilbert,post_amplitude_trajectory,1,S1_post_period,post_period,eligible,True,target_segment_calibrated_absolute_nrmse,NRMSE,primary_error_deterioration_from_target_only,-0.00030979737141673125,-0.013051567926476385,0.003058810414013971,42,2000,20260902
Hilbert,post_amplitude_trajectory,1,S1_post_period,post_period,eligible,True,target_segment_calibrated_absolute_nrmse,NRMSE,trajectory_pearson,0.9951655038450112,0.9905130520858954,0.995963902897666,42,2000,20260902
Hilbert,post_amplitude_trajectory,1,S1_post_period,post_period,eligible,True,target_segment_calibrated_absolute_nrmse,NRMSE,trajectory_pearson_deterioration_from_target_only,-8.340796643974135e-05,-0.0010183373048837374,0.0003619471980235711,42,2000,20260902
Hilbert,post_amplitude_trajectory,1,S1_post_period,post_period,eligible,True,target_segment_calibrated_absolute_nrmse,NRMSE,target_segment_shape_nrmse,0.054185054560931895,0.050966159324757704,0.057559863057198,42,2000,20260902
Hilbert,post_amplitude_trajectory,1,S1_post_period,post_period,eligible,True,target_segment_calibrated_absolute_nrmse,NRMSE,target_segment_shape_nrmse_deterioration_from_target_only,-0.001106201780585278,-0.013606536761314647,0.001481406104846296,42,2000,20260902
Hilbert,post_amplitude_trajectory,1,S1_post_period,post_period,eligible,True,target_segment_calibrated_absolute_nrmse,NRMSE,envelope_log_rate_absolute_error_per_day,0.06402293722315927,0.052549298735079075,0.07577777690788097,42,2000,20260902
Hilbert,post_amplitude_trajectory,1,S1_post_period,post_period,eligible,True,target_segment_calibrated_absolute_nrmse,NRMSE,envelope_log_rate_absolute_error_deterioration_from_target_only,3.1409871783155685e-05,-0.0034227681814100186,0.00545162042560822,42,2000,20260902
Hilbert,post_amplitude_trajectory,1,S1_post_period,post_period,eligible,True,target_segment_calibrated_absolute_nrmse,NRMSE,ratio_log_error,0.05314417177818337,0.03842565090434095,0.06192546507666237,42,2000,20260902
Hilbert,post_amplitude_trajectory,1,S1_post_period,post_period,eligible,True,target_segment_calibrated_absolute_nrmse,NRMSE,ratio_log_error_deterioration_from_target_only,0.004893400979078101,-0.0002584772557157559,0.010420153120106747,42,2000,20260902
Hilbert,post_amplitude_trajectory,1,S1_post_period,post_period,eligible,True,target_segment_calibrated_absolute_nrmse,NRMSE,processing_success_fraction,1.0,1.0,1.0,42,2000,20260902
Hilbert,post_amplitude_trajectory,1,S1_post_period,post_period,eligible,True,target_segment_calibrated_absolute_nrmse,NRMSE,valid_fraction,1.0,1.0,1.0,42,2000,20260902
Hilbert,post_amplitude_trajectory,1,S1_post_period,post_period,ineligible,True,target_segment_calibrated_absolute_nrmse,NRMSE,primary_error,0.8965900882546631,,,1,0,20260902
Hilbert,post_amplitude_trajectory,1,S1_post_period,post_period,ineligible,True,target_segment_calibrated_absolute_nrmse,NRMSE,primary_error_deterioration_from_target_only,0.42426946800031873,,,1,0,20260902
Hilbert,post_amplitude_trajectory,1,S1_post_period,post_period,ineligible,True,target_segment_calibrated_absolute_nrmse,NRMSE,trajectory_pearson,0.9858407038921027,,,1,0,20260902
Hilbert,post_amplitude_trajectory,1,S1_post_period,post_period,ineligible,True,target_segment_calibrated_absolute_nrmse,NRMSE,trajectory_pearson_deterioration_from_target_only,-0.008121091824485727,,,1,0,20260902
Hilbert,post_amplitude_trajectory,1,S1_post_period,post_period,ineligible,True,target_segment_calibrated_absolute_nrmse,NRMSE,target_segment_shape_nrmse,0.3171963236059411,,,1,0,20260902
Hilbert,post_amplitude_trajectory,1,S1_post_period,post_period,ineligible,True,target_segment_calibrated_absolute_nrmse,NRMSE,target_segment_shape_nrmse_deterioration_from_target_only,0.018296773551902207,,,1,0,20260902
Hilbert,post_amplitude_trajectory,1,S1_post_period,post_period,ineligible,True,target_segment_calibrated_absolute_nrmse,NRMSE,envelope_log_rate_absolute_error_per_day,0.4686142310653548,,,1,0,20260902
Hilbert,post_amplitude_trajectory,1,S1_post_period,post_period,ineligible,True,target_segment_calibrated_absolute_nrmse,NRMSE,envelope_log_rate_absolute_error_deterioration_from_target_only,0.08302372453066392,,,1,0,20260902
Hilbert,post_amplitude_trajectory,1,S1_post_period,post_period,ineligible,True,target_segment_calibrated_absolute_nrmse,NRMSE,ratio_log_error,0.9380843717574443,,,1,0,20260902
Hilbert,post_amplitude_trajectory,1,S1_post_period,post_period,ineligible,True,target_segment_calibrated_absolute_nrmse,NRMSE,ratio_log_error_deterioration_from_target_only,0.4975004881800451,,,1,0,20260902
Hilbert,post_amplitude_trajectory,1,S1_post_period,post_period,ineligible,True,target_segment_calibrated_absolute_nrmse,NRMSE,processing_success_fraction,1.0,,,1,0,20260902
Hilbert,post_amplitude_trajectory,1,S1_post_period,post_period,ineligible,True,target_segment_calibrated_absolute_nrmse,NRMSE,valid_fraction,1.0,,,1,0,20260902
Hilbert,post_amplitude_trajectory,2,S2_linear_drift,linear_drift,difficult,True,target_segment_calibrated_absolute_nrmse,NRMSE,primary_error,0.4503587093199323,0.23308128553504417,0.5968691845884508,10,2000,20260902
Hilbert,post_amplitude_trajectory,2,S2_linear_drift,linear_drift,difficult,True,target_segment_calibrated_absolute_nrmse,NRMSE,primary_error_deterioration_from_target_only,1.505058024195427e-05,-6.47345265295321e-06,0.0003199985699653962,10,2000,20260902
Hilbert,post_amplitude_trajectory,2,S2_linear_drift,linear_drift,difficult,True,target_segment_calibrated_absolute_nrmse,NRMSE,trajectory_pearson,0.9621058880606947,0.9218928414963684,0.9950934318429245,10,2000,20260902
Hilbert,post_amplitude_trajectory,2,S2_linear_drift,linear_drift,difficult,True,target_segment_calibrated_absolute_nrmse,NRMSE,trajectory_pearson_deterioration_from_target_only,3.6101074318839466e-06,-2.0565186143184366e-06,8.683162205819217e-05,10,2000,20260902
Hilbert,post_amplitude_trajectory,2,S2_linear_drift,linear_drift,difficult,True,target_segment_calibrated_absolute_nrmse,NRMSE,target_segment_shape_nrmse,0.3081821252605519,0.0967761568994973,0.4939980241719709,10,2000,20260902
Hilbert,post_amplitude_trajectory,2,S2_linear_drift,linear_drift,difficult,True,target_segment_calibrated_absolute_nrmse,NRMSE,target_segment_shape_nrmse_deterioration_from_target_only,1.2863080960788531e-05,-1.024820300615098e-05,0.00021721392654477922,10,2000,20260902
Hilbert,post_amplitude_trajectory,2,S2_linear_drift,linear_drift,difficult,True,target_segment_calibrated_absolute_nrmse,NRMSE,envelope_log_rate_absolute_error_per_day,0.5277902390835059,0.2005821137672269,0.9287667499870553,10,2000,20260902
Hilbert,post_amplitude_trajectory,2,S2_linear_drift,linear_drift,difficult,True,target_segment_calibrated_absolute_nrmse,NRMSE,envelope_log_rate_absolute_error_deterioration_from_target_only,0.00014217548461334384,3.6898563338105816e-07,0.000463869515386961,10,2000,20260902
Hilbert,post_amplitude_trajectory,2,S2_linear_drift,linear_drift,difficult,True,target_segment_calibrated_absolute_nrmse,NRMSE,ratio_log_error,0.15441582409329446,0.08564296495311177,0.6113848026090243,10,2000,20260902
Hilbert,post_amplitude_trajectory,2,S2_linear_drift,linear_drift,difficult,True,target_segment_calibrated_absolute_nrmse,NRMSE,ratio_log_error_deterioration_from_target_only,2.7713946293958514e-05,-0.00010812285924587063,0.00015518604845887393,10,2000,20260902
Hilbert,post_amplitude_trajectory,2,S2_linear_drift,linear_drift,difficult,True,target_segment_calibrated_absolute_nrmse,NRMSE,processing_success_fraction,1.0,1.0,1.0,10,2000,20260902
Hilbert,post_amplitude_trajectory,2,S2_linear_drift,linear_drift,difficult,True,target_segment_calibrated_absolute_nrmse,NRMSE,valid_fraction,1.0,1.0,1.0,10,2000,20260902
Hilbert,post_amplitude_trajectory,2,S2_linear_drift,linear_drift,eligible,True,target_segment_calibrated_absolute_nrmse,NRMSE,primary_error,0.11415922622042755,0.09843793146700267,0.12880189836992892,42,2000,20260902
Hilbert,post_amplitude_trajectory,2,S2_linear_drift,linear_drift,eligible,True,target_segment_calibrated_absolute_nrmse,NRMSE,primary_error_deterioration_from_target_only,1.8615946727057464e-06,-3.1982239479498575e-06,6.192898934796742e-06,42,2000,20260902
Hilbert,post_amplitude_trajectory,2,S2_linear_drift,linear_drift,eligible,True,target_segment_calibrated_absolute_nrmse,NRMSE,trajectory_pearson,0.9936587882563828,0.9886921560259824,0.9960188505165712,42,2000,20260902
Hilbert,post_amplitude_trajectory,2,S2_linear_drift,linear_drift,eligible,True,target_segment_calibrated_absolute_nrmse,NRMSE,trajectory_pearson_deterioration_from_target_only,5.44759994419719e-07,-9.266194457714649e-07,3.73889261332246e-06,42,2000,20260902
Hilbert,post_amplitude_trajectory,2,S2_linear_drift,linear_drift,eligible,True,target_segment_calibrated_absolute_nrmse,NRMSE,target_segment_shape_nrmse,0.06309028334960931,0.054468515456807254,0.06828853782983649,42,2000,20260902
Hilbert,post_amplitude_trajectory,2,S2_linear_drift,linear_drift,eligible,True,target_segment_calibrated_absolute_nrmse,NRMSE,target_segment_shape_nrmse_deterioration_from_target_only,3.576542775499819e-06,-5.319713536121838e-06,1.1577862996121208e-05,42,2000,20260902
Hilbert,post_amplitude_trajectory,2,S2_linear_drift,linear_drift,eligible,True,target_segment_calibrated_absolute_nrmse,NRMSE,envelope_log_rate_absolute_error_per_day,0.06713771535459842,0.05274709069181477,0.0859488790200706,42,2000,20260902
Hilbert,post_amplitude_trajectory,2,S2_linear_drift,linear_drift,eligible,True,target_segment_calibrated_absolute_nrmse,NRMSE,envelope_log_rate_absolute_error_deterioration_from_target_only,1.4816845314236105e-05,3.910264046794176e-06,3.1260318137882326e-05,42,2000,20260902
Hilbert,post_amplitude_trajectory,2,S2_linear_drift,linear_drift,eligible,True,target_segment_calibrated_absolute_nrmse,NRMSE,ratio_log_error,0.0477051308502531,0.03366156567175558,0.07075629400986938,42,2000,20260902
Hilbert,post_amplitude_trajectory,2,S2_linear_drift,linear_drift,eligible,True,target_segment_calibrated_absolute_nrmse,NRMSE,ratio_log_error_deterioration_from_target_only,2.4447381682774286e-05,1.0297028722248795e-06,6.344254781298893e-05,42,2000,20260902
Hilbert,post_amplitude_trajectory,2,S2_linear_drift,linear_drift,eligible,True,target_segment_calibrated_absolute_nrmse,NRMSE,processing_success_fraction,1.0,1.0,1.0,42,2000,20260902
Hilbert,post_amplitude_trajectory,2,S2_linear_drift,linear_drift,eligible,True,target_segment_calibrated_absolute_nrmse,NRMSE,valid_fraction,1.0,1.0,1.0,42,2000,20260902
Hilbert,post_amplitude_trajectory,2,S2_linear_drift,linear_drift,ineligible,True,target_segment_calibrated_absolute_nrmse,NRMSE,primary_error,0.49246968927539125,,,1,0,20260902
Hilbert,post_amplitude_trajectory,2,S2_linear_drift,linear_drift,ineligible,True,target_segment_calibrated_absolute_nrmse,NRMSE,primary_error_deterioration_from_target_only,6.7135886763936e-05,,,1,0,20260902
Hilbert,post_amplitude_trajectory,2,S2_linear_drift,linear_drift,ineligible,True,target_segment_calibrated_absolute_nrmse,NRMSE,trajectory_pearson,0.9770049287251793,,,1,0,20260902
Hilbert,post_amplitude_trajectory,2,S2_linear_drift,linear_drift,ineligible,True,target_segment_calibrated_absolute_nrmse,NRMSE,trajectory_pearson_deterioration_from_target_only,2.6725988789499944e-05,,,1,0,20260902
Hilbert,post_amplitude_trajectory,2,S2_linear_drift,linear_drift,ineligible,True,target_segment_calibrated_absolute_nrmse,NRMSE,target_segment_shape_nrmse,0.3058979938402163,,,1,0,20260902
Hilbert,post_amplitude_trajectory,2,S2_linear_drift,linear_drift,ineligible,True,target_segment_calibrated_absolute_nrmse,NRMSE,target_segment_shape_nrmse_deterioration_from_target_only,5.902742902894054e-05,,,1,0,20260902
Hilbert,post_amplitude_trajectory,2,S2_linear_drift,linear_drift,ineligible,True,target_segment_calibrated_absolute_nrmse,NRMSE,envelope_log_rate_absolute_error_per_day,0.37329056320558873,,,1,0,20260902
Hilbert,post_amplitude_trajectory,2,S2_linear_drift,linear_drift,ineligible,True,target_segment_calibrated_absolute_nrmse,NRMSE,envelope_log_rate_absolute_error_deterioration_from_target_only,-3.060224567186243e-05,,,1,0,20260902
Hilbert,post_amplitude_trajectory,2,S2_linear_drift,linear_drift,ineligible,True,target_segment_calibrated_absolute_nrmse,NRMSE,ratio_log_error,0.41645486331155457,,,1,0,20260902
Hilbert,post_amplitude_trajectory,2,S2_linear_drift,linear_drift,ineligible,True,target_segment_calibrated_absolute_nrmse,NRMSE,ratio_log_error_deterioration_from_target_only,-0.0022919394777353164,,,1,0,20260902
Hilbert,post_amplitude_trajectory,2,S2_linear_drift,linear_drift,ineligible,True,target_segment_calibrated_absolute_nrmse,NRMSE,processing_success_fraction,1.0,,,1,0,20260902
Hilbert,post_amplitude_trajectory,2,S2_linear_drift,linear_drift,ineligible,True,target_segment_calibrated_absolute_nrmse,NRMSE,valid_fraction,1.0,,,1,0,20260902
Hilbert,post_amplitude_trajectory,3,S3_baseline_step,baseline_step,difficult,True,target_segment_calibrated_absolute_nrmse,NRMSE,primary_error,0.47300918423544674,0.261335987273025,0.5936600605505007,10,2000,20260902
Hilbert,post_amplitude_trajectory,3,S3_baseline_step,baseline_step,difficult,True,target_segment_calibrated_absolute_nrmse,NRMSE,primary_error_deterioration_from_target_only,0.01768535047003989,-0.0033453607747594427,0.04732411785369442,10,2000,20260902
Hilbert,post_amplitude_trajectory,3,S3_baseline_step,baseline_step,difficult,True,target_segment_calibrated_absolute_nrmse,NRMSE,trajectory_pearson,0.9591689640843157,0.9222645620047532,0.9959027322063746,10,2000,20260902
Hilbert,post_amplitude_trajectory,3,S3_baseline_step,baseline_step,difficult,True,target_segment_calibrated_absolute_nrmse,NRMSE,trajectory_pearson_deterioration_from_target_only,0.0009580910032020995,-0.0012205286936101123,0.012462051998212847,10,2000,20260902
Hilbert,post_amplitude_trajectory,3,S3_baseline_step,baseline_step,difficult,True,target_segment_calibrated_absolute_nrmse,NRMSE,target_segment_shape_nrmse,0.3194953015562416,0.10142090973784765,0.49095879635157663,10,2000,20260902
Hilbert,post_amplitude_trajectory,3,S3_baseline_step,baseline_step,difficult,True,target_segment_calibrated_absolute_nrmse,NRMSE,target_segment_shape_nrmse_deterioration_from_target_only,0.005104466318723775,-0.001643962543630105,0.04248253222542442,10,2000,20260902
Hilbert,post_amplitude_trajectory,3,S3_baseline_step,baseline_step,difficult,True,target_segment_calibrated_absolute_nrmse,NRMSE,envelope_log_rate_absolute_error_per_day,0.5523849310905677,0.23428946425356323,0.894208096556527,10,2000,20260902
Hilbert,post_amplitude_trajectory,3,S3_baseline_step,baseline_step,difficult,True,target_segment_calibrated_absolute_nrmse,NRMSE,envelope_log_rate_absolute_error_deterioration_from_target_only,0.026147246786134365,-0.0031220361364879823,0.04196285676822691,10,2000,20260902
Hilbert,post_amplitude_trajectory,3,S3_baseline_step,baseline_step,difficult,True,target_segment_calibrated_absolute_nrmse,NRMSE,ratio_log_error,0.13778009567534727,0.07523797371894797,0.48421797609667305,10,2000,20260902
Hilbert,post_amplitude_trajectory,3,S3_baseline_step,baseline_step,difficult,True,target_segment_calibrated_absolute_nrmse,NRMSE,ratio_log_error_deterioration_from_target_only,-0.004528211702855377,-0.05993283498264122,0.009536217034591277,10,2000,20260902
Hilbert,post_amplitude_trajectory,3,S3_baseline_step,baseline_step,difficult,True,target_segment_calibrated_absolute_nrmse,NRMSE,processing_success_fraction,1.0,1.0,1.0,10,2000,20260902
Hilbert,post_amplitude_trajectory,3,S3_baseline_step,baseline_step,difficult,True,target_segment_calibrated_absolute_nrmse,NRMSE,valid_fraction,1.0,1.0,1.0,10,2000,20260902
Hilbert,post_amplitude_trajectory,3,S3_baseline_step,baseline_step,eligible,True,target_segment_calibrated_absolute_nrmse,NRMSE,primary_error,0.12413229105994229,0.10676813820073205,0.1437034542395238,42,2000,20260902
Hilbert,post_amplitude_trajectory,3,S3_baseline_step,baseline_step,eligible,True,target_segment_calibrated_absolute_nrmse,NRMSE,primary_error_deterioration_from_target_only,0.011804901660066074,0.0080012436577628,0.01631352971137637,42,2000,20260902
Hilbert,post_amplitude_trajectory,3,S3_baseline_step,baseline_step,eligible,True,target_segment_calibrated_absolute_nrmse,NRMSE,trajectory_pearson,0.9940647160511658,0.9892136725147781,0.9960783047117794,42,2000,20260902
Hilbert,post_amplitude_trajectory,3,S3_baseline_step,baseline_step,eligible,True,target_segment_calibrated_absolute_nrmse,NRMSE,trajectory_pearson_deterioration_from_target_only,0.0003766421330667069,-0.002323817176973997,0.002006711473263091,42,2000,20260902
Hilbert,post_amplitude_trajectory,3,S3_baseline_step,baseline_step,eligible,True,target_segment_calibrated_absolute_nrmse,NRMSE,target_segment_shape_nrmse,0.07867239109609142,0.07058125544479785,0.08460526286852366,42,2000,20260902
Hilbert,post_amplitude_trajectory,3,S3_baseline_step,baseline_step,eligible,True,target_segment_calibrated_absolute_nrmse,NRMSE,target_segment_shape_nrmse_deterioration_from_target_only,0.012103296427948124,0.008990551583299625,0.015121003599958827,42,2000,20260902
Hilbert,post_amplitude_trajectory,3,S3_baseline_step,baseline_step,eligible,True,target_segment_calibrated_absolute_nrmse,NRMSE,envelope_log_rate_absolute_error_per_day,0.0717372480980742,0.05061331179966359,0.10849236332793685,42,2000,20260902
Hilbert,post_amplitude_trajectory,3,S3_baseline_step,baseline_step,eligible,True,target_segment_calibrated_absolute_nrmse,NRMSE,envelope_log_rate_absolute_error_deterioration_from_target_only,0.009280805538680478,0.0041483612243759516,0.012603896510970117,42,2000,20260902
Hilbert,post_amplitude_trajectory,3,S3_baseline_step,baseline_step,eligible,True,target_segment_calibrated_absolute_nrmse,NRMSE,ratio_log_error,0.037502012802112655,0.02778593271354085,0.0518258309529859,42,2000,20260902
Hilbert,post_amplitude_trajectory,3,S3_baseline_step,baseline_step,eligible,True,target_segment_calibrated_absolute_nrmse,NRMSE,ratio_log_error_deterioration_from_target_only,-0.008482535557051352,-0.019909722383807497,-0.0044985170904865215,42,2000,20260902
Hilbert,post_amplitude_trajectory,3,S3_baseline_step,baseline_step,eligible,True,target_segment_calibrated_absolute_nrmse,NRMSE,processing_success_fraction,1.0,1.0,1.0,42,2000,20260902
Hilbert,post_amplitude_trajectory,3,S3_baseline_step,baseline_step,eligible,True,target_segment_calibrated_absolute_nrmse,NRMSE,valid_fraction,1.0,1.0,1.0,42,2000,20260902
Hilbert,post_amplitude_trajectory,3,S3_baseline_step,baseline_step,ineligible,True,target_segment_calibrated_absolute_nrmse,NRMSE,primary_error,0.3799600094023323,,,1,0,20260902
Hilbert,post_amplitude_trajectory,3,S3_baseline_step,baseline_step,ineligible,True,target_segment_calibrated_absolute_nrmse,NRMSE,primary_error_deterioration_from_target_only,-0.05522164746077174,,,1,0,20260902
Hilbert,post_amplitude_trajectory,3,S3_baseline_step,baseline_step,ineligible,True,target_segment_calibrated_absolute_nrmse,NRMSE,trajectory_pearson,0.9858408780245629,,,1,0,20260902
Hilbert,post_amplitude_trajectory,3,S3_baseline_step,baseline_step,ineligible,True,target_segment_calibrated_absolute_nrmse,NRMSE,trajectory_pearson_deterioration_from_target_only,-0.005276340909011579,,,1,0,20260902
Hilbert,post_amplitude_trajectory,3,S3_baseline_step,baseline_step,ineligible,True,target_segment_calibrated_absolute_nrmse,NRMSE,target_segment_shape_nrmse,0.2384387078738181,,,1,0,20260902
Hilbert,post_amplitude_trajectory,3,S3_baseline_step,baseline_step,ineligible,True,target_segment_calibrated_absolute_nrmse,NRMSE,target_segment_shape_nrmse_deterioration_from_target_only,-0.044319038390056256,,,1,0,20260902
Hilbert,post_amplitude_trajectory,3,S3_baseline_step,baseline_step,ineligible,True,target_segment_calibrated_absolute_nrmse,NRMSE,envelope_log_rate_absolute_error_per_day,0.2565410167879617,,,1,0,20260902
Hilbert,post_amplitude_trajectory,3,S3_baseline_step,baseline_step,ineligible,True,target_segment_calibrated_absolute_nrmse,NRMSE,envelope_log_rate_absolute_error_deterioration_from_target_only,-0.05545874839069642,,,1,0,20260902
Hilbert,post_amplitude_trajectory,3,S3_baseline_step,baseline_step,ineligible,True,target_segment_calibrated_absolute_nrmse,NRMSE,ratio_log_error,0.3651086803581905,,,1,0,20260902
Hilbert,post_amplitude_trajectory,3,S3_baseline_step,baseline_step,ineligible,True,target_segment_calibrated_absolute_nrmse,NRMSE,ratio_log_error_deterioration_from_target_only,-0.05519864112556658,,,1,0,20260902
Hilbert,post_amplitude_trajectory,3,S3_baseline_step,baseline_step,ineligible,True,target_segment_calibrated_absolute_nrmse,NRMSE,processing_success_fraction,1.0,,,1,0,20260902
Hilbert,post_amplitude_trajectory,3,S3_baseline_step,baseline_step,ineligible,True,target_segment_calibrated_absolute_nrmse,NRMSE,valid_fraction,1.0,,,1,0,20260902
Hilbert,post_amplitude_trajectory,4,S4_acute_treatment_transient,acute_treatment_transient,difficult,True,target_segment_calibrated_absolute_nrmse,NRMSE,primary_error,0.5145965758222718,0.2214870479931264,0.6836319081154015,10,2000,20260902
Hilbert,post_amplitude_trajectory,4,S4_acute_treatment_transient,acute_treatment_transient,difficult,True,target_segment_calibrated_absolute_nrmse,NRMSE,primary_error_deterioration_from_target_only,-0.002208762548581336,-0.022677007063954646,0.07730508302241342,10,2000,20260902
Hilbert,post_amplitude_trajectory,4,S4_acute_treatment_transient,acute_treatment_transient,difficult,True,target_segment_calibrated_absolute_nrmse,NRMSE,trajectory_pearson,0.9693328399545411,0.9216133223507811,0.9873062143504403,10,2000,20260902
Hilbert,post_amplitude_trajectory,4,S4_acute_treatment_transient,acute_treatment_transient,difficult,True,target_segment_calibrated_absolute_nrmse,NRMSE,trajectory_pearson_deterioration_from_target_only,0.0019201846196715833,-0.0011691755339921506,0.007895914079292188,10,2000,20260902
Hilbert,post_amplitude_trajectory,4,S4_acute_treatment_transient,acute_treatment_transient,difficult,True,target_segment_calibrated_absolute_nrmse,NRMSE,target_segment_shape_nrmse,0.3543955890978302,0.09154077394898474,0.494845186289275,10,2000,20260902
Hilbert,post_amplitude_trajectory,4,S4_acute_treatment_transient,acute_treatment_transient,difficult,True,target_segment_calibrated_absolute_nrmse,NRMSE,target_segment_shape_nrmse_deterioration_from_target_only,0.01226900448502861,-0.0002037599800699015,0.023094736887001956,10,2000,20260902
Hilbert,post_amplitude_trajectory,4,S4_acute_treatment_transient,acute_treatment_transient,difficult,True,target_segment_calibrated_absolute_nrmse,NRMSE,envelope_log_rate_absolute_error_per_day,0.4207743627431497,0.16633842704817947,0.9437742525739159,10,2000,20260902
Hilbert,post_amplitude_trajectory,4,S4_acute_treatment_transient,acute_treatment_transient,difficult,True,target_segment_calibrated_absolute_nrmse,NRMSE,envelope_log_rate_absolute_error_deterioration_from_target_only,-0.03828162813065089,-0.09764675792577598,0.0025652365573725078,10,2000,20260902
Hilbert,post_amplitude_trajectory,4,S4_acute_treatment_transient,acute_treatment_transient,difficult,True,target_segment_calibrated_absolute_nrmse,NRMSE,ratio_log_error,0.29684248455516293,0.155635181506318,0.5567323313241497,10,2000,20260902
Hilbert,post_amplitude_trajectory,4,S4_acute_treatment_transient,acute_treatment_transient,difficult,True,target_segment_calibrated_absolute_nrmse,NRMSE,ratio_log_error_deterioration_from_target_only,0.06260524515230764,-0.005383026347393238,0.16030304829587036,10,2000,20260902
Hilbert,post_amplitude_trajectory,4,S4_acute_treatment_transient,acute_treatment_transient,difficult,True,target_segment_calibrated_absolute_nrmse,NRMSE,processing_success_fraction,1.0,1.0,1.0,10,2000,20260902
Hilbert,post_amplitude_trajectory,4,S4_acute_treatment_transient,acute_treatment_transient,difficult,True,target_segment_calibrated_absolute_nrmse,NRMSE,valid_fraction,1.0,1.0,1.0,10,2000,20260902
Hilbert,post_amplitude_trajectory,4,S4_acute_treatment_transient,acute_treatment_transient,eligible,True,target_segment_calibrated_absolute_nrmse,NRMSE,primary_error,0.12006011769630805,0.11044201640283868,0.13581900521889811,42,2000,20260902
Hilbert,post_amplitude_trajectory,4,S4_acute_treatment_transient,acute_treatment_transient,eligible,True,target_segment_calibrated_absolute_nrmse,NRMSE,primary_error_deterioration_from_target_only,0.007449881745411967,0.00268185239105935,0.012958062046093746,42,2000,20260902
Hilbert,post_amplitude_trajectory,4,S4_acute_treatment_transient,acute_treatment_transient,eligible,True,target_segment_calibrated_absolute_nrmse,NRMSE,trajectory_pearson,0.991423635967698,0.9828632984388841,0.9937046429522439,42,2000,20260902
Hilbert,post_amplitude_trajectory,4,S4_acute_treatment_transient,acute_treatment_transient,eligible,True,target_segment_calibrated_absolute_nrmse,NRMSE,trajectory_pearson_deterioration_from_target_only,0.0008410046235913515,0.00036345624706238255,0.0029307301403428965,42,2000,20260902
Hilbert,post_amplitude_trajectory,4,S4_acute_treatment_transient,acute_treatment_transient,eligible,True,target_segment_calibrated_absolute_nrmse,NRMSE,target_segment_shape_nrmse,0.06827236695217423,0.06093666952786465,0.07418938762956823,42,2000,20260902
Hilbert,post_amplitude_trajectory,4,S4_acute_treatment_transient,acute_treatment_transient,eligible,True,target_segment_calibrated_absolute_nrmse,NRMSE,target_segment_shape_nrmse_deterioration_from_target_only,0.0058563009764659255,0.0022390714266399755,0.008199704152638751,42,2000,20260902
Hilbert,post_amplitude_trajectory,4,S4_acute_treatment_transient,acute_treatment_transient,eligible,True,target_segment_calibrated_absolute_nrmse,NRMSE,envelope_log_rate_absolute_error_per_day,0.07425456726996872,0.059022196441019255,0.08254675501446829,42,2000,20260902
Hilbert,post_amplitude_trajectory,4,S4_acute_treatment_transient,acute_treatment_transient,eligible,True,target_segment_calibrated_absolute_nrmse,NRMSE,envelope_log_rate_absolute_error_deterioration_from_target_only,-0.0022802458565963496,-0.004594248811393219,0.0044377052309055864,42,2000,20260902
Hilbert,post_amplitude_trajectory,4,S4_acute_treatment_transient,acute_treatment_transient,eligible,True,target_segment_calibrated_absolute_nrmse,NRMSE,ratio_log_error,0.050272519920956896,0.03474381081638578,0.08323149910060673,42,2000,20260902
Hilbert,post_amplitude_trajectory,4,S4_acute_treatment_transient,acute_treatment_transient,eligible,True,target_segment_calibrated_absolute_nrmse,NRMSE,ratio_log_error_deterioration_from_target_only,0.006728203724460424,0.0006852645081917034,0.012842990859355039,42,2000,20260902
Hilbert,post_amplitude_trajectory,4,S4_acute_treatment_transient,acute_treatment_transient,eligible,True,target_segment_calibrated_absolute_nrmse,NRMSE,processing_success_fraction,1.0,1.0,1.0,42,2000,20260902
Hilbert,post_amplitude_trajectory,4,S4_acute_treatment_transient,acute_treatment_transient,eligible,True,target_segment_calibrated_absolute_nrmse,NRMSE,valid_fraction,1.0,1.0,1.0,42,2000,20260902
Hilbert,post_amplitude_trajectory,4,S4_acute_treatment_transient,acute_treatment_transient,ineligible,True,target_segment_calibrated_absolute_nrmse,NRMSE,primary_error,0.5459979612092332,,,1,0,20260902
Hilbert,post_amplitude_trajectory,4,S4_acute_treatment_transient,acute_treatment_transient,ineligible,True,target_segment_calibrated_absolute_nrmse,NRMSE,primary_error_deterioration_from_target_only,0.026781211220029716,,,1,0,20260902
Hilbert,post_amplitude_trajectory,4,S4_acute_treatment_transient,acute_treatment_transient,ineligible,True,target_segment_calibrated_absolute_nrmse,NRMSE,trajectory_pearson,0.9567906318843689,,,1,0,20260902
Hilbert,post_amplitude_trajectory,4,S4_acute_treatment_transient,acute_treatment_transient,ineligible,True,target_segment_calibrated_absolute_nrmse,NRMSE,trajectory_pearson_deterioration_from_target_only,0.021427243167678134,,,1,0,20260902
Hilbert,post_amplitude_trajectory,4,S4_acute_treatment_transient,acute_treatment_transient,ineligible,True,target_segment_calibrated_absolute_nrmse,NRMSE,target_segment_shape_nrmse,0.40378213440451116,,,1,0,20260902
Hilbert,post_amplitude_trajectory,4,S4_acute_treatment_transient,acute_treatment_transient,ineligible,True,target_segment_calibrated_absolute_nrmse,NRMSE,target_segment_shape_nrmse_deterioration_from_target_only,0.09777871768067914,,,1,0,20260902
Hilbert,post_amplitude_trajectory,4,S4_acute_treatment_transient,acute_treatment_transient,ineligible,True,target_segment_calibrated_absolute_nrmse,NRMSE,envelope_log_rate_absolute_error_per_day,0.5797715665575381,,,1,0,20260902
Hilbert,post_amplitude_trajectory,4,S4_acute_treatment_transient,acute_treatment_transient,ineligible,True,target_segment_calibrated_absolute_nrmse,NRMSE,envelope_log_rate_absolute_error_deterioration_from_target_only,0.1829876620359226,,,1,0,20260902
Hilbert,post_amplitude_trajectory,4,S4_acute_treatment_transient,acute_treatment_transient,ineligible,True,target_segment_calibrated_absolute_nrmse,NRMSE,ratio_log_error,0.28567034146685705,,,1,0,20260902
Hilbert,post_amplitude_trajectory,4,S4_acute_treatment_transient,acute_treatment_transient,ineligible,True,target_segment_calibrated_absolute_nrmse,NRMSE,ratio_log_error_deterioration_from_target_only,-0.09892656836094552,,,1,0,20260902
Hilbert,post_amplitude_trajectory,4,S4_acute_treatment_transient,acute_treatment_transient,ineligible,True,target_segment_calibrated_absolute_nrmse,NRMSE,processing_success_fraction,1.0,,,1,0,20260902
Hilbert,post_amplitude_trajectory,4,S4_acute_treatment_transient,acute_treatment_transient,ineligible,True,target_segment_calibrated_absolute_nrmse,NRMSE,valid_fraction,1.0,,,1,0,20260902
Hilbert,post_period_hours,0,S0_target_only,target_only,difficult,True,absolute_error_hours,hours,primary_error,0.16217995621904713,0.05837036804609674,0.3745380396546132,3,2000,20260902
Hilbert,post_period_hours,0,S0_target_only,target_only,difficult,True,absolute_error_hours,hours,primary_error_deterioration_from_target_only,0.0,0.0,0.0,3,2000,20260902
Hilbert,post_period_hours,0,S0_target_only,target_only,difficult,True,absolute_error_hours,hours,ratio_log_error,0.0228527654522825,0.01407618309442785,0.3619287457498581,3,2000,20260902
Hilbert,post_period_hours,0,S0_target_only,target_only,difficult,True,absolute_error_hours,hours,ratio_log_error_deterioration_from_target_only,0.0,0.0,0.0,3,2000,20260902
Hilbert,post_period_hours,0,S0_target_only,target_only,difficult,True,absolute_error_hours,hours,processing_success_fraction,1.0,1.0,1.0,3,2000,20260902
Hilbert,post_period_hours,0,S0_target_only,target_only,difficult,True,absolute_error_hours,hours,valid_fraction,1.0,1.0,1.0,3,2000,20260902
Hilbert,post_period_hours,0,S0_target_only,target_only,eligible,True,absolute_error_hours,hours,primary_error,0.20193839121440327,0.16536082376012828,0.2409793491340828,49,2000,20260902
Hilbert,post_period_hours,0,S0_target_only,target_only,eligible,True,absolute_error_hours,hours,primary_error_deterioration_from_target_only,0.0,0.0,0.0,49,2000,20260902
Hilbert,post_period_hours,0,S0_target_only,target_only,eligible,True,absolute_error_hours,hours,ratio_log_error,0.0259580963166102,0.0214223636801077,0.029900618097809452,49,2000,20260902
Hilbert,post_period_hours,0,S0_target_only,target_only,eligible,True,absolute_error_hours,hours,ratio_log_error_deterioration_from_target_only,0.0,0.0,0.0,49,2000,20260902
Hilbert,post_period_hours,0,S0_target_only,target_only,eligible,True,absolute_error_hours,hours,processing_success_fraction,1.0,1.0,1.0,49,2000,20260902
Hilbert,post_period_hours,0,S0_target_only,target_only,eligible,True,absolute_error_hours,hours,valid_fraction,1.0,1.0,1.0,49,2000,20260902
Hilbert,post_period_hours,0,S0_target_only,target_only,ineligible,True,absolute_error_hours,hours,primary_error,0.07755540938646988,,,1,0,20260902
Hilbert,post_period_hours,0,S0_target_only,target_only,ineligible,True,absolute_error_hours,hours,primary_error_deterioration_from_target_only,0.0,,,1,0,20260902
Hilbert,post_period_hours,0,S0_target_only,target_only,ineligible,True,absolute_error_hours,hours,ratio_log_error,0.07079546129155775,,,1,0,20260902
Hilbert,post_period_hours,0,S0_target_only,target_only,ineligible,True,absolute_error_hours,hours,ratio_log_error_deterioration_from_target_only,0.0,,,1,0,20260902
Hilbert,post_period_hours,0,S0_target_only,target_only,ineligible,True,absolute_error_hours,hours,processing_success_fraction,1.0,,,1,0,20260902
Hilbert,post_period_hours,0,S0_target_only,target_only,ineligible,True,absolute_error_hours,hours,valid_fraction,1.0,,,1,0,20260902
Hilbert,post_period_hours,1,S1_post_amplitude,post_amplitude,difficult,True,absolute_error_hours,hours,primary_error,0.17115216060536653,0.012553319986103872,0.4460635672448916,3,2000,20260902
Hilbert,post_period_hours,1,S1_post_amplitude,post_amplitude,difficult,True,absolute_error_hours,hours,primary_error_deterioration_from_target_only,0.0018298545251678178,-0.042100716939788896,0.06734246708524694,3,2000,20260902
Hilbert,post_period_hours,1,S1_post_amplitude,post_amplitude,difficult,True,absolute_error_hours,hours,ratio_log_error,0.022359502186138448,0.00521965310933145,0.3567365490751818,3,2000,20260902
Hilbert,post_period_hours,1,S1_post_amplitude,post_amplitude,difficult,True,absolute_error_hours,hours,ratio_log_error_deterioration_from_target_only,-0.005153330108786797,-0.008226296133058898,0.0003277865293971503,3,2000,20260902
Hilbert,post_period_hours,1,S1_post_amplitude,post_amplitude,difficult,True,absolute_error_hours,hours,processing_success_fraction,1.0,1.0,1.0,3,2000,20260902
Hilbert,post_period_hours,1,S1_post_amplitude,post_amplitude,difficult,True,absolute_error_hours,hours,valid_fraction,1.0,1.0,1.0,3,2000,20260902
Hilbert,post_period_hours,1,S1_post_amplitude,post_amplitude,eligible,True,absolute_error_hours,hours,primary_error,0.2072889042861874,0.17703970441581163,0.2395609599218762,49,2000,20260902
Hilbert,post_period_hours,1,S1_post_amplitude,post_amplitude,eligible,True,absolute_error_hours,hours,primary_error_deterioration_from_target_only,0.013495565921823882,-0.009671621829026478,0.031432239789955574,49,2000,20260902
Hilbert,post_period_hours,1,S1_post_amplitude,post_amplitude,eligible,True,absolute_error_hours,hours,ratio_log_error,0.026065255213685398,0.01867166959973205,0.03261775727422815,49,2000,20260902
Hilbert,post_period_hours,1,S1_post_amplitude,post_amplitude,eligible,True,absolute_error_hours,hours,ratio_log_error_deterioration_from_target_only,0.003003827108562949,-0.0007612003775840925,0.00568129232645955,49,2000,20260902
Hilbert,post_period_hours,1,S1_post_amplitude,post_amplitude,eligible,True,absolute_error_hours,hours,processing_success_fraction,1.0,1.0,1.0,49,2000,20260902
Hilbert,post_period_hours,1,S1_post_amplitude,post_amplitude,eligible,True,absolute_error_hours,hours,valid_fraction,1.0,1.0,1.0,49,2000,20260902
Hilbert,post_period_hours,1,S1_post_amplitude,post_amplitude,ineligible,True,absolute_error_hours,hours,primary_error,0.07093295362601282,,,1,0,20260902
Hilbert,post_period_hours,1,S1_post_amplitude,post_amplitude,ineligible,True,absolute_error_hours,hours,primary_error_deterioration_from_target_only,-0.0011987063485960903,,,1,0,20260902
Hilbert,post_period_hours,1,S1_post_amplitude,post_amplitude,ineligible,True,absolute_error_hours,hours,ratio_log_error,0.06997210033192461,,,1,0,20260902
Hilbert,post_period_hours,1,S1_post_amplitude,post_amplitude,ineligible,True,absolute_error_hours,hours,ratio_log_error_deterioration_from_target_only,-0.0007887355521816013,,,1,0,20260902
Hilbert,post_period_hours,1,S1_post_amplitude,post_amplitude,ineligible,True,absolute_error_hours,hours,processing_success_fraction,1.0,,,1,0,20260902
Hilbert,post_period_hours,1,S1_post_amplitude,post_amplitude,ineligible,True,absolute_error_hours,hours,valid_fraction,1.0,,,1,0,20260902
Hilbert,post_period_hours,2,S2_post_envelope,post_envelope,difficult,True,absolute_error_hours,hours,primary_error,0.24602402541364654,0.07820677649513641,1.910691628431973,3,2000,20260902
Hilbert,post_period_hours,2,S2_post_envelope,post_envelope,difficult,True,absolute_error_hours,hours,primary_error_deterioration_from_target_only,0.0847529774484812,0.02458149036010404,1.5361535887773599,3,2000,20260902
Hilbert,post_period_hours,2,S2_post_envelope,post_envelope,difficult,True,absolute_error_hours,hours,ratio_log_error,0.027344940813092952,0.01806965284405445,1.2554777629668754,3,2000,20260902
Hilbert,post_period_hours,2,S2_post_envelope,post_envelope,difficult,True,absolute_error_hours,hours,ratio_log_error_deterioration_from_target_only,0.0053684832498323495,0.002582950936536551,0.8873502186855713,3,2000,20260902
Hilbert,post_period_hours,2,S2_post_envelope,post_envelope,difficult,True,absolute_error_hours,hours,processing_success_fraction,1.0,1.0,1.0,3,2000,20260902
Hilbert,post_period_hours,2,S2_post_envelope,post_envelope,difficult,True,absolute_error_hours,hours,valid_fraction,1.0,1.0,1.0,3,2000,20260902
Hilbert,post_period_hours,2,S2_post_envelope,post_envelope,eligible,True,absolute_error_hours,hours,primary_error,0.32121389591700833,0.17658778423694876,0.393322852248696,49,2000,20260902
Hilbert,post_period_hours,2,S2_post_envelope,post_envelope,eligible,True,absolute_error_hours,hours,primary_error_deterioration_from_target_only,0.04761229846522497,0.02349095813449864,0.11875363687537366,49,2000,20260902
Hilbert,post_period_hours,2,S2_post_envelope,post_envelope,eligible,True,absolute_error_hours,hours,ratio_log_error,0.0415420042302118,0.0297473080521269,0.047568948011071005,49,2000,20260902
Hilbert,post_period_hours,2,S2_post_envelope,post_envelope,eligible,True,absolute_error_hours,hours,ratio_log_error_deterioration_from_target_only,0.013380935153858598,0.007134795082412351,0.01994127691891945,49,2000,20260902
Hilbert,post_period_hours,2,S2_post_envelope,post_envelope,eligible,True,absolute_error_hours,hours,processing_success_fraction,1.0,1.0,1.0,49,2000,20260902
Hilbert,post_period_hours,2,S2_post_envelope,post_envelope,eligible,True,absolute_error_hours,hours,valid_fraction,1.0,1.0,1.0,49,2000,20260902
Hilbert,post_period_hours,2,S2_post_envelope,post_envelope,ineligible,True,absolute_error_hours,hours,primary_error,1.5045639826324724,,,1,0,20260902
Hilbert,post_period_hours,2,S2_post_envelope,post_envelope,ineligible,True,absolute_error_hours,hours,primary_error_deterioration_from_target_only,1.430403919751157,,,1,0,20260902
Hilbert,post_period_hours,2,S2_post_envelope,post_envelope,ineligible,True,absolute_error_hours,hours,ratio_log_error,0.8910833946152222,,,1,0,20260902
Hilbert,post_period_hours,2,S2_post_envelope,post_envelope,ineligible,True,absolute_error_hours,hours,ratio_log_error_deterioration_from_target_only,0.8234502804472397,,,1,0,20260902
Hilbert,post_period_hours,2,S2_post_envelope,post_envelope,ineligible,True,absolute_error_hours,hours,processing_success_fraction,1.0,,,1,0,20260902
Hilbert,post_period_hours,2,S2_post_envelope,post_envelope,ineligible,True,absolute_error_hours,hours,valid_fraction,1.0,,,1,0,20260902
Hilbert,post_period_hours,3,S3_linear_drift,linear_drift,difficult,True,absolute_error_hours,hours,primary_error,0.16252625509030416,0.05811819493215964,0.3743259980990672,3,2000,20260902
Hilbert,post_period_hours,3,S3_linear_drift,linear_drift,difficult,True,absolute_error_hours,hours,primary_error_deterioration_from_target_only,-2.0034378300337607e-05,-0.00022709185978442292,0.0001879919056460011,3,2000,20260902
Hilbert,post_period_hours,3,S3_linear_drift,linear_drift,difficult,True,absolute_error_hours,hours,ratio_log_error,0.0228775654708997,0.0140711980271041,0.361933117984027,3,2000,20260902
Hilbert,post_period_hours,3,S3_linear_drift,linear_drift,difficult,True,absolute_error_hours,hours,ratio_log_error_deterioration_from_target_only,3.9007002558821835e-06,-2.019115205500327e-07,1.0899907118500085e-05,3,2000,20260902
Hilbert,post_period_hours,3,S3_linear_drift,linear_drift,difficult,True,absolute_error_hours,hours,processing_success_fraction,1.0,1.0,1.0,3,2000,20260902
Hilbert,post_period_hours,3,S3_linear_drift,linear_drift,difficult,True,absolute_error_hours,hours,valid_fraction,1.0,1.0,1.0,3,2000,20260902
Hilbert,post_period_hours,3,S3_linear_drift,linear_drift,eligible,True,absolute_error_hours,hours,primary_error,0.20176868660908376,0.16536972253498838,0.24120247307655873,49,2000,20260902
Hilbert,post_period_hours,3,S3_linear_drift,linear_drift,eligible,True,absolute_error_hours,hours,primary_error_deterioration_from_target_only,1.5562635685029136e-05,-7.494876251179505e-05,7.071202806230303e-05,49,2000,20260902
Hilbert,post_period_hours,3,S3_linear_drift,linear_drift,eligible,True,absolute_error_hours,hours,ratio_log_error,0.02594698377570265,0.0217532322348655,0.029905105888023698,49,2000,20260902
Hilbert,post_period_hours,3,S3_linear_drift,linear_drift,eligible,True,absolute_error_hours,hours,ratio_log_error_deterioration_from_target_only,9.99823439401526e-07,-2.692856328150202e-06,1.4697521894148705e-05,49,2000,20260902
Hilbert,post_period_hours,3,S3_linear_drift,linear_drift,eligible,True,absolute_error_hours,hours,processing_success_fraction,1.0,1.0,1.0,49,2000,20260902
Hilbert,post_period_hours,3,S3_linear_drift,linear_drift,eligible,True,absolute_error_hours,hours,valid_fraction,1.0,1.0,1.0,49,2000,20260902
Hilbert,post_period_hours,3,S3_linear_drift,linear_drift,ineligible,True,absolute_error_hours,hours,primary_error,0.07762611904954397,,,1,0,20260902
Hilbert,post_period_hours,3,S3_linear_drift,linear_drift,ineligible,True,absolute_error_hours,hours,primary_error_deterioration_from_target_only,6.872830995874324e-05,,,1,0,20260902
Hilbert,post_period_hours,3,S3_linear_drift,linear_drift,ineligible,True,absolute_error_hours,hours,ratio_log_error,0.07077501811646231,,,1,0,20260902
Hilbert,post_period_hours,3,S3_linear_drift,linear_drift,ineligible,True,absolute_error_hours,hours,ratio_log_error_deterioration_from_target_only,-1.8076245532246127e-05,,,1,0,20260902
Hilbert,post_period_hours,3,S3_linear_drift,linear_drift,ineligible,True,absolute_error_hours,hours,processing_success_fraction,1.0,,,1,0,20260902
Hilbert,post_period_hours,3,S3_linear_drift,linear_drift,ineligible,True,absolute_error_hours,hours,valid_fraction,1.0,,,1,0,20260902
Hilbert,post_period_hours,4,S4_baseline_step,baseline_step,difficult,True,absolute_error_hours,hours,primary_error,0.17620716027363237,0.07006013752984686,0.37612478225744717,3,2000,20260902
Hilbert,post_period_hours,4,S4_baseline_step,baseline_step,difficult,True,absolute_error_hours,hours,primary_error_deterioration_from_target_only,0.012521073302222518,-0.004295121650766731,0.01986853415873746,3,2000,20260902
Hilbert,post_period_hours,4,S4_baseline_step,baseline_step,difficult,True,absolute_error_hours,hours,ratio_log_error,0.03003295873294525,0.00435570685528035,0.36336662097055156,3,2000,20260902
Hilbert,post_period_hours,4,S4_baseline_step,baseline_step,difficult,True,absolute_error_hours,hours,ratio_log_error_deterioration_from_target_only,0.0009642379080748442,-0.00979208732391755,0.008158341786472699,3,2000,20260902
Hilbert,post_period_hours,4,S4_baseline_step,baseline_step,difficult,True,absolute_error_hours,hours,processing_success_fraction,1.0,1.0,1.0,3,2000,20260902
Hilbert,post_period_hours,4,S4_baseline_step,baseline_step,difficult,True,absolute_error_hours,hours,valid_fraction,1.0,1.0,1.0,3,2000,20260902
Hilbert,post_period_hours,4,S4_baseline_step,baseline_step,eligible,True,absolute_error_hours,hours,primary_error,0.24837254964161737,0.15123572125740026,0.2845047786667667,49,2000,20260902
Hilbert,post_period_hours,4,S4_baseline_step,baseline_step,eligible,True,absolute_error_hours,hours,primary_error_deterioration_from_target_only,0.019951603797823125,0.00016981895674739178,0.057893438051509705,49,2000,20260902
Hilbert,post_period_hours,4,S4_baseline_step,baseline_step,eligible,True,absolute_error_hours,hours,ratio_log_error,0.029058933897589997,0.01890882803997945,0.03944177132687625,49,2000,20260902
Hilbert,post_period_hours,4,S4_baseline_step,baseline_step,eligible,True,absolute_error_hours,hours,ratio_log_error_deterioration_from_target_only,0.0016067993535426994,-0.0006513008053132005,0.00897718514504365,49,2000,20260902
Hilbert,post_period_hours,4,S4_baseline_step,baseline_step,eligible,True,absolute_error_hours,hours,processing_success_fraction,1.0,1.0,1.0,49,2000,20260902
Hilbert,post_period_hours,4,S4_baseline_step,baseline_step,eligible,True,absolute_error_hours,hours,valid_fraction,1.0,1.0,1.0,49,2000,20260902
Hilbert,post_period_hours,4,S4_baseline_step,baseline_step,ineligible,True,absolute_error_hours,hours,primary_error,0.010007922880179265,,,1,0,20260902
Hilbert,post_period_hours,4,S4_baseline_step,baseline_step,ineligible,True,absolute_error_hours,hours,primary_error_deterioration_from_target_only,-0.05078182701131695,,,1,0,20260902
Hilbert,post_period_hours,4,S4_baseline_step,baseline_step,ineligible,True,absolute_error_hours,hours,ratio_log_error,0.07372043270577605,,,1,0,20260902
Hilbert,post_period_hours,4,S4_baseline_step,baseline_step,ineligible,True,absolute_error_hours,hours,ratio_log_error_deterioration_from_target_only,0.0008847276341122506,,,1,0,20260902
Hilbert,post_period_hours,4,S4_baseline_step,baseline_step,ineligible,True,absolute_error_hours,hours,processing_success_fraction,1.0,,,1,0,20260902
Hilbert,post_period_hours,4,S4_baseline_step,baseline_step,ineligible,True,absolute_error_hours,hours,valid_fraction,1.0,,,1,0,20260902
Hilbert,post_period_hours,5,S5_acute_treatment_transient,acute_treatment_transient,difficult,True,absolute_error_hours,hours,primary_error,0.1788391762155772,0.06532840118869565,0.3805297611594032,3,2000,20260902
Hilbert,post_period_hours,5,S5_acute_treatment_transient,acute_treatment_transient,difficult,True,absolute_error_hours,hours,primary_error_deterioration_from_target_only,0.0019215178951768053,0.0010952330361480023,0.013217579904505783,3,2000,20260902
Hilbert,post_period_hours,5,S5_acute_treatment_transient,acute_treatment_transient,difficult,True,absolute_error_hours,hours,ratio_log_error,0.0288395286215182,0.01078156300277365,0.36238499523200207,3,2000,20260902
Hilbert,post_period_hours,5,S5_acute_treatment_transient,acute_treatment_transient,difficult,True,absolute_error_hours,hours,ratio_log_error_deterioration_from_target_only,0.00014783328223264003,-0.00301667751547525,0.0072570100659835,3,2000,20260902
Hilbert,post_period_hours,5,S5_acute_treatment_transient,acute_treatment_transient,difficult,True,absolute_error_hours,hours,processing_success_fraction,1.0,1.0,1.0,3,2000,20260902
Hilbert,post_period_hours,5,S5_acute_treatment_transient,acute_treatment_transient,difficult,True,absolute_error_hours,hours,valid_fraction,1.0,1.0,1.0,3,2000,20260902
Hilbert,post_period_hours,5,S5_acute_treatment_transient,acute_treatment_transient,eligible,True,absolute_error_hours,hours,primary_error,0.2541281133359501,0.19367863217585857,0.29029510445031903,49,2000,20260902
Hilbert,post_period_hours,5,S5_acute_treatment_transient,acute_treatment_transient,eligible,True,absolute_error_hours,hours,primary_error_deterioration_from_target_only,0.003490673237992681,-0.008639057593608612,0.05884014606293597,49,2000,20260902
Hilbert,post_period_hours,5,S5_acute_treatment_transient,acute_treatment_transient,eligible,True,absolute_error_hours,hours,ratio_log_error,0.0223678051461687,0.0166338475229432,0.028944618881695798,49,2000,20260902
Hilbert,post_period_hours,5,S5_acute_treatment_transient,acute_treatment_transient,eligible,True,absolute_error_hours,hours,ratio_log_error_deterioration_from_target_only,-0.0005406695330142652,-0.0015754399524550997,0.0023263336209413,49,2000,20260902
Hilbert,post_period_hours,5,S5_acute_treatment_transient,acute_treatment_transient,eligible,True,absolute_error_hours,hours,processing_success_fraction,1.0,1.0,1.0,49,2000,20260902
Hilbert,post_period_hours,5,S5_acute_treatment_transient,acute_treatment_transient,eligible,True,absolute_error_hours,hours,valid_fraction,1.0,1.0,1.0,49,2000,20260902
Hilbert,post_period_hours,5,S5_acute_treatment_transient,acute_treatment_transient,ineligible,True,absolute_error_hours,hours,primary_error,0.1137305262568642,,,1,0,20260902
Hilbert,post_period_hours,5,S5_acute_treatment_transient,acute_treatment_transient,ineligible,True,absolute_error_hours,hours,primary_error_deterioration_from_target_only,0.028052030952723683,,,1,0,20260902
Hilbert,post_period_hours,5,S5_acute_treatment_transient,acute_treatment_transient,ineligible,True,absolute_error_hours,hours,ratio_log_error,0.07699457137275756,,,1,0,20260902
Hilbert,post_period_hours,5,S5_acute_treatment_transient,acute_treatment_transient,ineligible,True,absolute_error_hours,hours,ratio_log_error_deterioration_from_target_only,0.00470052299953445,,,1,0,20260902
Hilbert,post_period_hours,5,S5_acute_treatment_transient,acute_treatment_transient,ineligible,True,absolute_error_hours,hours,processing_success_fraction,1.0,,,1,0,20260902
Hilbert,post_period_hours,5,S5_acute_treatment_transient,acute_treatment_transient,ineligible,True,absolute_error_hours,hours,valid_fraction,1.0,,,1,0,20260902
Hilbert,pre_amplitude_trajectory,0,S0_target_only,target_only,difficult,True,target_segment_calibrated_absolute_nrmse,NRMSE,primary_error,0.42888785300820653,0.23919657914431808,0.6720825022354491,11,2000,20260902
Hilbert,pre_amplitude_trajectory,0,S0_target_only,target_only,difficult,True,target_segment_calibrated_absolute_nrmse,NRMSE,primary_error_deterioration_from_target_only,0.0,0.0,0.0,11,2000,20260902
Hilbert,pre_amplitude_trajectory,0,S0_target_only,target_only,difficult,True,target_segment_calibrated_absolute_nrmse,NRMSE,trajectory_pearson,0.9758003896492407,0.8320432651633136,0.983350848547488,11,2000,20260902
Hilbert,pre_amplitude_trajectory,0,S0_target_only,target_only,difficult,True,target_segment_calibrated_absolute_nrmse,NRMSE,trajectory_pearson_deterioration_from_target_only,0.0,0.0,0.0,11,2000,20260902
Hilbert,pre_amplitude_trajectory,0,S0_target_only,target_only,difficult,True,target_segment_calibrated_absolute_nrmse,NRMSE,target_segment_shape_nrmse,0.19283840743891345,0.15117451751162508,0.29702716678909885,11,2000,20260902
Hilbert,pre_amplitude_trajectory,0,S0_target_only,target_only,difficult,True,target_segment_calibrated_absolute_nrmse,NRMSE,target_segment_shape_nrmse_deterioration_from_target_only,0.0,0.0,0.0,11,2000,20260902
Hilbert,pre_amplitude_trajectory,0,S0_target_only,target_only,difficult,True,target_segment_calibrated_absolute_nrmse,NRMSE,envelope_log_rate_absolute_error_per_day,0.159753748317187,0.0511358101136985,0.26784142030792923,11,2000,20260902
Hilbert,pre_amplitude_trajectory,0,S0_target_only,target_only,difficult,True,target_segment_calibrated_absolute_nrmse,NRMSE,envelope_log_rate_absolute_error_deterioration_from_target_only,0.0,0.0,0.0,11,2000,20260902
Hilbert,pre_amplitude_trajectory,0,S0_target_only,target_only,difficult,True,target_segment_calibrated_absolute_nrmse,NRMSE,ratio_log_error,0.0523704895870758,0.02494562711543845,0.5235845398994834,11,2000,20260902
Hilbert,pre_amplitude_trajectory,0,S0_target_only,target_only,difficult,True,target_segment_calibrated_absolute_nrmse,NRMSE,ratio_log_error_deterioration_from_target_only,0.0,0.0,0.0,11,2000,20260902
Hilbert,pre_amplitude_trajectory,0,S0_target_only,target_only,difficult,True,target_segment_calibrated_absolute_nrmse,NRMSE,processing_success_fraction,1.0,1.0,1.0,11,2000,20260902
Hilbert,pre_amplitude_trajectory,0,S0_target_only,target_only,difficult,True,target_segment_calibrated_absolute_nrmse,NRMSE,valid_fraction,1.0,1.0,1.0,11,2000,20260902
Hilbert,pre_amplitude_trajectory,0,S0_target_only,target_only,eligible,True,target_segment_calibrated_absolute_nrmse,NRMSE,primary_error,0.1977180889340599,0.18149705809902617,0.21224904846011516,41,2000,20260902
Hilbert,pre_amplitude_trajectory,0,S0_target_only,target_only,eligible,True,target_segment_calibrated_absolute_nrmse,NRMSE,primary_error_deterioration_from_target_only,0.0,0.0,0.0,41,2000,20260902
Hilbert,pre_amplitude_trajectory,0,S0_target_only,target_only,eligible,True,target_segment_calibrated_absolute_nrmse,NRMSE,trajectory_pearson,0.992153644274688,0.9912385716452936,0.9946024496360678,41,2000,20260902
Hilbert,pre_amplitude_trajectory,0,S0_target_only,target_only,eligible,True,target_segment_calibrated_absolute_nrmse,NRMSE,trajectory_pearson_deterioration_from_target_only,0.0,0.0,0.0,41,2000,20260902
Hilbert,pre_amplitude_trajectory,0,S0_target_only,target_only,eligible,True,target_segment_calibrated_absolute_nrmse,NRMSE,target_segment_shape_nrmse,0.13383596325662578,0.12489946105974785,0.1364609858525277,41,2000,20260902
Hilbert,pre_amplitude_trajectory,0,S0_target_only,target_only,eligible,True,target_segment_calibrated_absolute_nrmse,NRMSE,target_segment_shape_nrmse_deterioration_from_target_only,0.0,0.0,0.0,41,2000,20260902
Hilbert,pre_amplitude_trajectory,0,S0_target_only,target_only,eligible,True,target_segment_calibrated_absolute_nrmse,NRMSE,envelope_log_rate_absolute_error_per_day,0.14789684074645093,0.12472278233842732,0.1742672144092969,41,2000,20260902
Hilbert,pre_amplitude_trajectory,0,S0_target_only,target_only,eligible,True,target_segment_calibrated_absolute_nrmse,NRMSE,envelope_log_rate_absolute_error_deterioration_from_target_only,0.0,0.0,0.0,41,2000,20260902
Hilbert,pre_amplitude_trajectory,0,S0_target_only,target_only,eligible,True,target_segment_calibrated_absolute_nrmse,NRMSE,ratio_log_error,0.04651614308798925,0.035274123698498555,0.053493751022764754,41,2000,20260902
Hilbert,pre_amplitude_trajectory,0,S0_target_only,target_only,eligible,True,target_segment_calibrated_absolute_nrmse,NRMSE,ratio_log_error_deterioration_from_target_only,0.0,0.0,0.0,41,2000,20260902
Hilbert,pre_amplitude_trajectory,0,S0_target_only,target_only,eligible,True,target_segment_calibrated_absolute_nrmse,NRMSE,processing_success_fraction,1.0,1.0,1.0,41,2000,20260902
Hilbert,pre_amplitude_trajectory,0,S0_target_only,target_only,eligible,True,target_segment_calibrated_absolute_nrmse,NRMSE,valid_fraction,1.0,1.0,1.0,41,2000,20260902
Hilbert,pre_amplitude_trajectory,0,S0_target_only,target_only,ineligible,True,target_segment_calibrated_absolute_nrmse,NRMSE,primary_error,0.260002183661168,,,1,0,20260902
Hilbert,pre_amplitude_trajectory,0,S0_target_only,target_only,ineligible,True,target_segment_calibrated_absolute_nrmse,NRMSE,primary_error_deterioration_from_target_only,0.0,,,1,0,20260902
Hilbert,pre_amplitude_trajectory,0,S0_target_only,target_only,ineligible,True,target_segment_calibrated_absolute_nrmse,NRMSE,trajectory_pearson,0.9817885954104146,,,1,0,20260902
Hilbert,pre_amplitude_trajectory,0,S0_target_only,target_only,ineligible,True,target_segment_calibrated_absolute_nrmse,NRMSE,trajectory_pearson_deterioration_from_target_only,0.0,,,1,0,20260902
Hilbert,pre_amplitude_trajectory,0,S0_target_only,target_only,ineligible,True,target_segment_calibrated_absolute_nrmse,NRMSE,target_segment_shape_nrmse,0.16403828967123607,,,1,0,20260902
Hilbert,pre_amplitude_trajectory,0,S0_target_only,target_only,ineligible,True,target_segment_calibrated_absolute_nrmse,NRMSE,target_segment_shape_nrmse_deterioration_from_target_only,0.0,,,1,0,20260902
Hilbert,pre_amplitude_trajectory,0,S0_target_only,target_only,ineligible,True,target_segment_calibrated_absolute_nrmse,NRMSE,envelope_log_rate_absolute_error_per_day,0.16242527519669264,,,1,0,20260902
Hilbert,pre_amplitude_trajectory,0,S0_target_only,target_only,ineligible,True,target_segment_calibrated_absolute_nrmse,NRMSE,envelope_log_rate_absolute_error_deterioration_from_target_only,0.0,,,1,0,20260902
Hilbert,pre_amplitude_trajectory,0,S0_target_only,target_only,ineligible,True,target_segment_calibrated_absolute_nrmse,NRMSE,ratio_log_error,0.01759647338167565,,,1,0,20260902
Hilbert,pre_amplitude_trajectory,0,S0_target_only,target_only,ineligible,True,target_segment_calibrated_absolute_nrmse,NRMSE,ratio_log_error_deterioration_from_target_only,0.0,,,1,0,20260902
Hilbert,pre_amplitude_trajectory,0,S0_target_only,target_only,ineligible,True,target_segment_calibrated_absolute_nrmse,NRMSE,processing_success_fraction,1.0,,,1,0,20260902
Hilbert,pre_amplitude_trajectory,0,S0_target_only,target_only,ineligible,True,target_segment_calibrated_absolute_nrmse,NRMSE,valid_fraction,1.0,,,1,0,20260902
Hilbert,pre_amplitude_trajectory,1,S1_pre_period,pre_period,difficult,True,target_segment_calibrated_absolute_nrmse,NRMSE,primary_error,0.4784475494559891,0.17332708761312865,0.842051659289372,11,2000,20260902
Hilbert,pre_amplitude_trajectory,1,S1_pre_period,pre_period,difficult,True,target_segment_calibrated_absolute_nrmse,NRMSE,primary_error_deterioration_from_target_only,-0.024220415174076897,-0.13182555130866047,0.0840538393991977,11,2000,20260902
Hilbert,pre_amplitude_trajectory,1,S1_pre_period,pre_period,difficult,True,target_segment_calibrated_absolute_nrmse,NRMSE,trajectory_pearson,0.9623998319604835,0.4677907037409966,0.9807730622234567,11,2000,20260902
Hilbert,pre_amplitude_trajectory,1,S1_pre_period,pre_period,difficult,True,target_segment_calibrated_absolute_nrmse,NRMSE,trajectory_pearson_deterioration_from_target_only,0.002975660756930676,-0.014169021959035077,0.03309606415235267,11,2000,20260902
Hilbert,pre_amplitude_trajectory,1,S1_pre_period,pre_period,difficult,True,target_segment_calibrated_absolute_nrmse,NRMSE,target_segment_shape_nrmse,0.37053342345181206,0.15816226754258061,0.6064029909231311,11,2000,20260902
Hilbert,pre_amplitude_trajectory,1,S1_pre_period,pre_period,difficult,True,target_segment_calibrated_absolute_nrmse,NRMSE,target_segment_shape_nrmse_deterioration_from_target_only,0.19394405631089912,-0.030894311872504153,0.34657013218054766,11,2000,20260902
Hilbert,pre_amplitude_trajectory,1,S1_pre_period,pre_period,difficult,True,target_segment_calibrated_absolute_nrmse,NRMSE,envelope_log_rate_absolute_error_per_day,0.4544223294944582,0.14361745518253394,0.586293013461536,11,2000,20260902
Hilbert,pre_amplitude_trajectory,1,S1_pre_period,pre_period,difficult,True,target_segment_calibrated_absolute_nrmse,NRMSE,envelope_log_rate_absolute_error_deterioration_from_target_only,0.18425174891633617,-0.041970367934924535,0.39237357415437996,11,2000,20260902
Hilbert,pre_amplitude_trajectory,1,S1_pre_period,pre_period,difficult,True,target_segment_calibrated_absolute_nrmse,NRMSE,ratio_log_error,0.27065543150975824,0.06510740868964304,0.5271793886191369,11,2000,20260902
Hilbert,pre_amplitude_trajectory,1,S1_pre_period,pre_period,difficult,True,target_segment_calibrated_absolute_nrmse,NRMSE,ratio_log_error_deterioration_from_target_only,0.06917317003265791,0.018941929105604688,0.23875159238893923,11,2000,20260902
Hilbert,pre_amplitude_trajectory,1,S1_pre_period,pre_period,difficult,True,target_segment_calibrated_absolute_nrmse,NRMSE,processing_success_fraction,1.0,1.0,1.0,11,2000,20260902
Hilbert,pre_amplitude_trajectory,1,S1_pre_period,pre_period,difficult,True,target_segment_calibrated_absolute_nrmse,NRMSE,valid_fraction,1.0,1.0,1.0,11,2000,20260902
Hilbert,pre_amplitude_trajectory,1,S1_pre_period,pre_period,eligible,True,target_segment_calibrated_absolute_nrmse,NRMSE,primary_error,0.16441729292469331,0.13991668452739844,0.2042787625005858,41,2000,20260902
Hilbert,pre_amplitude_trajectory,1,S1_pre_period,pre_period,eligible,True,target_segment_calibrated_absolute_nrmse,NRMSE,primary_error_deterioration_from_target_only,-0.004346634988116244,-0.019766360201280586,-0.0008236833117096012,41,2000,20260902
Hilbert,pre_amplitude_trajectory,1,S1_pre_period,pre_period,eligible,True,target_segment_calibrated_absolute_nrmse,NRMSE,trajectory_pearson,0.9948149778390409,0.9910595629030318,0.9955730107133554,41,2000,20260902
Hilbert,pre_amplitude_trajectory,1,S1_pre_period,pre_period,eligible,True,target_segment_calibrated_absolute_nrmse,NRMSE,trajectory_pearson_deterioration_from_target_only,0.0005563212435235054,-0.0003219339814071187,0.0012180363394244664,41,2000,20260902
Hilbert,pre_amplitude_trajectory,1,S1_pre_period,pre_period,eligible,True,target_segment_calibrated_absolute_nrmse,NRMSE,target_segment_shape_nrmse,0.10972239505254144,0.09234028557258755,0.1247393919569535,41,2000,20260902
Hilbert,pre_amplitude_trajectory,1,S1_pre_period,pre_period,eligible,True,target_segment_calibrated_absolute_nrmse,NRMSE,target_segment_shape_nrmse_deterioration_from_target_only,-0.001909341536007303,-0.019180323201673954,-0.0002443156936842439,41,2000,20260902
Hilbert,pre_amplitude_trajectory,1,S1_pre_period,pre_period,eligible,True,target_segment_calibrated_absolute_nrmse,NRMSE,envelope_log_rate_absolute_error_per_day,0.10336825453676404,0.09092909581198799,0.1251426351527592,41,2000,20260902
Hilbert,pre_amplitude_trajectory,1,S1_pre_period,pre_period,eligible,True,target_segment_calibrated_absolute_nrmse,NRMSE,envelope_log_rate_absolute_error_deterioration_from_target_only,-0.004144985959209563,-0.030731164278275575,-0.00025880973167720367,41,2000,20260902
Hilbert,pre_amplitude_trajectory,1,S1_pre_period,pre_period,eligible,True,target_segment_calibrated_absolute_nrmse,NRMSE,ratio_log_error,0.058589453890163554,0.0451536286347097,0.0750258573534251,41,2000,20260902
Hilbert,pre_amplitude_trajectory,1,S1_pre_period,pre_period,eligible,True,target_segment_calibrated_absolute_nrmse,NRMSE,ratio_log_error_deterioration_from_target_only,0.0034694328541379996,-0.0024060781074895995,0.021749746064064802,41,2000,20260902
Hilbert,pre_amplitude_trajectory,1,S1_pre_period,pre_period,eligible,True,target_segment_calibrated_absolute_nrmse,NRMSE,processing_success_fraction,1.0,1.0,1.0,41,2000,20260902
Hilbert,pre_amplitude_trajectory,1,S1_pre_period,pre_period,eligible,True,target_segment_calibrated_absolute_nrmse,NRMSE,valid_fraction,1.0,1.0,1.0,41,2000,20260902
Hilbert,pre_amplitude_trajectory,1,S1_pre_period,pre_period,ineligible,True,target_segment_calibrated_absolute_nrmse,NRMSE,primary_error,0.3666587489277029,,,1,0,20260902
Hilbert,pre_amplitude_trajectory,1,S1_pre_period,pre_period,ineligible,True,target_segment_calibrated_absolute_nrmse,NRMSE,primary_error_deterioration_from_target_only,0.10483960580421045,,,1,0,20260902
Hilbert,pre_amplitude_trajectory,1,S1_pre_period,pre_period,ineligible,True,target_segment_calibrated_absolute_nrmse,NRMSE,trajectory_pearson,0.9523818550571894,,,1,0,20260902
Hilbert,pre_amplitude_trajectory,1,S1_pre_period,pre_period,ineligible,True,target_segment_calibrated_absolute_nrmse,NRMSE,trajectory_pearson_deterioration_from_target_only,0.030320193158130893,,,1,0,20260902
Hilbert,pre_amplitude_trajectory,1,S1_pre_period,pre_period,ineligible,True,target_segment_calibrated_absolute_nrmse,NRMSE,target_segment_shape_nrmse,0.3657321678642853,,,1,0,20260902
Hilbert,pre_amplitude_trajectory,1,S1_pre_period,pre_period,ineligible,True,target_segment_calibrated_absolute_nrmse,NRMSE,target_segment_shape_nrmse_deterioration_from_target_only,0.20848171312175562,,,1,0,20260902
Hilbert,pre_amplitude_trajectory,1,S1_pre_period,pre_period,ineligible,True,target_segment_calibrated_absolute_nrmse,NRMSE,envelope_log_rate_absolute_error_per_day,0.32365642489160773,,,1,0,20260902
Hilbert,pre_amplitude_trajectory,1,S1_pre_period,pre_period,ineligible,True,target_segment_calibrated_absolute_nrmse,NRMSE,envelope_log_rate_absolute_error_deterioration_from_target_only,0.1612311496949151,,,1,0,20260902
Hilbert,pre_amplitude_trajectory,1,S1_pre_period,pre_period,ineligible,True,target_segment_calibrated_absolute_nrmse,NRMSE,ratio_log_error,0.07782344924713219,,,1,0,20260902
Hilbert,pre_amplitude_trajectory,1,S1_pre_period,pre_period,ineligible,True,target_segment_calibrated_absolute_nrmse,NRMSE,ratio_log_error_deterioration_from_target_only,0.06022697586545655,,,1,0,20260902
Hilbert,pre_amplitude_trajectory,1,S1_pre_period,pre_period,ineligible,True,target_segment_calibrated_absolute_nrmse,NRMSE,processing_success_fraction,1.0,,,1,0,20260902
Hilbert,pre_amplitude_trajectory,1,S1_pre_period,pre_period,ineligible,True,target_segment_calibrated_absolute_nrmse,NRMSE,valid_fraction,1.0,,,1,0,20260902
Hilbert,pre_amplitude_trajectory,2,S2_linear_drift,linear_drift,difficult,True,target_segment_calibrated_absolute_nrmse,NRMSE,primary_error,0.4288986444035615,0.2390202566024775,0.6698602992085012,11,2000,20260902
Hilbert,pre_amplitude_trajectory,2,S2_linear_drift,linear_drift,difficult,True,target_segment_calibrated_absolute_nrmse,NRMSE,primary_error_deterioration_from_target_only,-0.00014247566538311274,-0.0019105165858540607,6.986043690135335e-05,11,2000,20260902
Hilbert,pre_amplitude_trajectory,2,S2_linear_drift,linear_drift,difficult,True,target_segment_calibrated_absolute_nrmse,NRMSE,trajectory_pearson,0.9757778022859405,0.8312869456979114,0.983359319067904,11,2000,20260902
Hilbert,pre_amplitude_trajectory,2,S2_linear_drift,linear_drift,difficult,True,target_segment_calibrated_absolute_nrmse,NRMSE,trajectory_pearson_deterioration_from_target_only,1.3382104641079806e-07,-0.00018723478348520173,0.0003169136808123252,11,2000,20260902
Hilbert,pre_amplitude_trajectory,2,S2_linear_drift,linear_drift,difficult,True,target_segment_calibrated_absolute_nrmse,NRMSE,target_segment_shape_nrmse,0.19280192832065884,0.15118862052400275,0.29678285670519733,11,2000,20260902
Hilbert,pre_amplitude_trajectory,2,S2_linear_drift,linear_drift,difficult,True,target_segment_calibrated_absolute_nrmse,NRMSE,target_segment_shape_nrmse_deterioration_from_target_only,-3.64791182545926e-05,-0.00018591619615224153,0.00035464849368542495,11,2000,20260902
Hilbert,pre_amplitude_trajectory,2,S2_linear_drift,linear_drift,difficult,True,target_segment_calibrated_absolute_nrmse,NRMSE,envelope_log_rate_absolute_error_per_day,0.15931010764340045,0.0517230470208876,0.26856530673292645,11,2000,20260902
Hilbert,pre_amplitude_trajectory,2,S2_linear_drift,linear_drift,difficult,True,target_segment_calibrated_absolute_nrmse,NRMSE,envelope_log_rate_absolute_error_deterioration_from_target_only,1.6303637993542175e-06,-0.00011267592141278593,0.0004895132901089339,11,2000,20260902
Hilbert,pre_amplitude_trajectory,2,S2_linear_drift,linear_drift,difficult,True,target_segment_calibrated_absolute_nrmse,NRMSE,ratio_log_error,0.05261721565299035,0.02503071543752035,0.5225813563987485,11,2000,20260902
Hilbert,pre_amplitude_trajectory,2,S2_linear_drift,linear_drift,difficult,True,target_segment_calibrated_absolute_nrmse,NRMSE,ratio_log_error_deterioration_from_target_only,5.546319126041588e-05,-0.0003000769284443039,0.0004595930118747992,11,2000,20260902
Hilbert,pre_amplitude_trajectory,2,S2_linear_drift,linear_drift,difficult,True,target_segment_calibrated_absolute_nrmse,NRMSE,processing_success_fraction,1.0,1.0,1.0,11,2000,20260902
Hilbert,pre_amplitude_trajectory,2,S2_linear_drift,linear_drift,difficult,True,target_segment_calibrated_absolute_nrmse,NRMSE,valid_fraction,1.0,1.0,1.0,11,2000,20260902
Hilbert,pre_amplitude_trajectory,2,S2_linear_drift,linear_drift,eligible,True,target_segment_calibrated_absolute_nrmse,NRMSE,primary_error,0.1976939101949992,0.18150925686545366,0.21235559038742804,41,2000,20260902
Hilbert,pre_amplitude_trajectory,2,S2_linear_drift,linear_drift,eligible,True,target_segment_calibrated_absolute_nrmse,NRMSE,primary_error_deterioration_from_target_only,-0.00015767336806439547,-0.000312468090935214,-4.808984089839374e-05,41,2000,20260902
Hilbert,pre_amplitude_trajectory,2,S2_linear_drift,linear_drift,eligible,True,target_segment_calibrated_absolute_nrmse,NRMSE,trajectory_pearson,0.9923239635137631,0.9912273594069261,0.9946725581453131,41,2000,20260902
Hilbert,pre_amplitude_trajectory,2,S2_linear_drift,linear_drift,eligible,True,target_segment_calibrated_absolute_nrmse,NRMSE,trajectory_pearson_deterioration_from_target_only,-2.2004654154361702e-07,-1.2141343639693325e-05,8.18801793367463e-07,41,2000,20260902
Hilbert,pre_amplitude_trajectory,2,S2_linear_drift,linear_drift,eligible,True,target_segment_calibrated_absolute_nrmse,NRMSE,target_segment_shape_nrmse,0.13369185875542114,0.1248485973508065,0.1367812908652078,41,2000,20260902
Hilbert,pre_amplitude_trajectory,2,S2_linear_drift,linear_drift,eligible,True,target_segment_calibrated_absolute_nrmse,NRMSE,target_segment_shape_nrmse_deterioration_from_target_only,-4.28188044762981e-05,-0.00010142150675500339,-2.6021268898085426e-06,41,2000,20260902
Hilbert,pre_amplitude_trajectory,2,S2_linear_drift,linear_drift,eligible,True,target_segment_calibrated_absolute_nrmse,NRMSE,envelope_log_rate_absolute_error_per_day,0.14788638210203373,0.12471008049262958,0.1742201373735646,41,2000,20260902
Hilbert,pre_amplitude_trajectory,2,S2_linear_drift,linear_drift,eligible,True,target_segment_calibrated_absolute_nrmse,NRMSE,envelope_log_rate_absolute_error_deterioration_from_target_only,-4.02963305584092e-05,-0.00010242798388468421,-1.1778427133485314e-05,41,2000,20260902
Hilbert,pre_amplitude_trajectory,2,S2_linear_drift,linear_drift,eligible,True,target_segment_calibrated_absolute_nrmse,NRMSE,ratio_log_error,0.0465945906106878,0.03508268832560035,0.0541570824454677,41,2000,20260902
Hilbert,pre_amplitude_trajectory,2,S2_linear_drift,linear_drift,eligible,True,target_segment_calibrated_absolute_nrmse,NRMSE,ratio_log_error_deterioration_from_target_only,-2.25186006205004e-05,-0.00011017149705879956,5.014416763260074e-05,41,2000,20260902
Hilbert,pre_amplitude_trajectory,2,S2_linear_drift,linear_drift,eligible,True,target_segment_calibrated_absolute_nrmse,NRMSE,processing_success_fraction,1.0,1.0,1.0,41,2000,20260902
Hilbert,pre_amplitude_trajectory,2,S2_linear_drift,linear_drift,eligible,True,target_segment_calibrated_absolute_nrmse,NRMSE,valid_fraction,1.0,1.0,1.0,41,2000,20260902
Hilbert,pre_amplitude_trajectory,2,S2_linear_drift,linear_drift,ineligible,True,target_segment_calibrated_absolute_nrmse,NRMSE,primary_error,0.2593929961813888,,,1,0,20260902
Hilbert,pre_amplitude_trajectory,2,S2_linear_drift,linear_drift,ineligible,True,target_segment_calibrated_absolute_nrmse,NRMSE,primary_error_deterioration_from_target_only,-0.0006269202316396272,,,1,0,20260902
Hilbert,pre_amplitude_trajectory,2,S2_linear_drift,linear_drift,ineligible,True,target_segment_calibrated_absolute_nrmse,NRMSE,trajectory_pearson,0.9818288423538378,,,1,0,20260902
Hilbert,pre_amplitude_trajectory,2,S2_linear_drift,linear_drift,ineligible,True,target_segment_calibrated_absolute_nrmse,NRMSE,trajectory_pearson_deterioration_from_target_only,-4.6280776710205807e-05,,,1,0,20260902
Hilbert,pre_amplitude_trajectory,2,S2_linear_drift,linear_drift,ineligible,True,target_segment_calibrated_absolute_nrmse,NRMSE,target_segment_shape_nrmse,0.16378686830028416,,,1,0,20260902
Hilbert,pre_amplitude_trajectory,2,S2_linear_drift,linear_drift,ineligible,True,target_segment_calibrated_absolute_nrmse,NRMSE,target_segment_shape_nrmse_deterioration_from_target_only,-0.0002139063110273426,,,1,0,20260902
Hilbert,pre_amplitude_trajectory,2,S2_linear_drift,linear_drift,ineligible,True,target_segment_calibrated_absolute_nrmse,NRMSE,envelope_log_rate_absolute_error_per_day,0.16227721299629233,,,1,0,20260902
Hilbert,pre_amplitude_trajectory,2,S2_linear_drift,linear_drift,ineligible,True,target_segment_calibrated_absolute_nrmse,NRMSE,envelope_log_rate_absolute_error_deterioration_from_target_only,-0.0001535734523930854,,,1,0,20260902
Hilbert,pre_amplitude_trajectory,2,S2_linear_drift,linear_drift,ineligible,True,target_segment_calibrated_absolute_nrmse,NRMSE,ratio_log_error,0.0177394659367601,,,1,0,20260902
Hilbert,pre_amplitude_trajectory,2,S2_linear_drift,linear_drift,ineligible,True,target_segment_calibrated_absolute_nrmse,NRMSE,ratio_log_error_deterioration_from_target_only,0.00014620146702204895,,,1,0,20260902
Hilbert,pre_amplitude_trajectory,2,S2_linear_drift,linear_drift,ineligible,True,target_segment_calibrated_absolute_nrmse,NRMSE,processing_success_fraction,1.0,,,1,0,20260902
Hilbert,pre_amplitude_trajectory,2,S2_linear_drift,linear_drift,ineligible,True,target_segment_calibrated_absolute_nrmse,NRMSE,valid_fraction,1.0,,,1,0,20260902
Hilbert,pre_period_hours,0,S0_target_only,target_only,difficult,True,absolute_error_hours,hours,primary_error,0.22817121730024414,0.0786707317485078,0.24723642811422408,10,2000,20260902
Hilbert,pre_period_hours,0,S0_target_only,target_only,difficult,True,absolute_error_hours,hours,primary_error_deterioration_from_target_only,0.0,0.0,0.0,10,2000,20260902
Hilbert,pre_period_hours,0,S0_target_only,target_only,difficult,True,absolute_error_hours,hours,ratio_log_error,0.24311363917147882,0.043545227493990146,0.27709003532690213,10,2000,20260902
Hilbert,pre_period_hours,0,S0_target_only,target_only,difficult,True,absolute_error_hours,hours,ratio_log_error_deterioration_from_target_only,0.0,0.0,0.0,10,2000,20260902
Hilbert,pre_period_hours,0,S0_target_only,target_only,difficult,True,absolute_error_hours,hours,processing_success_fraction,1.0,1.0,1.0,10,2000,20260902
Hilbert,pre_period_hours,0,S0_target_only,target_only,difficult,True,absolute_error_hours,hours,valid_fraction,1.0,1.0,1.0,10,2000,20260902
Hilbert,pre_period_hours,0,S0_target_only,target_only,eligible,True,absolute_error_hours,hours,primary_error,0.032663394197050444,0.020843628940320436,0.04564890334792793,42,2000,20260902
Hilbert,pre_period_hours,0,S0_target_only,target_only,eligible,True,absolute_error_hours,hours,primary_error_deterioration_from_target_only,0.0,0.0,0.0,42,2000,20260902
Hilbert,pre_period_hours,0,S0_target_only,target_only,eligible,True,absolute_error_hours,hours,ratio_log_error,0.021049499103401675,0.01823653705207095,0.03624734639987105,42,2000,20260902
Hilbert,pre_period_hours,0,S0_target_only,target_only,eligible,True,absolute_error_hours,hours,ratio_log_error_deterioration_from_target_only,0.0,0.0,0.0,42,2000,20260902
Hilbert,pre_period_hours,0,S0_target_only,target_only,eligible,True,absolute_error_hours,hours,processing_success_fraction,1.0,1.0,1.0,42,2000,20260902
Hilbert,pre_period_hours,0,S0_target_only,target_only,eligible,True,absolute_error_hours,hours,valid_fraction,1.0,1.0,1.0,42,2000,20260902
Hilbert,pre_period_hours,0,S0_target_only,target_only,ineligible,True,absolute_error_hours,hours,primary_error,0.21366228438719226,,,1,0,20260902
Hilbert,pre_period_hours,0,S0_target_only,target_only,ineligible,True,absolute_error_hours,hours,primary_error_deterioration_from_target_only,0.0,,,1,0,20260902
Hilbert,pre_period_hours,0,S0_target_only,target_only,ineligible,True,absolute_error_hours,hours,ratio_log_error,0.1959594479156774,,,1,0,20260902
Hilbert,pre_period_hours,0,S0_target_only,target_only,ineligible,True,absolute_error_hours,hours,ratio_log_error_deterioration_from_target_only,0.0,,,1,0,20260902
Hilbert,pre_period_hours,0,S0_target_only,target_only,ineligible,True,absolute_error_hours,hours,processing_success_fraction,1.0,,,1,0,20260902
Hilbert,pre_period_hours,0,S0_target_only,target_only,ineligible,True,absolute_error_hours,hours,valid_fraction,1.0,,,1,0,20260902
Hilbert,pre_period_hours,1,S1_pre_amplitude,pre_amplitude,difficult,True,absolute_error_hours,hours,primary_error,0.24725778043679103,0.11486054930332656,0.3097135143583296,10,2000,20260902
Hilbert,pre_period_hours,1,S1_pre_amplitude,pre_amplitude,difficult,True,absolute_error_hours,hours,primary_error_deterioration_from_target_only,0.010968387674519242,-0.0070574080059202515,0.16128517634053452,10,2000,20260902
Hilbert,pre_period_hours,1,S1_pre_amplitude,pre_amplitude,difficult,True,absolute_error_hours,hours,ratio_log_error,0.24203723448910242,0.06626264441837705,0.27007369944072385,10,2000,20260902
Hilbert,pre_period_hours,1,S1_pre_amplitude,pre_amplitude,difficult,True,absolute_error_hours,hours,ratio_log_error_deterioration_from_target_only,0.0012259704412825242,-0.010297897492471488,0.009425682164097794,10,2000,20260902
Hilbert,pre_period_hours,1,S1_pre_amplitude,pre_amplitude,difficult,True,absolute_error_hours,hours,processing_success_fraction,1.0,1.0,1.0,10,2000,20260902
Hilbert,pre_period_hours,1,S1_pre_amplitude,pre_amplitude,difficult,True,absolute_error_hours,hours,valid_fraction,1.0,1.0,1.0,10,2000,20260902
Hilbert,pre_period_hours,1,S1_pre_amplitude,pre_amplitude,eligible,True,absolute_error_hours,hours,primary_error,0.025207558059031854,0.015333009906421502,0.030455218108326854,42,2000,20260902
Hilbert,pre_period_hours,1,S1_pre_amplitude,pre_amplitude,eligible,True,absolute_error_hours,hours,primary_error_deterioration_from_target_only,-0.006584864574347371,-0.013214430731141036,-0.0016208460228002153,42,2000,20260902
Hilbert,pre_period_hours,1,S1_pre_amplitude,pre_amplitude,eligible,True,absolute_error_hours,hours,ratio_log_error,0.03251235239405315,0.02414636674194835,0.05305066028559475,42,2000,20260902
Hilbert,pre_period_hours,1,S1_pre_amplitude,pre_amplitude,eligible,True,absolute_error_hours,hours,ratio_log_error_deterioration_from_target_only,0.008601131259488125,0.006388530982109552,0.0128700436218781,42,2000,20260902
Hilbert,pre_period_hours,1,S1_pre_amplitude,pre_amplitude,eligible,True,absolute_error_hours,hours,processing_success_fraction,1.0,1.0,1.0,42,2000,20260902
Hilbert,pre_period_hours,1,S1_pre_amplitude,pre_amplitude,eligible,True,absolute_error_hours,hours,valid_fraction,1.0,1.0,1.0,42,2000,20260902
Hilbert,pre_period_hours,1,S1_pre_amplitude,pre_amplitude,ineligible,True,absolute_error_hours,hours,primary_error,0.2183592560203511,,,1,0,20260902
Hilbert,pre_period_hours,1,S1_pre_amplitude,pre_amplitude,ineligible,True,absolute_error_hours,hours,primary_error_deterioration_from_target_only,0.015388623818664016,,,1,0,20260902
Hilbert,pre_period_hours,1,S1_pre_amplitude,pre_amplitude,ineligible,True,absolute_error_hours,hours,ratio_log_error,0.18999555523962475,,,1,0,20260902
Hilbert,pre_period_hours,1,S1_pre_amplitude,pre_amplitude,ineligible,True,absolute_error_hours,hours,ratio_log_error_deterioration_from_target_only,-0.0027777057933244947,,,1,0,20260902
Hilbert,pre_period_hours,1,S1_pre_amplitude,pre_amplitude,ineligible,True,absolute_error_hours,hours,processing_success_fraction,1.0,,,1,0,20260902
Hilbert,pre_period_hours,1,S1_pre_amplitude,pre_amplitude,ineligible,True,absolute_error_hours,hours,valid_fraction,1.0,,,1,0,20260902
Hilbert,pre_period_hours,2,S2_pre_envelope,pre_envelope,difficult,True,absolute_error_hours,hours,primary_error,0.14545824099819082,0.0692668420686946,0.29056480234663695,10,2000,20260902
Hilbert,pre_period_hours,2,S2_pre_envelope,pre_envelope,difficult,True,absolute_error_hours,hours,primary_error_deterioration_from_target_only,0.012529171946991546,-0.03758486578357445,0.0735484677949998,10,2000,20260902
Hilbert,pre_period_hours,2,S2_pre_envelope,pre_envelope,difficult,True,absolute_error_hours,hours,ratio_log_error,0.10420306642070032,0.0347724502404882,0.6301107749921627,10,2000,20260902
Hilbert,pre_period_hours,2,S2_pre_envelope,pre_envelope,difficult,True,absolute_error_hours,hours,ratio_log_error_deterioration_from_target_only,0.0083620512796031,-0.1700998594282387,0.40388136656123197,10,2000,20260902
Hilbert,pre_period_hours,2,S2_pre_envelope,pre_envelope,difficult,True,absolute_error_hours,hours,processing_success_fraction,1.0,1.0,1.0,10,2000,20260902
Hilbert,pre_period_hours,2,S2_pre_envelope,pre_envelope,difficult,True,absolute_error_hours,hours,valid_fraction,1.0,1.0,1.0,10,2000,20260902
Hilbert,pre_period_hours,2,S2_pre_envelope,pre_envelope,eligible,True,absolute_error_hours,hours,primary_error,0.07201327067915386,0.05826392681178838,0.09229135967620117,42,2000,20260902
Hilbert,pre_period_hours,2,S2_pre_envelope,pre_envelope,eligible,True,absolute_error_hours,hours,primary_error_deterioration_from_target_only,0.03716461692588702,0.019104534554251984,0.06953397013374651,42,2000,20260902
Hilbert,pre_period_hours,2,S2_pre_envelope,pre_envelope,eligible,True,absolute_error_hours,hours,ratio_log_error,0.054889054688321046,0.03550416023174783,0.06305046639548545,42,2000,20260902
Hilbert,pre_period_hours,2,S2_pre_envelope,pre_envelope,eligible,True,absolute_error_hours,hours,ratio_log_error_deterioration_from_target_only,0.0213797381175186,0.014773463112123377,0.02787789486413365,42,2000,20260902
Hilbert,pre_period_hours,2,S2_pre_envelope,pre_envelope,eligible,True,absolute_error_hours,hours,processing_success_fraction,1.0,1.0,1.0,42,2000,20260902
Hilbert,pre_period_hours,2,S2_pre_envelope,pre_envelope,eligible,True,absolute_error_hours,hours,valid_fraction,1.0,1.0,1.0,42,2000,20260902
Hilbert,pre_period_hours,2,S2_pre_envelope,pre_envelope,ineligible,True,absolute_error_hours,hours,primary_error,0.3098418360173216,,,1,0,20260902
Hilbert,pre_period_hours,2,S2_pre_envelope,pre_envelope,ineligible,True,absolute_error_hours,hours,primary_error_deterioration_from_target_only,0.09936383914295988,,,1,0,20260902
Hilbert,pre_period_hours,2,S2_pre_envelope,pre_envelope,ineligible,True,absolute_error_hours,hours,ratio_log_error,0.0329175127693459,,,1,0,20260902
Hilbert,pre_period_hours,2,S2_pre_envelope,pre_envelope,ineligible,True,absolute_error_hours,hours,ratio_log_error_deterioration_from_target_only,-0.13698455390172615,,,1,0,20260902
Hilbert,pre_period_hours,2,S2_pre_envelope,pre_envelope,ineligible,True,absolute_error_hours,hours,processing_success_fraction,1.0,,,1,0,20260902
Hilbert,pre_period_hours,2,S2_pre_envelope,pre_envelope,ineligible,True,absolute_error_hours,hours,valid_fraction,1.0,,,1,0,20260902
Hilbert,pre_period_hours,3,S3_linear_drift,linear_drift,difficult,True,absolute_error_hours,hours,primary_error,0.22846878574883345,0.08444884792213703,0.24109362965728387,10,2000,20260902
Hilbert,pre_period_hours,3,S3_linear_drift,linear_drift,difficult,True,absolute_error_hours,hours,primary_error_deterioration_from_target_only,-1.5830525880389246e-05,-0.0002270408774140975,0.0001416414697743562,10,2000,20260902
Hilbert,pre_period_hours,3,S3_linear_drift,linear_drift,difficult,True,absolute_error_hours,hours,ratio_log_error,0.2430197701718843,0.0436979756864525,0.27709509953584244,10,2000,20260902
Hilbert,pre_period_hours,3,S3_linear_drift,linear_drift,difficult,True,absolute_error_hours,hours,ratio_log_error_deterioration_from_target_only,4.05676589555759e-06,-3.3980728148516604e-05,7.139327450804943e-05,10,2000,20260902
Hilbert,pre_period_hours,3,S3_linear_drift,linear_drift,difficult,True,absolute_error_hours,hours,processing_success_fraction,1.0,1.0,1.0,10,2000,20260902
Hilbert,pre_period_hours,3,S3_linear_drift,linear_drift,difficult,True,absolute_error_hours,hours,valid_fraction,1.0,1.0,1.0,10,2000,20260902
Hilbert,pre_period_hours,3,S3_linear_drift,linear_drift,eligible,True,absolute_error_hours,hours,primary_error,0.03253363245781404,0.02157384865402001,0.04560475649832263,42,2000,20260902
Hilbert,pre_period_hours,3,S3_linear_drift,linear_drift,eligible,True,absolute_error_hours,hours,primary_error_deterioration_from_target_only,3.5092569152794795e-06,-6.327580908893626e-05,5.199141579925737e-05,42,2000,20260902
Hilbert,pre_period_hours,3,S3_linear_drift,linear_drift,eligible,True,absolute_error_hours,hours,ratio_log_error,0.021053000432524227,0.017494102779828498,0.03538614774625383,42,2000,20260902
Hilbert,pre_period_hours,3,S3_linear_drift,linear_drift,eligible,True,absolute_error_hours,hours,ratio_log_error_deterioration_from_target_only,3.754166532923646e-06,1.0010853664249066e-06,1.621345779914608e-05,42,2000,20260902
Hilbert,pre_period_hours,3,S3_linear_drift,linear_drift,eligible,True,absolute_error_hours,hours,processing_success_fraction,1.0,1.0,1.0,42,2000,20260902
Hilbert,pre_period_hours,3,S3_linear_drift,linear_drift,eligible,True,absolute_error_hours,hours,valid_fraction,1.0,1.0,1.0,42,2000,20260902
Hilbert,pre_period_hours,3,S3_linear_drift,linear_drift,ineligible,True,absolute_error_hours,hours,primary_error,0.21420856320672854,,,1,0,20260902
Hilbert,pre_period_hours,3,S3_linear_drift,linear_drift,ineligible,True,absolute_error_hours,hours,primary_error_deterioration_from_target_only,0.00023366991375972646,,,1,0,20260902
Hilbert,pre_period_hours,3,S3_linear_drift,linear_drift,ineligible,True,absolute_error_hours,hours,ratio_log_error,0.1959577365106148,,,1,0,20260902
Hilbert,pre_period_hours,3,S3_linear_drift,linear_drift,ineligible,True,absolute_error_hours,hours,ratio_log_error_deterioration_from_target_only,-3.151939617890287e-05,,,1,0,20260902
Hilbert,pre_period_hours,3,S3_linear_drift,linear_drift,ineligible,True,absolute_error_hours,hours,processing_success_fraction,1.0,,,1,0,20260902
Hilbert,pre_period_hours,3,S3_linear_drift,linear_drift,ineligible,True,absolute_error_hours,hours,valid_fraction,1.0,,,1,0,20260902
STFT,post_amplitude_trajectory,0,S0_target_only,target_only,difficult,True,target_segment_calibrated_absolute_nrmse,NRMSE,primary_error,0.4653715812775822,0.1115489383251182,0.6586862235691452,10,2000,20260902
STFT,post_amplitude_trajectory,0,S0_target_only,target_only,difficult,True,target_segment_calibrated_absolute_nrmse,NRMSE,primary_error_deterioration_from_target_only,0.0,0.0,0.0,10,2000,20260902
STFT,post_amplitude_trajectory,0,S0_target_only,target_only,difficult,True,target_segment_calibrated_absolute_nrmse,NRMSE,trajectory_pearson,0.9994497945625778,0.9993715213842913,0.9998883005176296,10,2000,20260902
STFT,post_amplitude_trajectory,0,S0_target_only,target_only,difficult,True,target_segment_calibrated_absolute_nrmse,NRMSE,trajectory_pearson_deterioration_from_target_only,0.0,0.0,0.0,10,2000,20260902
STFT,post_amplitude_trajectory,0,S0_target_only,target_only,difficult,True,target_segment_calibrated_absolute_nrmse,NRMSE,target_segment_shape_nrmse,0.041713222082835545,0.014508514969429525,0.0499221936487161,10,2000,20260902
STFT,post_amplitude_trajectory,0,S0_target_only,target_only,difficult,True,target_segment_calibrated_absolute_nrmse,NRMSE,target_segment_shape_nrmse_deterioration_from_target_only,0.0,0.0,0.0,10,2000,20260902
STFT,post_amplitude_trajectory,0,S0_target_only,target_only,difficult,True,target_segment_calibrated_absolute_nrmse,NRMSE,envelope_log_rate_absolute_error_per_day,0.011017956121210037,0.0016725875626539821,0.02396092289909832,10,2000,20260902
STFT,post_amplitude_trajectory,0,S0_target_only,target_only,difficult,True,target_segment_calibrated_absolute_nrmse,NRMSE,envelope_log_rate_absolute_error_deterioration_from_target_only,0.0,0.0,0.0,10,2000,20260902
STFT,post_amplitude_trajectory,0,S0_target_only,target_only,difficult,True,target_segment_calibrated_absolute_nrmse,NRMSE,ratio_log_error,0.30299203619275633,0.1001035325065374,0.3523936344700942,10,2000,20260902
STFT,post_amplitude_trajectory,0,S0_target_only,target_only,difficult,True,target_segment_calibrated_absolute_nrmse,NRMSE,ratio_log_error_deterioration_from_target_only,0.0,0.0,0.0,10,2000,20260902
STFT,post_amplitude_trajectory,0,S0_target_only,target_only,difficult,True,target_segment_calibrated_absolute_nrmse,NRMSE,processing_success_fraction,1.0,1.0,1.0,10,2000,20260902
STFT,post_amplitude_trajectory,0,S0_target_only,target_only,difficult,True,target_segment_calibrated_absolute_nrmse,NRMSE,valid_fraction,1.0,1.0,1.0,10,2000,20260902
STFT,post_amplitude_trajectory,0,S0_target_only,target_only,eligible,True,target_segment_calibrated_absolute_nrmse,NRMSE,primary_error,0.050580665249367496,0.039729498059926746,0.061643007141256,42,2000,20260902
STFT,post_amplitude_trajectory,0,S0_target_only,target_only,eligible,True,target_segment_calibrated_absolute_nrmse,NRMSE,primary_error_deterioration_from_target_only,0.0,0.0,0.0,42,2000,20260902
STFT,post_amplitude_trajectory,0,S0_target_only,target_only,eligible,True,target_segment_calibrated_absolute_nrmse,NRMSE,trajectory_pearson,0.9999550143376295,0.9999279743247509,0.9999654018666103,42,2000,20260902
STFT,post_amplitude_trajectory,0,S0_target_only,target_only,eligible,True,target_segment_calibrated_absolute_nrmse,NRMSE,trajectory_pearson_deterioration_from_target_only,0.0,0.0,0.0,42,2000,20260902
STFT,post_amplitude_trajectory,0,S0_target_only,target_only,eligible,True,target_segment_calibrated_absolute_nrmse,NRMSE,target_segment_shape_nrmse,0.0058212833046787,0.004312695707187874,0.0070463023166149,42,2000,20260902
STFT,post_amplitude_trajectory,0,S0_target_only,target_only,eligible,True,target_segment_calibrated_absolute_nrmse,NRMSE,target_segment_shape_nrmse_deterioration_from_target_only,0.0,0.0,0.0,42,2000,20260902
STFT,post_amplitude_trajectory,0,S0_target_only,target_only,eligible,True,target_segment_calibrated_absolute_nrmse,NRMSE,envelope_log_rate_absolute_error_per_day,0.0037572123053441486,0.0027658465032640855,0.004970139297413689,42,2000,20260902
STFT,post_amplitude_trajectory,0,S0_target_only,target_only,eligible,True,target_segment_calibrated_absolute_nrmse,NRMSE,envelope_log_rate_absolute_error_deterioration_from_target_only,0.0,0.0,0.0,42,2000,20260902
STFT,post_amplitude_trajectory,0,S0_target_only,target_only,eligible,True,target_segment_calibrated_absolute_nrmse,NRMSE,ratio_log_error,0.02852559713420395,0.018887558504738274,0.03480765681912805,42,2000,20260902
STFT,post_amplitude_trajectory,0,S0_target_only,target_only,eligible,True,target_segment_calibrated_absolute_nrmse,NRMSE,ratio_log_error_deterioration_from_target_only,0.0,0.0,0.0,42,2000,20260902
STFT,post_amplitude_trajectory,0,S0_target_only,target_only,eligible,True,target_segment_calibrated_absolute_nrmse,NRMSE,processing_success_fraction,1.0,1.0,1.0,42,2000,20260902
STFT,post_amplitude_trajectory,0,S0_target_only,target_only,eligible,True,target_segment_calibrated_absolute_nrmse,NRMSE,valid_fraction,1.0,1.0,1.0,42,2000,20260902
STFT,post_amplitude_trajectory,0,S0_target_only,target_only,ineligible,True,target_segment_calibrated_absolute_nrmse,NRMSE,primary_error,0.4924381182115903,,,1,0,20260902
STFT,post_amplitude_trajectory,0,S0_target_only,target_only,ineligible,True,target_segment_calibrated_absolute_nrmse,NRMSE,primary_error_deterioration_from_target_only,0.0,,,1,0,20260902
STFT,post_amplitude_trajectory,0,S0_target_only,target_only,ineligible,True,target_segment_calibrated_absolute_nrmse,NRMSE,trajectory_pearson,0.9993225716348502,,,1,0,20260902
STFT,post_amplitude_trajectory,0,S0_target_only,target_only,ineligible,True,target_segment_calibrated_absolute_nrmse,NRMSE,trajectory_pearson_deterioration_from_target_only,0.0,,,1,0,20260902
STFT,post_amplitude_trajectory,0,S0_target_only,target_only,ineligible,True,target_segment_calibrated_absolute_nrmse,NRMSE,target_segment_shape_nrmse,0.052913002496970604,,,1,0,20260902
STFT,post_amplitude_trajectory,0,S0_target_only,target_only,ineligible,True,target_segment_calibrated_absolute_nrmse,NRMSE,target_segment_shape_nrmse_deterioration_from_target_only,0.0,,,1,0,20260902
STFT,post_amplitude_trajectory,0,S0_target_only,target_only,ineligible,True,target_segment_calibrated_absolute_nrmse,NRMSE,envelope_log_rate_absolute_error_per_day,0.01844839633963702,,,1,0,20260902
STFT,post_amplitude_trajectory,0,S0_target_only,target_only,ineligible,True,target_segment_calibrated_absolute_nrmse,NRMSE,envelope_log_rate_absolute_error_deterioration_from_target_only,0.0,,,1,0,20260902
STFT,post_amplitude_trajectory,0,S0_target_only,target_only,ineligible,True,target_segment_calibrated_absolute_nrmse,NRMSE,ratio_log_error,0.31927219052171263,,,1,0,20260902
STFT,post_amplitude_trajectory,0,S0_target_only,target_only,ineligible,True,target_segment_calibrated_absolute_nrmse,NRMSE,ratio_log_error_deterioration_from_target_only,0.0,,,1,0,20260902
STFT,post_amplitude_trajectory,0,S0_target_only,target_only,ineligible,True,target_segment_calibrated_absolute_nrmse,NRMSE,processing_success_fraction,1.0,,,1,0,20260902
STFT,post_amplitude_trajectory,0,S0_target_only,target_only,ineligible,True,target_segment_calibrated_absolute_nrmse,NRMSE,valid_fraction,1.0,,,1,0,20260902
STFT,post_amplitude_trajectory,1,S1_post_period,post_period,difficult,True,target_segment_calibrated_absolute_nrmse,NRMSE,primary_error,0.10218119674479732,0.05671939409063805,0.558619603418355,10,2000,20260902
STFT,post_amplitude_trajectory,1,S1_post_period,post_period,difficult,True,target_segment_calibrated_absolute_nrmse,NRMSE,primary_error_deterioration_from_target_only,-0.08825296042680811,-0.27435478582584827,-0.033934354985613355,10,2000,20260902
STFT,post_amplitude_trajectory,1,S1_post_period,post_period,difficult,True,target_segment_calibrated_absolute_nrmse,NRMSE,trajectory_pearson,0.9992486368194915,0.9894276006585792,0.9998610339669407,10,2000,20260902
STFT,post_amplitude_trajectory,1,S1_post_period,post_period,difficult,True,target_segment_calibrated_absolute_nrmse,NRMSE,trajectory_pearson_deterioration_from_target_only,0.0003312166006003703,1.440631592203312e-05,0.009847796216643112,10,2000,20260902
STFT,post_amplitude_trajectory,1,S1_post_period,post_period,difficult,True,target_segment_calibrated_absolute_nrmse,NRMSE,target_segment_shape_nrmse,0.04767643869377825,0.01355341314074985,0.19657541227840344,10,2000,20260902
STFT,post_amplitude_trajectory,1,S1_post_period,post_period,difficult,True,target_segment_calibrated_absolute_nrmse,NRMSE,target_segment_shape_nrmse_deterioration_from_target_only,0.00759251841166555,0.00104406837953705,0.14575427225114546,10,2000,20260902
STFT,post_amplitude_trajectory,1,S1_post_period,post_period,difficult,True,target_segment_calibrated_absolute_nrmse,NRMSE,envelope_log_rate_absolute_error_per_day,0.008757919883319754,0.0033010010257756156,0.018634542361564255,10,2000,20260902
STFT,post_amplitude_trajectory,1,S1_post_period,post_period,difficult,True,target_segment_calibrated_absolute_nrmse,NRMSE,envelope_log_rate_absolute_error_deterioration_from_target_only,0.00017564069130235338,-0.011659411626433358,0.007936218694716946,10,2000,20260902
STFT,post_amplitude_trajectory,1,S1_post_period,post_period,difficult,True,target_segment_calibrated_absolute_nrmse,NRMSE,ratio_log_error,0.058265116165143176,0.03469429584338505,0.5418948073438122,10,2000,20260902
STFT,post_amplitude_trajectory,1,S1_post_period,post_period,difficult,True,target_segment_calibrated_absolute_nrmse,NRMSE,ratio_log_error_deterioration_from_target_only,0.010246519223178175,-0.16475769585786643,0.1849582493162662,10,2000,20260902
STFT,post_amplitude_trajectory,1,S1_post_period,post_period,difficult,True,target_segment_calibrated_absolute_nrmse,NRMSE,processing_success_fraction,1.0,1.0,1.0,10,2000,20260902
STFT,post_amplitude_trajectory,1,S1_post_period,post_period,difficult,True,target_segment_calibrated_absolute_nrmse,NRMSE,valid_fraction,1.0,1.0,1.0,10,2000,20260902
STFT,post_amplitude_trajectory,1,S1_post_period,post_period,eligible,True,target_segment_calibrated_absolute_nrmse,NRMSE,primary_error,0.026278334756377975,0.016326700276799475,0.033078331956985174,42,2000,20260902
STFT,post_amplitude_trajectory,1,S1_post_period,post_period,eligible,True,target_segment_calibrated_absolute_nrmse,NRMSE,primary_error_deterioration_from_target_only,-0.023866292227795877,-0.0298542404374363,-0.016838410891101253,42,2000,20260902
STFT,post_amplitude_trajectory,1,S1_post_period,post_period,eligible,True,target_segment_calibrated_absolute_nrmse,NRMSE,trajectory_pearson,0.9999341622427675,0.9998915910310837,0.9999556627758227,42,2000,20260902
STFT,post_amplitude_trajectory,1,S1_post_period,post_period,eligible,True,target_segment_calibrated_absolute_nrmse,NRMSE,trajectory_pearson_deterioration_from_target_only,1.6846601570918995e-05,7.911558922990558e-07,3.58383309515542e-05,42,2000,20260902
STFT,post_amplitude_trajectory,1,S1_post_period,post_period,eligible,True,target_segment_calibrated_absolute_nrmse,NRMSE,target_segment_shape_nrmse,0.0051454647110735,0.0036798732005682002,0.0067556135107297004,42,2000,20260902
STFT,post_amplitude_trajectory,1,S1_post_period,post_period,eligible,True,target_segment_calibrated_absolute_nrmse,NRMSE,target_segment_shape_nrmse_deterioration_from_target_only,-3.648377904737497e-05,-0.001021011888198527,0.00038008012725379987,42,2000,20260902
STFT,post_amplitude_trajectory,1,S1_post_period,post_period,eligible,True,target_segment_calibrated_absolute_nrmse,NRMSE,envelope_log_rate_absolute_error_per_day,0.0017499097729206936,0.0010682576029915625,0.0033247677524512326,42,2000,20260902
STFT,post_amplitude_trajectory,1,S1_post_period,post_period,eligible,True,target_segment_calibrated_absolute_nrmse,NRMSE,envelope_log_rate_absolute_error_deterioration_from_target_only,-0.0013487749812857164,-0.002277296781927153,-0.0004750349971096579,42,2000,20260902
STFT,post_amplitude_trajectory,1,S1_post_period,post_period,eligible,True,target_segment_calibrated_absolute_nrmse,NRMSE,ratio_log_error,0.03581870635084755,0.0322121318815392,0.0418358028453186,42,2000,20260902
STFT,post_amplitude_trajectory,1,S1_post_period,post_period,eligible,True,target_segment_calibrated_absolute_nrmse,NRMSE,ratio_log_error_deterioration_from_target_only,0.0005484378998305266,-0.009583111550401924,0.017956661382244027,42,2000,20260902
STFT,post_amplitude_trajectory,1,S1_post_period,post_period,eligible,True,target_segment_calibrated_absolute_nrmse,NRMSE,processing_success_fraction,1.0,1.0,1.0,42,2000,20260902
STFT,post_amplitude_trajectory,1,S1_post_period,post_period,eligible,True,target_segment_calibrated_absolute_nrmse,NRMSE,valid_fraction,1.0,1.0,1.0,42,2000,20260902
STFT,post_amplitude_trajectory,1,S1_post_period,post_period,ineligible,True,target_segment_calibrated_absolute_nrmse,NRMSE,primary_error,0.16201688114787455,,,1,0,20260902
STFT,post_amplitude_trajectory,1,S1_post_period,post_period,ineligible,True,target_segment_calibrated_absolute_nrmse,NRMSE,primary_error_deterioration_from_target_only,-0.31182558494037904,,,1,0,20260902
STFT,post_amplitude_trajectory,1,S1_post_period,post_period,ineligible,True,target_segment_calibrated_absolute_nrmse,NRMSE,trajectory_pearson,0.9974557481058695,,,1,0,20260902
STFT,post_amplitude_trajectory,1,S1_post_period,post_period,ineligible,True,target_segment_calibrated_absolute_nrmse,NRMSE,trajectory_pearson_deterioration_from_target_only,0.001860008693290005,,,1,0,20260902
STFT,post_amplitude_trajectory,1,S1_post_period,post_period,ineligible,True,target_segment_calibrated_absolute_nrmse,NRMSE,target_segment_shape_nrmse,0.10255108372703056,,,1,0,20260902
STFT,post_amplitude_trajectory,1,S1_post_period,post_period,ineligible,True,target_segment_calibrated_absolute_nrmse,NRMSE,target_segment_shape_nrmse_deterioration_from_target_only,0.048027126001349604,,,1,0,20260902
STFT,post_amplitude_trajectory,1,S1_post_period,post_period,ineligible,True,target_segment_calibrated_absolute_nrmse,NRMSE,envelope_log_rate_absolute_error_per_day,0.027804629411637194,,,1,0,20260902
STFT,post_amplitude_trajectory,1,S1_post_period,post_period,ineligible,True,target_segment_calibrated_absolute_nrmse,NRMSE,envelope_log_rate_absolute_error_deterioration_from_target_only,0.007868175335119076,,,1,0,20260902
STFT,post_amplitude_trajectory,1,S1_post_period,post_period,ineligible,True,target_segment_calibrated_absolute_nrmse,NRMSE,ratio_log_error,0.222950618580174,,,1,0,20260902
STFT,post_amplitude_trajectory,1,S1_post_period,post_period,ineligible,True,target_segment_calibrated_absolute_nrmse,NRMSE,ratio_log_error_deterioration_from_target_only,-0.09269255855301184,,,1,0,20260902
STFT,post_amplitude_trajectory,1,S1_post_period,post_period,ineligible,True,target_segment_calibrated_absolute_nrmse,NRMSE,processing_success_fraction,1.0,,,1,0,20260902
STFT,post_amplitude_trajectory,1,S1_post_period,post_period,ineligible,True,target_segment_calibrated_absolute_nrmse,NRMSE,valid_fraction,1.0,,,1,0,20260902
STFT,post_amplitude_trajectory,2,S2_linear_drift,linear_drift,difficult,True,target_segment_calibrated_absolute_nrmse,NRMSE,primary_error,0.46494635530613776,0.17211864299881474,0.6594600465733165,10,2000,20260902
STFT,post_amplitude_trajectory,2,S2_linear_drift,linear_drift,difficult,True,target_segment_calibrated_absolute_nrmse,NRMSE,primary_error_deterioration_from_target_only,2.4088619800261696e-06,-0.0002056250478883262,9.911321313710308e-05,10,2000,20260902
STFT,post_amplitude_trajectory,2,S2_linear_drift,linear_drift,difficult,True,target_segment_calibrated_absolute_nrmse,NRMSE,trajectory_pearson,0.9994322114781242,0.9993434225637043,0.9999256624393065,10,2000,20260902
STFT,post_amplitude_trajectory,2,S2_linear_drift,linear_drift,difficult,True,target_segment_calibrated_absolute_nrmse,NRMSE,trajectory_pearson_deterioration_from_target_only,1.9154536982923798e-06,-1.9325567084393924e-06,9.700519701394406e-06,10,2000,20260902
STFT,post_amplitude_trajectory,2,S2_linear_drift,linear_drift,difficult,True,target_segment_calibrated_absolute_nrmse,NRMSE,target_segment_shape_nrmse,0.04218582746208613,0.014482543365232876,0.051494270313583404,10,2000,20260902
STFT,post_amplitude_trajectory,2,S2_linear_drift,linear_drift,difficult,True,target_segment_calibrated_absolute_nrmse,NRMSE,target_segment_shape_nrmse_deterioration_from_target_only,2.8600341407550062e-05,-6.460974662747532e-05,0.0008780111678601474,10,2000,20260902
STFT,post_amplitude_trajectory,2,S2_linear_drift,linear_drift,difficult,True,target_segment_calibrated_absolute_nrmse,NRMSE,envelope_log_rate_absolute_error_per_day,0.0356783849200524,0.012820553881850064,0.06199366215300267,10,2000,20260902
STFT,post_amplitude_trajectory,2,S2_linear_drift,linear_drift,difficult,True,target_segment_calibrated_absolute_nrmse,NRMSE,envelope_log_rate_absolute_error_deterioration_from_target_only,0.003325667967613341,-0.0013779342906680425,0.04461961421332322,10,2000,20260902
STFT,post_amplitude_trajectory,2,S2_linear_drift,linear_drift,difficult,True,target_segment_calibrated_absolute_nrmse,NRMSE,ratio_log_error,0.30324304872185487,0.10010403003360942,0.35238982913181494,10,2000,20260902
STFT,post_amplitude_trajectory,2,S2_linear_drift,linear_drift,difficult,True,target_segment_calibrated_absolute_nrmse,NRMSE,ratio_log_error_deterioration_from_target_only,2.092748504155771e-07,-1.2435951526057476e-06,8.699633740102963e-06,10,2000,20260902
STFT,post_amplitude_trajectory,2,S2_linear_drift,linear_drift,difficult,True,target_segment_calibrated_absolute_nrmse,NRMSE,processing_success_fraction,1.0,1.0,1.0,10,2000,20260902
STFT,post_amplitude_trajectory,2,S2_linear_drift,linear_drift,difficult,True,target_segment_calibrated_absolute_nrmse,NRMSE,valid_fraction,1.0,1.0,1.0,10,2000,20260902
STFT,post_amplitude_trajectory,2,S2_linear_drift,linear_drift,eligible,True,target_segment_calibrated_absolute_nrmse,NRMSE,primary_error,0.05038069066346433,0.03951563708186865,0.06158545853133634,42,2000,20260902
STFT,post_amplitude_trajectory,2,S2_linear_drift,linear_drift,eligible,True,target_segment_calibrated_absolute_nrmse,NRMSE,primary_error_deterioration_from_target_only,4.73775525515821e-05,-5.068508811367084e-05,0.0002191483465264479,42,2000,20260902
STFT,post_amplitude_trajectory,2,S2_linear_drift,linear_drift,eligible,True,target_segment_calibrated_absolute_nrmse,NRMSE,trajectory_pearson,0.9999364530540558,0.9999214866106962,0.9999553554364544,42,2000,20260902
STFT,post_amplitude_trajectory,2,S2_linear_drift,linear_drift,eligible,True,target_segment_calibrated_absolute_nrmse,NRMSE,trajectory_pearson_deterioration_from_target_only,4.0174076358368005e-06,6.829651791870339e-07,9.837150328984023e-06,42,2000,20260902
STFT,post_amplitude_trajectory,2,S2_linear_drift,linear_drift,eligible,True,target_segment_calibrated_absolute_nrmse,NRMSE,target_segment_shape_nrmse,0.006451199150572475,0.0046942881639171746,0.007377927212077075,42,2000,20260902
STFT,post_amplitude_trajectory,2,S2_linear_drift,linear_drift,eligible,True,target_segment_calibrated_absolute_nrmse,NRMSE,target_segment_shape_nrmse_deterioration_from_target_only,0.0001673575505922,-5.268495515996837e-07,0.00047947974143132486,42,2000,20260902
STFT,post_amplitude_trajectory,2,S2_linear_drift,linear_drift,eligible,True,target_segment_calibrated_absolute_nrmse,NRMSE,envelope_log_rate_absolute_error_per_day,0.004435545555218378,0.003131335659420447,0.005391398304361167,42,2000,20260902
STFT,post_amplitude_trajectory,2,S2_linear_drift,linear_drift,eligible,True,target_segment_calibrated_absolute_nrmse,NRMSE,envelope_log_rate_absolute_error_deterioration_from_target_only,0.0001808923364682441,-0.0003936482913154196,0.0011979862115640005,42,2000,20260902
STFT,post_amplitude_trajectory,2,S2_linear_drift,linear_drift,eligible,True,target_segment_calibrated_absolute_nrmse,NRMSE,ratio_log_error,0.028561410758568224,0.01889356953903675,0.03480765681912805,42,2000,20260902
STFT,post_amplitude_trajectory,2,S2_linear_drift,linear_drift,eligible,True,target_segment_calibrated_absolute_nrmse,NRMSE,ratio_log_error_deterioration_from_target_only,0.0,-2.279688672701327e-06,0.0,42,2000,20260902
STFT,post_amplitude_trajectory,2,S2_linear_drift,linear_drift,eligible,True,target_segment_calibrated_absolute_nrmse,NRMSE,processing_success_fraction,1.0,1.0,1.0,42,2000,20260902
STFT,post_amplitude_trajectory,2,S2_linear_drift,linear_drift,eligible,True,target_segment_calibrated_absolute_nrmse,NRMSE,valid_fraction,1.0,1.0,1.0,42,2000,20260902
STFT,post_amplitude_trajectory,2,S2_linear_drift,linear_drift,ineligible,True,target_segment_calibrated_absolute_nrmse,NRMSE,primary_error,0.4935481419246851,,,1,0,20260902
STFT,post_amplitude_trajectory,2,S2_linear_drift,linear_drift,ineligible,True,target_segment_calibrated_absolute_nrmse,NRMSE,primary_error_deterioration_from_target_only,0.0012933128057260324,,,1,0,20260902
STFT,post_amplitude_trajectory,2,S2_linear_drift,linear_drift,ineligible,True,target_segment_calibrated_absolute_nrmse,NRMSE,trajectory_pearson,0.9993723140085192,,,1,0,20260902
STFT,post_amplitude_trajectory,2,S2_linear_drift,linear_drift,ineligible,True,target_segment_calibrated_absolute_nrmse,NRMSE,trajectory_pearson_deterioration_from_target_only,-5.03682673836936e-05,,,1,0,20260902
STFT,post_amplitude_trajectory,2,S2_linear_drift,linear_drift,ineligible,True,target_segment_calibrated_absolute_nrmse,NRMSE,target_segment_shape_nrmse,0.0585946524313631,,,1,0,20260902
STFT,post_amplitude_trajectory,2,S2_linear_drift,linear_drift,ineligible,True,target_segment_calibrated_absolute_nrmse,NRMSE,target_segment_shape_nrmse_deterioration_from_target_only,0.00498859522178275,,,1,0,20260902
STFT,post_amplitude_trajectory,2,S2_linear_drift,linear_drift,ineligible,True,target_segment_calibrated_absolute_nrmse,NRMSE,envelope_log_rate_absolute_error_per_day,0.163171772534758,,,1,0,20260902
STFT,post_amplitude_trajectory,2,S2_linear_drift,linear_drift,ineligible,True,target_segment_calibrated_absolute_nrmse,NRMSE,envelope_log_rate_absolute_error_deterioration_from_target_only,0.14488387070246145,,,1,0,20260902
STFT,post_amplitude_trajectory,2,S2_linear_drift,linear_drift,ineligible,True,target_segment_calibrated_absolute_nrmse,NRMSE,ratio_log_error,0.3192854897382553,,,1,0,20260902
STFT,post_amplitude_trajectory,2,S2_linear_drift,linear_drift,ineligible,True,target_segment_calibrated_absolute_nrmse,NRMSE,ratio_log_error_deterioration_from_target_only,2.6056055804440925e-05,,,1,0,20260902
STFT,post_amplitude_trajectory,2,S2_linear_drift,linear_drift,ineligible,True,target_segment_calibrated_absolute_nrmse,NRMSE,processing_success_fraction,1.0,,,1,0,20260902
STFT,post_amplitude_trajectory,2,S2_linear_drift,linear_drift,ineligible,True,target_segment_calibrated_absolute_nrmse,NRMSE,valid_fraction,1.0,,,1,0,20260902
STFT,post_amplitude_trajectory,3,S3_baseline_step,baseline_step,difficult,True,target_segment_calibrated_absolute_nrmse,NRMSE,primary_error,0.47658235926072556,0.15774304861590677,0.6766276578605457,10,2000,20260902
STFT,post_amplitude_trajectory,3,S3_baseline_step,baseline_step,difficult,True,target_segment_calibrated_absolute_nrmse,NRMSE,primary_error_deterioration_from_target_only,0.00211779419019565,-0.013067570322952596,0.07017532683568128,10,2000,20260902
STFT,post_amplitude_trajectory,3,S3_baseline_step,baseline_step,difficult,True,target_segment_calibrated_absolute_nrmse,NRMSE,trajectory_pearson,0.9995740017925403,0.999400927818762,0.9997776491985462,10,2000,20260902
STFT,post_amplitude_trajectory,3,S3_baseline_step,baseline_step,difficult,True,target_segment_calibrated_absolute_nrmse,NRMSE,trajectory_pearson_deterioration_from_target_only,0.00020025306761708994,-0.0001493204702880946,0.0002741134586364269,10,2000,20260902
STFT,post_amplitude_trajectory,3,S3_baseline_step,baseline_step,difficult,True,target_segment_calibrated_absolute_nrmse,NRMSE,target_segment_shape_nrmse,0.03755838460041212,0.01788468370221495,0.0431719842612966,10,2000,20260902
STFT,post_amplitude_trajectory,3,S3_baseline_step,baseline_step,difficult,True,target_segment_calibrated_absolute_nrmse,NRMSE,target_segment_shape_nrmse_deterioration_from_target_only,0.006454215349115774,-0.008704751327183673,0.010313428174924925,10,2000,20260902
STFT,post_amplitude_trajectory,3,S3_baseline_step,baseline_step,difficult,True,target_segment_calibrated_absolute_nrmse,NRMSE,envelope_log_rate_absolute_error_per_day,0.011666434552410232,0.004945243308582925,0.02843620961770213,10,2000,20260902
STFT,post_amplitude_trajectory,3,S3_baseline_step,baseline_step,difficult,True,target_segment_calibrated_absolute_nrmse,NRMSE,envelope_log_rate_absolute_error_deterioration_from_target_only,0.005055032028425194,-0.0019724069770611363,0.006457662044681817,10,2000,20260902
STFT,post_amplitude_trajectory,3,S3_baseline_step,baseline_step,difficult,True,target_segment_calibrated_absolute_nrmse,NRMSE,ratio_log_error,0.3045517048007086,0.1014606900003923,0.3519015692784334,10,2000,20260902
STFT,post_amplitude_trajectory,3,S3_baseline_step,baseline_step,difficult,True,target_segment_calibrated_absolute_nrmse,NRMSE,ratio_log_error_deterioration_from_target_only,0.00016323659335951406,-0.0003082131875270324,0.0017876538029077196,10,2000,20260902
STFT,post_amplitude_trajectory,3,S3_baseline_step,baseline_step,difficult,True,target_segment_calibrated_absolute_nrmse,NRMSE,processing_success_fraction,1.0,1.0,1.0,10,2000,20260902
STFT,post_amplitude_trajectory,3,S3_baseline_step,baseline_step,difficult,True,target_segment_calibrated_absolute_nrmse,NRMSE,valid_fraction,1.0,1.0,1.0,10,2000,20260902
STFT,post_amplitude_trajectory,3,S3_baseline_step,baseline_step,eligible,True,target_segment_calibrated_absolute_nrmse,NRMSE,primary_error,0.05594105075261468,0.0487716266864676,0.07080160200471453,42,2000,20260902
STFT,post_amplitude_trajectory,3,S3_baseline_step,baseline_step,eligible,True,target_segment_calibrated_absolute_nrmse,NRMSE,primary_error_deterioration_from_target_only,0.0041011757355345485,0.0008119930178189239,0.011327569383598465,42,2000,20260902
STFT,post_amplitude_trajectory,3,S3_baseline_step,baseline_step,eligible,True,target_segment_calibrated_absolute_nrmse,NRMSE,trajectory_pearson,0.9989017842802497,0.9982079394195801,0.9993575982647394,42,2000,20260902
STFT,post_amplitude_trajectory,3,S3_baseline_step,baseline_step,eligible,True,target_segment_calibrated_absolute_nrmse,NRMSE,trajectory_pearson_deterioration_from_target_only,0.0010501035946460235,0.00044218702841580804,0.0017758083280394465,42,2000,20260902
STFT,post_amplitude_trajectory,3,S3_baseline_step,baseline_step,eligible,True,target_segment_calibrated_absolute_nrmse,NRMSE,target_segment_shape_nrmse,0.0188882894963653,0.016568014978259847,0.0229371588153657,42,2000,20260902
STFT,post_amplitude_trajectory,3,S3_baseline_step,baseline_step,eligible,True,target_segment_calibrated_absolute_nrmse,NRMSE,target_segment_shape_nrmse_deterioration_from_target_only,0.013179889923449125,0.009025503966924923,0.01649568336167205,42,2000,20260902
STFT,post_amplitude_trajectory,3,S3_baseline_step,baseline_step,eligible,True,target_segment_calibrated_absolute_nrmse,NRMSE,envelope_log_rate_absolute_error_per_day,0.007502493561416426,0.006807830174685836,0.011206753781891954,42,2000,20260902
STFT,post_amplitude_trajectory,3,S3_baseline_step,baseline_step,eligible,True,target_segment_calibrated_absolute_nrmse,NRMSE,envelope_log_rate_absolute_error_deterioration_from_target_only,0.004505170792637556,0.0011670720094565656,0.006118615598378993,42,2000,20260902
STFT,post_amplitude_trajectory,3,S3_baseline_step,baseline_step,eligible,True,target_segment_calibrated_absolute_nrmse,NRMSE,ratio_log_error,0.028846631153331324,0.019222726801691025,0.034818823897225695,42,2000,20260902
STFT,post_amplitude_trajectory,3,S3_baseline_step,baseline_step,eligible,True,target_segment_calibrated_absolute_nrmse,NRMSE,ratio_log_error_deterioration_from_target_only,6.464111967600418e-06,-7.847346562596391e-06,0.0003391369706199996,42,2000,20260902
STFT,post_amplitude_trajectory,3,S3_baseline_step,baseline_step,eligible,True,target_segment_calibrated_absolute_nrmse,NRMSE,processing_success_fraction,1.0,1.0,1.0,42,2000,20260902
STFT,post_amplitude_trajectory,3,S3_baseline_step,baseline_step,eligible,True,target_segment_calibrated_absolute_nrmse,NRMSE,valid_fraction,1.0,1.0,1.0,42,2000,20260902
STFT,post_amplitude_trajectory,3,S3_baseline_step,baseline_step,ineligible,True,target_segment_calibrated_absolute_nrmse,NRMSE,primary_error,0.46285109844005706,,,1,0,20260902
STFT,post_amplitude_trajectory,3,S3_baseline_step,baseline_step,ineligible,True,target_segment_calibrated_absolute_nrmse,NRMSE,primary_error_deterioration_from_target_only,-0.017685332368195222,,,1,0,20260902
STFT,post_amplitude_trajectory,3,S3_baseline_step,baseline_step,ineligible,True,target_segment_calibrated_absolute_nrmse,NRMSE,trajectory_pearson,0.9994878581279008,,,1,0,20260902
STFT,post_amplitude_trajectory,3,S3_baseline_step,baseline_step,ineligible,True,target_segment_calibrated_absolute_nrmse,NRMSE,trajectory_pearson_deterioration_from_target_only,-9.610356937472808e-05,,,1,0,20260902
STFT,post_amplitude_trajectory,3,S3_baseline_step,baseline_step,ineligible,True,target_segment_calibrated_absolute_nrmse,NRMSE,target_segment_shape_nrmse,0.045853960468846655,,,1,0,20260902
STFT,post_amplitude_trajectory,3,S3_baseline_step,baseline_step,ineligible,True,target_segment_calibrated_absolute_nrmse,NRMSE,target_segment_shape_nrmse_deterioration_from_target_only,-0.0044424863410851,,,1,0,20260902
STFT,post_amplitude_trajectory,3,S3_baseline_step,baseline_step,ineligible,True,target_segment_calibrated_absolute_nrmse,NRMSE,envelope_log_rate_absolute_error_per_day,0.026620781252567394,,,1,0,20260902
STFT,post_amplitude_trajectory,3,S3_baseline_step,baseline_step,ineligible,True,target_segment_calibrated_absolute_nrmse,NRMSE,envelope_log_rate_absolute_error_deterioration_from_target_only,0.00460929007752342,,,1,0,20260902
STFT,post_amplitude_trajectory,3,S3_baseline_step,baseline_step,ineligible,True,target_segment_calibrated_absolute_nrmse,NRMSE,ratio_log_error,0.3192602584343922,,,1,0,20260902
STFT,post_amplitude_trajectory,3,S3_baseline_step,baseline_step,ineligible,True,target_segment_calibrated_absolute_nrmse,NRMSE,ratio_log_error_deterioration_from_target_only,-1.0924152819280497e-05,,,1,0,20260902
STFT,post_amplitude_trajectory,3,S3_baseline_step,baseline_step,ineligible,True,target_segment_calibrated_absolute_nrmse,NRMSE,processing_success_fraction,1.0,,,1,0,20260902
STFT,post_amplitude_trajectory,3,S3_baseline_step,baseline_step,ineligible,True,target_segment_calibrated_absolute_nrmse,NRMSE,valid_fraction,1.0,,,1,0,20260902
STFT,post_amplitude_trajectory,4,S4_acute_treatment_transient,acute_treatment_transient,difficult,True,target_segment_calibrated_absolute_nrmse,NRMSE,primary_error,0.4687814514325763,0.1056895572197661,0.6548804475097134,10,2000,20260902
STFT,post_amplitude_trajectory,4,S4_acute_treatment_transient,acute_treatment_transient,difficult,True,target_segment_calibrated_absolute_nrmse,NRMSE,primary_error_deterioration_from_target_only,-0.0063046271132751845,-0.02600524315759195,0.011249066968993526,10,2000,20260902
STFT,post_amplitude_trajectory,4,S4_acute_treatment_transient,acute_treatment_transient,difficult,True,target_segment_calibrated_absolute_nrmse,NRMSE,trajectory_pearson,0.9995531236291615,0.9986638382532834,0.9998071635458087,10,2000,20260902
STFT,post_amplitude_trajectory,4,S4_acute_treatment_transient,acute_treatment_transient,difficult,True,target_segment_calibrated_absolute_nrmse,NRMSE,trajectory_pearson_deterioration_from_target_only,0.0001121119664194703,4.407949629581243e-06,0.0008415677383373787,10,2000,20260902
STFT,post_amplitude_trajectory,4,S4_acute_treatment_transient,acute_treatment_transient,difficult,True,target_segment_calibrated_absolute_nrmse,NRMSE,target_segment_shape_nrmse,0.0418490663502428,0.019231193042018,0.0706099588611636,10,2000,20260902
STFT,post_amplitude_trajectory,4,S4_acute_treatment_transient,acute_treatment_transient,difficult,True,target_segment_calibrated_absolute_nrmse,NRMSE,target_segment_shape_nrmse_deterioration_from_target_only,0.003547799018705922,-8.513685709365005e-05,0.02452600361150635,10,2000,20260902
STFT,post_amplitude_trajectory,4,S4_acute_treatment_transient,acute_treatment_transient,difficult,True,target_segment_calibrated_absolute_nrmse,NRMSE,envelope_log_rate_absolute_error_per_day,0.011050969790974141,0.005175732912625852,0.051532997870665176,10,2000,20260902
STFT,post_amplitude_trajectory,4,S4_acute_treatment_transient,acute_treatment_transient,difficult,True,target_segment_calibrated_absolute_nrmse,NRMSE,envelope_log_rate_absolute_error_deterioration_from_target_only,0.004926019510536908,-3.903708330699196e-05,0.02177858350713774,10,2000,20260902
STFT,post_amplitude_trajectory,4,S4_acute_treatment_transient,acute_treatment_transient,difficult,True,target_segment_calibrated_absolute_nrmse,NRMSE,ratio_log_error,0.3345973439716429,0.09545390237198054,0.35247113867562385,10,2000,20260902
STFT,post_amplitude_trajectory,4,S4_acute_treatment_transient,acute_treatment_transient,difficult,True,target_segment_calibrated_absolute_nrmse,NRMSE,ratio_log_error_deterioration_from_target_only,-8.025730637190292e-05,-0.003854882342325734,0.0003149664349932635,10,2000,20260902
STFT,post_amplitude_trajectory,4,S4_acute_treatment_transient,acute_treatment_transient,difficult,True,target_segment_calibrated_absolute_nrmse,NRMSE,processing_success_fraction,1.0,1.0,1.0,10,2000,20260902
STFT,post_amplitude_trajectory,4,S4_acute_treatment_transient,acute_treatment_transient,difficult,True,target_segment_calibrated_absolute_nrmse,NRMSE,valid_fraction,1.0,1.0,1.0,10,2000,20260902
STFT,post_amplitude_trajectory,4,S4_acute_treatment_transient,acute_treatment_transient,eligible,True,target_segment_calibrated_absolute_nrmse,NRMSE,primary_error,0.051189643559116926,0.03893253130486515,0.061977896795172197,42,2000,20260902
STFT,post_amplitude_trajectory,4,S4_acute_treatment_transient,acute_treatment_transient,eligible,True,target_segment_calibrated_absolute_nrmse,NRMSE,primary_error_deterioration_from_target_only,-0.002013103569197999,-0.004912621212902299,0.0009575866730557759,42,2000,20260902
STFT,post_amplitude_trajectory,4,S4_acute_treatment_transient,acute_treatment_transient,eligible,True,target_segment_calibrated_absolute_nrmse,NRMSE,trajectory_pearson,0.9997977450863658,0.9995962593064629,0.9998771789476639,42,2000,20260902
STFT,post_amplitude_trajectory,4,S4_acute_treatment_transient,acute_treatment_transient,eligible,True,target_segment_calibrated_absolute_nrmse,NRMSE,trajectory_pearson_deterioration_from_target_only,0.0001393839503729677,9.745304673773811e-05,0.0003310919427446657,42,2000,20260902
STFT,post_amplitude_trajectory,4,S4_acute_treatment_transient,acute_treatment_transient,eligible,True,target_segment_calibrated_absolute_nrmse,NRMSE,target_segment_shape_nrmse,0.010350566065896225,0.00806957990998765,0.013345840740701725,42,2000,20260902
STFT,post_amplitude_trajectory,4,S4_acute_treatment_transient,acute_treatment_transient,eligible,True,target_segment_calibrated_absolute_nrmse,NRMSE,target_segment_shape_nrmse_deterioration_from_target_only,0.004836083825958249,0.0032306318330396497,0.0068915078735374245,42,2000,20260902
STFT,post_amplitude_trajectory,4,S4_acute_treatment_transient,acute_treatment_transient,eligible,True,target_segment_calibrated_absolute_nrmse,NRMSE,envelope_log_rate_absolute_error_per_day,0.005995497910454964,0.0042889947421324015,0.008625150557964192,42,2000,20260902
STFT,post_amplitude_trajectory,4,S4_acute_treatment_transient,acute_treatment_transient,eligible,True,target_segment_calibrated_absolute_nrmse,NRMSE,envelope_log_rate_absolute_error_deterioration_from_target_only,0.002487926307878467,0.0004589860717857108,0.0038053657478683417,42,2000,20260902
STFT,post_amplitude_trajectory,4,S4_acute_treatment_transient,acute_treatment_transient,eligible,True,target_segment_calibrated_absolute_nrmse,NRMSE,ratio_log_error,0.02825154120357535,0.01978815134478885,0.034896515821639024,42,2000,20260902
STFT,post_amplitude_trajectory,4,S4_acute_treatment_transient,acute_treatment_transient,eligible,True,target_segment_calibrated_absolute_nrmse,NRMSE,ratio_log_error_deterioration_from_target_only,-2.574828793434989e-05,-0.00029088741505562624,1.3520858526449523e-05,42,2000,20260902
STFT,post_amplitude_trajectory,4,S4_acute_treatment_transient,acute_treatment_transient,eligible,True,target_segment_calibrated_absolute_nrmse,NRMSE,processing_success_fraction,1.0,1.0,1.0,42,2000,20260902
STFT,post_amplitude_trajectory,4,S4_acute_treatment_transient,acute_treatment_transient,eligible,True,target_segment_calibrated_absolute_nrmse,NRMSE,valid_fraction,1.0,1.0,1.0,42,2000,20260902
STFT,post_amplitude_trajectory,4,S4_acute_treatment_transient,acute_treatment_transient,ineligible,True,target_segment_calibrated_absolute_nrmse,NRMSE,primary_error,0.6397928556348742,,,1,0,20260902
STFT,post_amplitude_trajectory,4,S4_acute_treatment_transient,acute_treatment_transient,ineligible,True,target_segment_calibrated_absolute_nrmse,NRMSE,primary_error_deterioration_from_target_only,0.15470769715943128,,,1,0,20260902
STFT,post_amplitude_trajectory,4,S4_acute_treatment_transient,acute_treatment_transient,ineligible,True,target_segment_calibrated_absolute_nrmse,NRMSE,trajectory_pearson,0.999107861818527,,,1,0,20260902
STFT,post_amplitude_trajectory,4,S4_acute_treatment_transient,acute_treatment_transient,ineligible,True,target_segment_calibrated_absolute_nrmse,NRMSE,trajectory_pearson_deterioration_from_target_only,0.00036467631686820656,,,1,0,20260902
STFT,post_amplitude_trajectory,4,S4_acute_treatment_transient,acute_treatment_transient,ineligible,True,target_segment_calibrated_absolute_nrmse,NRMSE,target_segment_shape_nrmse,0.0536761412678644,,,1,0,20260902
STFT,post_amplitude_trajectory,4,S4_acute_treatment_transient,acute_treatment_transient,ineligible,True,target_segment_calibrated_absolute_nrmse,NRMSE,target_segment_shape_nrmse_deterioration_from_target_only,0.004837174246143702,,,1,0,20260902
STFT,post_amplitude_trajectory,4,S4_acute_treatment_transient,acute_treatment_transient,ineligible,True,target_segment_calibrated_absolute_nrmse,NRMSE,envelope_log_rate_absolute_error_per_day,0.013220549792668956,,,1,0,20260902
STFT,post_amplitude_trajectory,4,S4_acute_treatment_transient,acute_treatment_transient,ineligible,True,target_segment_calibrated_absolute_nrmse,NRMSE,envelope_log_rate_absolute_error_deterioration_from_target_only,-0.007588225092034384,,,1,0,20260902
STFT,post_amplitude_trajectory,4,S4_acute_treatment_transient,acute_treatment_transient,ineligible,True,target_segment_calibrated_absolute_nrmse,NRMSE,ratio_log_error,0.3199995332241071,,,1,0,20260902
STFT,post_amplitude_trajectory,4,S4_acute_treatment_transient,acute_treatment_transient,ineligible,True,target_segment_calibrated_absolute_nrmse,NRMSE,ratio_log_error_deterioration_from_target_only,0.0007024283440289214,,,1,0,20260902
STFT,post_amplitude_trajectory,4,S4_acute_treatment_transient,acute_treatment_transient,ineligible,True,target_segment_calibrated_absolute_nrmse,NRMSE,processing_success_fraction,1.0,,,1,0,20260902
STFT,post_amplitude_trajectory,4,S4_acute_treatment_transient,acute_treatment_transient,ineligible,True,target_segment_calibrated_absolute_nrmse,NRMSE,valid_fraction,1.0,,,1,0,20260902
STFT,post_period_hours,0,S0_target_only,target_only,difficult,True,absolute_error_hours,hours,primary_error,0.08047218926332533,0.054780815975933095,0.26655303753785553,3,2000,20260902
STFT,post_period_hours,0,S0_target_only,target_only,difficult,True,absolute_error_hours,hours,primary_error_deterioration_from_target_only,0.0,0.0,0.0,3,2000,20260902
STFT,post_period_hours,0,S0_target_only,target_only,difficult,True,absolute_error_hours,hours,ratio_log_error,0.0474813974935237,0.00509905960945475,0.1392225061385001,3,2000,20260902
STFT,post_period_hours,0,S0_target_only,target_only,difficult,True,absolute_error_hours,hours,ratio_log_error_deterioration_from_target_only,0.0,0.0,0.0,3,2000,20260902
STFT,post_period_hours,0,S0_target_only,target_only,difficult,True,absolute_error_hours,hours,processing_success_fraction,1.0,1.0,1.0,3,2000,20260902
STFT,post_period_hours,0,S0_target_only,target_only,difficult,True,absolute_error_hours,hours,valid_fraction,1.0,1.0,1.0,3,2000,20260902
STFT,post_period_hours,0,S0_target_only,target_only,eligible,True,absolute_error_hours,hours,primary_error,0.11003701412006706,0.0956852494889251,0.1271606468938291,49,2000,20260902
STFT,post_period_hours,0,S0_target_only,target_only,eligible,True,absolute_error_hours,hours,primary_error_deterioration_from_target_only,0.0,0.0,0.0,49,2000,20260902
STFT,post_period_hours,0,S0_target_only,target_only,eligible,True,absolute_error_hours,hours,ratio_log_error,0.04968322876772255,0.04613153404079585,0.060112451383969104,49,2000,20260902
STFT,post_period_hours,0,S0_target_only,target_only,eligible,True,absolute_error_hours,hours,ratio_log_error_deterioration_from_target_only,0.0,0.0,0.0,49,2000,20260902
STFT,post_period_hours,0,S0_target_only,target_only,eligible,True,absolute_error_hours,hours,processing_success_fraction,1.0,1.0,1.0,49,2000,20260902
STFT,post_period_hours,0,S0_target_only,target_only,eligible,True,absolute_error_hours,hours,valid_fraction,1.0,1.0,1.0,49,2000,20260902
STFT,post_period_hours,0,S0_target_only,target_only,ineligible,True,absolute_error_hours,hours,primary_error,0.13888132919132623,,,1,0,20260902
STFT,post_period_hours,0,S0_target_only,target_only,ineligible,True,absolute_error_hours,hours,primary_error_deterioration_from_target_only,0.0,,,1,0,20260902
STFT,post_period_hours,0,S0_target_only,target_only,ineligible,True,absolute_error_hours,hours,ratio_log_error,0.12385900689856724,,,1,0,20260902
STFT,post_period_hours,0,S0_target_only,target_only,ineligible,True,absolute_error_hours,hours,ratio_log_error_deterioration_from_target_only,0.0,,,1,0,20260902
STFT,post_period_hours,0,S0_target_only,target_only,ineligible,True,absolute_error_hours,hours,processing_success_fraction,1.0,,,1,0,20260902
STFT,post_period_hours,0,S0_target_only,target_only,ineligible,True,absolute_error_hours,hours,valid_fraction,1.0,,,1,0,20260902
STFT,post_period_hours,1,S1_post_amplitude,post_amplitude,difficult,True,absolute_error_hours,hours,primary_error,0.08047218926332533,0.054780815975933095,0.26655303753785553,3,2000,20260902
STFT,post_period_hours,1,S1_post_amplitude,post_amplitude,difficult,True,absolute_error_hours,hours,primary_error_deterioration_from_target_only,0.0,0.0,0.0,3,2000,20260902
STFT,post_period_hours,1,S1_post_amplitude,post_amplitude,difficult,True,absolute_error_hours,hours,ratio_log_error,0.047492785687283795,0.0055485648671327,0.14010919466146787,3,2000,20260902
STFT,post_period_hours,1,S1_post_amplitude,post_amplitude,difficult,True,absolute_error_hours,hours,ratio_log_error_deterioration_from_target_only,0.0006065811102885,6.059197879198369e-06,0.0007769294778978558,3,2000,20260902
STFT,post_period_hours,1,S1_post_amplitude,post_amplitude,difficult,True,absolute_error_hours,hours,processing_success_fraction,1.0,1.0,1.0,3,2000,20260902
STFT,post_period_hours,1,S1_post_amplitude,post_amplitude,difficult,True,absolute_error_hours,hours,valid_fraction,1.0,1.0,1.0,3,2000,20260902
STFT,post_period_hours,1,S1_post_amplitude,post_amplitude,eligible,True,absolute_error_hours,hours,primary_error,0.11424294866994522,0.09600291089312485,0.139412339770562,49,2000,20260902
STFT,post_period_hours,1,S1_post_amplitude,post_amplitude,eligible,True,absolute_error_hours,hours,primary_error_deterioration_from_target_only,0.0,0.0,0.0,49,2000,20260902
STFT,post_period_hours,1,S1_post_amplitude,post_amplitude,eligible,True,absolute_error_hours,hours,ratio_log_error,0.0507748294012429,0.046338281561227754,0.0607789002265339,49,2000,20260902
STFT,post_period_hours,1,S1_post_amplitude,post_amplitude,eligible,True,absolute_error_hours,hours,ratio_log_error_deterioration_from_target_only,0.0001750128272547495,5.970760826350119e-05,0.0005705619483993996,49,2000,20260902
STFT,post_period_hours,1,S1_post_amplitude,post_amplitude,eligible,True,absolute_error_hours,hours,processing_success_fraction,1.0,1.0,1.0,49,2000,20260902
STFT,post_period_hours,1,S1_post_amplitude,post_amplitude,eligible,True,absolute_error_hours,hours,valid_fraction,1.0,1.0,1.0,49,2000,20260902
STFT,post_period_hours,1,S1_post_amplitude,post_amplitude,ineligible,True,absolute_error_hours,hours,primary_error,0.13888132919132623,,,1,0,20260902
STFT,post_period_hours,1,S1_post_amplitude,post_amplitude,ineligible,True,absolute_error_hours,hours,primary_error_deterioration_from_target_only,0.0,,,1,0,20260902
STFT,post_period_hours,1,S1_post_amplitude,post_amplitude,ineligible,True,absolute_error_hours,hours,ratio_log_error,0.12395751887679925,,,1,0,20260902
STFT,post_period_hours,1,S1_post_amplitude,post_amplitude,ineligible,True,absolute_error_hours,hours,ratio_log_error_deterioration_from_target_only,6.306357635574994e-05,,,1,0,20260902
STFT,post_period_hours,1,S1_post_amplitude,post_amplitude,ineligible,True,absolute_error_hours,hours,processing_success_fraction,1.0,,,1,0,20260902
STFT,post_period_hours,1,S1_post_amplitude,post_amplitude,ineligible,True,absolute_error_hours,hours,valid_fraction,1.0,,,1,0,20260902
STFT,post_period_hours,2,S2_post_envelope,post_envelope,difficult,True,absolute_error_hours,hours,primary_error,0.08047218926332533,0.054780815975933095,0.3477681409609641,3,2000,20260902
STFT,post_period_hours,2,S2_post_envelope,post_envelope,difficult,True,absolute_error_hours,hours,primary_error_deterioration_from_target_only,0.0,0.0,0.0,3,2000,20260902
STFT,post_period_hours,2,S2_post_envelope,post_envelope,difficult,True,absolute_error_hours,hours,ratio_log_error,0.037551867901058356,0.01975300030081715,0.571013738575495,3,2000,20260902
STFT,post_period_hours,2,S2_post_envelope,post_envelope,difficult,True,absolute_error_hours,hours,ratio_log_error_deterioration_from_target_only,0.012953964649207748,-0.010833267623953046,0.43128637136522285,3,2000,20260902
STFT,post_period_hours,2,S2_post_envelope,post_envelope,difficult,True,absolute_error_hours,hours,processing_success_fraction,1.0,1.0,1.0,3,2000,20260902
STFT,post_period_hours,2,S2_post_envelope,post_envelope,difficult,True,absolute_error_hours,hours,valid_fraction,1.0,1.0,1.0,3,2000,20260902
STFT,post_period_hours,2,S2_post_envelope,post_envelope,eligible,True,absolute_error_hours,hours,primary_error,0.11424294866994522,0.09572735097494522,0.13843051412294471,49,2000,20260902
STFT,post_period_hours,2,S2_post_envelope,post_envelope,eligible,True,absolute_error_hours,hours,primary_error_deterioration_from_target_only,0.0,0.0,0.0,49,2000,20260902
STFT,post_period_hours,2,S2_post_envelope,post_envelope,eligible,True,absolute_error_hours,hours,ratio_log_error,0.03829615389986895,0.034012047081980724,0.0458160165993383,49,2000,20260902
STFT,post_period_hours,2,S2_post_envelope,post_envelope,eligible,True,absolute_error_hours,hours,ratio_log_error_deterioration_from_target_only,-0.009735844539124,-0.014034014347434454,-0.0037350866993772526,49,2000,20260902
STFT,post_period_hours,2,S2_post_envelope,post_envelope,eligible,True,absolute_error_hours,hours,processing_success_fraction,1.0,1.0,1.0,49,2000,20260902
STFT,post_period_hours,2,S2_post_envelope,post_envelope,eligible,True,absolute_error_hours,hours,valid_fraction,1.0,1.0,1.0,49,2000,20260902
STFT,post_period_hours,2,S2_post_envelope,post_envelope,ineligible,True,absolute_error_hours,hours,primary_error,0.16054332063751708,,,1,0,20260902
STFT,post_period_hours,2,S2_post_envelope,post_envelope,ineligible,True,absolute_error_hours,hours,primary_error_deterioration_from_target_only,0.0,,,1,0,20260902
STFT,post_period_hours,2,S2_post_envelope,post_envelope,ineligible,True,absolute_error_hours,hours,ratio_log_error,0.22292083143176766,,,1,0,20260902
STFT,post_period_hours,2,S2_post_envelope,post_envelope,ineligible,True,absolute_error_hours,hours,ratio_log_error_deterioration_from_target_only,0.0990618245332004,,,1,0,20260902
STFT,post_period_hours,2,S2_post_envelope,post_envelope,ineligible,True,absolute_error_hours,hours,processing_success_fraction,1.0,,,1,0,20260902
STFT,post_period_hours,2,S2_post_envelope,post_envelope,ineligible,True,absolute_error_hours,hours,valid_fraction,1.0,,,1,0,20260902
STFT,post_period_hours,3,S3_linear_drift,linear_drift,difficult,True,absolute_error_hours,hours,primary_error,0.08047218926332533,0.054780815975933095,0.26655303753785553,3,2000,20260902
STFT,post_period_hours,3,S3_linear_drift,linear_drift,difficult,True,absolute_error_hours,hours,primary_error_deterioration_from_target_only,0.0,0.0,0.0,3,2000,20260902
STFT,post_period_hours,3,S3_linear_drift,linear_drift,difficult,True,absolute_error_hours,hours,ratio_log_error,0.0475086317427649,0.00509905960945475,0.1392034838784607,3,2000,20260902
STFT,post_period_hours,3,S3_linear_drift,linear_drift,difficult,True,absolute_error_hours,hours,ratio_log_error_deterioration_from_target_only,0.0,-2.2177633933098684e-05,9.680054811098127e-06,3,2000,20260902
STFT,post_period_hours,3,S3_linear_drift,linear_drift,difficult,True,absolute_error_hours,hours,processing_success_fraction,1.0,1.0,1.0,3,2000,20260902
STFT,post_period_hours,3,S3_linear_drift,linear_drift,difficult,True,absolute_error_hours,hours,valid_fraction,1.0,1.0,1.0,3,2000,20260902
STFT,post_period_hours,3,S3_linear_drift,linear_drift,eligible,True,absolute_error_hours,hours,primary_error,0.11003701412006706,0.0956852494889251,0.1271606468938291,49,2000,20260902
STFT,post_period_hours,3,S3_linear_drift,linear_drift,eligible,True,absolute_error_hours,hours,primary_error_deterioration_from_target_only,0.0,0.0,0.0,49,2000,20260902
STFT,post_period_hours,3,S3_linear_drift,linear_drift,eligible,True,absolute_error_hours,hours,ratio_log_error,0.0506810779582278,0.046995045783783995,0.06055175388668155,49,2000,20260902
STFT,post_period_hours,3,S3_linear_drift,linear_drift,eligible,True,absolute_error_hours,hours,ratio_log_error_deterioration_from_target_only,0.0,-7.098164968503788e-07,7.178881506496315e-06,49,2000,20260902
STFT,post_period_hours,3,S3_linear_drift,linear_drift,eligible,True,absolute_error_hours,hours,processing_success_fraction,1.0,1.0,1.0,49,2000,20260902
STFT,post_period_hours,3,S3_linear_drift,linear_drift,eligible,True,absolute_error_hours,hours,valid_fraction,1.0,1.0,1.0,49,2000,20260902
STFT,post_period_hours,3,S3_linear_drift,linear_drift,ineligible,True,absolute_error_hours,hours,primary_error,0.13888132919132623,,,1,0,20260902
STFT,post_period_hours,3,S3_linear_drift,linear_drift,ineligible,True,absolute_error_hours,hours,primary_error_deterioration_from_target_only,0.0,,,1,0,20260902
STFT,post_period_hours,3,S3_linear_drift,linear_drift,ineligible,True,absolute_error_hours,hours,ratio_log_error,0.1235304317332392,,,1,0,20260902
STFT,post_period_hours,3,S3_linear_drift,linear_drift,ineligible,True,absolute_error_hours,hours,ratio_log_error_deterioration_from_target_only,-0.00011341482064165104,,,1,0,20260902
STFT,post_period_hours,3,S3_linear_drift,linear_drift,ineligible,True,absolute_error_hours,hours,processing_success_fraction,1.0,,,1,0,20260902
STFT,post_period_hours,3,S3_linear_drift,linear_drift,ineligible,True,absolute_error_hours,hours,valid_fraction,1.0,,,1,0,20260902
STFT,post_period_hours,4,S4_baseline_step,baseline_step,difficult,True,absolute_error_hours,hours,primary_error,0.08047218926332533,0.054780815975933095,0.26655303753785553,3,2000,20260902
STFT,post_period_hours,4,S4_baseline_step,baseline_step,difficult,True,absolute_error_hours,hours,primary_error_deterioration_from_target_only,0.0,0.0,0.0,3,2000,20260902
STFT,post_period_hours,4,S4_baseline_step,baseline_step,difficult,True,absolute_error_hours,hours,ratio_log_error,0.0479702286037256,0.0051722889305273,0.1399132981100205,3,2000,20260902
STFT,post_period_hours,4,S4_baseline_step,baseline_step,difficult,True,absolute_error_hours,hours,ratio_log_error_deterioration_from_target_only,0.0005293433358555533,7.32293210725498e-05,0.0011998502143671479,3,2000,20260902
STFT,post_period_hours,4,S4_baseline_step,baseline_step,difficult,True,absolute_error_hours,hours,processing_success_fraction,1.0,1.0,1.0,3,2000,20260902
STFT,post_period_hours,4,S4_baseline_step,baseline_step,difficult,True,absolute_error_hours,hours,valid_fraction,1.0,1.0,1.0,3,2000,20260902
STFT,post_period_hours,4,S4_baseline_step,baseline_step,eligible,True,absolute_error_hours,hours,primary_error,0.11424294866994522,0.09600291089312485,0.12961221928981992,49,2000,20260902
STFT,post_period_hours,4,S4_baseline_step,baseline_step,eligible,True,absolute_error_hours,hours,primary_error_deterioration_from_target_only,0.0,0.0,0.0,49,2000,20260902
STFT,post_period_hours,4,S4_baseline_step,baseline_step,eligible,True,absolute_error_hours,hours,ratio_log_error,0.051860655010026846,0.04623558356079825,0.05974743006310555,49,2000,20260902
STFT,post_period_hours,4,S4_baseline_step,baseline_step,eligible,True,absolute_error_hours,hours,ratio_log_error_deterioration_from_target_only,4.443690225255058e-05,-4.14961761989502e-05,0.00011354832356064853,49,2000,20260902
STFT,post_period_hours,4,S4_baseline_step,baseline_step,eligible,True,absolute_error_hours,hours,processing_success_fraction,1.0,1.0,1.0,49,2000,20260902
STFT,post_period_hours,4,S4_baseline_step,baseline_step,eligible,True,absolute_error_hours,hours,valid_fraction,1.0,1.0,1.0,49,2000,20260902
STFT,post_period_hours,4,S4_baseline_step,baseline_step,ineligible,True,absolute_error_hours,hours,primary_error,0.13888132919132623,,,1,0,20260902
STFT,post_period_hours,4,S4_baseline_step,baseline_step,ineligible,True,absolute_error_hours,hours,primary_error_deterioration_from_target_only,0.0,,,1,0,20260902
STFT,post_period_hours,4,S4_baseline_step,baseline_step,ineligible,True,absolute_error_hours,hours,ratio_log_error,0.12389239646488559,,,1,0,20260902
STFT,post_period_hours,4,S4_baseline_step,baseline_step,ineligible,True,absolute_error_hours,hours,ratio_log_error_deterioration_from_target_only,-5.2556032940492825e-06,,,1,0,20260902
STFT,post_period_hours,4,S4_baseline_step,baseline_step,ineligible,True,absolute_error_hours,hours,processing_success_fraction,1.0,,,1,0,20260902
STFT,post_period_hours,4,S4_baseline_step,baseline_step,ineligible,True,absolute_error_hours,hours,valid_fraction,1.0,,,1,0,20260902
STFT,post_period_hours,5,S5_acute_treatment_transient,acute_treatment_transient,difficult,True,absolute_error_hours,hours,primary_error,0.08047218926332533,0.054780815975933095,0.26655303753785553,3,2000,20260902
STFT,post_period_hours,5,S5_acute_treatment_transient,acute_treatment_transient,difficult,True,absolute_error_hours,hours,primary_error_deterioration_from_target_only,0.0,0.0,0.0,3,2000,20260902
STFT,post_period_hours,5,S5_acute_treatment_transient,acute_treatment_transient,difficult,True,absolute_error_hours,hours,ratio_log_error,0.0491313288315372,0.0049723329516565,0.1391463840135865,3,2000,20260902
STFT,post_period_hours,5,S5_acute_treatment_transient,acute_treatment_transient,difficult,True,absolute_error_hours,hours,ratio_log_error_deterioration_from_target_only,-5.904372516474243e-05,-6.239317693224956e-05,0.0017649915734199023,3,2000,20260902
STFT,post_period_hours,5,S5_acute_treatment_transient,acute_treatment_transient,difficult,True,absolute_error_hours,hours,processing_success_fraction,1.0,1.0,1.0,3,2000,20260902
STFT,post_period_hours,5,S5_acute_treatment_transient,acute_treatment_transient,difficult,True,absolute_error_hours,hours,valid_fraction,1.0,1.0,1.0,3,2000,20260902
STFT,post_period_hours,5,S5_acute_treatment_transient,acute_treatment_transient,eligible,True,absolute_error_hours,hours,primary_error,0.11424294866994522,0.09600291089312485,0.13843051412294471,49,2000,20260902
STFT,post_period_hours,5,S5_acute_treatment_transient,acute_treatment_transient,eligible,True,absolute_error_hours,hours,primary_error_deterioration_from_target_only,0.0,0.0,0.0,49,2000,20260902
STFT,post_period_hours,5,S5_acute_treatment_transient,acute_treatment_transient,eligible,True,absolute_error_hours,hours,ratio_log_error,0.0530442120183221,0.0453804307485985,0.060206855488073155,49,2000,20260902
STFT,post_period_hours,5,S5_acute_treatment_transient,acute_treatment_transient,eligible,True,absolute_error_hours,hours,ratio_log_error_deterioration_from_target_only,0.001202174786480159,9.584395910622765e-05,0.0016905122515332993,49,2000,20260902
STFT,post_period_hours,5,S5_acute_treatment_transient,acute_treatment_transient,eligible,True,absolute_error_hours,hours,processing_success_fraction,1.0,1.0,1.0,49,2000,20260902
STFT,post_period_hours,5,S5_acute_treatment_transient,acute_treatment_transient,eligible,True,absolute_error_hours,hours,valid_fraction,1.0,1.0,1.0,49,2000,20260902
STFT,post_period_hours,5,S5_acute_treatment_transient,acute_treatment_transient,ineligible,True,absolute_error_hours,hours,primary_error,0.13888132919132623,,,1,0,20260902
STFT,post_period_hours,5,S5_acute_treatment_transient,acute_treatment_transient,ineligible,True,absolute_error_hours,hours,primary_error_deterioration_from_target_only,0.0,,,1,0,20260902
STFT,post_period_hours,5,S5_acute_treatment_transient,acute_treatment_transient,ineligible,True,absolute_error_hours,hours,ratio_log_error,0.12084677749237116,,,1,0,20260902
STFT,post_period_hours,5,S5_acute_treatment_transient,acute_treatment_transient,ineligible,True,absolute_error_hours,hours,ratio_log_error_deterioration_from_target_only,-0.002785004205831894,,,1,0,20260902
STFT,post_period_hours,5,S5_acute_treatment_transient,acute_treatment_transient,ineligible,True,absolute_error_hours,hours,processing_success_fraction,1.0,,,1,0,20260902
STFT,post_period_hours,5,S5_acute_treatment_transient,acute_treatment_transient,ineligible,True,absolute_error_hours,hours,valid_fraction,1.0,,,1,0,20260902
STFT,pre_amplitude_trajectory,0,S0_target_only,target_only,difficult,True,target_segment_calibrated_absolute_nrmse,NRMSE,primary_error,0.14443697743767275,0.0730871773866453,0.3316434557851994,11,2000,20260902
STFT,pre_amplitude_trajectory,0,S0_target_only,target_only,difficult,True,target_segment_calibrated_absolute_nrmse,NRMSE,primary_error_deterioration_from_target_only,0.0,0.0,0.0,11,2000,20260902
STFT,pre_amplitude_trajectory,0,S0_target_only,target_only,difficult,True,target_segment_calibrated_absolute_nrmse,NRMSE,trajectory_pearson,0.994359173490633,0.9372066163541801,0.9971483404918674,11,2000,20260902
STFT,pre_amplitude_trajectory,0,S0_target_only,target_only,difficult,True,target_segment_calibrated_absolute_nrmse,NRMSE,trajectory_pearson_deterioration_from_target_only,0.0,0.0,0.0,11,2000,20260902
STFT,pre_amplitude_trajectory,0,S0_target_only,target_only,difficult,True,target_segment_calibrated_absolute_nrmse,NRMSE,target_segment_shape_nrmse,0.08674497308153556,0.049236158739786,0.19161954665444453,11,2000,20260902
STFT,pre_amplitude_trajectory,0,S0_target_only,target_only,difficult,True,target_segment_calibrated_absolute_nrmse,NRMSE,target_segment_shape_nrmse_deterioration_from_target_only,0.0,0.0,0.0,11,2000,20260902
STFT,pre_amplitude_trajectory,0,S0_target_only,target_only,difficult,True,target_segment_calibrated_absolute_nrmse,NRMSE,envelope_log_rate_absolute_error_per_day,0.14013192960295917,0.027031151802618544,0.2412049236643623,11,2000,20260902
STFT,pre_amplitude_trajectory,0,S0_target_only,target_only,difficult,True,target_segment_calibrated_absolute_nrmse,NRMSE,envelope_log_rate_absolute_error_deterioration_from_target_only,0.0,0.0,0.0,11,2000,20260902
STFT,pre_amplitude_trajectory,0,S0_target_only,target_only,difficult,True,target_segment_calibrated_absolute_nrmse,NRMSE,ratio_log_error,0.10384046817086225,0.00610614775886165,0.206816069264355,11,2000,20260902
STFT,pre_amplitude_trajectory,0,S0_target_only,target_only,difficult,True,target_segment_calibrated_absolute_nrmse,NRMSE,ratio_log_error_deterioration_from_target_only,0.0,0.0,0.0,11,2000,20260902
STFT,pre_amplitude_trajectory,0,S0_target_only,target_only,difficult,True,target_segment_calibrated_absolute_nrmse,NRMSE,processing_success_fraction,1.0,1.0,1.0,11,2000,20260902
STFT,pre_amplitude_trajectory,0,S0_target_only,target_only,difficult,True,target_segment_calibrated_absolute_nrmse,NRMSE,valid_fraction,1.0,1.0,1.0,11,2000,20260902
STFT,pre_amplitude_trajectory,0,S0_target_only,target_only,eligible,True,target_segment_calibrated_absolute_nrmse,NRMSE,primary_error,0.050177399494095554,0.042235997672491046,0.05255319212125035,41,2000,20260902
STFT,pre_amplitude_trajectory,0,S0_target_only,target_only,eligible,True,target_segment_calibrated_absolute_nrmse,NRMSE,primary_error_deterioration_from_target_only,0.0,0.0,0.0,41,2000,20260902
STFT,pre_amplitude_trajectory,0,S0_target_only,target_only,eligible,True,target_segment_calibrated_absolute_nrmse,NRMSE,trajectory_pearson,0.9990250957027482,0.9986659808779741,0.9995379325557758,41,2000,20260902
STFT,pre_amplitude_trajectory,0,S0_target_only,target_only,eligible,True,target_segment_calibrated_absolute_nrmse,NRMSE,trajectory_pearson_deterioration_from_target_only,0.0,0.0,0.0,41,2000,20260902
STFT,pre_amplitude_trajectory,0,S0_target_only,target_only,eligible,True,target_segment_calibrated_absolute_nrmse,NRMSE,target_segment_shape_nrmse,0.022747364596222598,0.01642994313440055,0.0322013684814086,41,2000,20260902
STFT,pre_amplitude_trajectory,0,S0_target_only,target_only,eligible,True,target_segment_calibrated_absolute_nrmse,NRMSE,target_segment_shape_nrmse_deterioration_from_target_only,0.0,0.0,0.0,41,2000,20260902
STFT,pre_amplitude_trajectory,0,S0_target_only,target_only,eligible,True,target_segment_calibrated_absolute_nrmse,NRMSE,envelope_log_rate_absolute_error_per_day,0.022615575435408902,0.01642995446485053,0.03198393500126151,41,2000,20260902
STFT,pre_amplitude_trajectory,0,S0_target_only,target_only,eligible,True,target_segment_calibrated_absolute_nrmse,NRMSE,envelope_log_rate_absolute_error_deterioration_from_target_only,0.0,0.0,0.0,41,2000,20260902
STFT,pre_amplitude_trajectory,0,S0_target_only,target_only,eligible,True,target_segment_calibrated_absolute_nrmse,NRMSE,ratio_log_error,0.02250482089656285,0.019590529222050602,0.0258168499068405,41,2000,20260902
STFT,pre_amplitude_trajectory,0,S0_target_only,target_only,eligible,True,target_segment_calibrated_absolute_nrmse,NRMSE,ratio_log_error_deterioration_from_target_only,0.0,0.0,0.0,41,2000,20260902
STFT,pre_amplitude_trajectory,0,S0_target_only,target_only,eligible,True,target_segment_calibrated_absolute_nrmse,NRMSE,processing_success_fraction,1.0,1.0,1.0,41,2000,20260902
STFT,pre_amplitude_trajectory,0,S0_target_only,target_only,eligible,True,target_segment_calibrated_absolute_nrmse,NRMSE,valid_fraction,1.0,1.0,1.0,41,2000,20260902
STFT,pre_amplitude_trajectory,0,S0_target_only,target_only,ineligible,True,target_segment_calibrated_absolute_nrmse,NRMSE,primary_error,0.1154475783489405,,,1,0,20260902
STFT,pre_amplitude_trajectory,0,S0_target_only,target_only,ineligible,True,target_segment_calibrated_absolute_nrmse,NRMSE,primary_error_deterioration_from_target_only,0.0,,,1,0,20260902
STFT,pre_amplitude_trajectory,0,S0_target_only,target_only,ineligible,True,target_segment_calibrated_absolute_nrmse,NRMSE,trajectory_pearson,0.9924962844572016,,,1,0,20260902
STFT,pre_amplitude_trajectory,0,S0_target_only,target_only,ineligible,True,target_segment_calibrated_absolute_nrmse,NRMSE,trajectory_pearson_deterioration_from_target_only,0.0,,,1,0,20260902
STFT,pre_amplitude_trajectory,0,S0_target_only,target_only,ineligible,True,target_segment_calibrated_absolute_nrmse,NRMSE,target_segment_shape_nrmse,0.0901074610952663,,,1,0,20260902
STFT,pre_amplitude_trajectory,0,S0_target_only,target_only,ineligible,True,target_segment_calibrated_absolute_nrmse,NRMSE,target_segment_shape_nrmse_deterioration_from_target_only,0.0,,,1,0,20260902
STFT,pre_amplitude_trajectory,0,S0_target_only,target_only,ineligible,True,target_segment_calibrated_absolute_nrmse,NRMSE,envelope_log_rate_absolute_error_per_day,0.10104329440685308,,,1,0,20260902
STFT,pre_amplitude_trajectory,0,S0_target_only,target_only,ineligible,True,target_segment_calibrated_absolute_nrmse,NRMSE,envelope_log_rate_absolute_error_deterioration_from_target_only,0.0,,,1,0,20260902
STFT,pre_amplitude_trajectory,0,S0_target_only,target_only,ineligible,True,target_segment_calibrated_absolute_nrmse,NRMSE,ratio_log_error,0.03820015552134575,,,1,0,20260902
STFT,pre_amplitude_trajectory,0,S0_target_only,target_only,ineligible,True,target_segment_calibrated_absolute_nrmse,NRMSE,ratio_log_error_deterioration_from_target_only,0.0,,,1,0,20260902
STFT,pre_amplitude_trajectory,0,S0_target_only,target_only,ineligible,True,target_segment_calibrated_absolute_nrmse,NRMSE,processing_success_fraction,1.0,,,1,0,20260902
STFT,pre_amplitude_trajectory,0,S0_target_only,target_only,ineligible,True,target_segment_calibrated_absolute_nrmse,NRMSE,valid_fraction,1.0,,,1,0,20260902
STFT,pre_amplitude_trajectory,1,S1_pre_period,pre_period,difficult,True,target_segment_calibrated_absolute_nrmse,NRMSE,primary_error,0.1151359770803971,0.048433894137226804,0.16480830825214735,11,2000,20260902
STFT,pre_amplitude_trajectory,1,S1_pre_period,pre_period,difficult,True,target_segment_calibrated_absolute_nrmse,NRMSE,primary_error_deterioration_from_target_only,-0.020827370984966606,-0.10492073331389934,0.004457602408319546,11,2000,20260902
STFT,pre_amplitude_trajectory,1,S1_pre_period,pre_period,difficult,True,target_segment_calibrated_absolute_nrmse,NRMSE,trajectory_pearson,0.9838408616796368,0.9617762106232376,0.996816303927642,11,2000,20260902
STFT,pre_amplitude_trajectory,1,S1_pre_period,pre_period,difficult,True,target_segment_calibrated_absolute_nrmse,NRMSE,trajectory_pearson_deterioration_from_target_only,0.0009765224005153783,-0.029453213007663237,0.014582428827703386,11,2000,20260902
STFT,pre_amplitude_trajectory,1,S1_pre_period,pre_period,difficult,True,target_segment_calibrated_absolute_nrmse,NRMSE,target_segment_shape_nrmse,0.08821300118929476,0.0462145928273797,0.1605406607025739,11,2000,20260902
STFT,pre_amplitude_trajectory,1,S1_pre_period,pre_period,difficult,True,target_segment_calibrated_absolute_nrmse,NRMSE,target_segment_shape_nrmse_deterioration_from_target_only,-0.0023979126090442476,-0.03125994708884865,0.0667154419844022,11,2000,20260902
STFT,pre_amplitude_trajectory,1,S1_pre_period,pre_period,difficult,True,target_segment_calibrated_absolute_nrmse,NRMSE,envelope_log_rate_absolute_error_per_day,0.05662225074882343,0.019891731476515018,0.1637625817496004,11,2000,20260902
STFT,pre_amplitude_trajectory,1,S1_pre_period,pre_period,difficult,True,target_segment_calibrated_absolute_nrmse,NRMSE,envelope_log_rate_absolute_error_deterioration_from_target_only,-0.019163320502629397,-0.1121060095146677,0.0077707502396877,11,2000,20260902
STFT,pre_amplitude_trajectory,1,S1_pre_period,pre_period,difficult,True,target_segment_calibrated_absolute_nrmse,NRMSE,ratio_log_error,0.15619931455449085,0.06153432339822085,0.187651647817253,11,2000,20260902
STFT,pre_amplitude_trajectory,1,S1_pre_period,pre_period,difficult,True,target_segment_calibrated_absolute_nrmse,NRMSE,ratio_log_error_deterioration_from_target_only,-0.0035617928986773004,-0.11865047388126554,0.08434808512586356,11,2000,20260902
STFT,pre_amplitude_trajectory,1,S1_pre_period,pre_period,difficult,True,target_segment_calibrated_absolute_nrmse,NRMSE,processing_success_fraction,1.0,1.0,1.0,11,2000,20260902
STFT,pre_amplitude_trajectory,1,S1_pre_period,pre_period,difficult,True,target_segment_calibrated_absolute_nrmse,NRMSE,valid_fraction,1.0,1.0,1.0,11,2000,20260902
STFT,pre_amplitude_trajectory,1,S1_pre_period,pre_period,eligible,True,target_segment_calibrated_absolute_nrmse,NRMSE,primary_error,0.03948182071117045,0.03206644198535785,0.05926749114160425,41,2000,20260902
STFT,pre_amplitude_trajectory,1,S1_pre_period,pre_period,eligible,True,target_segment_calibrated_absolute_nrmse,NRMSE,primary_error_deterioration_from_target_only,-0.00854678256605825,-0.010761640047766103,-0.0045785059514778514,41,2000,20260902
STFT,pre_amplitude_trajectory,1,S1_pre_period,pre_period,eligible,True,target_segment_calibrated_absolute_nrmse,NRMSE,trajectory_pearson,0.9990623477695839,0.998374824164717,0.9996423013283489,41,2000,20260902
STFT,pre_amplitude_trajectory,1,S1_pre_period,pre_period,eligible,True,target_segment_calibrated_absolute_nrmse,NRMSE,trajectory_pearson_deterioration_from_target_only,7.294317577982712e-05,-1.935101095701386e-05,0.00015708680828641075,41,2000,20260902
STFT,pre_amplitude_trajectory,1,S1_pre_period,pre_period,eligible,True,target_segment_calibrated_absolute_nrmse,NRMSE,target_segment_shape_nrmse,0.02212079223163185,0.016998646170851547,0.0258749910482463,41,2000,20260902
STFT,pre_amplitude_trajectory,1,S1_pre_period,pre_period,eligible,True,target_segment_calibrated_absolute_nrmse,NRMSE,target_segment_shape_nrmse_deterioration_from_target_only,-8.035236034724998e-05,-0.0030270807840504493,0.0008245504937258487,41,2000,20260902
STFT,pre_amplitude_trajectory,1,S1_pre_period,pre_period,eligible,True,target_segment_calibrated_absolute_nrmse,NRMSE,envelope_log_rate_absolute_error_per_day,0.019453035358903414,0.013303886384829405,0.021602315568897495,41,2000,20260902
STFT,pre_amplitude_trajectory,1,S1_pre_period,pre_period,eligible,True,target_segment_calibrated_absolute_nrmse,NRMSE,envelope_log_rate_absolute_error_deterioration_from_target_only,-0.0013803926817933013,-0.0061707841383229906,0.00033937664656380484,41,2000,20260902
STFT,pre_amplitude_trajectory,1,S1_pre_period,pre_period,eligible,True,target_segment_calibrated_absolute_nrmse,NRMSE,ratio_log_error,0.03224731122604155,0.02213346739577035,0.0488453025820801,41,2000,20260902
STFT,pre_amplitude_trajectory,1,S1_pre_period,pre_period,eligible,True,target_segment_calibrated_absolute_nrmse,NRMSE,ratio_log_error_deterioration_from_target_only,0.012158542102057747,0.00158878833159635,0.016309502935411797,41,2000,20260902
STFT,pre_amplitude_trajectory,1,S1_pre_period,pre_period,eligible,True,target_segment_calibrated_absolute_nrmse,NRMSE,processing_success_fraction,1.0,1.0,1.0,41,2000,20260902
STFT,pre_amplitude_trajectory,1,S1_pre_period,pre_period,eligible,True,target_segment_calibrated_absolute_nrmse,NRMSE,valid_fraction,1.0,1.0,1.0,41,2000,20260902
STFT,pre_amplitude_trajectory,1,S1_pre_period,pre_period,ineligible,True,target_segment_calibrated_absolute_nrmse,NRMSE,primary_error,0.12222366515755115,,,1,0,20260902
STFT,pre_amplitude_trajectory,1,S1_pre_period,pre_period,ineligible,True,target_segment_calibrated_absolute_nrmse,NRMSE,primary_error_deterioration_from_target_only,0.0082147138451956,,,1,0,20260902
STFT,pre_amplitude_trajectory,1,S1_pre_period,pre_period,ineligible,True,target_segment_calibrated_absolute_nrmse,NRMSE,trajectory_pearson,0.9978702724128673,,,1,0,20260902
STFT,pre_amplitude_trajectory,1,S1_pre_period,pre_period,ineligible,True,target_segment_calibrated_absolute_nrmse,NRMSE,trajectory_pearson_deterioration_from_target_only,-0.005651118433026181,,,1,0,20260902
STFT,pre_amplitude_trajectory,1,S1_pre_period,pre_period,ineligible,True,target_segment_calibrated_absolute_nrmse,NRMSE,target_segment_shape_nrmse,0.07017668492163985,,,1,0,20260902
STFT,pre_amplitude_trajectory,1,S1_pre_period,pre_period,ineligible,True,target_segment_calibrated_absolute_nrmse,NRMSE,target_segment_shape_nrmse_deterioration_from_target_only,-0.035056797137154,,,1,0,20260902
STFT,pre_amplitude_trajectory,1,S1_pre_period,pre_period,ineligible,True,target_segment_calibrated_absolute_nrmse,NRMSE,envelope_log_rate_absolute_error_per_day,0.03034016305163656,,,1,0,20260902
STFT,pre_amplitude_trajectory,1,S1_pre_period,pre_period,ineligible,True,target_segment_calibrated_absolute_nrmse,NRMSE,envelope_log_rate_absolute_error_deterioration_from_target_only,-0.05094857629421158,,,1,0,20260902
STFT,pre_amplitude_trajectory,1,S1_pre_period,pre_period,ineligible,True,target_segment_calibrated_absolute_nrmse,NRMSE,ratio_log_error,0.15787796714260066,,,1,0,20260902
STFT,pre_amplitude_trajectory,1,S1_pre_period,pre_period,ineligible,True,target_segment_calibrated_absolute_nrmse,NRMSE,ratio_log_error_deterioration_from_target_only,0.11893416424371775,,,1,0,20260902
STFT,pre_amplitude_trajectory,1,S1_pre_period,pre_period,ineligible,True,target_segment_calibrated_absolute_nrmse,NRMSE,processing_success_fraction,1.0,,,1,0,20260902
STFT,pre_amplitude_trajectory,1,S1_pre_period,pre_period,ineligible,True,target_segment_calibrated_absolute_nrmse,NRMSE,valid_fraction,1.0,,,1,0,20260902
STFT,pre_amplitude_trajectory,2,S2_linear_drift,linear_drift,difficult,True,target_segment_calibrated_absolute_nrmse,NRMSE,primary_error,0.1366440744259659,0.0733614725845384,0.32942937633085745,11,2000,20260902
STFT,pre_amplitude_trajectory,2,S2_linear_drift,linear_drift,difficult,True,target_segment_calibrated_absolute_nrmse,NRMSE,primary_error_deterioration_from_target_only,-0.00037768928746075014,-0.002181476523771528,0.002032815613278602,11,2000,20260902
STFT,pre_amplitude_trajectory,2,S2_linear_drift,linear_drift,difficult,True,target_segment_calibrated_absolute_nrmse,NRMSE,trajectory_pearson,0.99227732696557,0.9325472796863941,0.9971580528821868,11,2000,20260902
STFT,pre_amplitude_trajectory,2,S2_linear_drift,linear_drift,difficult,True,target_segment_calibrated_absolute_nrmse,NRMSE,trajectory_pearson_deterioration_from_target_only,0.0001445190007356434,3.508310703614903e-07,0.002599935230134409,11,2000,20260902
STFT,pre_amplitude_trajectory,2,S2_linear_drift,linear_drift,difficult,True,target_segment_calibrated_absolute_nrmse,NRMSE,target_segment_shape_nrmse,0.08673480577077494,0.049060309214863,0.19536121683988128,11,2000,20260902
STFT,pre_amplitude_trajectory,2,S2_linear_drift,linear_drift,difficult,True,target_segment_calibrated_absolute_nrmse,NRMSE,target_segment_shape_nrmse_deterioration_from_target_only,0.00014318161335970248,-0.0004136443358929995,0.003741670185436752,11,2000,20260902
STFT,pre_amplitude_trajectory,2,S2_linear_drift,linear_drift,difficult,True,target_segment_calibrated_absolute_nrmse,NRMSE,envelope_log_rate_absolute_error_per_day,0.1439013443274353,0.029609514646699295,0.24584717410144843,11,2000,20260902
STFT,pre_amplitude_trajectory,2,S2_linear_drift,linear_drift,difficult,True,target_segment_calibrated_absolute_nrmse,NRMSE,envelope_log_rate_absolute_error_deterioration_from_target_only,3.932130418798918e-05,-0.00014875070139433455,0.003547720825107542,11,2000,20260902
STFT,pre_amplitude_trajectory,2,S2_linear_drift,linear_drift,difficult,True,target_segment_calibrated_absolute_nrmse,NRMSE,ratio_log_error,0.1040063460128289,0.0066192955462004,0.20759272480124785,11,2000,20260902
STFT,pre_amplitude_trajectory,2,S2_linear_drift,linear_drift,difficult,True,target_segment_calibrated_absolute_nrmse,NRMSE,ratio_log_error_deterioration_from_target_only,0.0,0.0,0.00016587784196665095,11,2000,20260902
STFT,pre_amplitude_trajectory,2,S2_linear_drift,linear_drift,difficult,True,target_segment_calibrated_absolute_nrmse,NRMSE,processing_success_fraction,1.0,1.0,1.0,11,2000,20260902
STFT,pre_amplitude_trajectory,2,S2_linear_drift,linear_drift,difficult,True,target_segment_calibrated_absolute_nrmse,NRMSE,valid_fraction,1.0,1.0,1.0,11,2000,20260902
STFT,pre_amplitude_trajectory,2,S2_linear_drift,linear_drift,eligible,True,target_segment_calibrated_absolute_nrmse,NRMSE,primary_error,0.049098495344003804,0.0422458089754398,0.052567361760059855,41,2000,20260902
STFT,pre_amplitude_trajectory,2,S2_linear_drift,linear_drift,eligible,True,target_segment_calibrated_absolute_nrmse,NRMSE,primary_error_deterioration_from_target_only,-0.00032284786374460125,-0.0006026748873226469,-3.379781540939833e-05,41,2000,20260902
STFT,pre_amplitude_trajectory,2,S2_linear_drift,linear_drift,eligible,True,target_segment_calibrated_absolute_nrmse,NRMSE,trajectory_pearson,0.9990302627154573,0.9984002447330187,0.9995171583827511,41,2000,20260902
STFT,pre_amplitude_trajectory,2,S2_linear_drift,linear_drift,eligible,True,target_segment_calibrated_absolute_nrmse,NRMSE,trajectory_pearson_deterioration_from_target_only,1.2107984500020486e-06,2.3851078945202886e-08,2.2304745123991054e-05,41,2000,20260902
STFT,pre_amplitude_trajectory,2,S2_linear_drift,linear_drift,eligible,True,target_segment_calibrated_absolute_nrmse,NRMSE,target_segment_shape_nrmse,0.024375237698669,0.0164633063287691,0.0324729681197176,41,2000,20260902
STFT,pre_amplitude_trajectory,2,S2_linear_drift,linear_drift,eligible,True,target_segment_calibrated_absolute_nrmse,NRMSE,target_segment_shape_nrmse_deterioration_from_target_only,0.00033783105305870004,7.623273689964967e-05,0.0006596707123859985,41,2000,20260902
STFT,pre_amplitude_trajectory,2,S2_linear_drift,linear_drift,eligible,True,target_segment_calibrated_absolute_nrmse,NRMSE,envelope_log_rate_absolute_error_per_day,0.023299707235415523,0.01633762051001522,0.03196563870460856,41,2000,20260902
STFT,pre_amplitude_trajectory,2,S2_linear_drift,linear_drift,eligible,True,target_segment_calibrated_absolute_nrmse,NRMSE,envelope_log_rate_absolute_error_deterioration_from_target_only,0.0002372171302181536,5.236870144134653e-05,0.0004896140518185904,41,2000,20260902
STFT,pre_amplitude_trajectory,2,S2_linear_drift,linear_drift,eligible,True,target_segment_calibrated_absolute_nrmse,NRMSE,ratio_log_error,0.02280375605974925,0.0191007292863128,0.0258168499068406,41,2000,20260902
STFT,pre_amplitude_trajectory,2,S2_linear_drift,linear_drift,eligible,True,target_segment_calibrated_absolute_nrmse,NRMSE,ratio_log_error_deterioration_from_target_only,0.0,0.0,0.0,41,2000,20260902
STFT,pre_amplitude_trajectory,2,S2_linear_drift,linear_drift,eligible,True,target_segment_calibrated_absolute_nrmse,NRMSE,processing_success_fraction,1.0,1.0,1.0,41,2000,20260902
STFT,pre_amplitude_trajectory,2,S2_linear_drift,linear_drift,eligible,True,target_segment_calibrated_absolute_nrmse,NRMSE,valid_fraction,1.0,1.0,1.0,41,2000,20260902
STFT,pre_amplitude_trajectory,2,S2_linear_drift,linear_drift,ineligible,True,target_segment_calibrated_absolute_nrmse,NRMSE,primary_error,0.1146444776789476,,,1,0,20260902
STFT,pre_amplitude_trajectory,2,S2_linear_drift,linear_drift,ineligible,True,target_segment_calibrated_absolute_nrmse,NRMSE,primary_error_deterioration_from_target_only,-0.0008159396713111958,,,1,0,20260902
STFT,pre_amplitude_trajectory,2,S2_linear_drift,linear_drift,ineligible,True,target_segment_calibrated_absolute_nrmse,NRMSE,trajectory_pearson,0.9925025850532527,,,1,0,20260902
STFT,pre_amplitude_trajectory,2,S2_linear_drift,linear_drift,ineligible,True,target_segment_calibrated_absolute_nrmse,NRMSE,trajectory_pearson_deterioration_from_target_only,-7.700730371706932e-07,,,1,0,20260902
STFT,pre_amplitude_trajectory,2,S2_linear_drift,linear_drift,ineligible,True,target_segment_calibrated_absolute_nrmse,NRMSE,target_segment_shape_nrmse,0.09069833799640065,,,1,0,20260902
STFT,pre_amplitude_trajectory,2,S2_linear_drift,linear_drift,ineligible,True,target_segment_calibrated_absolute_nrmse,NRMSE,target_segment_shape_nrmse_deterioration_from_target_only,0.0006197273996395511,,,1,0,20260902
STFT,pre_amplitude_trajectory,2,S2_linear_drift,linear_drift,ineligible,True,target_segment_calibrated_absolute_nrmse,NRMSE,envelope_log_rate_absolute_error_per_day,0.10172984997705584,,,1,0,20260902
STFT,pre_amplitude_trajectory,2,S2_linear_drift,linear_drift,ineligible,True,target_segment_calibrated_absolute_nrmse,NRMSE,envelope_log_rate_absolute_error_deterioration_from_target_only,0.000712346299104577,,,1,0,20260902
STFT,pre_amplitude_trajectory,2,S2_linear_drift,linear_drift,ineligible,True,target_segment_calibrated_absolute_nrmse,NRMSE,ratio_log_error,0.037340220256665196,,,1,0,20260902
STFT,pre_amplitude_trajectory,2,S2_linear_drift,linear_drift,ineligible,True,target_segment_calibrated_absolute_nrmse,NRMSE,ratio_log_error_deterioration_from_target_only,-0.000859935264680551,,,1,0,20260902
STFT,pre_amplitude_trajectory,2,S2_linear_drift,linear_drift,ineligible,True,target_segment_calibrated_absolute_nrmse,NRMSE,processing_success_fraction,1.0,,,1,0,20260902
STFT,pre_amplitude_trajectory,2,S2_linear_drift,linear_drift,ineligible,True,target_segment_calibrated_absolute_nrmse,NRMSE,valid_fraction,1.0,,,1,0,20260902
STFT,pre_period_hours,0,S0_target_only,target_only,difficult,True,absolute_error_hours,hours,primary_error,0.16165841614175225,0.09051158813708149,0.3417464840480129,10,2000,20260902
STFT,pre_period_hours,0,S0_target_only,target_only,difficult,True,absolute_error_hours,hours,primary_error_deterioration_from_target_only,0.0,0.0,0.0,10,2000,20260902
STFT,pre_period_hours,0,S0_target_only,target_only,difficult,True,absolute_error_hours,hours,ratio_log_error,0.13789810551631732,0.09961606782913271,0.13910401070649658,10,2000,20260902
STFT,pre_period_hours,0,S0_target_only,target_only,difficult,True,absolute_error_hours,hours,ratio_log_error_deterioration_from_target_only,0.0,0.0,0.0,10,2000,20260902
STFT,pre_period_hours,0,S0_target_only,target_only,difficult,True,absolute_error_hours,hours,processing_success_fraction,1.0,1.0,1.0,10,2000,20260902
STFT,pre_period_hours,0,S0_target_only,target_only,difficult,True,absolute_error_hours,hours,valid_fraction,1.0,1.0,1.0,10,2000,20260902
STFT,pre_period_hours,0,S0_target_only,target_only,eligible,True,absolute_error_hours,hours,primary_error,0.11643777489507201,0.0995169383957828,0.14340851559322587,42,2000,20260902
STFT,pre_period_hours,0,S0_target_only,target_only,eligible,True,absolute_error_hours,hours,primary_error_deterioration_from_target_only,0.0,0.0,0.0,42,2000,20260902
STFT,pre_period_hours,0,S0_target_only,target_only,eligible,True,absolute_error_hours,hours,ratio_log_error,0.037942085359275,0.020284237957678773,0.054163121992418774,42,2000,20260902
STFT,pre_period_hours,0,S0_target_only,target_only,eligible,True,absolute_error_hours,hours,ratio_log_error_deterioration_from_target_only,0.0,0.0,0.0,42,2000,20260902
STFT,pre_period_hours,0,S0_target_only,target_only,eligible,True,absolute_error_hours,hours,processing_success_fraction,1.0,1.0,1.0,42,2000,20260902
STFT,pre_period_hours,0,S0_target_only,target_only,eligible,True,absolute_error_hours,hours,valid_fraction,1.0,1.0,1.0,42,2000,20260902
STFT,pre_period_hours,0,S0_target_only,target_only,ineligible,True,absolute_error_hours,hours,primary_error,0.07752639332526101,,,1,0,20260902
STFT,pre_period_hours,0,S0_target_only,target_only,ineligible,True,absolute_error_hours,hours,primary_error_deterioration_from_target_only,0.0,,,1,0,20260902
STFT,pre_period_hours,0,S0_target_only,target_only,ineligible,True,absolute_error_hours,hours,ratio_log_error,0.1395116439202051,,,1,0,20260902
STFT,pre_period_hours,0,S0_target_only,target_only,ineligible,True,absolute_error_hours,hours,ratio_log_error_deterioration_from_target_only,0.0,,,1,0,20260902
STFT,pre_period_hours,0,S0_target_only,target_only,ineligible,True,absolute_error_hours,hours,processing_success_fraction,1.0,,,1,0,20260902
STFT,pre_period_hours,0,S0_target_only,target_only,ineligible,True,absolute_error_hours,hours,valid_fraction,1.0,,,1,0,20260902
STFT,pre_period_hours,1,S1_pre_amplitude,pre_amplitude,difficult,True,absolute_error_hours,hours,primary_error,0.19153547537328652,0.121127606839039,0.3417464840480129,10,2000,20260902
STFT,pre_period_hours,1,S1_pre_amplitude,pre_amplitude,difficult,True,absolute_error_hours,hours,primary_error_deterioration_from_target_only,0.0,0.0,0.0,10,2000,20260902
STFT,pre_period_hours,1,S1_pre_amplitude,pre_amplitude,difficult,True,absolute_error_hours,hours,ratio_log_error,0.13797495941650492,0.09837865477282827,0.13929719589962303,10,2000,20260902
STFT,pre_period_hours,1,S1_pre_amplitude,pre_amplitude,difficult,True,absolute_error_hours,hours,ratio_log_error_deterioration_from_target_only,-9.351178310586586e-05,-0.0013796457044566255,0.00039211308907570464,10,2000,20260902
STFT,pre_period_hours,1,S1_pre_amplitude,pre_amplitude,difficult,True,absolute_error_hours,hours,processing_success_fraction,1.0,1.0,1.0,10,2000,20260902
STFT,pre_period_hours,1,S1_pre_amplitude,pre_amplitude,difficult,True,absolute_error_hours,hours,valid_fraction,1.0,1.0,1.0,10,2000,20260902
STFT,pre_period_hours,1,S1_pre_amplitude,pre_amplitude,eligible,True,absolute_error_hours,hours,primary_error,0.11643777489507201,0.09936600918331973,0.1412554731005038,42,2000,20260902
STFT,pre_period_hours,1,S1_pre_amplitude,pre_amplitude,eligible,True,absolute_error_hours,hours,primary_error_deterioration_from_target_only,0.0,0.0,0.0,42,2000,20260902
STFT,pre_period_hours,1,S1_pre_amplitude,pre_amplitude,eligible,True,absolute_error_hours,hours,ratio_log_error,0.034752103184584424,0.018866018987803174,0.05242746299476622,42,2000,20260902
STFT,pre_period_hours,1,S1_pre_amplitude,pre_amplitude,eligible,True,absolute_error_hours,hours,ratio_log_error_deterioration_from_target_only,-0.0008233992231314992,-0.0012271040700758242,-0.00018332902162090936,42,2000,20260902
STFT,pre_period_hours,1,S1_pre_amplitude,pre_amplitude,eligible,True,absolute_error_hours,hours,processing_success_fraction,1.0,1.0,1.0,42,2000,20260902
STFT,pre_period_hours,1,S1_pre_amplitude,pre_amplitude,eligible,True,absolute_error_hours,hours,valid_fraction,1.0,1.0,1.0,42,2000,20260902
STFT,pre_period_hours,1,S1_pre_amplitude,pre_amplitude,ineligible,True,absolute_error_hours,hours,primary_error,0.07752639332526101,,,1,0,20260902
STFT,pre_period_hours,1,S1_pre_amplitude,pre_amplitude,ineligible,True,absolute_error_hours,hours,primary_error_deterioration_from_target_only,0.0,,,1,0,20260902
STFT,pre_period_hours,1,S1_pre_amplitude,pre_amplitude,ineligible,True,absolute_error_hours,hours,ratio_log_error,0.14029448769288325,,,1,0,20260902
STFT,pre_period_hours,1,S1_pre_amplitude,pre_amplitude,ineligible,True,absolute_error_hours,hours,ratio_log_error_deterioration_from_target_only,0.0006720773882189501,,,1,0,20260902
STFT,pre_period_hours,1,S1_pre_amplitude,pre_amplitude,ineligible,True,absolute_error_hours,hours,processing_success_fraction,1.0,,,1,0,20260902
STFT,pre_period_hours,1,S1_pre_amplitude,pre_amplitude,ineligible,True,absolute_error_hours,hours,valid_fraction,1.0,,,1,0,20260902
STFT,pre_period_hours,2,S2_pre_envelope,pre_envelope,difficult,True,absolute_error_hours,hours,primary_error,0.23096394214067395,0.14106663767132588,0.34385450487353353,10,2000,20260902
STFT,pre_period_hours,2,S2_pre_envelope,pre_envelope,difficult,True,absolute_error_hours,hours,primary_error_deterioration_from_target_only,0.0,0.0,0.0,10,2000,20260902
STFT,pre_period_hours,2,S2_pre_envelope,pre_envelope,difficult,True,absolute_error_hours,hours,ratio_log_error,0.15746516338194474,0.07199097585834136,0.18283820100709397,10,2000,20260902
STFT,pre_period_hours,2,S2_pre_envelope,pre_envelope,difficult,True,absolute_error_hours,hours,ratio_log_error_deterioration_from_target_only,0.01923186598225645,-0.005087675175341245,0.04471403929316033,10,2000,20260902
STFT,pre_period_hours,2,S2_pre_envelope,pre_envelope,difficult,True,absolute_error_hours,hours,processing_success_fraction,1.0,1.0,1.0,10,2000,20260902
STFT,pre_period_hours,2,S2_pre_envelope,pre_envelope,difficult,True,absolute_error_hours,hours,valid_fraction,1.0,1.0,1.0,10,2000,20260902
STFT,pre_period_hours,2,S2_pre_envelope,pre_envelope,eligible,True,absolute_error_hours,hours,primary_error,0.11643777489507201,0.09987827533109875,0.13588635658514292,42,2000,20260902
STFT,pre_period_hours,2,S2_pre_envelope,pre_envelope,eligible,True,absolute_error_hours,hours,primary_error_deterioration_from_target_only,0.0,0.0,0.0,42,2000,20260902
STFT,pre_period_hours,2,S2_pre_envelope,pre_envelope,eligible,True,absolute_error_hours,hours,ratio_log_error,0.03347248397766633,0.02229304220170635,0.0468273061041655,42,2000,20260902
STFT,pre_period_hours,2,S2_pre_envelope,pre_envelope,eligible,True,absolute_error_hours,hours,ratio_log_error_deterioration_from_target_only,-0.0032972671939121502,-0.0068028251894777965,0.0005240775323791039,42,2000,20260902
STFT,pre_period_hours,2,S2_pre_envelope,pre_envelope,eligible,True,absolute_error_hours,hours,processing_success_fraction,1.0,1.0,1.0,42,2000,20260902
STFT,pre_period_hours,2,S2_pre_envelope,pre_envelope,eligible,True,absolute_error_hours,hours,valid_fraction,1.0,1.0,1.0,42,2000,20260902
STFT,pre_period_hours,2,S2_pre_envelope,pre_envelope,ineligible,True,absolute_error_hours,hours,primary_error,0.13177191526350107,,,1,0,20260902
STFT,pre_period_hours,2,S2_pre_envelope,pre_envelope,ineligible,True,absolute_error_hours,hours,primary_error_deterioration_from_target_only,0.0,,,1,0,20260902
STFT,pre_period_hours,2,S2_pre_envelope,pre_envelope,ineligible,True,absolute_error_hours,hours,ratio_log_error,0.15789550737340002,,,1,0,20260902
STFT,pre_period_hours,2,S2_pre_envelope,pre_envelope,ineligible,True,absolute_error_hours,hours,ratio_log_error_deterioration_from_target_only,0.018204000717465488,,,1,0,20260902
STFT,pre_period_hours,2,S2_pre_envelope,pre_envelope,ineligible,True,absolute_error_hours,hours,processing_success_fraction,1.0,,,1,0,20260902
STFT,pre_period_hours,2,S2_pre_envelope,pre_envelope,ineligible,True,absolute_error_hours,hours,valid_fraction,1.0,,,1,0,20260902
STFT,pre_period_hours,3,S3_linear_drift,linear_drift,difficult,True,absolute_error_hours,hours,primary_error,0.16165841614175225,0.09051158813708149,0.3417464840480129,10,2000,20260902
STFT,pre_period_hours,3,S3_linear_drift,linear_drift,difficult,True,absolute_error_hours,hours,primary_error_deterioration_from_target_only,0.0,0.0,0.0,10,2000,20260902
STFT,pre_period_hours,3,S3_linear_drift,linear_drift,difficult,True,absolute_error_hours,hours,ratio_log_error,0.1375795069822182,0.10060864232413279,0.1394945725059881,10,2000,20260902
STFT,pre_period_hours,3,S3_linear_drift,linear_drift,difficult,True,absolute_error_hours,hours,ratio_log_error_deterioration_from_target_only,-1.8696847421048601e-06,-0.0003212693895959788,0.0,10,2000,20260902
STFT,pre_period_hours,3,S3_linear_drift,linear_drift,difficult,True,absolute_error_hours,hours,processing_success_fraction,1.0,1.0,1.0,10,2000,20260902
STFT,pre_period_hours,3,S3_linear_drift,linear_drift,difficult,True,absolute_error_hours,hours,valid_fraction,1.0,1.0,1.0,10,2000,20260902
STFT,pre_period_hours,3,S3_linear_drift,linear_drift,eligible,True,absolute_error_hours,hours,primary_error,0.11340641679722019,0.0995169383957828,0.14250653783359812,42,2000,20260902
STFT,pre_period_hours,3,S3_linear_drift,linear_drift,eligible,True,absolute_error_hours,hours,primary_error_deterioration_from_target_only,0.0,0.0,0.0,42,2000,20260902
STFT,pre_period_hours,3,S3_linear_drift,linear_drift,eligible,True,absolute_error_hours,hours,ratio_log_error,0.038133473464731255,0.020296354932516626,0.05415877818680327,42,2000,20260902
STFT,pre_period_hours,3,S3_linear_drift,linear_drift,eligible,True,absolute_error_hours,hours,ratio_log_error_deterioration_from_target_only,0.0,0.0,3.3399262372446614e-07,42,2000,20260902
STFT,pre_period_hours,3,S3_linear_drift,linear_drift,eligible,True,absolute_error_hours,hours,processing_success_fraction,1.0,1.0,1.0,42,2000,20260902
STFT,pre_period_hours,3,S3_linear_drift,linear_drift,eligible,True,absolute_error_hours,hours,valid_fraction,1.0,1.0,1.0,42,2000,20260902
STFT,pre_period_hours,3,S3_linear_drift,linear_drift,ineligible,True,absolute_error_hours,hours,primary_error,0.07752639332526101,,,1,0,20260902
STFT,pre_period_hours,3,S3_linear_drift,linear_drift,ineligible,True,absolute_error_hours,hours,primary_error_deterioration_from_target_only,0.0,,,1,0,20260902
STFT,pre_period_hours,3,S3_linear_drift,linear_drift,ineligible,True,absolute_error_hours,hours,ratio_log_error,0.13967975190605364,,,1,0,20260902
STFT,pre_period_hours,3,S3_linear_drift,linear_drift,ineligible,True,absolute_error_hours,hours,ratio_log_error_deterioration_from_target_only,5.870704561994344e-05,,,1,0,20260902
STFT,pre_period_hours,3,S3_linear_drift,linear_drift,ineligible,True,absolute_error_hours,hours,processing_success_fraction,1.0,,,1,0,20260902
STFT,pre_period_hours,3,S3_linear_drift,linear_drift,ineligible,True,absolute_error_hours,hours,valid_fraction,1.0,,,1,0,20260902
